fold,model,regime,query_id,y_true,y_pred
0,pg_baseline_linear,plan_time,q01,11982.478,5898.16824514387
0,pg_baseline_linear,plan_time,q01,11191.817,5898.16824514387
0,pg_baseline_linear,plan_time,q01,10066.542,5898.16824514387
0,pg_baseline_linear,plan_time,q01,6900.803,5898.16824514387
0,pg_baseline_linear,plan_time,q07,35165.908,1815.7971225785345
0,pg_baseline_linear,plan_time,q07,3945.736,2067.0697371697106
0,pg_baseline_linear,plan_time,q07,29002.507,1815.7971225785345
0,pg_baseline_linear,plan_time,q07,2402.029,5003.376939971773
0,pg_baseline_linear,plan_time,q12,4159.307,5354.003189033217
0,pg_baseline_linear,plan_time,q12,3556.871,5456.091926768508
0,pg_baseline_linear,plan_time,q12,4213.912,5354.003189033217
0,pg_baseline_linear,plan_time,q12,3102.1,5354.003189033217
0,pg_baseline_linear,plan_time,q16,1605.611,919.2364501551889
0,pg_baseline_linear,plan_time,q16,1383.148,1056.4248288479057
0,pg_baseline_linear,plan_time,q16,1106.188,919.2364501551889
0,pg_baseline_linear,plan_time,q16,1324.611,919.2364501551889
0,pg_baseline_linear,plan_time,q22,383.714,335.14766811425665
0,pg_baseline_linear,plan_time,q22,345.909,335.14766811425665
0,pg_baseline_linear,plan_time,q22,387.731,335.14766811425665
0,pg_baseline_linear,plan_time,q22,491.9,1043.1613394660171
1,pg_baseline_linear,plan_time,q06,2272.089,4618.264024651427
1,pg_baseline_linear,plan_time,q06,1791.259,4618.264024651427
1,pg_baseline_linear,plan_time,q06,1959.172,4618.264024651427
1,pg_baseline_linear,plan_time,q06,1737.52,4618.264024651427
1,pg_baseline_linear,plan_time,q08,2118.05,2138.9015677694815
1,pg_baseline_linear,plan_time,q08,1382.048,2144.2364465103674
1,pg_baseline_linear,plan_time,q08,1513.581,2138.9015677694815
1,pg_baseline_linear,plan_time,q08,2374.629,5266.524663527214
1,pg_baseline_linear,plan_time,q11,1724.803,281.48216741677294
1,pg_baseline_linear,plan_time,q11,403.337,281.48216741677294
1,pg_baseline_linear,plan_time,q11,308.811,281.48216741677294
1,pg_baseline_linear,plan_time,q11,801.703,1430.3636883255876
1,pg_baseline_linear,plan_time,q20,7381.431,2683.686089448664
1,pg_baseline_linear,plan_time,q20,4427.324,2688.381726918391
1,pg_baseline_linear,plan_time,q20,4679.932,2683.686089448664
1,pg_baseline_linear,plan_time,q21,13986.072,1996.5129762336433
1,pg_baseline_linear,plan_time,q21,19448.204,2091.5452898811077
1,pg_baseline_linear,plan_time,q21,13055.611,1996.5129762336433
1,pg_baseline_linear,plan_time,q21,10367.542,14283.983439193462
2,pg_baseline_linear,plan_time,q05,8827.081,2320.343418117929
2,pg_baseline_linear,plan_time,q05,7074.668,2643.8414697134776
2,pg_baseline_linear,plan_time,q05,9969.823,2320.343418117929
2,pg_baseline_linear,plan_time,q05,2887.231,5140.839061682092
2,pg_baseline_linear,plan_time,q10,1318.8,4309.1999750693785
2,pg_baseline_linear,plan_time,q10,4160.12,4439.870732580602
2,pg_baseline_linear,plan_time,q10,1571.937,4309.1999750693785
2,pg_baseline_linear,plan_time,q10,2518.974,5350.346609174036
2,pg_baseline_linear,plan_time,q15,2757.332,4165.883750215647
2,pg_baseline_linear,plan_time,q15,2518.908,4165.883750215647
2,pg_baseline_linear,plan_time,q15,2113.783,4165.883750215647
2,pg_baseline_linear,plan_time,q15,2244.615,4167.444138559296
2,pg_baseline_linear,plan_time,q19,543.454,927.5660696123043
2,pg_baseline_linear,plan_time,q19,198.599,927.5660696123043
2,pg_baseline_linear,plan_time,q19,215.468,927.5660696123043
2,pg_baseline_linear,plan_time,q19,1441.563,5469.751825140138
3,pg_baseline_linear,plan_time,q02,6173.76,1246.1396923508105
3,pg_baseline_linear,plan_time,q02,4302.342,1989.9227629087154
3,pg_baseline_linear,plan_time,q02,3199.538,1246.1396923508105
3,pg_baseline_linear,plan_time,q02,6690.813,4194.335513102718
3,pg_baseline_linear,plan_time,q09,23625.277,2566.1320651811143
3,pg_baseline_linear,plan_time,q09,30860.744,2889.7345095960422
3,pg_baseline_linear,plan_time,q09,19454.599,2566.1320651811143
3,pg_baseline_linear,plan_time,q09,9471.806,5547.095698914278
3,pg_baseline_linear,plan_time,q14,1878.312,2507.029931425425
3,pg_baseline_linear,plan_time,q14,1806.03,2711.879630367574
3,pg_baseline_linear,plan_time,q14,1504.265,2507.029931425425
3,pg_baseline_linear,plan_time,q14,2199.709,2507.029931425425
3,pg_baseline_linear,plan_time,q18,13888.445,11254.959388621577
3,pg_baseline_linear,plan_time,q18,14970.42,11771.889022893953
3,pg_baseline_linear,plan_time,q18,16967.045,11198.978190611997
3,pg_baseline_linear,plan_time,q18,17635.017,13086.415621665392
4,pg_baseline_linear,plan_time,q03,1640.223,6541.58467721226
4,pg_baseline_linear,plan_time,q03,15919.201,7300.0672435766655
4,pg_baseline_linear,plan_time,q03,2101.658,6541.58467721226
4,pg_baseline_linear,plan_time,q03,2195.742,8504.673963504025
4,pg_baseline_linear,plan_time,q04,1216.968,2072.5653307828384
4,pg_baseline_linear,plan_time,q04,1396.247,2072.5653307828384
4,pg_baseline_linear,plan_time,q04,1429.065,2072.5653307828384
4,pg_baseline_linear,plan_time,q04,16777.004,6268.320232096825
4,pg_baseline_linear,plan_time,q13,2831.432,4767.442968594961
4,pg_baseline_linear,plan_time,q13,23582.006,5331.332436731034
4,pg_baseline_linear,plan_time,q13,2595.487,4767.442968594961
4,pg_baseline_linear,plan_time,q13,2688.645,4767.442968594961
4,pg_baseline_linear,plan_time,q17,4823.064,6468.793132227627
4,pg_baseline_linear,plan_time,q17,939.65,27710.772174793477
4,pg_baseline_linear,plan_time,q17,4153.603,6468.793132227627
4,pg_baseline_linear,plan_time,q17,4235.083,6468.793132227627
0,pg_baseline_loglinear,plan_time,q01,11982.478,5053.813250847154
0,pg_baseline_loglinear,plan_time,q01,11191.817,5053.813250847154
0,pg_baseline_loglinear,plan_time,q01,10066.542,5053.813250847154
0,pg_baseline_loglinear,plan_time,q01,6900.803,5053.813250847154
0,pg_baseline_loglinear,plan_time,q07,35165.908,2345.793575089022
0,pg_baseline_loglinear,plan_time,q07,3945.736,2552.4899513498203
0,pg_baseline_loglinear,plan_time,q07,29002.507,2345.793575089022
0,pg_baseline_loglinear,plan_time,q07,2402.029,4540.172755949048
0,pg_baseline_loglinear,plan_time,q12,4159.307,4744.980166983594
0,pg_baseline_loglinear,plan_time,q12,3556.871,4803.7242655097425
0,pg_baseline_loglinear,plan_time,q12,4213.912,4744.980166983594
0,pg_baseline_loglinear,plan_time,q12,3102.1,4744.980166983594
0,pg_baseline_loglinear,plan_time,q16,1605.611,1505.367769870473
0,pg_baseline_loglinear,plan_time,q16,1383.148,1648.2077888419115
0,pg_baseline_loglinear,plan_time,q16,1106.188,1505.367769870473
0,pg_baseline_loglinear,plan_time,q16,1324.611,1505.367769870473
0,pg_baseline_loglinear,plan_time,q22,383.714,779.8269377179772
0,pg_baseline_loglinear,plan_time,q22,345.909,779.8269377179772
0,pg_baseline_loglinear,plan_time,q22,387.731,779.8269377179772
0,pg_baseline_loglinear,plan_time,q22,491.9,1634.692845480242
1,pg_baseline_loglinear,plan_time,q06,2272.089,4385.986527835349
1,pg_baseline_loglinear,plan_time,q06,1791.259,4385.986527835349
1,pg_baseline_loglinear,plan_time,q06,1959.172,4385.986527835349
1,pg_baseline_loglinear,plan_time,q06,1737.52,4385.986527835349
1,pg_baseline_loglinear,plan_time,q08,2118.05,2389.073629236274
1,pg_baseline_loglinear,plan_time,q08,1382.048,2393.775916725245
1,pg_baseline_loglinear,plan_time,q08,1513.581,2389.073629236274
1,pg_baseline_loglinear,plan_time,q08,2374.629,4865.03867419481
1,pg_baseline_loglinear,plan_time,q11,1724.803,481.53129613853474
1,pg_baseline_loglinear,plan_time,q11,403.337,481.53129613853474
1,pg_baseline_loglinear,plan_time,q11,308.811,481.53129613853474
1,pg_baseline_loglinear,plan_time,q11,801.703,1738.9549426292122
1,pg_baseline_loglinear,plan_time,q20,7381.431,2857.6461660276054
1,pg_baseline_loglinear,plan_time,q20,4427.324,2861.5918525776556
1,pg_baseline_loglinear,plan_time,q20,4679.932,2857.6461660276054
1,pg_baseline_loglinear,plan_time,q21,13986.072,2262.6297626746627
1,pg_baseline_loglinear,plan_time,q21,19448.204,2347.223318080741
1,pg_baseline_loglinear,plan_time,q21,13055.611,2262.6297626746627
1,pg_baseline_loglinear,plan_time,q21,10367.542,10691.356847039295
2,pg_baseline_loglinear,plan_time,q05,8827.081,2962.569469243161
2,pg_baseline_loglinear,plan_time,q05,7074.668,3242.1383837493163
2,pg_baseline_loglinear,plan_time,q05,9969.823,2962.569469243161
2,pg_baseline_loglinear,plan_time,q05,2887.231,5132.764247989662
2,pg_baseline_loglinear,plan_time,q10,1318.8,4543.678159912061
2,pg_baseline_loglinear,plan_time,q10,4160.12,4638.42267063066
2,pg_baseline_loglinear,plan_time,q10,1571.937,4543.678159912061
2,pg_baseline_loglinear,plan_time,q10,2518.974,5276.375367314578
2,pg_baseline_loglinear,plan_time,q15,2757.332,4438.736780584264
2,pg_baseline_loglinear,plan_time,q15,2518.908,4438.736780584264
2,pg_baseline_loglinear,plan_time,q15,2113.783,4438.736780584264
2,pg_baseline_loglinear,plan_time,q15,2244.615,4439.885308419988
2,pg_baseline_loglinear,plan_time,q19,543.454,1572.1869465387888
2,pg_baseline_loglinear,plan_time,q19,198.599,1572.1869465387888
2,pg_baseline_loglinear,plan_time,q19,215.468,1572.1869465387888
2,pg_baseline_loglinear,plan_time,q19,1441.563,5357.444749449024
3,pg_baseline_loglinear,plan_time,q02,6173.76,1814.4413846915095
3,pg_baseline_loglinear,plan_time,q02,4302.342,2474.650664053691
3,pg_baseline_loglinear,plan_time,q02,3199.538,1814.4413846915095
3,pg_baseline_loglinear,plan_time,q02,6690.813,4056.8085712738007
3,pg_baseline_loglinear,plan_time,q09,23625.277,2929.0859215768533
3,pg_baseline_loglinear,plan_time,q09,30860.744,3169.0202779498422
3,pg_baseline_loglinear,plan_time,q09,19454.599,2929.0859215768533
3,pg_baseline_loglinear,plan_time,q09,9471.806,4882.666814990229
3,pg_baseline_loglinear,plan_time,q14,1878.312,2884.1879825828696
3,pg_baseline_loglinear,plan_time,q14,1806.03,3038.3422348847907
3,pg_baseline_loglinear,plan_time,q14,1504.265,2884.1879825828696
3,pg_baseline_loglinear,plan_time,q14,2199.709,2884.1879825828696
3,pg_baseline_loglinear,plan_time,q18,13888.445,7804.169384424853
3,pg_baseline_loglinear,plan_time,q18,14970.42,8039.93701710183
3,pg_baseline_loglinear,plan_time,q18,16967.045,7778.4198555944895
3,pg_baseline_loglinear,plan_time,q18,17635.017,8624.30528951536
4,pg_baseline_loglinear,plan_time,q03,1640.223,5565.3600515474145
4,pg_baseline_loglinear,plan_time,q03,15919.201,6082.041708190333
4,pg_baseline_loglinear,plan_time,q03,2101.658,5565.3600515474145
4,pg_baseline_loglinear,plan_time,q03,2195.742,6882.197521625849
4,pg_baseline_loglinear,plan_time,q04,1216.968,2195.252431436957
4,pg_baseline_loglinear,plan_time,q04,1396.247,2195.252431436957
4,pg_baseline_loglinear,plan_time,q04,1429.065,2195.252431436957
4,pg_baseline_loglinear,plan_time,q04,16777.004,5376.456501447767
4,pg_baseline_loglinear,plan_time,q13,2831.432,4308.240731421667
4,pg_baseline_loglinear,plan_time,q13,23582.006,4716.1918699545095
4,pg_baseline_loglinear,plan_time,q13,2595.487,4308.240731421667
4,pg_baseline_loglinear,plan_time,q13,2688.645,4308.240731421667
4,pg_baseline_loglinear,plan_time,q17,4823.064,5515.190100821039
4,pg_baseline_loglinear,plan_time,q17,939.65,17899.334451079918
4,pg_baseline_loglinear,plan_time,q17,4153.603,5515.190100821039
4,pg_baseline_loglinear,plan_time,q17,4235.083,5515.190100821039
0,linear_regression,plan_time,q01,11982.478,370.05119975243724
0,linear_regression,plan_time,q01,11191.817,588.2280469660504
0,linear_regression,plan_time,q01,10066.542,587.5897900374706
0,linear_regression,plan_time,q01,6900.803,587.2019989163683
0,linear_regression,plan_time,q07,35165.908,766.860924423958
0,linear_regression,plan_time,q07,3945.736,352.7408969667288
0,linear_regression,plan_time,q07,29002.507,787.2286043338128
0,linear_regression,plan_time,q07,2402.029,320.5933823596404
0,linear_regression,plan_time,q12,4159.307,866.0860102598186
0,linear_regression,plan_time,q12,3556.871,1105.0988819458894
0,linear_regression,plan_time,q12,4213.912,893.8565729402458
0,linear_regression,plan_time,q12,3102.1,893.1098443971727
0,linear_regression,plan_time,q16,1605.611,13.303499538608323
0,linear_regression,plan_time,q16,1383.148,8.589494332647025
0,linear_regression,plan_time,q16,1106.188,13.707223119506162
0,linear_regression,plan_time,q16,1324.611,13.714548555240084
0,linear_regression,plan_time,q22,383.714,2664.304506383549
0,linear_regression,plan_time,q22,345.909,2674.1988719487417
0,linear_regression,plan_time,q22,387.731,2676.119413584559
0,linear_regression,plan_time,q22,491.9,3075.7473561930956
1,linear_regression,plan_time,q06,2272.089,1544.8201073838377
1,linear_regression,plan_time,q06,1791.259,1545.0175688975655
1,linear_regression,plan_time,q06,1959.172,1544.2384477551502
1,linear_regression,plan_time,q06,1737.52,1544.5028113583253
1,linear_regression,plan_time,q08,2118.05,9356.988234650124
1,linear_regression,plan_time,q08,1382.048,6208.6169932682205
1,linear_regression,plan_time,q08,1513.581,9187.716182704293
1,linear_regression,plan_time,q08,2374.629,3647.288462772297
1,linear_regression,plan_time,q11,1724.803,4370.380123207288
1,linear_regression,plan_time,q11,403.337,4368.007736936756
1,linear_regression,plan_time,q11,308.811,4379.752658287258
1,linear_regression,plan_time,q11,801.703,36262.60603214768
1,linear_regression,plan_time,q20,7381.431,30933.6723462095
1,linear_regression,plan_time,q20,4427.324,9308.25022700111
1,linear_regression,plan_time,q20,4679.932,30441.666744182676
1,linear_regression,plan_time,q21,13986.072,52.28280393441322
1,linear_regression,plan_time,q21,19448.204,99.88306787264894
1,linear_regression,plan_time,q21,13055.611,51.47161017816168
1,linear_regression,plan_time,q21,10367.542,168.09487387274854
2,linear_regression,plan_time,q05,8827.081,3619.987411470464
2,linear_regression,plan_time,q05,7074.668,2530.145486592713
2,linear_regression,plan_time,q05,9969.823,3609.6455577753395
2,linear_regression,plan_time,q05,2887.231,4074.587517891544
2,linear_regression,plan_time,q10,1318.8,13635.286917148127
2,linear_regression,plan_time,q10,4160.12,91008.90515254189
2,linear_regression,plan_time,q10,1571.937,13937.577737860232
2,linear_regression,plan_time,q10,2518.974,9808.948039477536
2,linear_regression,plan_time,q15,2757.332,6619.380722911641
2,linear_regression,plan_time,q15,2518.908,6683.198113990664
2,linear_regression,plan_time,q15,2113.783,6651.202834337746
2,linear_regression,plan_time,q15,2244.615,15595.447981915011
2,linear_regression,plan_time,q19,543.454,2713.3994500531026
2,linear_regression,plan_time,q19,198.599,2723.3149416932883
2,linear_regression,plan_time,q19,215.468,2725.6304657610062
2,linear_regression,plan_time,q19,1441.563,2552.7611027415423
3,linear_regression,plan_time,q02,6173.76,3155.273985232636
3,linear_regression,plan_time,q02,4302.342,37.803269163176516
3,linear_regression,plan_time,q02,3199.538,2698.6699027777563
3,linear_regression,plan_time,q02,6690.813,787.4733796796136
3,linear_regression,plan_time,q09,23625.277,351659.08
3,linear_regression,plan_time,q09,30860.744,351659.08
3,linear_regression,plan_time,q09,19454.599,351659.08
3,linear_regression,plan_time,q09,9471.806,351659.08
3,linear_regression,plan_time,q14,1878.312,947.8295861344063
3,linear_regression,plan_time,q14,1806.03,572.3534746448406
3,linear_regression,plan_time,q14,1504.265,944.6732204846186
3,linear_regression,plan_time,q14,2199.709,944.9382881655935
3,linear_regression,plan_time,q18,13888.445,232.57898946891524
3,linear_regression,plan_time,q18,14970.42,85.0943473001898
3,linear_regression,plan_time,q18,16967.045,794.8088806273283
3,linear_regression,plan_time,q18,17635.017,747.208258317705
4,linear_regression,plan_time,q03,1640.223,5219.980836337408
4,linear_regression,plan_time,q03,15919.201,3616.794741629389
4,linear_regression,plan_time,q03,2101.658,2137.580731540538
4,linear_regression,plan_time,q03,2195.742,1983.2143929304402
4,linear_regression,plan_time,q04,1216.968,2852.924079439357
4,linear_regression,plan_time,q04,1396.247,2875.6784984140127
4,linear_regression,plan_time,q04,1429.065,2854.9019310720028
4,linear_regression,plan_time,q04,16777.004,3225.218062433453
4,linear_regression,plan_time,q13,2831.432,2761.4657998283487
4,linear_regression,plan_time,q13,23582.006,1389.6655765778794
4,linear_regression,plan_time,q13,2595.487,2753.2910852004834
4,linear_regression,plan_time,q13,2688.645,2750.853982646672
4,linear_regression,plan_time,q17,4823.064,2042.8056439142667
4,linear_regression,plan_time,q17,939.65,146001.18441583842
4,linear_regression,plan_time,q17,4153.603,2032.9442528401673
4,linear_regression,plan_time,q17,4235.083,2027.6539959384534
0,ridge,plan_time,q01,11982.478,1418.9373066902754
0,ridge,plan_time,q01,11191.817,1392.7476739347305
0,ridge,plan_time,q01,10066.542,1392.8084805677368
0,ridge,plan_time,q01,6900.803,1392.8454588714171
0,ridge,plan_time,q07,35165.908,5229.1544201692195
0,ridge,plan_time,q07,3945.736,1916.3786576127263
0,ridge,plan_time,q07,29002.507,5223.645615763657
0,ridge,plan_time,q07,2402.029,2324.7295299037123
0,ridge,plan_time,q12,4159.307,1577.8674200089756
0,ridge,plan_time,q12,3556.871,1749.146692972107
0,ridge,plan_time,q12,4213.912,1575.8650750654322
0,ridge,plan_time,q12,3102.1,1575.9180660873237
0,ridge,plan_time,q16,1605.611,5541.248030488207
0,ridge,plan_time,q16,1383.148,5970.111465780265
0,ridge,plan_time,q16,1106.188,5535.041681987375
0,ridge,plan_time,q16,1324.611,5534.930713536558
0,ridge,plan_time,q22,383.714,1255.0176645909057
0,ridge,plan_time,q22,345.909,1254.8303336618053
0,ridge,plan_time,q22,387.731,1254.7940554072904
0,ridge,plan_time,q22,491.9,2171.404126527139
1,ridge,plan_time,q06,2272.089,1125.68477912863
1,ridge,plan_time,q06,1791.259,1126.0293841142595
1,ridge,plan_time,q06,1959.172,1124.6700376330723
1,ridge,plan_time,q06,1737.52,1125.1311704219877
1,ridge,plan_time,q08,2118.05,15057.547387852046
1,ridge,plan_time,q08,1382.048,9805.020814429241
1,ridge,plan_time,q08,1513.581,14413.607940086622
1,ridge,plan_time,q08,2374.629,5350.143368639194
1,ridge,plan_time,q11,1724.803,3123.617142688001
1,ridge,plan_time,q11,403.337,3119.558729431774
1,ridge,plan_time,q11,308.811,3139.6806752966836
1,ridge,plan_time,q11,801.703,3876.517993034932
1,ridge,plan_time,q20,7381.431,5457.984307728439
1,ridge,plan_time,q20,4427.324,3047.4735032976378
1,ridge,plan_time,q20,4679.932,5252.413419792506
1,ridge,plan_time,q21,13986.072,507.20878246489
1,ridge,plan_time,q21,19448.204,1267.0282819381594
1,ridge,plan_time,q21,13055.611,488.8808993680499
1,ridge,plan_time,q21,10367.542,837.2908645211033
2,ridge,plan_time,q05,8827.081,5465.8362499575505
2,ridge,plan_time,q05,7074.668,2694.79778308305
2,ridge,plan_time,q05,9969.823,5471.415403367663
2,ridge,plan_time,q05,2887.231,1517.580662251095
2,ridge,plan_time,q10,1318.8,2528.2941446314235
2,ridge,plan_time,q10,4160.12,4355.72638721576
2,ridge,plan_time,q10,1571.937,2508.5935265880016
2,ridge,plan_time,q10,2518.974,2029.685477794889
2,ridge,plan_time,q15,2757.332,2421.008997929242
2,ridge,plan_time,q15,2518.908,2412.7367660444866
2,ridge,plan_time,q15,2113.783,2416.870647811085
2,ridge,plan_time,q15,2244.615,2137.693201285929
2,ridge,plan_time,q19,543.454,7179.820049662215
2,ridge,plan_time,q19,198.599,7170.488396314445
2,ridge,plan_time,q19,215.468,7168.3158481387
2,ridge,plan_time,q19,1441.563,5737.1329774211345
3,ridge,plan_time,q02,6173.76,1389.8518435502306
3,ridge,plan_time,q02,4302.342,434.593241225858
3,ridge,plan_time,q02,3199.538,1457.4826011805071
3,ridge,plan_time,q02,6690.813,1489.2346436803684
3,ridge,plan_time,q09,23625.277,166.6500075738933
3,ridge,plan_time,q09,30860.744,734.3994493687079
3,ridge,plan_time,q09,19454.599,167.15581612126687
3,ridge,plan_time,q09,9471.806,166.26909116126672
3,ridge,plan_time,q14,1878.312,1270.4822188516791
3,ridge,plan_time,q14,1806.03,1434.3425975601072
3,ridge,plan_time,q14,1504.265,1271.7702004946884
3,ridge,plan_time,q14,2199.709,1271.6618219303164
3,ridge,plan_time,q18,13888.445,15983.72045759101
3,ridge,plan_time,q18,14970.42,7346.730754362946
3,ridge,plan_time,q18,16967.045,12820.876528263238
3,ridge,plan_time,q18,17635.017,11423.015848987297
4,ridge,plan_time,q03,1640.223,16563.908357225657
4,ridge,plan_time,q03,15919.201,8805.52795762677
4,ridge,plan_time,q03,2101.658,6512.179153536311
4,ridge,plan_time,q03,2195.742,6317.167867827632
4,ridge,plan_time,q04,1216.968,2259.4463262446525
4,ridge,plan_time,q04,1396.247,2278.298557724449
4,ridge,plan_time,q04,1429.065,2261.0847206677986
4,ridge,plan_time,q04,16777.004,2488.582468952914
4,ridge,plan_time,q13,2831.432,1833.5751416235566
4,ridge,plan_time,q13,23582.006,1024.342707507014
4,ridge,plan_time,q13,2595.487,1827.8977640305175
4,ridge,plan_time,q13,2688.645,1826.2053342572217
4,ridge,plan_time,q17,4823.064,1112.8003193535162
4,ridge,plan_time,q17,939.65,13051.157607034062
4,ridge,plan_time,q17,4153.603,1107.1804801546477
4,ridge,plan_time,q17,4235.083,1104.1661669939538
0,lasso,plan_time,q01,11982.478,1081.3427821223297
0,lasso,plan_time,q01,11191.817,954.9194572862355
0,lasso,plan_time,q01,10066.542,955.19774905715
0,lasso,plan_time,q01,6900.803,955.3670201516621
0,lasso,plan_time,q07,35165.908,6077.271179226422
0,lasso,plan_time,q07,3945.736,1494.7970794887221
0,lasso,plan_time,q07,29002.507,6034.683463866962
0,lasso,plan_time,q07,2402.029,1565.623828169514
0,lasso,plan_time,q12,4159.307,1182.3226239638877
0,lasso,plan_time,q12,3556.871,1404.4165785495527
0,lasso,plan_time,q12,4213.912,1172.3457799292019
0,lasso,plan_time,q12,3102.1,1172.608887711014
0,lasso,plan_time,q16,1605.611,8797.978380306364
0,lasso,plan_time,q16,1383.148,5851.5831632117115
0,lasso,plan_time,q16,1106.188,8732.445094837749
0,lasso,plan_time,q16,1324.611,8731.277157334473
0,lasso,plan_time,q22,383.714,1202.0614517044417
0,lasso,plan_time,q22,345.909,1200.864776252155
0,lasso,plan_time,q22,387.731,1200.633146699688
0,lasso,plan_time,q22,491.9,3148.613305088426
1,lasso,plan_time,q06,2272.089,1474.6544879015848
1,lasso,plan_time,q06,1791.259,1474.9160176941766
1,lasso,plan_time,q06,1959.172,1473.8841784504828
1,lasso,plan_time,q06,1737.52,1474.234269249004
1,lasso,plan_time,q08,2118.05,9105.218374905622
1,lasso,plan_time,q08,1382.048,6454.408709541374
1,lasso,plan_time,q08,1513.581,8877.492154274143
1,lasso,plan_time,q08,2374.629,3950.8609828516774
1,lasso,plan_time,q11,1724.803,16763.39392729723
1,lasso,plan_time,q11,403.337,16750.77241905058
1,lasso,plan_time,q11,308.811,16813.28339145594
1,lasso,plan_time,q11,801.703,56272.41122807782
1,lasso,plan_time,q20,7381.431,14839.44260390756
1,lasso,plan_time,q20,4427.324,4836.732249291821
1,lasso,plan_time,q20,4679.932,14512.983181161664
1,lasso,plan_time,q21,13986.072,76.96536169176423
1,lasso,plan_time,q21,19448.204,206.15850905043263
1,lasso,plan_time,q21,13055.611,75.32343096704213
1,lasso,plan_time,q21,10367.542,159.5815040120352
2,lasso,plan_time,q05,8827.081,4218.890285058236
2,lasso,plan_time,q05,7074.668,2503.287577968268
2,lasso,plan_time,q05,9969.823,4224.626362552494
2,lasso,plan_time,q05,2887.231,1379.3748783630228
2,lasso,plan_time,q10,1318.8,2350.99220198646
2,lasso,plan_time,q10,4160.12,4161.624023959261
2,lasso,plan_time,q10,1571.937,2326.627441614943
2,lasso,plan_time,q10,2518.974,1800.71576912815
2,lasso,plan_time,q15,2757.332,3800.673906166012
2,lasso,plan_time,q15,2518.908,3783.3923173175854
2,lasso,plan_time,q15,2113.783,3792.025992786437
2,lasso,plan_time,q15,2244.615,3930.993071545771
2,lasso,plan_time,q19,543.454,7587.349109049229
2,lasso,plan_time,q19,198.599,7574.219664822657
2,lasso,plan_time,q19,215.468,7571.163747146586
2,lasso,plan_time,q19,1441.563,5856.7339820662
3,lasso,plan_time,q02,6173.76,908.5276805680121
3,lasso,plan_time,q02,4302.342,30.111460654556968
3,lasso,plan_time,q02,3199.538,1052.9512678949725
3,lasso,plan_time,q02,6690.813,914.2112750248167
3,lasso,plan_time,q09,23625.277,22.546680141373418
3,lasso,plan_time,q09,30860.744,461.0475834764948
3,lasso,plan_time,q09,19454.599,22.767890035720836
3,lasso,plan_time,q09,9471.806,24.53331452761764
3,lasso,plan_time,q14,1878.312,1260.249188922447
3,lasso,plan_time,q14,1806.03,925.6984265962386
3,lasso,plan_time,q14,1504.265,1264.2190704645009
3,lasso,plan_time,q14,2199.709,1263.8846947203638
3,lasso,plan_time,q18,13888.445,7022.934130177329
3,lasso,plan_time,q18,14970.42,1653.4216356666464
3,lasso,plan_time,q18,16967.045,9472.625576131903
3,lasso,plan_time,q18,17635.017,9085.50163989154
4,lasso,plan_time,q03,1640.223,15462.146257595203
4,lasso,plan_time,q03,15919.201,7306.233992688638
4,lasso,plan_time,q03,2101.658,5561.799335163966
4,lasso,plan_time,q03,2195.742,5344.50036820417
4,lasso,plan_time,q04,1216.968,2891.8621544219286
4,lasso,plan_time,q04,1396.247,2918.296963700077
4,lasso,plan_time,q04,1429.065,2894.158698872735
4,lasso,plan_time,q04,16777.004,2781.8681751619765
4,lasso,plan_time,q13,2831.432,1393.2598807791996
4,lasso,plan_time,q13,23582.006,533.2963780098871
4,lasso,plan_time,q13,2595.487,1388.5349025569412
4,lasso,plan_time,q13,2688.645,1387.1266536809846
4,lasso,plan_time,q17,4823.064,1678.2405133782643
4,lasso,plan_time,q17,939.65,18120.561090104216
4,lasso,plan_time,q17,4153.603,1668.9629740126786
4,lasso,plan_time,q17,4235.083,1663.9886246616409
0,random_forest,plan_time,q01,11982.478,3949.9397572107014
0,random_forest,plan_time,q01,11191.817,2686.0285886046813
0,random_forest,plan_time,q01,10066.542,2695.816692237668
0,random_forest,plan_time,q01,6900.803,2695.554219945911
0,random_forest,plan_time,q07,35165.908,4714.906006707003
0,random_forest,plan_time,q07,3945.736,5187.394097506957
0,random_forest,plan_time,q07,29002.507,4054.880235755542
0,random_forest,plan_time,q07,2402.029,7259.093873225087
0,random_forest,plan_time,q12,4159.307,3153.779690920856
0,random_forest,plan_time,q12,3556.871,2854.117152727012
0,random_forest,plan_time,q12,4213.912,1948.0803581277553
0,random_forest,plan_time,q12,3102.1,2059.895507086415
0,random_forest,plan_time,q16,1605.611,873.2399849873509
0,random_forest,plan_time,q16,1383.148,713.122188205907
0,random_forest,plan_time,q16,1106.188,496.1849727254021
0,random_forest,plan_time,q16,1324.611,496.43001473135024
0,random_forest,plan_time,q22,383.714,436.7779540678924
0,random_forest,plan_time,q22,345.909,432.8586531370978
0,random_forest,plan_time,q22,387.731,432.8586531370978
0,random_forest,plan_time,q22,491.9,454.0654626510828
1,random_forest,plan_time,q06,2272.089,4422.461867432992
1,random_forest,plan_time,q06,1791.259,4440.007977609086
1,random_forest,plan_time,q06,1959.172,4422.461867432992
1,random_forest,plan_time,q06,1737.52,4422.461867432992
1,random_forest,plan_time,q08,2118.05,16277.198431187939
1,random_forest,plan_time,q08,1382.048,8407.068920696447
1,random_forest,plan_time,q08,1513.581,13611.67565947621
1,random_forest,plan_time,q08,2374.629,4097.70482236426
1,random_forest,plan_time,q11,1724.803,649.9157735777699
1,random_forest,plan_time,q11,403.337,657.51109893054
1,random_forest,plan_time,q11,308.811,803.2859080197629
1,random_forest,plan_time,q11,801.703,3363.9967352958997
1,random_forest,plan_time,q20,7381.431,7113.137309399339
1,random_forest,plan_time,q20,4427.324,6582.624889218787
1,random_forest,plan_time,q20,4679.932,6206.090719163477
1,random_forest,plan_time,q21,13986.072,7956.444129387557
1,random_forest,plan_time,q21,19448.204,4848.406977270682
1,random_forest,plan_time,q21,13055.611,6593.53721180792
1,random_forest,plan_time,q21,10367.542,4865.060878363263
2,random_forest,plan_time,q05,8827.081,11140.820342007206
2,random_forest,plan_time,q05,7074.668,9251.594265672244
2,random_forest,plan_time,q05,9969.823,11184.187578222687
2,random_forest,plan_time,q05,2887.231,6041.375270963357
2,random_forest,plan_time,q10,1318.8,7143.406100622193
2,random_forest,plan_time,q10,4160.12,7706.314471192799
2,random_forest,plan_time,q10,1571.937,5867.941342765673
2,random_forest,plan_time,q10,2518.974,5966.03177147727
2,random_forest,plan_time,q15,2757.332,6348.989196920668
2,random_forest,plan_time,q15,2518.908,4318.745127076484
2,random_forest,plan_time,q15,2113.783,5661.03013683359
2,random_forest,plan_time,q15,2244.615,3849.824126979683
2,random_forest,plan_time,q19,543.454,632.4577876196344
2,random_forest,plan_time,q19,198.599,846.2649385435863
2,random_forest,plan_time,q19,215.468,681.4078326292151
2,random_forest,plan_time,q19,1441.563,3805.7863464597353
3,random_forest,plan_time,q02,6173.76,1020.1039451299577
3,random_forest,plan_time,q02,4302.342,3768.7976888227213
3,random_forest,plan_time,q02,3199.538,957.2979890107969
3,random_forest,plan_time,q02,6690.813,3626.6649510014254
3,random_forest,plan_time,q09,23625.277,2580.448126522261
3,random_forest,plan_time,q09,30860.744,3641.8696908601614
3,random_forest,plan_time,q09,19454.599,2498.3746690188464
3,random_forest,plan_time,q09,9471.806,4464.6089351219725
3,random_forest,plan_time,q14,1878.312,4025.0695348762674
3,random_forest,plan_time,q14,1806.03,3841.631089973282
3,random_forest,plan_time,q14,1504.265,3332.4572906686126
3,random_forest,plan_time,q14,2199.709,3328.6012708623143
3,random_forest,plan_time,q18,13888.445,4150.042436311006
3,random_forest,plan_time,q18,14970.42,4542.336619582138
3,random_forest,plan_time,q18,16967.045,3447.3756037509525
3,random_forest,plan_time,q18,17635.017,2978.956496472264
4,random_forest,plan_time,q03,1640.223,7341.973022944312
4,random_forest,plan_time,q03,15919.201,8731.79209681031
4,random_forest,plan_time,q03,2101.658,4926.564906860311
4,random_forest,plan_time,q03,2195.742,10211.926485213116
4,random_forest,plan_time,q04,1216.968,2546.7389372086404
4,random_forest,plan_time,q04,1396.247,2697.931528681517
4,random_forest,plan_time,q04,1429.065,2734.118349331751
4,random_forest,plan_time,q04,16777.004,2146.0930351155575
4,random_forest,plan_time,q13,2831.432,4672.590458757894
4,random_forest,plan_time,q13,23582.006,4014.535331076073
4,random_forest,plan_time,q13,2595.487,4672.590458757894
4,random_forest,plan_time,q13,2688.645,4672.590458757894
4,random_forest,plan_time,q17,4823.064,1918.1939421508287
4,random_forest,plan_time,q17,939.65,3484.573642082648
4,random_forest,plan_time,q17,4153.603,1958.8251015265914
4,random_forest,plan_time,q17,4235.083,1827.9393344219993
0,extra_trees,plan_time,q01,11982.478,3075.5700080481856
0,extra_trees,plan_time,q01,11191.817,2822.154600963667
0,extra_trees,plan_time,q01,10066.542,2781.6425026135457
0,extra_trees,plan_time,q01,6900.803,2771.4411002583197
0,extra_trees,plan_time,q07,35165.908,2356.5565185560804
0,extra_trees,plan_time,q07,3945.736,3493.8626413636202
0,extra_trees,plan_time,q07,29002.507,2258.225193494905
0,extra_trees,plan_time,q07,2402.029,3966.2133544067747
0,extra_trees,plan_time,q12,4159.307,3644.59189347368
0,extra_trees,plan_time,q12,3556.871,2622.507207341042
0,extra_trees,plan_time,q12,4213.912,3606.684412302931
0,extra_trees,plan_time,q12,3102.1,3613.9760855595787
0,extra_trees,plan_time,q16,1605.611,1525.1461853048208
0,extra_trees,plan_time,q16,1383.148,2884.539467963474
0,extra_trees,plan_time,q16,1106.188,1482.6214272314096
0,extra_trees,plan_time,q16,1324.611,1482.9659051486415
0,extra_trees,plan_time,q22,383.714,1066.8349999938753
0,extra_trees,plan_time,q22,345.909,1011.7885139712571
0,extra_trees,plan_time,q22,387.731,1017.823981770414
0,extra_trees,plan_time,q22,491.9,1393.1518655271702
1,extra_trees,plan_time,q06,2272.089,1910.815786478845
1,extra_trees,plan_time,q06,1791.259,1907.7421324005174
1,extra_trees,plan_time,q06,1959.172,1914.8714357491701
1,extra_trees,plan_time,q06,1737.52,1914.8714357491701
1,extra_trees,plan_time,q08,2118.05,22375.77491577757
1,extra_trees,plan_time,q08,1382.048,4370.159853827051
1,extra_trees,plan_time,q08,1513.581,19538.62764189334
1,extra_trees,plan_time,q08,2374.629,4729.154746960135
1,extra_trees,plan_time,q11,1724.803,2190.1996714726047
1,extra_trees,plan_time,q11,403.337,2192.5111934903157
1,extra_trees,plan_time,q11,308.811,2241.4743779389446
1,extra_trees,plan_time,q11,801.703,2110.434265235849
1,extra_trees,plan_time,q20,7381.431,2629.023208008448
1,extra_trees,plan_time,q20,4427.324,3798.4029641301654
1,extra_trees,plan_time,q20,4679.932,2648.4456405009696
1,extra_trees,plan_time,q21,13986.072,4146.944803398756
1,extra_trees,plan_time,q21,19448.204,10252.188920894176
1,extra_trees,plan_time,q21,13055.611,3900.9643557847944
1,extra_trees,plan_time,q21,10367.542,3532.121320856871
2,extra_trees,plan_time,q05,8827.081,10872.685319462096
2,extra_trees,plan_time,q05,7074.668,5954.977871851171
2,extra_trees,plan_time,q05,9969.823,11013.956955401469
2,extra_trees,plan_time,q05,2887.231,6210.283701264267
2,extra_trees,plan_time,q10,1318.8,6029.189020459993
2,extra_trees,plan_time,q10,4160.12,6195.883769129206
2,extra_trees,plan_time,q10,1571.937,5486.633527843624
2,extra_trees,plan_time,q10,2518.974,4789.4419144611165
2,extra_trees,plan_time,q15,2757.332,5097.17981136065
2,extra_trees,plan_time,q15,2518.908,4753.849556772452
2,extra_trees,plan_time,q15,2113.783,4946.8343403931785
2,extra_trees,plan_time,q15,2244.615,8524.849052688089
2,extra_trees,plan_time,q19,543.454,1378.6362266968376
2,extra_trees,plan_time,q19,198.599,1424.5006991896244
2,extra_trees,plan_time,q19,215.468,1406.6611704221964
2,extra_trees,plan_time,q19,1441.563,3404.2349905921865
3,extra_trees,plan_time,q02,6173.76,2718.8138506744226
3,extra_trees,plan_time,q02,4302.342,2149.8880290844645
3,extra_trees,plan_time,q02,3199.538,2036.2935156899123
3,extra_trees,plan_time,q02,6690.813,2402.9540975696395
3,extra_trees,plan_time,q09,23625.277,2185.8692151932923
3,extra_trees,plan_time,q09,30860.744,5028.529349261071
3,extra_trees,plan_time,q09,19454.599,2180.9061839140395
3,extra_trees,plan_time,q09,9471.806,2376.349924507972
3,extra_trees,plan_time,q14,1878.312,1985.7995783567205
3,extra_trees,plan_time,q14,1806.03,2009.4066771135633
3,extra_trees,plan_time,q14,1504.265,1812.2887769248832
3,extra_trees,plan_time,q14,2199.709,1823.5845423719
3,extra_trees,plan_time,q18,13888.445,5484.439124492165
3,extra_trees,plan_time,q18,14970.42,6890.6524985820715
3,extra_trees,plan_time,q18,16967.045,5028.571292507339
3,extra_trees,plan_time,q18,17635.017,4151.533126007575
4,extra_trees,plan_time,q03,1640.223,8385.912737122599
4,extra_trees,plan_time,q03,15919.201,8574.857930745136
4,extra_trees,plan_time,q03,2101.658,7522.429902930601
4,extra_trees,plan_time,q03,2195.742,9353.542658914717
4,extra_trees,plan_time,q04,1216.968,1224.4784228968463
4,extra_trees,plan_time,q04,1396.247,1321.305608450167
4,extra_trees,plan_time,q04,1429.065,1229.4156682341027
4,extra_trees,plan_time,q04,16777.004,2454.555388646144
4,extra_trees,plan_time,q13,2831.432,2291.9617848283447
4,extra_trees,plan_time,q13,23582.006,2058.9378526901164
4,extra_trees,plan_time,q13,2595.487,2279.244284408713
4,extra_trees,plan_time,q13,2688.645,2278.914300773689
4,extra_trees,plan_time,q17,4823.064,1983.8089518464458
4,extra_trees,plan_time,q17,939.65,3468.871103930562
4,extra_trees,plan_time,q17,4153.603,1884.6946605209698
4,extra_trees,plan_time,q17,4235.083,1748.103983579953
0,gradient_boosting,plan_time,q01,11982.478,3027.357303035092
0,gradient_boosting,plan_time,q01,11191.817,2068.8334930686956
0,gradient_boosting,plan_time,q01,10066.542,1937.6339746858425
0,gradient_boosting,plan_time,q01,6900.803,1888.8144107267744
0,gradient_boosting,plan_time,q07,35165.908,6573.530358777919
0,gradient_boosting,plan_time,q07,3945.736,4906.988959124639
0,gradient_boosting,plan_time,q07,29002.507,4913.97117115597
0,gradient_boosting,plan_time,q07,2402.029,4879.569859612507
0,gradient_boosting,plan_time,q12,4159.307,3649.849938450369
0,gradient_boosting,plan_time,q12,3556.871,1710.4302159171784
0,gradient_boosting,plan_time,q12,4213.912,2409.802850046873
0,gradient_boosting,plan_time,q12,3102.1,3001.509644616382
0,gradient_boosting,plan_time,q16,1605.611,780.0256836121109
0,gradient_boosting,plan_time,q16,1383.148,544.7432576891521
0,gradient_boosting,plan_time,q16,1106.188,518.508885882836
0,gradient_boosting,plan_time,q16,1324.611,574.2856399082707
0,gradient_boosting,plan_time,q22,383.714,406.4932986957335
0,gradient_boosting,plan_time,q22,345.909,358.3267713065767
0,gradient_boosting,plan_time,q22,387.731,402.8565213707298
0,gradient_boosting,plan_time,q22,491.9,367.66801446824513
1,gradient_boosting,plan_time,q06,2272.089,5162.714363171969
1,gradient_boosting,plan_time,q06,1791.259,5032.141647249134
1,gradient_boosting,plan_time,q06,1959.172,5706.031510105801
1,gradient_boosting,plan_time,q06,1737.52,5706.031510105801
1,gradient_boosting,plan_time,q08,2118.05,17461.593556350395
1,gradient_boosting,plan_time,q08,1382.048,7868.6043639017835
1,gradient_boosting,plan_time,q08,1513.581,14827.543337103752
1,gradient_boosting,plan_time,q08,2374.629,3667.491213854151
1,gradient_boosting,plan_time,q11,1724.803,805.2445919430818
1,gradient_boosting,plan_time,q11,403.337,860.3138993261775
1,gradient_boosting,plan_time,q11,308.811,1224.2275105696324
1,gradient_boosting,plan_time,q11,801.703,2074.8762736287254
1,gradient_boosting,plan_time,q20,7381.431,9771.25568038441
1,gradient_boosting,plan_time,q20,4427.324,7816.753555184771
1,gradient_boosting,plan_time,q20,4679.932,8142.452939419516
1,gradient_boosting,plan_time,q21,13986.072,10219.386836436595
1,gradient_boosting,plan_time,q21,19448.204,5812.352799991822
1,gradient_boosting,plan_time,q21,13055.611,9148.979000719899
1,gradient_boosting,plan_time,q21,10367.542,3206.037890753468
2,gradient_boosting,plan_time,q05,8827.081,10056.688213654696
2,gradient_boosting,plan_time,q05,7074.668,7731.20453416528
2,gradient_boosting,plan_time,q05,9969.823,10182.82898939244
2,gradient_boosting,plan_time,q05,2887.231,6339.854599793533
2,gradient_boosting,plan_time,q10,1318.8,7939.423944161226
2,gradient_boosting,plan_time,q10,4160.12,10364.499959638915
2,gradient_boosting,plan_time,q10,1571.937,6178.70107627133
2,gradient_boosting,plan_time,q10,2518.974,6518.225053760708
2,gradient_boosting,plan_time,q15,2757.332,5650.879920044178
2,gradient_boosting,plan_time,q15,2518.908,2859.1851969211757
2,gradient_boosting,plan_time,q15,2113.783,3550.5929124440345
2,gradient_boosting,plan_time,q15,2244.615,2674.8931818148158
2,gradient_boosting,plan_time,q19,543.454,639.2861855899451
2,gradient_boosting,plan_time,q19,198.599,795.8197845935659
2,gradient_boosting,plan_time,q19,215.468,644.2644708234066
2,gradient_boosting,plan_time,q19,1441.563,6429.324385874009
3,gradient_boosting,plan_time,q02,6173.76,1286.115593924688
3,gradient_boosting,plan_time,q02,4302.342,2645.101095701177
3,gradient_boosting,plan_time,q02,3199.538,710.5435590013385
3,gradient_boosting,plan_time,q02,6690.813,2813.6419477217514
3,gradient_boosting,plan_time,q09,23625.277,2627.2208472920165
3,gradient_boosting,plan_time,q09,30860.744,5456.488633634142
3,gradient_boosting,plan_time,q09,19454.599,2656.8161389002958
3,gradient_boosting,plan_time,q09,9471.806,4620.248529273594
3,gradient_boosting,plan_time,q14,1878.312,2640.972446244578
3,gradient_boosting,plan_time,q14,1806.03,3487.091036509794
3,gradient_boosting,plan_time,q14,1504.265,2120.9260906121453
3,gradient_boosting,plan_time,q14,2199.709,2362.4794332975252
3,gradient_boosting,plan_time,q18,13888.445,4258.687760396213
3,gradient_boosting,plan_time,q18,14970.42,4542.629556488904
3,gradient_boosting,plan_time,q18,16967.045,3958.252421089825
3,gradient_boosting,plan_time,q18,17635.017,3051.016283117629
4,gradient_boosting,plan_time,q03,1640.223,6174.912214515516
4,gradient_boosting,plan_time,q03,15919.201,7855.625921820295
4,gradient_boosting,plan_time,q03,2101.658,3282.2662942458437
4,gradient_boosting,plan_time,q03,2195.742,10587.228289066115
4,gradient_boosting,plan_time,q04,1216.968,3557.2593255310017
4,gradient_boosting,plan_time,q04,1396.247,3023.6772079565003
4,gradient_boosting,plan_time,q04,1429.065,3624.425513169554
4,gradient_boosting,plan_time,q04,16777.004,1772.9643684131006
4,gradient_boosting,plan_time,q13,2831.432,3926.2189082698396
4,gradient_boosting,plan_time,q13,23582.006,3376.516364317216
4,gradient_boosting,plan_time,q13,2595.487,4950.909030241519
4,gradient_boosting,plan_time,q13,2688.645,4142.792705866248
4,gradient_boosting,plan_time,q17,4823.064,1175.2065898629708
4,gradient_boosting,plan_time,q17,939.65,6656.530746067331
4,gradient_boosting,plan_time,q17,4153.603,1606.0840201492942
4,gradient_boosting,plan_time,q17,4235.083,1401.6086613601076
0,xgboost,plan_time,q01,11982.478,7431.70947265625
0,xgboost,plan_time,q01,11191.817,5674.236328125
0,xgboost,plan_time,q01,10066.542,5765.169921875
0,xgboost,plan_time,q01,6900.803,5654.30517578125
0,xgboost,plan_time,q07,35165.908,3103.083984375
0,xgboost,plan_time,q07,3945.736,8683.73046875
0,xgboost,plan_time,q07,29002.507,3050.27099609375
0,xgboost,plan_time,q07,2402.029,7040.7734375
0,xgboost,plan_time,q12,4159.307,3221.6923828125
0,xgboost,plan_time,q12,3556.871,4599.08154296875
0,xgboost,plan_time,q12,4213.912,2478.973876953125
0,xgboost,plan_time,q12,3102.1,3151.500244140625
0,xgboost,plan_time,q16,1605.611,812.2083129882812
0,xgboost,plan_time,q16,1383.148,596.453125
0,xgboost,plan_time,q16,1106.188,510.1986389160156
0,xgboost,plan_time,q16,1324.611,519.259765625
0,xgboost,plan_time,q22,383.714,452.5263977050781
0,xgboost,plan_time,q22,345.909,324.9466247558594
0,xgboost,plan_time,q22,387.731,337.77154541015625
0,xgboost,plan_time,q22,491.9,418.90283203125
1,xgboost,plan_time,q06,2272.089,3468.768310546875
1,xgboost,plan_time,q06,1791.259,3104.665283203125
1,xgboost,plan_time,q06,1959.172,3468.768310546875
1,xgboost,plan_time,q06,1737.52,3468.768310546875
1,xgboost,plan_time,q08,2118.05,27284.38671875
1,xgboost,plan_time,q08,1382.048,5807.89013671875
1,xgboost,plan_time,q08,1513.581,18072.93359375
1,xgboost,plan_time,q08,2374.629,5608.021484375
1,xgboost,plan_time,q11,1724.803,531.880859375
1,xgboost,plan_time,q11,403.337,528.7315063476562
1,xgboost,plan_time,q11,308.811,653.457763671875
1,xgboost,plan_time,q11,801.703,1766.40185546875
1,xgboost,plan_time,q20,7381.431,13080.1884765625
1,xgboost,plan_time,q20,4427.324,11514.6513671875
1,xgboost,plan_time,q20,4679.932,10607.998046875
1,xgboost,plan_time,q21,13986.072,10181.2685546875
1,xgboost,plan_time,q21,19448.204,6902.67041015625
1,xgboost,plan_time,q21,13055.611,9446.6611328125
1,xgboost,plan_time,q21,10367.542,3637.322021484375
2,xgboost,plan_time,q05,8827.081,12482.4306640625
2,xgboost,plan_time,q05,7074.668,6165.1123046875
2,xgboost,plan_time,q05,9969.823,12485.966796875
2,xgboost,plan_time,q05,2887.231,8402.8935546875
2,xgboost,plan_time,q10,1318.8,8533.501953125
2,xgboost,plan_time,q10,4160.12,10573.9970703125
2,xgboost,plan_time,q10,1571.937,6717.57666015625
2,xgboost,plan_time,q10,2518.974,7293.63623046875
2,xgboost,plan_time,q15,2757.332,7521.81298828125
2,xgboost,plan_time,q15,2518.908,3426.732177734375
2,xgboost,plan_time,q15,2113.783,5537.9765625
2,xgboost,plan_time,q15,2244.615,4027.52294921875
2,xgboost,plan_time,q19,543.454,647.357666015625
2,xgboost,plan_time,q19,198.599,663.377685546875
2,xgboost,plan_time,q19,215.468,1033.6817626953125
2,xgboost,plan_time,q19,1441.563,3525.866943359375
3,xgboost,plan_time,q02,6173.76,1131.43017578125
3,xgboost,plan_time,q02,4302.342,2330.255615234375
3,xgboost,plan_time,q02,3199.538,845.0364379882812
3,xgboost,plan_time,q02,6690.813,2385.77880859375
3,xgboost,plan_time,q09,23625.277,2457.39697265625
3,xgboost,plan_time,q09,30860.744,3838.430908203125
3,xgboost,plan_time,q09,19454.599,2449.8779296875
3,xgboost,plan_time,q09,9471.806,4205.76025390625
3,xgboost,plan_time,q14,1878.312,4377.77099609375
3,xgboost,plan_time,q14,1806.03,4509.7509765625
3,xgboost,plan_time,q14,1504.265,2807.426513671875
3,xgboost,plan_time,q14,2199.709,3051.251953125
3,xgboost,plan_time,q18,13888.445,4712.703125
3,xgboost,plan_time,q18,14970.42,5120.08935546875
3,xgboost,plan_time,q18,16967.045,3332.63720703125
3,xgboost,plan_time,q18,17635.017,2822.517578125
4,xgboost,plan_time,q03,1640.223,8035.544921875
4,xgboost,plan_time,q03,15919.201,7920.4326171875
4,xgboost,plan_time,q03,2101.658,5102.85400390625
4,xgboost,plan_time,q03,2195.742,10556.0712890625
4,xgboost,plan_time,q04,1216.968,2585.048583984375
4,xgboost,plan_time,q04,1396.247,2219.176025390625
4,xgboost,plan_time,q04,1429.065,2943.28515625
4,xgboost,plan_time,q04,16777.004,1679.7818603515625
4,xgboost,plan_time,q13,2831.432,3661.324951171875
4,xgboost,plan_time,q13,23582.006,4871.41259765625
4,xgboost,plan_time,q13,2595.487,3979.196044921875
4,xgboost,plan_time,q13,2688.645,3979.196044921875
4,xgboost,plan_time,q17,4823.064,1712.2655029296875
4,xgboost,plan_time,q17,939.65,3018.864013671875
4,xgboost,plan_time,q17,4153.603,2001.272216796875
4,xgboost,plan_time,q17,4235.083,1717.2373046875
0,lightgbm,plan_time,q01,11982.478,9159.451436540734
0,lightgbm,plan_time,q01,11191.817,8063.105642892485
0,lightgbm,plan_time,q01,10066.542,7653.374557708
0,lightgbm,plan_time,q01,6900.803,7603.387060972783
0,lightgbm,plan_time,q07,35165.908,2391.1820030573563
0,lightgbm,plan_time,q07,3945.736,6762.869566357549
0,lightgbm,plan_time,q07,29002.507,2207.196214680164
0,lightgbm,plan_time,q07,2402.029,6896.149372866227
0,lightgbm,plan_time,q12,4159.307,2533.61281784605
0,lightgbm,plan_time,q12,3556.871,9487.350167991026
0,lightgbm,plan_time,q12,4213.912,2684.0965332766655
0,lightgbm,plan_time,q12,3102.1,3031.236369602702
0,lightgbm,plan_time,q16,1605.611,625.9000379456904
0,lightgbm,plan_time,q16,1383.148,417.8533446812228
0,lightgbm,plan_time,q16,1106.188,391.8534838506914
0,lightgbm,plan_time,q16,1324.611,391.26703000266167
0,lightgbm,plan_time,q22,383.714,195.35770593893878
0,lightgbm,plan_time,q22,345.909,196.038388607454
0,lightgbm,plan_time,q22,387.731,196.14793236840268
0,lightgbm,plan_time,q22,491.9,365.52536071153366
1,lightgbm,plan_time,q06,2272.089,1727.465701696272
1,lightgbm,plan_time,q06,1791.259,1649.2102974982276
1,lightgbm,plan_time,q06,1959.172,1727.465701696272
1,lightgbm,plan_time,q06,1737.52,1727.465701696272
1,lightgbm,plan_time,q08,2118.05,20745.74221687833
1,lightgbm,plan_time,q08,1382.048,6700.661674947349
1,lightgbm,plan_time,q08,1513.581,17492.364135088636
1,lightgbm,plan_time,q08,2374.629,3075.5155469243136
1,lightgbm,plan_time,q11,1724.803,404.7265113997595
1,lightgbm,plan_time,q11,403.337,405.32786138300395
1,lightgbm,plan_time,q11,308.811,410.4279409493083
1,lightgbm,plan_time,q11,801.703,2772.816665985954
1,lightgbm,plan_time,q20,7381.431,3555.5088453662524
1,lightgbm,plan_time,q20,4427.324,3371.1126305944845
1,lightgbm,plan_time,q20,4679.932,3429.6530034468337
1,lightgbm,plan_time,q21,13986.072,12261.3739724362
1,lightgbm,plan_time,q21,19448.204,7319.09787158858
1,lightgbm,plan_time,q21,13055.611,11953.828577764541
1,lightgbm,plan_time,q21,10367.542,3945.7298695366076
2,lightgbm,plan_time,q05,8827.081,13844.0347319464
2,lightgbm,plan_time,q05,7074.668,9494.187386849013
2,lightgbm,plan_time,q05,9969.823,13844.0347319464
2,lightgbm,plan_time,q05,2887.231,4850.235180570592
2,lightgbm,plan_time,q10,1318.8,11302.432004419827
2,lightgbm,plan_time,q10,4160.12,11646.491032445696
2,lightgbm,plan_time,q10,1571.937,9072.826764697782
2,lightgbm,plan_time,q10,2518.974,6378.15209417178
2,lightgbm,plan_time,q15,2757.332,10102.892228217981
2,lightgbm,plan_time,q15,2518.908,3713.4728850054553
2,lightgbm,plan_time,q15,2113.783,8573.55182898883
2,lightgbm,plan_time,q15,2244.615,4382.553969817412
2,lightgbm,plan_time,q19,543.454,771.4927415029472
2,lightgbm,plan_time,q19,198.599,1581.5471333640157
2,lightgbm,plan_time,q19,215.468,1014.3557208264978
2,lightgbm,plan_time,q19,1441.563,3488.488125781029
3,lightgbm,plan_time,q02,6173.76,1166.183667847384
3,lightgbm,plan_time,q02,4302.342,9777.777230509251
3,lightgbm,plan_time,q02,3199.538,745.8702651730787
3,lightgbm,plan_time,q02,6690.813,8911.645620277786
3,lightgbm,plan_time,q09,23625.277,2452.264966544241
3,lightgbm,plan_time,q09,30860.744,2710.7574838984015
3,lightgbm,plan_time,q09,19454.599,2229.6992255926084
3,lightgbm,plan_time,q09,9471.806,2833.501218231311
3,lightgbm,plan_time,q14,1878.312,1424.0827405612067
3,lightgbm,plan_time,q14,1806.03,6966.533086568017
3,lightgbm,plan_time,q14,1504.265,1365.0408594741605
3,lightgbm,plan_time,q14,2199.709,1374.5770184082726
3,lightgbm,plan_time,q18,13888.445,2261.167166133278
3,lightgbm,plan_time,q18,14970.42,3789.4615787009275
3,lightgbm,plan_time,q18,16967.045,2131.7577472808607
3,lightgbm,plan_time,q18,17635.017,2032.282295946272
4,lightgbm,plan_time,q03,1640.223,11632.4448185381
4,lightgbm,plan_time,q03,15919.201,5591.11764797904
4,lightgbm,plan_time,q03,2101.658,9532.545123226171
4,lightgbm,plan_time,q03,2195.742,7499.771319947016
4,lightgbm,plan_time,q04,1216.968,1924.919287863804
4,lightgbm,plan_time,q04,1396.247,2133.948379269586
4,lightgbm,plan_time,q04,1429.065,1924.919287863804
4,lightgbm,plan_time,q04,16777.004,1873.188301245299
4,lightgbm,plan_time,q13,2831.432,3426.74764942088
4,lightgbm,plan_time,q13,23582.006,4986.199260652158
4,lightgbm,plan_time,q13,2595.487,3579.4102040564057
4,lightgbm,plan_time,q13,2688.645,3579.4102040564057
4,lightgbm,plan_time,q17,4823.064,1728.8866029614187
4,lightgbm,plan_time,q17,939.65,2407.1651921941193
4,lightgbm,plan_time,q17,4153.603,1763.6858560570315
4,lightgbm,plan_time,q17,4235.083,1791.1454315271096
0,catboost,plan_time,q01,11982.478,4024.9283507147184
0,catboost,plan_time,q01,11191.817,3246.2301341056836
0,catboost,plan_time,q01,10066.542,3254.605202891536
0,catboost,plan_time,q01,6900.803,3260.726058532498
0,catboost,plan_time,q07,35165.908,4506.4665730177485
0,catboost,plan_time,q07,3945.736,4158.355528608518
0,catboost,plan_time,q07,29002.507,3708.6567098123523
0,catboost,plan_time,q07,2402.029,3874.135503361507
0,catboost,plan_time,q12,4159.307,4871.75490373678
0,catboost,plan_time,q12,3556.871,3758.578074149758
0,catboost,plan_time,q12,4213.912,3876.4266378244006
0,catboost,plan_time,q12,3102.1,4106.893525739759
0,catboost,plan_time,q16,1605.611,1791.0037079651518
0,catboost,plan_time,q16,1383.148,2031.06195001438
0,catboost,plan_time,q16,1106.188,1462.0720620106213
0,catboost,plan_time,q16,1324.611,1525.3833017731656
0,catboost,plan_time,q22,383.714,1010.1447434891418
0,catboost,plan_time,q22,345.909,903.671050725653
0,catboost,plan_time,q22,387.731,968.0601448315354
0,catboost,plan_time,q22,491.9,989.6097789814121
1,catboost,plan_time,q06,2272.089,4284.247229767194
1,catboost,plan_time,q06,1791.259,4284.247229767194
1,catboost,plan_time,q06,1959.172,4935.548392119758
1,catboost,plan_time,q06,1737.52,4935.548392119758
1,catboost,plan_time,q08,2118.05,13460.17228895579
1,catboost,plan_time,q08,1382.048,6118.316201968814
1,catboost,plan_time,q08,1513.581,10963.820815263132
1,catboost,plan_time,q08,2374.629,3339.4932144819695
1,catboost,plan_time,q11,1724.803,3120.999510342275
1,catboost,plan_time,q11,403.337,3171.8575287156063
1,catboost,plan_time,q11,308.811,3123.9203965669
1,catboost,plan_time,q11,801.703,3682.130680007792
1,catboost,plan_time,q20,7381.431,6204.337130364025
1,catboost,plan_time,q20,4427.324,5677.847611473875
1,catboost,plan_time,q20,4679.932,4912.82272295687
1,catboost,plan_time,q21,13986.072,7070.43837591861
1,catboost,plan_time,q21,19448.204,5721.248442597365
1,catboost,plan_time,q21,13055.611,6655.060790973903
1,catboost,plan_time,q21,10367.542,4912.940350018767
2,catboost,plan_time,q05,8827.081,10929.151558644187
2,catboost,plan_time,q05,7074.668,10673.167835563088
2,catboost,plan_time,q05,9969.823,10938.186883566528
2,catboost,plan_time,q05,2887.231,6106.853034618313
2,catboost,plan_time,q10,1318.8,6555.511152621651
2,catboost,plan_time,q10,4160.12,7867.850397261843
2,catboost,plan_time,q10,1571.937,5652.029933767294
2,catboost,plan_time,q10,2518.974,3690.6339936146887
2,catboost,plan_time,q15,2757.332,5783.508460972776
2,catboost,plan_time,q15,2518.908,3615.6761618206974
2,catboost,plan_time,q15,2113.783,4309.727679580106
2,catboost,plan_time,q15,2244.615,2930.2553209616585
2,catboost,plan_time,q19,543.454,943.0733315357121
2,catboost,plan_time,q19,198.599,1044.110509336544
2,catboost,plan_time,q19,215.468,937.6888481691893
2,catboost,plan_time,q19,1441.563,5558.7315678148325
3,catboost,plan_time,q02,6173.76,2951.798780976424
3,catboost,plan_time,q02,4302.342,4140.805781250421
3,catboost,plan_time,q02,3199.538,2306.0273089127013
3,catboost,plan_time,q02,6690.813,3927.272783375409
3,catboost,plan_time,q09,23625.277,3663.6246205762063
3,catboost,plan_time,q09,30860.744,5021.005235672498
3,catboost,plan_time,q09,19454.599,3553.767025362002
3,catboost,plan_time,q09,9471.806,3451.5752795163967
3,catboost,plan_time,q14,1878.312,2393.194494581335
3,catboost,plan_time,q14,1806.03,2094.897372719455
3,catboost,plan_time,q14,1504.265,2183.4517967046754
3,catboost,plan_time,q14,2199.709,2421.2045724146337
3,catboost,plan_time,q18,13888.445,3519.85628372462
3,catboost,plan_time,q18,14970.42,4746.274139663095
3,catboost,plan_time,q18,16967.045,3109.350018919684
3,catboost,plan_time,q18,17635.017,3374.8599111855747
4,catboost,plan_time,q03,1640.223,4671.788035194406
4,catboost,plan_time,q03,15919.201,6776.994042807563
4,catboost,plan_time,q03,2101.658,3547.5806596359903
4,catboost,plan_time,q03,2195.742,8661.674756678012
4,catboost,plan_time,q04,1216.968,1907.5202824410092
4,catboost,plan_time,q04,1396.247,1397.6424168594315
4,catboost,plan_time,q04,1429.065,1907.5202824410092
4,catboost,plan_time,q04,16777.004,1814.5085421105514
4,catboost,plan_time,q13,2831.432,2903.469281289142
4,catboost,plan_time,q13,23582.006,2573.853564974727
4,catboost,plan_time,q13,2595.487,3210.3802486423206
4,catboost,plan_time,q13,2688.645,3278.6250423619194
4,catboost,plan_time,q17,4823.064,1584.7635638181277
4,catboost,plan_time,q17,939.65,4103.280182155288
4,catboost,plan_time,q17,4153.603,2140.075614577609
4,catboost,plan_time,q17,4235.083,1879.9527698887618
0,pg_baseline_linear,post_mortem,q01,11982.478,5898.16824514387
0,pg_baseline_linear,post_mortem,q01,11191.817,5898.16824514387
0,pg_baseline_linear,post_mortem,q01,10066.542,5898.16824514387
0,pg_baseline_linear,post_mortem,q01,6900.803,5898.16824514387
0,pg_baseline_linear,post_mortem,q07,35165.908,1815.7971225785345
0,pg_baseline_linear,post_mortem,q07,3945.736,2067.0697371697106
0,pg_baseline_linear,post_mortem,q07,29002.507,1815.7971225785345
0,pg_baseline_linear,post_mortem,q07,2402.029,5003.376939971773
0,pg_baseline_linear,post_mortem,q12,4159.307,5354.003189033217
0,pg_baseline_linear,post_mortem,q12,3556.871,5456.091926768508
0,pg_baseline_linear,post_mortem,q12,4213.912,5354.003189033217
0,pg_baseline_linear,post_mortem,q12,3102.1,5354.003189033217
0,pg_baseline_linear,post_mortem,q16,1605.611,919.2364501551889
0,pg_baseline_linear,post_mortem,q16,1383.148,1056.4248288479057
0,pg_baseline_linear,post_mortem,q16,1106.188,919.2364501551889
0,pg_baseline_linear,post_mortem,q16,1324.611,919.2364501551889
0,pg_baseline_linear,post_mortem,q22,383.714,335.14766811425665
0,pg_baseline_linear,post_mortem,q22,345.909,335.14766811425665
0,pg_baseline_linear,post_mortem,q22,387.731,335.14766811425665
0,pg_baseline_linear,post_mortem,q22,491.9,1043.1613394660171
1,pg_baseline_linear,post_mortem,q06,2272.089,4618.264024651427
1,pg_baseline_linear,post_mortem,q06,1791.259,4618.264024651427
1,pg_baseline_linear,post_mortem,q06,1959.172,4618.264024651427
1,pg_baseline_linear,post_mortem,q06,1737.52,4618.264024651427
1,pg_baseline_linear,post_mortem,q08,2118.05,2138.9015677694815
1,pg_baseline_linear,post_mortem,q08,1382.048,2144.2364465103674
1,pg_baseline_linear,post_mortem,q08,1513.581,2138.9015677694815
1,pg_baseline_linear,post_mortem,q08,2374.629,5266.524663527214
1,pg_baseline_linear,post_mortem,q11,1724.803,281.48216741677294
1,pg_baseline_linear,post_mortem,q11,403.337,281.48216741677294
1,pg_baseline_linear,post_mortem,q11,308.811,281.48216741677294
1,pg_baseline_linear,post_mortem,q11,801.703,1430.3636883255876
1,pg_baseline_linear,post_mortem,q20,7381.431,2683.686089448664
1,pg_baseline_linear,post_mortem,q20,4427.324,2688.381726918391
1,pg_baseline_linear,post_mortem,q20,4679.932,2683.686089448664
1,pg_baseline_linear,post_mortem,q21,13986.072,1996.5129762336433
1,pg_baseline_linear,post_mortem,q21,19448.204,2091.5452898811077
1,pg_baseline_linear,post_mortem,q21,13055.611,1996.5129762336433
1,pg_baseline_linear,post_mortem,q21,10367.542,14283.983439193462
2,pg_baseline_linear,post_mortem,q05,8827.081,2320.343418117929
2,pg_baseline_linear,post_mortem,q05,7074.668,2643.8414697134776
2,pg_baseline_linear,post_mortem,q05,9969.823,2320.343418117929
2,pg_baseline_linear,post_mortem,q05,2887.231,5140.839061682092
2,pg_baseline_linear,post_mortem,q10,1318.8,4309.1999750693785
2,pg_baseline_linear,post_mortem,q10,4160.12,4439.870732580602
2,pg_baseline_linear,post_mortem,q10,1571.937,4309.1999750693785
2,pg_baseline_linear,post_mortem,q10,2518.974,5350.346609174036
2,pg_baseline_linear,post_mortem,q15,2757.332,4165.883750215647
2,pg_baseline_linear,post_mortem,q15,2518.908,4165.883750215647
2,pg_baseline_linear,post_mortem,q15,2113.783,4165.883750215647
2,pg_baseline_linear,post_mortem,q15,2244.615,4167.444138559296
2,pg_baseline_linear,post_mortem,q19,543.454,927.5660696123043
2,pg_baseline_linear,post_mortem,q19,198.599,927.5660696123043
2,pg_baseline_linear,post_mortem,q19,215.468,927.5660696123043
2,pg_baseline_linear,post_mortem,q19,1441.563,5469.751825140138
3,pg_baseline_linear,post_mortem,q02,6173.76,1246.1396923508105
3,pg_baseline_linear,post_mortem,q02,4302.342,1989.9227629087154
3,pg_baseline_linear,post_mortem,q02,3199.538,1246.1396923508105
3,pg_baseline_linear,post_mortem,q02,6690.813,4194.335513102718
3,pg_baseline_linear,post_mortem,q09,23625.277,2566.1320651811143
3,pg_baseline_linear,post_mortem,q09,30860.744,2889.7345095960422
3,pg_baseline_linear,post_mortem,q09,19454.599,2566.1320651811143
3,pg_baseline_linear,post_mortem,q09,9471.806,5547.095698914278
3,pg_baseline_linear,post_mortem,q14,1878.312,2507.029931425425
3,pg_baseline_linear,post_mortem,q14,1806.03,2711.879630367574
3,pg_baseline_linear,post_mortem,q14,1504.265,2507.029931425425
3,pg_baseline_linear,post_mortem,q14,2199.709,2507.029931425425
3,pg_baseline_linear,post_mortem,q18,13888.445,11254.959388621577
3,pg_baseline_linear,post_mortem,q18,14970.42,11771.889022893953
3,pg_baseline_linear,post_mortem,q18,16967.045,11198.978190611997
3,pg_baseline_linear,post_mortem,q18,17635.017,13086.415621665392
4,pg_baseline_linear,post_mortem,q03,1640.223,6541.58467721226
4,pg_baseline_linear,post_mortem,q03,15919.201,7300.0672435766655
4,pg_baseline_linear,post_mortem,q03,2101.658,6541.58467721226
4,pg_baseline_linear,post_mortem,q03,2195.742,8504.673963504025
4,pg_baseline_linear,post_mortem,q04,1216.968,2072.5653307828384
4,pg_baseline_linear,post_mortem,q04,1396.247,2072.5653307828384
4,pg_baseline_linear,post_mortem,q04,1429.065,2072.5653307828384
4,pg_baseline_linear,post_mortem,q04,16777.004,6268.320232096825
4,pg_baseline_linear,post_mortem,q13,2831.432,4767.442968594961
4,pg_baseline_linear,post_mortem,q13,23582.006,5331.332436731034
4,pg_baseline_linear,post_mortem,q13,2595.487,4767.442968594961
4,pg_baseline_linear,post_mortem,q13,2688.645,4767.442968594961
4,pg_baseline_linear,post_mortem,q17,4823.064,6468.793132227627
4,pg_baseline_linear,post_mortem,q17,939.65,27710.772174793477
4,pg_baseline_linear,post_mortem,q17,4153.603,6468.793132227627
4,pg_baseline_linear,post_mortem,q17,4235.083,6468.793132227627
0,pg_baseline_loglinear,post_mortem,q01,11982.478,5053.813250847154
0,pg_baseline_loglinear,post_mortem,q01,11191.817,5053.813250847154
0,pg_baseline_loglinear,post_mortem,q01,10066.542,5053.813250847154
0,pg_baseline_loglinear,post_mortem,q01,6900.803,5053.813250847154
0,pg_baseline_loglinear,post_mortem,q07,35165.908,2345.793575089022
0,pg_baseline_loglinear,post_mortem,q07,3945.736,2552.4899513498203
0,pg_baseline_loglinear,post_mortem,q07,29002.507,2345.793575089022
0,pg_baseline_loglinear,post_mortem,q07,2402.029,4540.172755949048
0,pg_baseline_loglinear,post_mortem,q12,4159.307,4744.980166983594
0,pg_baseline_loglinear,post_mortem,q12,3556.871,4803.7242655097425
0,pg_baseline_loglinear,post_mortem,q12,4213.912,4744.980166983594
0,pg_baseline_loglinear,post_mortem,q12,3102.1,4744.980166983594
0,pg_baseline_loglinear,post_mortem,q16,1605.611,1505.367769870473
0,pg_baseline_loglinear,post_mortem,q16,1383.148,1648.2077888419115
0,pg_baseline_loglinear,post_mortem,q16,1106.188,1505.367769870473
0,pg_baseline_loglinear,post_mortem,q16,1324.611,1505.367769870473
0,pg_baseline_loglinear,post_mortem,q22,383.714,779.8269377179772
0,pg_baseline_loglinear,post_mortem,q22,345.909,779.8269377179772
0,pg_baseline_loglinear,post_mortem,q22,387.731,779.8269377179772
0,pg_baseline_loglinear,post_mortem,q22,491.9,1634.692845480242
1,pg_baseline_loglinear,post_mortem,q06,2272.089,4385.986527835349
1,pg_baseline_loglinear,post_mortem,q06,1791.259,4385.986527835349
1,pg_baseline_loglinear,post_mortem,q06,1959.172,4385.986527835349
1,pg_baseline_loglinear,post_mortem,q06,1737.52,4385.986527835349
1,pg_baseline_loglinear,post_mortem,q08,2118.05,2389.073629236274
1,pg_baseline_loglinear,post_mortem,q08,1382.048,2393.775916725245
1,pg_baseline_loglinear,post_mortem,q08,1513.581,2389.073629236274
1,pg_baseline_loglinear,post_mortem,q08,2374.629,4865.03867419481
1,pg_baseline_loglinear,post_mortem,q11,1724.803,481.53129613853474
1,pg_baseline_loglinear,post_mortem,q11,403.337,481.53129613853474
1,pg_baseline_loglinear,post_mortem,q11,308.811,481.53129613853474
1,pg_baseline_loglinear,post_mortem,q11,801.703,1738.9549426292122
1,pg_baseline_loglinear,post_mortem,q20,7381.431,2857.6461660276054
1,pg_baseline_loglinear,post_mortem,q20,4427.324,2861.5918525776556
1,pg_baseline_loglinear,post_mortem,q20,4679.932,2857.6461660276054
1,pg_baseline_loglinear,post_mortem,q21,13986.072,2262.6297626746627
1,pg_baseline_loglinear,post_mortem,q21,19448.204,2347.223318080741
1,pg_baseline_loglinear,post_mortem,q21,13055.611,2262.6297626746627
1,pg_baseline_loglinear,post_mortem,q21,10367.542,10691.356847039295
2,pg_baseline_loglinear,post_mortem,q05,8827.081,2962.569469243161
2,pg_baseline_loglinear,post_mortem,q05,7074.668,3242.1383837493163
2,pg_baseline_loglinear,post_mortem,q05,9969.823,2962.569469243161
2,pg_baseline_loglinear,post_mortem,q05,2887.231,5132.764247989662
2,pg_baseline_loglinear,post_mortem,q10,1318.8,4543.678159912061
2,pg_baseline_loglinear,post_mortem,q10,4160.12,4638.42267063066
2,pg_baseline_loglinear,post_mortem,q10,1571.937,4543.678159912061
2,pg_baseline_loglinear,post_mortem,q10,2518.974,5276.375367314578
2,pg_baseline_loglinear,post_mortem,q15,2757.332,4438.736780584264
2,pg_baseline_loglinear,post_mortem,q15,2518.908,4438.736780584264
2,pg_baseline_loglinear,post_mortem,q15,2113.783,4438.736780584264
2,pg_baseline_loglinear,post_mortem,q15,2244.615,4439.885308419988
2,pg_baseline_loglinear,post_mortem,q19,543.454,1572.1869465387888
2,pg_baseline_loglinear,post_mortem,q19,198.599,1572.1869465387888
2,pg_baseline_loglinear,post_mortem,q19,215.468,1572.1869465387888
2,pg_baseline_loglinear,post_mortem,q19,1441.563,5357.444749449024
3,pg_baseline_loglinear,post_mortem,q02,6173.76,1814.4413846915095
3,pg_baseline_loglinear,post_mortem,q02,4302.342,2474.650664053691
3,pg_baseline_loglinear,post_mortem,q02,3199.538,1814.4413846915095
3,pg_baseline_loglinear,post_mortem,q02,6690.813,4056.8085712738007
3,pg_baseline_loglinear,post_mortem,q09,23625.277,2929.0859215768533
3,pg_baseline_loglinear,post_mortem,q09,30860.744,3169.0202779498422
3,pg_baseline_loglinear,post_mortem,q09,19454.599,2929.0859215768533
3,pg_baseline_loglinear,post_mortem,q09,9471.806,4882.666814990229
3,pg_baseline_loglinear,post_mortem,q14,1878.312,2884.1879825828696
3,pg_baseline_loglinear,post_mortem,q14,1806.03,3038.3422348847907
3,pg_baseline_loglinear,post_mortem,q14,1504.265,2884.1879825828696
3,pg_baseline_loglinear,post_mortem,q14,2199.709,2884.1879825828696
3,pg_baseline_loglinear,post_mortem,q18,13888.445,7804.169384424853
3,pg_baseline_loglinear,post_mortem,q18,14970.42,8039.93701710183
3,pg_baseline_loglinear,post_mortem,q18,16967.045,7778.4198555944895
3,pg_baseline_loglinear,post_mortem,q18,17635.017,8624.30528951536
4,pg_baseline_loglinear,post_mortem,q03,1640.223,5565.3600515474145
4,pg_baseline_loglinear,post_mortem,q03,15919.201,6082.041708190333
4,pg_baseline_loglinear,post_mortem,q03,2101.658,5565.3600515474145
4,pg_baseline_loglinear,post_mortem,q03,2195.742,6882.197521625849
4,pg_baseline_loglinear,post_mortem,q04,1216.968,2195.252431436957
4,pg_baseline_loglinear,post_mortem,q04,1396.247,2195.252431436957
4,pg_baseline_loglinear,post_mortem,q04,1429.065,2195.252431436957
4,pg_baseline_loglinear,post_mortem,q04,16777.004,5376.456501447767
4,pg_baseline_loglinear,post_mortem,q13,2831.432,4308.240731421667
4,pg_baseline_loglinear,post_mortem,q13,23582.006,4716.1918699545095
4,pg_baseline_loglinear,post_mortem,q13,2595.487,4308.240731421667
4,pg_baseline_loglinear,post_mortem,q13,2688.645,4308.240731421667
4,pg_baseline_loglinear,post_mortem,q17,4823.064,5515.190100821039
4,pg_baseline_loglinear,post_mortem,q17,939.65,17899.334451079918
4,pg_baseline_loglinear,post_mortem,q17,4153.603,5515.190100821039
4,pg_baseline_loglinear,post_mortem,q17,4235.083,5515.190100821039
0,linear_regression,post_mortem,q01,11982.478,703.6411556530111
0,linear_regression,post_mortem,q01,11191.817,617.3744642636376
0,linear_regression,post_mortem,q01,10066.542,525.9808780663502
0,linear_regression,post_mortem,q01,6900.803,331.39348183689305
0,linear_regression,post_mortem,q07,35165.908,47204.69750188571
0,linear_regression,post_mortem,q07,3945.736,2392.40388920479
0,linear_regression,post_mortem,q07,29002.507,19404.747572160628
0,linear_regression,post_mortem,q07,2402.029,1801.4571876743407
0,linear_regression,post_mortem,q12,4159.307,743.3722145987964
0,linear_regression,post_mortem,q12,3556.871,725.907752795317
0,linear_regression,post_mortem,q12,4213.912,735.1294539151486
0,linear_regression,post_mortem,q12,3102.1,617.9907109670032
0,linear_regression,post_mortem,q16,1605.611,0.1
0,linear_regression,post_mortem,q16,1383.148,0.1
0,linear_regression,post_mortem,q16,1106.188,0.1
0,linear_regression,post_mortem,q16,1324.611,0.1
0,linear_regression,post_mortem,q22,383.714,3749.6531437082886
0,linear_regression,post_mortem,q22,345.909,3804.36732025447
0,linear_regression,post_mortem,q22,387.731,3824.09132665004
0,linear_regression,post_mortem,q22,491.9,5604.678357520256
1,linear_regression,post_mortem,q06,2272.089,1288.2582868459529
1,linear_regression,post_mortem,q06,1791.259,1163.6444513139265
1,linear_regression,post_mortem,q06,1959.172,1188.142603766472
1,linear_regression,post_mortem,q06,1737.52,1160.8427360428898
1,linear_regression,post_mortem,q08,2118.05,911.2667142720496
1,linear_regression,post_mortem,q08,1382.048,1268.28638853475
1,linear_regression,post_mortem,q08,1513.581,684.472811706627
1,linear_regression,post_mortem,q08,2374.629,2832.480100979046
1,linear_regression,post_mortem,q11,1724.803,4172.462740352724
1,linear_regression,post_mortem,q11,403.337,5145.737410730496
1,linear_regression,post_mortem,q11,308.811,3028.2050861175953
1,linear_regression,post_mortem,q11,801.703,9452.643486919698
1,linear_regression,post_mortem,q20,7381.431,11330.532239204844
1,linear_regression,post_mortem,q20,4427.324,2613.3421646594975
1,linear_regression,post_mortem,q20,4679.932,7799.7838161454265
1,linear_regression,post_mortem,q21,13986.072,1045.1264446574007
1,linear_regression,post_mortem,q21,19448.204,2594.0795427903086
1,linear_regression,post_mortem,q21,13055.611,911.6724977200345
1,linear_regression,post_mortem,q21,10367.542,10612.82216798504
2,linear_regression,post_mortem,q05,8827.081,15972.629615725831
2,linear_regression,post_mortem,q05,7074.668,18629.196104308434
2,linear_regression,post_mortem,q05,9969.823,18261.29956151209
2,linear_regression,post_mortem,q05,2887.231,7370.279099847452
2,linear_regression,post_mortem,q10,1318.8,1791.1711615178945
2,linear_regression,post_mortem,q10,4160.12,2426.36562797512
2,linear_regression,post_mortem,q10,1571.937,1412.0447588917034
2,linear_regression,post_mortem,q10,2518.974,2568.97389375161
2,linear_regression,post_mortem,q15,2757.332,3834.702081445535
2,linear_regression,post_mortem,q15,2518.908,3761.727140396241
2,linear_regression,post_mortem,q15,2113.783,3533.4388077489316
2,linear_regression,post_mortem,q15,2244.615,5816.148065356282
2,linear_regression,post_mortem,q19,543.454,2445.6123645978723
2,linear_regression,post_mortem,q19,198.599,2211.9401749771455
2,linear_regression,post_mortem,q19,215.468,2227.2455359879136
2,linear_regression,post_mortem,q19,1441.563,2769.6134754875397
3,linear_regression,post_mortem,q02,6173.76,378.66497009276424
3,linear_regression,post_mortem,q02,4302.342,438.7819014955515
3,linear_regression,post_mortem,q02,3199.538,404.0317816122584
3,linear_regression,post_mortem,q02,6690.813,147.93858767276137
3,linear_regression,post_mortem,q09,23625.277,0.1
3,linear_regression,post_mortem,q09,30860.744,0.1
3,linear_regression,post_mortem,q09,19454.599,0.1
3,linear_regression,post_mortem,q09,9471.806,0.1
3,linear_regression,post_mortem,q14,1878.312,1047.9817272383912
3,linear_regression,post_mortem,q14,1806.03,940.7835527387689
3,linear_regression,post_mortem,q14,1504.265,1021.7381890790728
3,linear_regression,post_mortem,q14,2199.709,1219.1330384338848
3,linear_regression,post_mortem,q18,13888.445,8369.32671956164
3,linear_regression,post_mortem,q18,14970.42,2725.698975945467
3,linear_regression,post_mortem,q18,16967.045,1852.4128419471265
3,linear_regression,post_mortem,q18,17635.017,3262.1926216063375
4,linear_regression,post_mortem,q03,1640.223,560.5022355968091
4,linear_regression,post_mortem,q03,15919.201,4678.35899849637
4,linear_regression,post_mortem,q03,2101.658,589.2878281326348
4,linear_regression,post_mortem,q03,2195.742,315.51216555637245
4,linear_regression,post_mortem,q04,1216.968,3141.2150741051364
4,linear_regression,post_mortem,q04,1396.247,3278.9095298441093
4,linear_regression,post_mortem,q04,1429.065,3257.8052508183096
4,linear_regression,post_mortem,q04,16777.004,69843.88423236819
4,linear_regression,post_mortem,q13,2831.432,28.457030844488482
4,linear_regression,post_mortem,q13,23582.006,1891.064818840544
4,linear_regression,post_mortem,q13,2595.487,29.47209680954404
4,linear_regression,post_mortem,q13,2688.645,26.623568356199016
4,linear_regression,post_mortem,q17,4823.064,61956.982186745205
4,linear_regression,post_mortem,q17,939.65,351659.08
4,linear_regression,post_mortem,q17,4153.603,55070.81661573592
4,linear_regression,post_mortem,q17,4235.083,56018.009959507304
0,ridge,post_mortem,q01,11982.478,5578.376909417013
0,ridge,post_mortem,q01,11191.817,3997.5599038998116
0,ridge,post_mortem,q01,10066.542,3347.7962507441375
0,ridge,post_mortem,q01,6900.803,2030.0293802537649
0,ridge,post_mortem,q07,35165.908,259249.71826444645
0,ridge,post_mortem,q07,3945.736,1820.9359594967345
0,ridge,post_mortem,q07,29002.507,96648.14865181464
0,ridge,post_mortem,q07,2402.029,2126.2522383614796
0,ridge,post_mortem,q12,4159.307,1527.1539609690255
0,ridge,post_mortem,q12,3556.871,1257.437603128531
0,ridge,post_mortem,q12,4213.912,1529.3084798567995
0,ridge,post_mortem,q12,3102.1,1283.7545699120192
0,ridge,post_mortem,q16,1605.611,0.1
0,ridge,post_mortem,q16,1383.148,0.1
0,ridge,post_mortem,q16,1106.188,0.1
0,ridge,post_mortem,q16,1324.611,0.1
0,ridge,post_mortem,q22,383.714,1352.2903873958996
0,ridge,post_mortem,q22,345.909,1345.88174837798
0,ridge,post_mortem,q22,387.731,1354.364390952624
0,ridge,post_mortem,q22,491.9,1527.665431759288
1,ridge,post_mortem,q06,2272.089,1537.383380580216
1,ridge,post_mortem,q06,1791.259,1427.8045206933753
1,ridge,post_mortem,q06,1959.172,1463.2487194684716
1,ridge,post_mortem,q06,1737.52,1414.7676298596316
1,ridge,post_mortem,q08,2118.05,1235.3427680207917
1,ridge,post_mortem,q08,1382.048,1288.828579149536
1,ridge,post_mortem,q08,1513.581,1066.0473169053475
1,ridge,post_mortem,q08,2374.629,3546.7201984775584
1,ridge,post_mortem,q11,1724.803,6177.7013177440795
1,ridge,post_mortem,q11,403.337,4954.584095763281
1,ridge,post_mortem,q11,308.811,4928.033607892094
1,ridge,post_mortem,q11,801.703,1518.7306172217875
1,ridge,post_mortem,q20,7381.431,17339.435218914656
1,ridge,post_mortem,q20,4427.324,7973.48750684851
1,ridge,post_mortem,q20,4679.932,10949.680919404958
1,ridge,post_mortem,q21,13986.072,2292.6844568554334
1,ridge,post_mortem,q21,19448.204,12857.880199881181
1,ridge,post_mortem,q21,13055.611,1907.6650280888684
1,ridge,post_mortem,q21,10367.542,7812.471605165027
2,ridge,post_mortem,q05,8827.081,7193.977120450578
2,ridge,post_mortem,q05,7074.668,8195.621118428693
2,ridge,post_mortem,q05,9969.823,8178.289511538207
2,ridge,post_mortem,q05,2887.231,1973.0504896642628
2,ridge,post_mortem,q10,1318.8,1247.3101454356433
2,ridge,post_mortem,q10,4160.12,1921.4885254288433
2,ridge,post_mortem,q10,1571.937,1224.3119693892288
2,ridge,post_mortem,q10,2518.974,1675.4983634381927
2,ridge,post_mortem,q15,2757.332,1449.5744721599106
2,ridge,post_mortem,q15,2518.908,1393.4674316606092
2,ridge,post_mortem,q15,2113.783,1344.6250271448591
2,ridge,post_mortem,q15,2244.615,1489.9218050959125
2,ridge,post_mortem,q19,543.454,3645.9778722130864
2,ridge,post_mortem,q19,198.599,3421.7571942718228
2,ridge,post_mortem,q19,215.468,3422.6556765500054
2,ridge,post_mortem,q19,1441.563,3338.897310131861
3,ridge,post_mortem,q02,6173.76,807.4467941960659
3,ridge,post_mortem,q02,4302.342,495.2387234949864
3,ridge,post_mortem,q02,3199.538,567.7323169717258
3,ridge,post_mortem,q02,6690.813,1390.9894329513277
3,ridge,post_mortem,q09,23625.277,252.13508188827245
3,ridge,post_mortem,q09,30860.744,631.2060329977954
3,ridge,post_mortem,q09,19454.599,144.52421774952526
3,ridge,post_mortem,q09,9471.806,42.70827169380418
3,ridge,post_mortem,q14,1878.312,1288.5728927726186
3,ridge,post_mortem,q14,1806.03,535.8205681969087
3,ridge,post_mortem,q14,1504.265,1222.7229655704546
3,ridge,post_mortem,q14,2199.709,1348.1952457183495
3,ridge,post_mortem,q18,13888.445,32370.75738078553
3,ridge,post_mortem,q18,14970.42,8396.843591194413
3,ridge,post_mortem,q18,16967.045,10806.952551903078
3,ridge,post_mortem,q18,17635.017,17199.979697026014
4,ridge,post_mortem,q03,1640.223,9347.582103583827
4,ridge,post_mortem,q03,15919.201,17965.60631937523
4,ridge,post_mortem,q03,2101.658,5101.152378199934
4,ridge,post_mortem,q03,2195.742,3710.9961759557536
4,ridge,post_mortem,q04,1216.968,1459.5985767263523
4,ridge,post_mortem,q04,1396.247,1499.0811478972641
4,ridge,post_mortem,q04,1429.065,1496.988966685599
4,ridge,post_mortem,q04,16777.004,22687.16043994005
4,ridge,post_mortem,q13,2831.432,1255.7717815439003
4,ridge,post_mortem,q13,23582.006,18105.286082747236
4,ridge,post_mortem,q13,2595.487,1227.081297629509
4,ridge,post_mortem,q13,2688.645,1240.131035194611
4,ridge,post_mortem,q17,4823.064,2490.0935824525423
4,ridge,post_mortem,q17,939.65,9649.769235021267
4,ridge,post_mortem,q17,4153.603,2303.286831672835
4,ridge,post_mortem,q17,4235.083,2320.861266907839
0,lasso,post_mortem,q01,11982.478,4450.918362769262
0,lasso,post_mortem,q01,11191.817,3156.3011541590904
0,lasso,post_mortem,q01,10066.542,2659.993016544403
0,lasso,post_mortem,q01,6900.803,1641.8899787605776
0,lasso,post_mortem,q07,35165.908,194454.28068144404
0,lasso,post_mortem,q07,3945.736,1800.0805591781896
0,lasso,post_mortem,q07,29002.507,75051.12371986687
0,lasso,post_mortem,q07,2402.029,1862.4627605074609
0,lasso,post_mortem,q12,4159.307,1583.9989765121732
0,lasso,post_mortem,q12,3556.871,1359.284431545624
0,lasso,post_mortem,q12,4213.912,1573.0661927892152
0,lasso,post_mortem,q12,3102.1,1328.548808492719
0,lasso,post_mortem,q16,1605.611,0.1
0,lasso,post_mortem,q16,1383.148,0.1
0,lasso,post_mortem,q16,1106.188,0.1
0,lasso,post_mortem,q16,1324.611,0.1
0,lasso,post_mortem,q22,383.714,1785.9217012085476
0,lasso,post_mortem,q22,345.909,1772.405022046606
0,lasso,post_mortem,q22,387.731,1783.095220648029
0,lasso,post_mortem,q22,491.9,2178.4785512611097
1,lasso,post_mortem,q06,2272.089,1489.0736382724094
1,lasso,post_mortem,q06,1791.259,1373.4982484892873
1,lasso,post_mortem,q06,1959.172,1411.1645516166427
1,lasso,post_mortem,q06,1737.52,1360.0370934888613
1,lasso,post_mortem,q08,2118.05,934.3579995418762
1,lasso,post_mortem,q08,1382.048,1124.6940376483121
1,lasso,post_mortem,q08,1513.581,803.9497125595939
1,lasso,post_mortem,q08,2374.629,2494.1502516993646
1,lasso,post_mortem,q11,1724.803,8397.65027113686
1,lasso,post_mortem,q11,403.337,6617.542519657985
1,lasso,post_mortem,q11,308.811,6573.64265865189
1,lasso,post_mortem,q11,801.703,2655.760660493611
1,lasso,post_mortem,q20,7381.431,29309.752125368548
1,lasso,post_mortem,q20,4427.324,10290.31291676937
1,lasso,post_mortem,q20,4679.932,17890.77406580925
1,lasso,post_mortem,q21,13986.072,1205.006892989643
1,lasso,post_mortem,q21,19448.204,8315.006349764206
1,lasso,post_mortem,q21,13055.611,993.4695670127825
1,lasso,post_mortem,q21,10367.542,4574.55221698056
2,lasso,post_mortem,q05,8827.081,8198.086148283262
2,lasso,post_mortem,q05,7074.668,9714.075288456836
2,lasso,post_mortem,q05,9969.823,9440.796039602916
2,lasso,post_mortem,q05,2887.231,2153.094190964556
2,lasso,post_mortem,q10,1318.8,1205.5983429347398
2,lasso,post_mortem,q10,4160.12,1870.382766926457
2,lasso,post_mortem,q10,1571.937,1183.3547846583367
2,lasso,post_mortem,q10,2518.974,1706.2145213618303
2,lasso,post_mortem,q15,2757.332,1316.9070941989955
2,lasso,post_mortem,q15,2518.908,1262.3342907302408
2,lasso,post_mortem,q15,2113.783,1212.8441487015427
2,lasso,post_mortem,q15,2244.615,1325.7687803692936
2,lasso,post_mortem,q19,543.454,3590.2146392342943
2,lasso,post_mortem,q19,198.599,3350.953070947173
2,lasso,post_mortem,q19,215.468,3352.2224820315105
2,lasso,post_mortem,q19,1441.563,3444.1220935257793
3,lasso,post_mortem,q02,6173.76,631.8017200381764
3,lasso,post_mortem,q02,4302.342,324.16373163640355
3,lasso,post_mortem,q02,3199.538,425.571647100489
3,lasso,post_mortem,q02,6690.813,818.3630351376056
3,lasso,post_mortem,q09,23625.277,804.7343915617928
3,lasso,post_mortem,q09,30860.744,1279.6317121133336
3,lasso,post_mortem,q09,19454.599,444.74051303440024
3,lasso,post_mortem,q09,9471.806,135.7239376152343
3,lasso,post_mortem,q14,1878.312,1270.3151908881703
3,lasso,post_mortem,q14,1806.03,457.27191339292375
3,lasso,post_mortem,q14,1504.265,1198.6033992762984
3,lasso,post_mortem,q14,2199.709,1333.7085833871147
3,lasso,post_mortem,q18,13888.445,38480.198290100205
3,lasso,post_mortem,q18,14970.42,7387.139434991342
3,lasso,post_mortem,q18,16967.045,10953.301192006538
3,lasso,post_mortem,q18,17635.017,17845.06542875826
4,lasso,post_mortem,q03,1640.223,5800.219264649433
4,lasso,post_mortem,q03,15919.201,11896.819647619484
4,lasso,post_mortem,q03,2101.658,4469.4879752125735
4,lasso,post_mortem,q03,2195.742,1720.6036856093103
4,lasso,post_mortem,q04,1216.968,2003.090838514624
4,lasso,post_mortem,q04,1396.247,2077.8525358319575
4,lasso,post_mortem,q04,1429.065,2084.9030168656395
4,lasso,post_mortem,q04,16777.004,75812.11298068578
4,lasso,post_mortem,q13,2831.432,361.243257764147
4,lasso,post_mortem,q13,23582.006,6622.039376110773
4,lasso,post_mortem,q13,2595.487,347.9404853420364
4,lasso,post_mortem,q13,2688.645,358.7625898723558
4,lasso,post_mortem,q17,4823.064,9896.250732703169
4,lasso,post_mortem,q17,939.65,199600.36950161535
4,lasso,post_mortem,q17,4153.603,8817.261032035165
4,lasso,post_mortem,q17,4235.083,8944.73759418438
0,random_forest,post_mortem,q01,11982.478,12436.608864327347
0,random_forest,post_mortem,q01,11191.817,9580.992971147127
0,random_forest,post_mortem,q01,10066.542,9321.111136926995
0,random_forest,post_mortem,q01,6900.803,6584.910447360839
0,random_forest,post_mortem,q07,35165.908,23217.870522120214
0,random_forest,post_mortem,q07,3945.736,4508.324369009664
0,random_forest,post_mortem,q07,29002.507,23267.863540960938
0,random_forest,post_mortem,q07,2402.029,2457.9260017062193
0,random_forest,post_mortem,q12,4159.307,4380.4993366657045
0,random_forest,post_mortem,q12,3556.871,3451.893519623802
0,random_forest,post_mortem,q12,4213.912,4340.785849203609
0,random_forest,post_mortem,q12,3102.1,2897.834593531472
0,random_forest,post_mortem,q16,1605.611,1108.386508968691
0,random_forest,post_mortem,q16,1383.148,1056.6190630495369
0,random_forest,post_mortem,q16,1106.188,852.4420449649256
0,random_forest,post_mortem,q16,1324.611,925.4651385007026
0,random_forest,post_mortem,q22,383.714,351.88617574125993
0,random_forest,post_mortem,q22,345.909,314.5092980812056
0,random_forest,post_mortem,q22,387.731,342.1934949292631
0,random_forest,post_mortem,q22,491.9,399.90961032276533
1,random_forest,post_mortem,q06,2272.089,2050.974459150287
1,random_forest,post_mortem,q06,1791.259,1664.5410520515043
1,random_forest,post_mortem,q06,1959.172,1817.85910281149
1,random_forest,post_mortem,q06,1737.52,1593.9529822121583
1,random_forest,post_mortem,q08,2118.05,2158.2765189333304
1,random_forest,post_mortem,q08,1382.048,1397.3406476018379
1,random_forest,post_mortem,q08,1513.581,1520.2283187828182
1,random_forest,post_mortem,q08,2374.629,2453.541540916763
1,random_forest,post_mortem,q11,1724.803,1233.152540936546
1,random_forest,post_mortem,q11,403.337,403.048885986065
1,random_forest,post_mortem,q11,308.811,363.7838649967491
1,random_forest,post_mortem,q11,801.703,838.6769092827419
1,random_forest,post_mortem,q20,7381.431,6923.204322360497
1,random_forest,post_mortem,q20,4427.324,4249.527560121874
1,random_forest,post_mortem,q20,4679.932,4639.110022980682
1,random_forest,post_mortem,q21,13986.072,16672.805753927336
1,random_forest,post_mortem,q21,19448.204,20852.42380717797
1,random_forest,post_mortem,q21,13055.611,14879.53503941857
1,random_forest,post_mortem,q21,10367.542,10280.176633646715
2,random_forest,post_mortem,q05,8827.081,10110.976752894
2,random_forest,post_mortem,q05,7074.668,7530.420134760691
2,random_forest,post_mortem,q05,9969.823,10602.274758758069
2,random_forest,post_mortem,q05,2887.231,2847.238676057839
2,random_forest,post_mortem,q10,1318.8,1350.5710668419272
2,random_forest,post_mortem,q10,4160.12,4183.688820336756
2,random_forest,post_mortem,q10,1571.937,1572.2977400164132
2,random_forest,post_mortem,q10,2518.974,2540.621716223941
2,random_forest,post_mortem,q15,2757.332,2825.9626390603876
2,random_forest,post_mortem,q15,2518.908,2617.526886729704
2,random_forest,post_mortem,q15,2113.783,2155.5250370685726
2,random_forest,post_mortem,q15,2244.615,2253.989076131536
2,random_forest,post_mortem,q19,543.454,543.0400300729937
2,random_forest,post_mortem,q19,198.599,488.82750275683065
2,random_forest,post_mortem,q19,215.468,482.3577817779723
2,random_forest,post_mortem,q19,1441.563,1418.2804855704753
3,random_forest,post_mortem,q02,6173.76,7283.527317062849
3,random_forest,post_mortem,q02,4302.342,4304.301829310711
3,random_forest,post_mortem,q02,3199.538,2944.961291038836
3,random_forest,post_mortem,q02,6690.813,7057.586641178248
3,random_forest,post_mortem,q09,23625.277,22149.800121521683
3,random_forest,post_mortem,q09,30860.744,23852.72546762154
3,random_forest,post_mortem,q09,19454.599,19871.966608059465
3,random_forest,post_mortem,q09,9471.806,10751.867107854476
3,random_forest,post_mortem,q14,1878.312,1892.1750016306908
3,random_forest,post_mortem,q14,1806.03,1733.9298130811273
3,random_forest,post_mortem,q14,1504.265,1501.7470173382226
3,random_forest,post_mortem,q14,2199.709,2175.143395827804
3,random_forest,post_mortem,q18,13888.445,12934.569969927858
3,random_forest,post_mortem,q18,14970.42,14122.452916336975
3,random_forest,post_mortem,q18,16967.045,15996.640019598251
3,random_forest,post_mortem,q18,17635.017,15662.688343492058
4,random_forest,post_mortem,q03,1640.223,1657.5472779248023
4,random_forest,post_mortem,q03,15919.201,16054.273323846232
4,random_forest,post_mortem,q03,2101.658,2173.3604878692827
4,random_forest,post_mortem,q03,2195.742,2266.581745805646
4,random_forest,post_mortem,q04,1216.968,1362.1517406997118
4,random_forest,post_mortem,q04,1396.247,1394.3214324461007
4,random_forest,post_mortem,q04,1429.065,1420.6735571085703
4,random_forest,post_mortem,q04,16777.004,17687.64085937979
4,random_forest,post_mortem,q13,2831.432,2839.418452021859
4,random_forest,post_mortem,q13,23582.006,23247.42524175526
4,random_forest,post_mortem,q13,2595.487,2480.6543081210357
4,random_forest,post_mortem,q13,2688.645,2595.5054250483336
4,random_forest,post_mortem,q17,4823.064,4429.371933424718
4,random_forest,post_mortem,q17,939.65,858.2928712118769
4,random_forest,post_mortem,q17,4153.603,4279.165616383124
4,random_forest,post_mortem,q17,4235.083,4289.6867472148215
0,extra_trees,post_mortem,q01,11982.478,11171.871189965832
0,extra_trees,post_mortem,q01,11191.817,10426.786396015164
0,extra_trees,post_mortem,q01,10066.542,9593.839964543326
0,extra_trees,post_mortem,q01,6900.803,6963.568892140517
0,extra_trees,post_mortem,q07,35165.908,25718.198495350243
0,extra_trees,post_mortem,q07,3945.736,4580.300082412146
0,extra_trees,post_mortem,q07,29002.507,25168.79553301949
0,extra_trees,post_mortem,q07,2402.029,2397.328305726019
0,extra_trees,post_mortem,q12,4159.307,4236.781899445753
0,extra_trees,post_mortem,q12,3556.871,3439.1842970600205
0,extra_trees,post_mortem,q12,4213.912,4278.964591875602
0,extra_trees,post_mortem,q12,3102.1,2984.5311311889336
0,extra_trees,post_mortem,q16,1605.611,1545.6165010635168
0,extra_trees,post_mortem,q16,1383.148,1343.6714861113521
0,extra_trees,post_mortem,q16,1106.188,1061.3125808463494
0,extra_trees,post_mortem,q16,1324.611,1245.9346898594335
0,extra_trees,post_mortem,q22,383.714,387.60908390482854
0,extra_trees,post_mortem,q22,345.909,335.5705996147906
0,extra_trees,post_mortem,q22,387.731,380.98173506989775
0,extra_trees,post_mortem,q22,491.9,531.222163758702
1,extra_trees,post_mortem,q06,2272.089,2148.9089543737487
1,extra_trees,post_mortem,q06,1791.259,1693.3470028807235
1,extra_trees,post_mortem,q06,1959.172,1809.7317667044015
1,extra_trees,post_mortem,q06,1737.52,1637.9559450366173
1,extra_trees,post_mortem,q08,2118.05,2182.1186939461636
1,extra_trees,post_mortem,q08,1382.048,1467.697021589748
1,extra_trees,post_mortem,q08,1513.581,1569.2029201319665
1,extra_trees,post_mortem,q08,2374.629,2476.1296863495118
1,extra_trees,post_mortem,q11,1724.803,1511.8747029815347
1,extra_trees,post_mortem,q11,403.337,516.0045887163873
1,extra_trees,post_mortem,q11,308.811,439.3423824837142
1,extra_trees,post_mortem,q11,801.703,691.7251307279566
1,extra_trees,post_mortem,q20,7381.431,6950.539598585618
1,extra_trees,post_mortem,q20,4427.324,4392.330021852233
1,extra_trees,post_mortem,q20,4679.932,4629.879697810916
1,extra_trees,post_mortem,q21,13986.072,15182.925853278859
1,extra_trees,post_mortem,q21,19448.204,20184.61973877549
1,extra_trees,post_mortem,q21,13055.611,14434.41017400672
1,extra_trees,post_mortem,q21,10367.542,10832.806080896906
2,extra_trees,post_mortem,q05,8827.081,9964.007233345268
2,extra_trees,post_mortem,q05,7074.668,7838.3094457076595
2,extra_trees,post_mortem,q05,9969.823,11272.100348412834
2,extra_trees,post_mortem,q05,2887.231,2872.581883774154
2,extra_trees,post_mortem,q10,1318.8,1335.5572506517833
2,extra_trees,post_mortem,q10,4160.12,4111.589461579962
2,extra_trees,post_mortem,q10,1571.937,1603.643051043471
2,extra_trees,post_mortem,q10,2518.974,2541.682065435911
2,extra_trees,post_mortem,q15,2757.332,2735.818883510813
2,extra_trees,post_mortem,q15,2518.908,2490.7107108101673
2,extra_trees,post_mortem,q15,2113.783,2058.090827608625
2,extra_trees,post_mortem,q15,2244.615,2263.373959541573
2,extra_trees,post_mortem,q19,543.454,588.6375614931302
2,extra_trees,post_mortem,q19,198.599,461.8474271217775
2,extra_trees,post_mortem,q19,215.468,462.6117565710781
2,extra_trees,post_mortem,q19,1441.563,1455.367243254809
3,extra_trees,post_mortem,q02,6173.76,5273.60399305722
3,extra_trees,post_mortem,q02,4302.342,4042.9586718794076
3,extra_trees,post_mortem,q02,3199.538,2702.0650845285095
3,extra_trees,post_mortem,q02,6690.813,6089.944726741079
3,extra_trees,post_mortem,q09,23625.277,26349.563003601445
3,extra_trees,post_mortem,q09,30860.744,24844.42215651332
3,extra_trees,post_mortem,q09,19454.599,22548.15727943991
3,extra_trees,post_mortem,q09,9471.806,10104.683363667951
3,extra_trees,post_mortem,q14,1878.312,1853.8588818788808
3,extra_trees,post_mortem,q14,1806.03,1779.284882778295
3,extra_trees,post_mortem,q14,1504.265,1520.5453367635557
3,extra_trees,post_mortem,q14,2199.709,2176.2797153354095
3,extra_trees,post_mortem,q18,13888.445,13611.997713930263
3,extra_trees,post_mortem,q18,14970.42,14557.669671823156
3,extra_trees,post_mortem,q18,16967.045,17136.477619952755
3,extra_trees,post_mortem,q18,17635.017,16697.28071194225
4,extra_trees,post_mortem,q03,1640.223,1717.6121064035408
4,extra_trees,post_mortem,q03,15919.201,15849.190182794033
4,extra_trees,post_mortem,q03,2101.658,2137.9348981136372
4,extra_trees,post_mortem,q03,2195.742,2286.6603863262203
4,extra_trees,post_mortem,q04,1216.968,1210.0034270170868
4,extra_trees,post_mortem,q04,1396.247,1392.5213634930844
4,extra_trees,post_mortem,q04,1429.065,1420.1168058243725
4,extra_trees,post_mortem,q04,16777.004,13823.330039272982
4,extra_trees,post_mortem,q13,2831.432,2817.751340394076
4,extra_trees,post_mortem,q13,23582.006,23033.15666176347
4,extra_trees,post_mortem,q13,2595.487,2527.9932260539617
4,extra_trees,post_mortem,q13,2688.645,2618.0948933111363
4,extra_trees,post_mortem,q17,4823.064,4531.165252684155
4,extra_trees,post_mortem,q17,939.65,996.5103978714359
4,extra_trees,post_mortem,q17,4153.603,4164.141313374091
4,extra_trees,post_mortem,q17,4235.083,4211.8991792803545
0,gradient_boosting,post_mortem,q01,11982.478,13033.274527170564
0,gradient_boosting,post_mortem,q01,11191.817,10504.64805508688
0,gradient_boosting,post_mortem,q01,10066.542,9643.034128989912
0,gradient_boosting,post_mortem,q01,6900.803,6487.698750929086
0,gradient_boosting,post_mortem,q07,35165.908,25001.95559506742
0,gradient_boosting,post_mortem,q07,3945.736,4161.778730235296
0,gradient_boosting,post_mortem,q07,29002.507,25001.064023658124
0,gradient_boosting,post_mortem,q07,2402.029,2411.432811061442
0,gradient_boosting,post_mortem,q12,4159.307,4234.614110645839
0,gradient_boosting,post_mortem,q12,3556.871,3357.889428602503
0,gradient_boosting,post_mortem,q12,4213.912,4231.995006413261
0,gradient_boosting,post_mortem,q12,3102.1,3201.004690706862
0,gradient_boosting,post_mortem,q16,1605.611,1540.489138465912
0,gradient_boosting,post_mortem,q16,1383.148,1361.2990975243383
0,gradient_boosting,post_mortem,q16,1106.188,1058.3180837943958
0,gradient_boosting,post_mortem,q16,1324.611,1253.8303598250673
0,gradient_boosting,post_mortem,q22,383.714,396.9253341134536
0,gradient_boosting,post_mortem,q22,345.909,334.47436995483844
0,gradient_boosting,post_mortem,q22,387.731,403.0318921753633
0,gradient_boosting,post_mortem,q22,491.9,508.03556215749603
1,gradient_boosting,post_mortem,q06,2272.089,2244.8542039692416
1,gradient_boosting,post_mortem,q06,1791.259,1842.4818163194607
1,gradient_boosting,post_mortem,q06,1959.172,1935.5758690449002
1,gradient_boosting,post_mortem,q06,1737.52,1687.507969367006
1,gradient_boosting,post_mortem,q08,2118.05,2109.600774777536
1,gradient_boosting,post_mortem,q08,1382.048,1384.5747641695837
1,gradient_boosting,post_mortem,q08,1513.581,1529.2305796721116
1,gradient_boosting,post_mortem,q08,2374.629,2402.3207040721
1,gradient_boosting,post_mortem,q11,1724.803,1559.0526737284295
1,gradient_boosting,post_mortem,q11,403.337,335.995167692268
1,gradient_boosting,post_mortem,q11,308.811,302.3689751432898
1,gradient_boosting,post_mortem,q11,801.703,830.3075608356207
1,gradient_boosting,post_mortem,q20,7381.431,6898.523718828895
1,gradient_boosting,post_mortem,q20,4427.324,4300.732068709102
1,gradient_boosting,post_mortem,q20,4679.932,4824.246141527418
1,gradient_boosting,post_mortem,q21,13986.072,14290.954867022454
1,gradient_boosting,post_mortem,q21,19448.204,21278.850124108507
1,gradient_boosting,post_mortem,q21,13055.611,13986.50298247302
1,gradient_boosting,post_mortem,q21,10367.542,10060.655832876786
2,gradient_boosting,post_mortem,q05,8827.081,9436.382641028129
2,gradient_boosting,post_mortem,q05,7074.668,7503.0850855300405
2,gradient_boosting,post_mortem,q05,9969.823,10106.49624769332
2,gradient_boosting,post_mortem,q05,2887.231,2872.3609817937654
2,gradient_boosting,post_mortem,q10,1318.8,1320.8790483374132
2,gradient_boosting,post_mortem,q10,4160.12,4149.568423286544
2,gradient_boosting,post_mortem,q10,1571.937,1593.6802554304213
2,gradient_boosting,post_mortem,q10,2518.974,2580.490689238103
2,gradient_boosting,post_mortem,q15,2757.332,2833.9423196536777
2,gradient_boosting,post_mortem,q15,2518.908,2580.045943987999
2,gradient_boosting,post_mortem,q15,2113.783,2103.021649548823
2,gradient_boosting,post_mortem,q15,2244.615,2270.8358645385456
2,gradient_boosting,post_mortem,q19,543.454,508.6526065322818
2,gradient_boosting,post_mortem,q19,198.599,400.8066716234412
2,gradient_boosting,post_mortem,q19,215.468,400.8487420504367
2,gradient_boosting,post_mortem,q19,1441.563,1429.5864183938902
3,gradient_boosting,post_mortem,q02,6173.76,7035.704300461987
3,gradient_boosting,post_mortem,q02,4302.342,4227.748915574817
3,gradient_boosting,post_mortem,q02,3199.538,3075.7226422689428
3,gradient_boosting,post_mortem,q02,6690.813,7017.486699846589
3,gradient_boosting,post_mortem,q09,23625.277,24998.86692047367
3,gradient_boosting,post_mortem,q09,30860.744,27673.441936664516
3,gradient_boosting,post_mortem,q09,19454.599,20719.817246011098
3,gradient_boosting,post_mortem,q09,9471.806,10323.67353634202
3,gradient_boosting,post_mortem,q14,1878.312,1930.6621723862256
3,gradient_boosting,post_mortem,q14,1806.03,1781.9620577055282
3,gradient_boosting,post_mortem,q14,1504.265,1508.0260201670103
3,gradient_boosting,post_mortem,q14,2199.709,2201.2235351160753
3,gradient_boosting,post_mortem,q18,13888.445,13725.346059634106
3,gradient_boosting,post_mortem,q18,14970.42,14722.717541407987
3,gradient_boosting,post_mortem,q18,16967.045,16842.863450929184
3,gradient_boosting,post_mortem,q18,17635.017,16829.099777056646
4,gradient_boosting,post_mortem,q03,1640.223,1690.3828116702293
4,gradient_boosting,post_mortem,q03,15919.201,15025.594490076744
4,gradient_boosting,post_mortem,q03,2101.658,2109.0061850140114
4,gradient_boosting,post_mortem,q03,2195.742,2209.3523690847874
4,gradient_boosting,post_mortem,q04,1216.968,1320.9934189826074
4,gradient_boosting,post_mortem,q04,1396.247,1384.2618167056282
4,gradient_boosting,post_mortem,q04,1429.065,1436.913167635926
4,gradient_boosting,post_mortem,q04,16777.004,16981.92129056281
4,gradient_boosting,post_mortem,q13,2831.432,2770.141826531058
4,gradient_boosting,post_mortem,q13,23582.006,24622.480646743752
4,gradient_boosting,post_mortem,q13,2595.487,2512.690405800065
4,gradient_boosting,post_mortem,q13,2688.645,2628.9655330977303
4,gradient_boosting,post_mortem,q17,4823.064,4672.906733634689
4,gradient_boosting,post_mortem,q17,939.65,919.5264949482893
4,gradient_boosting,post_mortem,q17,4153.603,4142.510485842767
4,gradient_boosting,post_mortem,q17,4235.083,4217.912387675023
0,xgboost,post_mortem,q01,11982.478,8504.810546875
0,xgboost,post_mortem,q01,11191.817,8460.853515625
0,xgboost,post_mortem,q01,10066.542,8173.53857421875
0,xgboost,post_mortem,q01,6900.803,5987.9931640625
0,xgboost,post_mortem,q07,35165.908,29991.49609375
0,xgboost,post_mortem,q07,3945.736,3078.0849609375
0,xgboost,post_mortem,q07,29002.507,23927.892578125
0,xgboost,post_mortem,q07,2402.029,2337.5693359375
0,xgboost,post_mortem,q12,4159.307,4077.50244140625
0,xgboost,post_mortem,q12,3556.871,2839.17529296875
0,xgboost,post_mortem,q12,4213.912,4009.869873046875
0,xgboost,post_mortem,q12,3102.1,2720.82421875
0,xgboost,post_mortem,q16,1605.611,1367.4749755859375
0,xgboost,post_mortem,q16,1383.148,1090.3013916015625
0,xgboost,post_mortem,q16,1106.188,663.1771850585938
0,xgboost,post_mortem,q16,1324.611,995.11572265625
0,xgboost,post_mortem,q22,383.714,429.7596740722656
0,xgboost,post_mortem,q22,345.909,279.0298767089844
0,xgboost,post_mortem,q22,387.731,394.2944641113281
0,xgboost,post_mortem,q22,491.9,403.66802978515625
1,xgboost,post_mortem,q06,2272.089,2242.205322265625
1,xgboost,post_mortem,q06,1791.259,1898.6494140625
1,xgboost,post_mortem,q06,1959.172,1932.3978271484375
1,xgboost,post_mortem,q06,1737.52,1697.4881591796875
1,xgboost,post_mortem,q08,2118.05,2143.450439453125
1,xgboost,post_mortem,q08,1382.048,1418.9603271484375
1,xgboost,post_mortem,q08,1513.581,1563.71240234375
1,xgboost,post_mortem,q08,2374.629,2690.9052734375
1,xgboost,post_mortem,q11,1724.803,1344.13525390625
1,xgboost,post_mortem,q11,403.337,374.0082702636719
1,xgboost,post_mortem,q11,308.811,296.58807373046875
1,xgboost,post_mortem,q11,801.703,750.177978515625
1,xgboost,post_mortem,q20,7381.431,6226.205078125
1,xgboost,post_mortem,q20,4427.324,4034.979248046875
1,xgboost,post_mortem,q20,4679.932,4036.996826171875
1,xgboost,post_mortem,q21,13986.072,15425.759765625
1,xgboost,post_mortem,q21,19448.204,21963.8359375
1,xgboost,post_mortem,q21,13055.611,14024.837890625
1,xgboost,post_mortem,q21,10367.542,11019.330078125
2,xgboost,post_mortem,q05,8827.081,6976.35888671875
2,xgboost,post_mortem,q05,7074.668,6107.2744140625
2,xgboost,post_mortem,q05,9969.823,8497.9267578125
2,xgboost,post_mortem,q05,2887.231,2893.80517578125
2,xgboost,post_mortem,q10,1318.8,1385.4163818359375
2,xgboost,post_mortem,q10,4160.12,3916.41650390625
2,xgboost,post_mortem,q10,1571.937,1691.47314453125
2,xgboost,post_mortem,q10,2518.974,2631.471923828125
2,xgboost,post_mortem,q15,2757.332,2756.65869140625
2,xgboost,post_mortem,q15,2518.908,2439.35693359375
2,xgboost,post_mortem,q15,2113.783,2119.381591796875
2,xgboost,post_mortem,q15,2244.615,2311.265625
2,xgboost,post_mortem,q19,543.454,522.5000610351562
2,xgboost,post_mortem,q19,198.599,354.95184326171875
2,xgboost,post_mortem,q19,215.468,355.189208984375
2,xgboost,post_mortem,q19,1441.563,1472.0062255859375
3,xgboost,post_mortem,q02,6173.76,5414.12646484375
3,xgboost,post_mortem,q02,4302.342,4293.57763671875
3,xgboost,post_mortem,q02,3199.538,3195.1435546875
3,xgboost,post_mortem,q02,6690.813,4585.57177734375
3,xgboost,post_mortem,q09,23625.277,24634.95703125
3,xgboost,post_mortem,q09,30860.744,25554.607421875
3,xgboost,post_mortem,q09,19454.599,19432.83984375
3,xgboost,post_mortem,q09,9471.806,8281.5
3,xgboost,post_mortem,q14,1878.312,1825.7608642578125
3,xgboost,post_mortem,q14,1806.03,1836.70361328125
3,xgboost,post_mortem,q14,1504.265,1515.8388671875
3,xgboost,post_mortem,q14,2199.709,2233.072021484375
3,xgboost,post_mortem,q18,13888.445,13634.572265625
3,xgboost,post_mortem,q18,14970.42,14690.734375
3,xgboost,post_mortem,q18,16967.045,19409.390625
3,xgboost,post_mortem,q18,17635.017,19411.59375
4,xgboost,post_mortem,q03,1640.223,1721.8834228515625
4,xgboost,post_mortem,q03,15919.201,14754.1875
4,xgboost,post_mortem,q03,2101.658,2011.07373046875
4,xgboost,post_mortem,q03,2195.742,2373.806396484375
4,xgboost,post_mortem,q04,1216.968,1198.974365234375
4,xgboost,post_mortem,q04,1396.247,1451.0770263671875
4,xgboost,post_mortem,q04,1429.065,1453.095458984375
4,xgboost,post_mortem,q04,16777.004,11702.9814453125
4,xgboost,post_mortem,q13,2831.432,2740.03271484375
4,xgboost,post_mortem,q13,23582.006,19604.322265625
4,xgboost,post_mortem,q13,2595.487,2539.253662109375
4,xgboost,post_mortem,q13,2688.645,2539.253662109375
4,xgboost,post_mortem,q17,4823.064,4085.756591796875
4,xgboost,post_mortem,q17,939.65,958.5895385742188
4,xgboost,post_mortem,q17,4153.603,3714.523681640625
4,xgboost,post_mortem,q17,4235.083,3944.867431640625
0,lightgbm,post_mortem,q01,11982.478,13167.735751494913
0,lightgbm,post_mortem,q01,11191.817,9631.559377601514
0,lightgbm,post_mortem,q01,10066.542,9791.422233689367
0,lightgbm,post_mortem,q01,6900.803,6772.098010501183
0,lightgbm,post_mortem,q07,35165.908,21419.636197524895
0,lightgbm,post_mortem,q07,3945.736,4683.195285627159
0,lightgbm,post_mortem,q07,29002.507,21309.06783607455
0,lightgbm,post_mortem,q07,2402.029,2430.931161701371
0,lightgbm,post_mortem,q12,4159.307,4424.981672102064
0,lightgbm,post_mortem,q12,3556.871,2931.645446403763
0,lightgbm,post_mortem,q12,4213.912,4421.486749496883
0,lightgbm,post_mortem,q12,3102.1,2821.426445849373
0,lightgbm,post_mortem,q16,1605.611,1718.7872039058389
0,lightgbm,post_mortem,q16,1383.148,1488.4702295858397
0,lightgbm,post_mortem,q16,1106.188,856.4109217125019
0,lightgbm,post_mortem,q16,1324.611,856.344426191423
0,lightgbm,post_mortem,q22,383.714,562.3578426534549
0,lightgbm,post_mortem,q22,345.909,298.14551416953697
0,lightgbm,post_mortem,q22,387.731,311.45376429605983
0,lightgbm,post_mortem,q22,491.9,413.34209857568493
1,lightgbm,post_mortem,q06,2272.089,1910.1163781707394
1,lightgbm,post_mortem,q06,1791.259,1529.8686639121856
1,lightgbm,post_mortem,q06,1959.172,1755.9856088675028
1,lightgbm,post_mortem,q06,1737.52,1473.760581536082
1,lightgbm,post_mortem,q08,2118.05,2060.4312863559394
1,lightgbm,post_mortem,q08,1382.048,1461.4072533194023
1,lightgbm,post_mortem,q08,1513.581,1539.943162715722
1,lightgbm,post_mortem,q08,2374.629,2465.3426058362666
1,lightgbm,post_mortem,q11,1724.803,1598.3846784524853
1,lightgbm,post_mortem,q11,403.337,691.2543982707018
1,lightgbm,post_mortem,q11,308.811,653.4370523228575
1,lightgbm,post_mortem,q11,801.703,601.9116874453767
1,lightgbm,post_mortem,q20,7381.431,8301.020896659194
1,lightgbm,post_mortem,q20,4427.324,4178.681021305935
1,lightgbm,post_mortem,q20,4679.932,5483.384683018581
1,lightgbm,post_mortem,q21,13986.072,15460.230379832079
1,lightgbm,post_mortem,q21,19448.204,18196.543319970737
1,lightgbm,post_mortem,q21,13055.611,15900.564540739408
1,lightgbm,post_mortem,q21,10367.542,9059.261491362298
2,lightgbm,post_mortem,q05,8827.081,9506.734091671191
2,lightgbm,post_mortem,q05,7074.668,7073.698553432135
2,lightgbm,post_mortem,q05,9969.823,9506.734091671191
2,lightgbm,post_mortem,q05,2887.231,2844.3128812111604
2,lightgbm,post_mortem,q10,1318.8,1435.6514518050712
2,lightgbm,post_mortem,q10,4160.12,4235.714380899154
2,lightgbm,post_mortem,q10,1571.937,1515.9835402997767
2,lightgbm,post_mortem,q10,2518.974,2627.6307366963324
2,lightgbm,post_mortem,q15,2757.332,2928.3642439780906
2,lightgbm,post_mortem,q15,2518.908,2632.6051080596562
2,lightgbm,post_mortem,q15,2113.783,2057.412542255728
2,lightgbm,post_mortem,q15,2244.615,2196.6139540395143
2,lightgbm,post_mortem,q19,543.454,579.128575573292
2,lightgbm,post_mortem,q19,198.599,480.7271001296795
2,lightgbm,post_mortem,q19,215.468,480.07122343919303
2,lightgbm,post_mortem,q19,1441.563,1503.3494249290852
3,lightgbm,post_mortem,q02,6173.76,7115.841759128425
3,lightgbm,post_mortem,q02,4302.342,4088.229076232744
3,lightgbm,post_mortem,q02,3199.538,2922.611812382118
3,lightgbm,post_mortem,q02,6690.813,6824.389166066517
3,lightgbm,post_mortem,q09,23625.277,23737.662542593825
3,lightgbm,post_mortem,q09,30860.744,31031.993584388627
3,lightgbm,post_mortem,q09,19454.599,22141.48649807516
3,lightgbm,post_mortem,q09,9471.806,11305.53032680777
3,lightgbm,post_mortem,q14,1878.312,2067.3056912547495
3,lightgbm,post_mortem,q14,1806.03,1861.499300799028
3,lightgbm,post_mortem,q14,1504.265,1489.3463181961006
3,lightgbm,post_mortem,q14,2199.709,2209.390646928179
3,lightgbm,post_mortem,q18,13888.445,13161.468481814454
3,lightgbm,post_mortem,q18,14970.42,14718.088025993176
3,lightgbm,post_mortem,q18,16967.045,17556.326770015356
3,lightgbm,post_mortem,q18,17635.017,16058.486509444838
4,lightgbm,post_mortem,q03,1640.223,1612.380626199651
4,lightgbm,post_mortem,q03,15919.201,14420.121559936511
4,lightgbm,post_mortem,q03,2101.658,1925.1750181948487
4,lightgbm,post_mortem,q03,2195.742,2183.0220782719825
4,lightgbm,post_mortem,q04,1216.968,863.1712706901301
4,lightgbm,post_mortem,q04,1396.247,1456.6696473369495
4,lightgbm,post_mortem,q04,1429.065,1531.6390498035178
4,lightgbm,post_mortem,q04,16777.004,14583.990643538635
4,lightgbm,post_mortem,q13,2831.432,2634.1533243356407
4,lightgbm,post_mortem,q13,23582.006,26478.45358856146
4,lightgbm,post_mortem,q13,2595.487,2653.6297990272296
4,lightgbm,post_mortem,q13,2688.645,2653.6297990272296
4,lightgbm,post_mortem,q17,4823.064,5063.911319287198
4,lightgbm,post_mortem,q17,939.65,824.1791606657299
4,lightgbm,post_mortem,q17,4153.603,3646.2425838684844
4,lightgbm,post_mortem,q17,4235.083,4105.208631540914
0,catboost,post_mortem,q01,11982.478,6838.226636163362
0,catboost,post_mortem,q01,11191.817,6511.344474702928
0,catboost,post_mortem,q01,10066.542,6113.968715509893
0,catboost,post_mortem,q01,6900.803,5569.623466696968
0,catboost,post_mortem,q07,35165.908,16888.824084859327
0,catboost,post_mortem,q07,3945.736,4748.272168059148
0,catboost,post_mortem,q07,29002.507,16144.326281839441
0,catboost,post_mortem,q07,2402.029,2279.0703873745006
0,catboost,post_mortem,q12,4159.307,4266.121516893749
0,catboost,post_mortem,q12,3556.871,3465.0014462107315
0,catboost,post_mortem,q12,4213.912,4449.321521029381
0,catboost,post_mortem,q12,3102.1,3521.133652420089
0,catboost,post_mortem,q16,1605.611,1522.4148633975892
0,catboost,post_mortem,q16,1383.148,1581.5878854683613
0,catboost,post_mortem,q16,1106.188,995.6184903553632
0,catboost,post_mortem,q16,1324.611,1000.53453133609
0,catboost,post_mortem,q22,383.714,704.7343631794042
0,catboost,post_mortem,q22,345.909,519.7914603156104
0,catboost,post_mortem,q22,387.731,590.3522133077428
0,catboost,post_mortem,q22,491.9,603.6629736839714
1,catboost,post_mortem,q06,2272.089,2189.5917116403566
1,catboost,post_mortem,q06,1791.259,1674.4066438684515
1,catboost,post_mortem,q06,1959.172,1800.1909437864697
1,catboost,post_mortem,q06,1737.52,1748.8534033435615
1,catboost,post_mortem,q08,2118.05,2448.620530446372
1,catboost,post_mortem,q08,1382.048,2069.099047081704
1,catboost,post_mortem,q08,1513.581,2007.6472416733882
1,catboost,post_mortem,q08,2374.629,2583.3373327771124
1,catboost,post_mortem,q11,1724.803,1354.13879306221
1,catboost,post_mortem,q11,403.337,798.3254275651002
1,catboost,post_mortem,q11,308.811,809.9951280191871
1,catboost,post_mortem,q11,801.703,1363.6748942047514
1,catboost,post_mortem,q20,7381.431,6326.999721269713
1,catboost,post_mortem,q20,4427.324,4506.079356279877
1,catboost,post_mortem,q20,4679.932,4624.205522842036
1,catboost,post_mortem,q21,13986.072,12453.41488262611
1,catboost,post_mortem,q21,19448.204,12692.96472456335
1,catboost,post_mortem,q21,13055.611,12185.230569375279
1,catboost,post_mortem,q21,10367.542,8195.589879704867
2,catboost,post_mortem,q05,8827.081,9678.49569545236
2,catboost,post_mortem,q05,7074.668,9128.785883419614
2,catboost,post_mortem,q05,9969.823,10522.709375536395
2,catboost,post_mortem,q05,2887.231,3117.8429672747297
2,catboost,post_mortem,q10,1318.8,2021.2674841274177
2,catboost,post_mortem,q10,4160.12,4181.648494248676
2,catboost,post_mortem,q10,1571.937,2094.9099609912114
2,catboost,post_mortem,q10,2518.974,3123.3360263271697
2,catboost,post_mortem,q15,2757.332,2788.465167190319
2,catboost,post_mortem,q15,2518.908,2594.937836628479
2,catboost,post_mortem,q15,2113.783,2112.7780293301757
2,catboost,post_mortem,q15,2244.615,2595.212276221592
2,catboost,post_mortem,q19,543.454,949.4256123039769
2,catboost,post_mortem,q19,198.599,772.5049545903589
2,catboost,post_mortem,q19,215.468,776.6669494241518
2,catboost,post_mortem,q19,1441.563,1817.5128910454905
3,catboost,post_mortem,q02,6173.76,4435.106509327365
3,catboost,post_mortem,q02,4302.342,3695.5885279143836
3,catboost,post_mortem,q02,3199.538,2815.1383555673074
3,catboost,post_mortem,q02,6690.813,4505.151949875458
3,catboost,post_mortem,q09,23625.277,14868.41972490797
3,catboost,post_mortem,q09,30860.744,14228.297421232073
3,catboost,post_mortem,q09,19454.599,15046.819721595783
3,catboost,post_mortem,q09,9471.806,7146.765821246502
3,catboost,post_mortem,q14,1878.312,2107.3426532832286
3,catboost,post_mortem,q14,1806.03,1961.9746164913747
3,catboost,post_mortem,q14,1504.265,1630.6969985446017
3,catboost,post_mortem,q14,2199.709,2242.0200742297234
3,catboost,post_mortem,q18,13888.445,8532.699588518106
3,catboost,post_mortem,q18,14970.42,8314.546508204443
3,catboost,post_mortem,q18,16967.045,12471.822367499739
3,catboost,post_mortem,q18,17635.017,12645.730537901976
4,catboost,post_mortem,q03,1640.223,2392.8748796649907
4,catboost,post_mortem,q03,15919.201,11771.625329073759
4,catboost,post_mortem,q03,2101.658,2521.636162491181
4,catboost,post_mortem,q03,2195.742,2621.025777279163
4,catboost,post_mortem,q04,1216.968,1504.4328687655577
4,catboost,post_mortem,q04,1396.247,1439.7569252467583
4,catboost,post_mortem,q04,1429.065,1556.8206738119818
4,catboost,post_mortem,q04,16777.004,8169.781403357372
4,catboost,post_mortem,q13,2831.432,2619.3884768062712
4,catboost,post_mortem,q13,23582.006,12216.24703673581
4,catboost,post_mortem,q13,2595.487,2634.241527181738
4,catboost,post_mortem,q13,2688.645,2605.784669812185
4,catboost,post_mortem,q17,4823.064,4431.680630707514
4,catboost,post_mortem,q17,939.65,1380.7436533866319
4,catboost,post_mortem,q17,4153.603,2766.5666194784485
4,catboost,post_mortem,q17,4235.083,3814.013365229335
