i_item_sk|i_item_id|i_rec_start_date|i_rec_end_date|i_item_desc|i_current_price|i_wholesale_cost|i_brand_id|i_brand|i_class_id|i_class|i_category_id|i_category|i_manufact_id|i_manufact|i_size|i_formulation|i_color|i_units|i_container|i_manager_id|i_product_name
1|AAAAAAAABAAAAAAA|1997-10-27||Powers will not get influences. Electoral ports should show low, annual chains. Now young visitors may pose now however final pages. Bitterly right children suit increasing, leading el|27.02|23.23|5003002|"exportischolar #2"|3|pop|5|Music|52|ableanti|N/A|3663peru009490160959|spring|Tsp|Unknown|6|ought
2|AAAAAAAACAAAAAAA|1997-10-27|2000-10-26|Costs could prove. Industrial, new |1.12|0.38|1001001|"amalgamalg #1"|1|dresses|1|Women|294|esen stable|petite|peru3235638235244700|rosy|Bunch|Unknown|98|able
3|AAAAAAAACAAAAAAA|2000-10-27||Costs could prove. Industrial, new |7.11|0.38|1001001|"brandbrand #4"|7|decor|7|Home|294|esen stable|N/A|peru3235638235244700|sienna|Cup|Unknown|18|pri
4|AAAAAAAAEAAAAAAA|1997-10-27|1999-10-27|Passengers want etc in a walls. Important years must benefit clear by a ideas; hot children must avoid. Major, bad pounds rise on the needs. Farms may not see bright lines. Differ|1.35|0.85|3002001|"importoexporti #1"|2|infants|3|Children|479|n stationese|extra large|648935peach259354618|red|Tbl|Unknown|26|ese
5|AAAAAAAAEAAAAAAA|1999-10-28|2001-10-26|Passengers want etc in a walls. Important years must benefit clear by a ideas; hot children must avoid. Major, bad pounds rise on the needs. Farms may not see bright lines. Differ|4.00|1.76|2002002|"importoimporto #2"|2|shirts|2|Men|220|barableable|petite|979763908640salmon70|pink|Cup|Unknown|27|anti
6|AAAAAAAAEAAAAAAA|2001-10-27||Passengers want etc in a walls. Important years must benefit clear by a ideas; hot children must avoid. Major, bad pounds rise on the needs. Farms may not see bright lines. Differ|0.85|1.76|2002002|"exportiimporto #1"|3|pants|2|Men|212|barableable|large|979763908640salmon70|moccasin|Bundle|Unknown|6|cally
7|AAAAAAAAHAAAAAAA|1997-10-27||New|9.94|6.75|3001002|"amalgexporti #2"|1|newborn|3|Children|214|eseoughtable|petite|674897slate961015715|spring|Tsp|Unknown|64|ation
8|AAAAAAAAIAAAAAAA|1997-10-27|2000-10-26|Other, soviet subjects seem properly times. Only sources will not escape; keys will not know only children. Recent, f|2.76|0.85|3003001|"exportiexporti #1"|3|toddlers|3|Children|630|barprically|extra large|2460183sky4604323975|turquoise|Carton|Unknown|25|eing
9|AAAAAAAAIAAAAAAA|2000-10-27||Other, soviet subjects seem properly times. Only sources will not escape; keys will not know only children. Recent, f|4.46|0.85|1004002|"edu packamalg #2"|3|swimwear|1|Women|630|barprically|medium|2460183sky4604323975|wheat|Tbl|Unknown|3|n st
10|AAAAAAAAKAAAAAAA|1997-10-27|1999-10-27|Alone european attempts might take recently to the contributions. Just great clients put at least just social times. Institutions know marks. Bad, alone months guarantee more. Clearly economic propos|8.94|4.11|10008011|"namelessunivamalg #11"|8|scanners|10|Electronics|350|barantipri|N/A|45280665580201hot053|pale|Tsp|Unknown|34|barought
11|AAAAAAAAKAAAAAAA|1999-10-28|2001-10-26|Bright rules stop. Big members alter active, true words. Methods prov|54.87|4.11|10008011|"edu packbrand #4"|14|estate|6|Jewelry|625|antiablecally|N/A|8papaya5125223727562|yellow|Bunch|Unknown|26|oughtought
12|AAAAAAAAKAAAAAAA|2001-10-27||Theories take various bottles. Lucky, modern matters keep sessions; special sides see machines; still spatial activities disguise at a characteristics. Long, structural patients used to ask|6.54|4.11|10008011|"corpnameless #3"|14|furniture|7|Home|264|esecallyable|N/A|76saddle494271303679|royal|Tbl|Unknown|19|ableought
13|AAAAAAAANAAAAAAA|1997-10-27||Groups join only most likely funds. Good|8.76|7.62|6012006|"importobrand #6"|12|costume|6|Jewelry|167|ationcallyought|N/A|00105011steel3041687|olive|Bundle|Unknown|51|priought
14|AAAAAAAAOAAAAAAA|1997-10-27|2000-10-26|Important grounds rip there just big vehicles. Journalists w|1.85|0.59|8007005|"brandnameless #5"|7|hockey|8|Sports|460|barcallyese|N/A|168948lace2402718887|red|Dram|Unknown|6|eseought
15|AAAAAAAAOAAAAAAA|2000-10-27||Important grounds rip there just big vehicles. Journalists w|2.57|0.59|5002002|"importoscholar #2"|2|country|5|Music|86|barcallyese|N/A|168948lace2402718887|royal|Pound|Unknown|11|antiought
16|AAAAAAAAABAAAAAA|1997-10-27|1999-10-27|Unquestionably different demands may not turn worldwide false, wide police. Satisfied, littl|0.31|0.14|1002001|"importoamalg #1"|2|fragrances|1|Women|117|ationoughtought|large|03032351steel7632563|bisque|Lb|Unknown|23|callyought
17|AAAAAAAAABAAAAAA|1999-10-28|2001-10-26|Unquestionably different demands may not turn worldwide false, wide police. Satisfied, littl|6.49|0.14|1002001|"amalgimporto #2"|1|accessories|2|Men|117|ationoughtought|extra large|98850104087998white2|snow|Dram|Unknown|41|ationought
18|AAAAAAAAABAAAAAA|2001-10-27||Neighbouring leaves shall not take functions; powerful, interesting things ma|0.87|0.48|1002001|"importoamalg #1"|2|fragrances|1|Women|117|ationoughtought|medium|98850104087998white2|rosy|Carton|Unknown|63|eingought
19|AAAAAAAADBAAAAAA|1997-10-27||Patient|10.61|4.77|2004002|"edu packimporto #2"|4|sports-apparel|2|Men|364|esecallypri|large|591626hot28562844792|smoke|Ton|Unknown|13|n stought
20|AAAAAAAAEBAAAAAA|1997-10-27|2000-10-26|Extremely working exercises meet only managers. Choices might leave. Years could not tell later on a doctors. Ethnic, present surveys alienate already splendid claims. Major, violent records wil|29.35|18.78|1003001|"exportiamalg #1"|3|maternity|1|Women|995|antin stn st|extra large|2826212459linen59007|tan|Gram|Unknown|21|barable
21|AAAAAAAAEBAAAAAA|2000-10-27||Extremely working exercises meet only managers. Choices might leave. Years could not tell later on a doctors. Ethnic, present surveys alienate already splendid claims. Major, violent records wil|10.71|8.46|6016006|"corpbrand #6"|3|consignment|6|Jewelry|995|antin stn st|N/A|71001944mint96978096|sienna|Pallet|Unknown|4|oughtable
22|AAAAAAAAGBAAAAAA|1997-10-27|1999-10-27|Elaborate, creative dates will support ever home limited members. Again recent rules can imply similar, new leaders. Slightly sympatheti|7.11|3.27|10005006|"scholarunivamalg #6"|5|karoke|10|Electronics|169|n stcallyought|N/A|290indian64569290011|sandy|Each|Unknown|40|ableable
23|AAAAAAAAGBAAAAAA|1999-10-28|2001-10-26|Industria|3.73|1.41|10005006|"scholarunivamalg #7"|5|karoke|10|Electronics|260|n stcallyought|N/A|437757060174plum8377|papaya|Bunch|Unknown|44|priable
24|AAAAAAAAGBAAAAAA|2001-10-27||Industria|2.61|0.86|10005006|"amalgamalg #1"|1|dresses|1|Women|260|barcallyable|medium|437757060174plum8377|lime|Ton|Unknown|10|eseable
25|AAAAAAAAJBAAAAAA|1997-10-27||Married, european goods help as also full arts. Local seconds used to d|75.28|50.43|1004002|"edu packamalg #2"|4|swimwear|1|Women|338|eingpripri|large|8ghost70669206928752|purple|Bundle|Unknown|18|antiable
26|AAAAAAAAKBAAAAAA|1997-10-27|2000-10-26|Following, new prospects get almost available children. Terms can need very lucky days. Likely, sufficient persons prolong particularly words. Years might not organise also. Oth|2.77|1.91|2004001|"edu packimporto #1"|4|sports-apparel|2|Men|26|callyable|petite|535913papaya91485825|spring|Box|Unknown|31|callyable
27|AAAAAAAAKBAAAAAA|2000-10-27||Workers could become. Feelings take never to a rivals; of course close problems call over besides other plans. Severe changes must not know also. Lives lead earlier possible, lacking representatives. |8.57|1.91|2004001|"importocorp #4"|4|diamonds|6|Jewelry|734|esepriation|N/A|535913papaya91485825|orchid|Pound|Unknown|31|ationable
28|AAAAAAAAMBAAAAAA|1997-10-27|1999-10-27|Typical, good professionals succeed slowly suitable schools. Senior years ought to help more supreme words. Choices will not |0.15|0.07|3003001|"exportiexporti #1"|3|toddlers|3|Children|886|callyeingeing|medium|235441322860misty467|turquoise|Dram|Unknown|32|eingable
29|AAAAAAAAMBAAAAAA|1999-10-28|2001-10-26|Proposals should pay in a children. Ready times solve well furiously general reports; over national agreements warrant long,|1.04|0.07|3003001|"edu packamalg #2"|3|swimwear|1|Women|209|callyeingeing|large|235441322860misty467|yellow|Carton|Unknown|35|n stable
30|AAAAAAAAMBAAAAAA|2001-10-27||Responsible decisions bother too. Rights migrate men. Economic, left difficulties meet foreign accounts. Areas put s|86.00|62.78|6008007|"namelesscorp #7"|8|mens watch|6|Jewelry|732|callyeingeing|N/A|972628024170salmon23|gainsboro|Bundle|Unknown|32|barpri
31|AAAAAAAAPBAAAAAA|1997-10-27||Bright advisers explain i|8.48|3.30|8015002|"scholarmaxi #2"|15|fishing|8|Sports|167|ationcallyought|N/A|26402843046832linen0|lawn|Each|Unknown|98|oughtpri
32|AAAAAAAAACAAAAAA|1997-10-27|2000-10-26|Ce|1.77|1.00|7004003|"edu packbrand #3"|4|curtains/drapes|7|Home|431|oughtpriese|N/A|35503944light0279040|turquoise|Dram|Unknown|7|ablepri
33|AAAAAAAAACAAAAAA|2000-10-27||Especially other jeans must not say less difficult men. Thousands should not advance serious systems. Unchanged situations need physical actions. Double g|7.86|1.00|3003002|"exportiexporti #2"|4|toddlers|3|Children|154|eseantiought|medium|187228lime2158369330|plum|Carton|Unknown|51|pripri
34|AAAAAAAACCAAAAAA|1997-10-27|1999-10-27|Major, strange officials would not assess bodies. Final, suitable applications must serve towns. Joint boys might question most social, tiny strings. Kn|2.07|1.49|10007001|"brandunivamalg #1"|7|personal|10|Electronics|553|priantianti|N/A|035tan57373315437542|honeydew|Pallet|Unknown|58|esepri
35|AAAAAAAACCAAAAAA|1999-10-28|2001-10-26|Major, strange officials would not assess bodies. Final, suitable applications must serve towns. Joint boys might question most social, tiny strings. Kn|2.32|1.11|10007001|"amalgmaxi #12"|1|arts|9|Books|553|priantianti|N/A|718809852500salmon45|green|Tsp|Unknown|5|antipri
36|AAAAAAAACCAAAAAA|2001-10-27||Major, strange officials would not assess bodies. Final, suitable applications must serve towns. Joint boys might question most social, tiny strings. Kn|91.42|34.73|1001001|"amalgamalg #1"|1|dresses|1|Women|553|priantianti|medium|718809852500salmon45|thistle|Case|Unknown|37|callypri
37|AAAAAAAAFCAAAAAA|1997-10-27||Strict, strong results may think even nervous husbands. Other, sexua|2.42|0.87|2001002|"amalgimporto #2"|1|accessories|2|Men|489|n steingese|petite|66027rose68863960880|rose|Bundle|Unknown|28|ationpri
38|AAAAAAAAGCAAAAAA|1997-10-27|2000-10-26|International, substantial schools mean effectively. Users put then in a operations. Particul|16.70|8.01|2004001|"edu packimporto #1"|4|sports-apparel|2|Men|933|priprin st|medium|1552724855785peach10|violet|Bunch|Unknown|36|eingpri
39|AAAAAAAAGCAAAAAA|2000-10-27||International, substantial schools mean effectively. Users put then in a operations. Particul|5.07|8.01|2004001|"importomaxi #4"|2|business|9|Books|368|eingcallypri|N/A|1552724855785peach10|sandy|Unknown|Unknown|34|n stpri
40|AAAAAAAAICAAAAAA|1997-10-27|1999-10-27|Usually other children must stop shares. Relations|9.93|8.63|7008001|"namelessbrand #1"|8|lighting|7|Home|147|ationeseought|N/A|8628purple5251303417|sandy|Pallet|Unknown|64|barese
41|AAAAAAAAICAAAAAA|1999-10-28|2001-10-26|Usually other children must stop shares. Relations|4.40|8.63|7008001|"exportiexporti #2"|8|toddlers|3|Children|310|ationeseought|small|94tan448058898526101|red|Bunch|Unknown|85|oughtese
42|AAAAAAAAICAAAAAA|2001-10-27||Personal years understand doubtfully apparent, detailed knees; random, other boys cover around spec|9.15|8.63|5003001|"exportischolar #1"|3|pop|5|Music|540|bareseanti|N/A|94tan448058898526101|powder|Cup|Unknown|64|ableese
43|AAAAAAAALCAAAAAA|1997-10-27||Resources shall not continue thus similar, practical results. Practical words f|6.08|4.86|9010008|"univunivamalg #8"|10|travel|9|Books|301|oughtbarpri|N/A|34528803134658sandy3|firebrick|Pallet|Unknown|19|priese
44|AAAAAAAAMCAAAAAA|1997-10-27|2000-10-26|So general leaves discover clinical things. Sales get |5.20|1.71|5001001|"amalgscholar #1"|1|rock|5|Music|124|eseableought|N/A|109200light105046367|chocolate|Case|Unknown|59|eseese
45|AAAAAAAAMCAAAAAA|2000-10-27||Thus certain organisations cannot study even adequate sounds; national organisations sit years. Sometimes major specialists ought to retain figures; |0.37|1.71|5001001|"namelesscorp #6"|1|mens watch|6|Jewelry|459|eseableought|N/A|109200light105046367|khaki|N/A|Unknown|15|antiese
46|AAAAAAAAOCAAAAAA|1997-10-27|1999-10-27|Worldwide difficult shapes say reasonably too following times. Public, complete individuals may take for example civil, nea|98.66|85.83|6012007|"importobrand #7"|12|costume|6|Jewelry|252|ableantiable|N/A|566043945smoke249006|saddle|Tsp|Unknown|19|callyese
47|AAAAAAAAOCAAAAAA|1999-10-28|2001-10-26|Worldwide difficult shapes say reasonably too following times. Public, complete individuals may take for example civil, nea|3.00|1.74|6012007|"amalgedu pack #2"|1|womens|4|Shoes|99|ableantiable|economy|566043945smoke249006|peru|Dram|Unknown|5|ationese
48|AAAAAAAAOCAAAAAA|2001-10-27||Worldwide difficult shapes say reasonably too following times. Public, complete individuals may take for example civil, nea|1.45|1.74|5001001|"amalgscholar #1"|1|rock|5|Music|41|ableantiable|N/A|9036137203337blue385|thistle|Dram|Unknown|21|eingese
49|AAAAAAAABDAAAAAA|1997-10-27||Tonnes alter. Towns get schools|8.01|2.48|3004002|"edu packexporti #2"|4|school-uniforms|3|Children|443|prieseese|large|52890931aquamarine58|powder|Unknown|Unknown|56|n stese
50|AAAAAAAACDAAAAAA|1997-10-27|2000-10-26|Likely, main groups possess rich, interested cards; of course african me|4.99|3.54|4004001|"edu packedu pack #1"|4|athletic|4|Shoes|140|bareseought|small|296802tan05283688019|papaya|Cup|Unknown|72|baranti
51|AAAAAAAACDAAAAAA|2000-10-27||Deep nove|3.99|1.99|3003002|"exportiexporti #2"|3|toddlers|3|Children|140|bareseought|extra large|296802tan05283688019|sky|Gram|Unknown|33|oughtanti
52|AAAAAAAAEDAAAAAA|1997-10-27|1999-10-27|Total styles cannot assume companies. Cases may constitute shops. Local years meet still different, superb players. Delicate, peaceful |2.99|2.15|3002001|"importoexporti #1"|2|infants|3|Children|865|anticallyeing|medium|14sky550081945708909|rose|Pound|Unknown|33|ableanti
53|AAAAAAAAEDAAAAAA|1999-10-28|2001-10-26|Total styles cannot assume companies. Cases may constitute shops. Local years meet still different, superb players. Delicate, peaceful |8.26|2.47|3002001|"univamalgamalg #3"|10|memory|10|Electronics|865|anticallyeing|N/A|14sky550081945708909|peru|Case|Unknown|14|prianti
54|AAAAAAAAEDAAAAAA|2001-10-27||Total styles cannot assume companies. Cases may constitute shops. Local years meet still different, superb players. Delicate, peaceful |37.84|20.05|1001001|"amalgamalg #1"|1|dresses|1|Women|865|anticallyeing|medium|9606607white22138840|khaki|Ounce|Unknown|40|eseanti
55|AAAAAAAAHDAAAAAA|1997-10-27||Complete cases shall happen to a generations. Systems must tell sometimes main scenes. Tonnes make still main trees. Different, personal owners become often little important y|0.99|0.79|1004002|"edu packamalg #2"|4|swimwear|1|Women|47|ationese|medium|9489537049431light05|ghost|Cup|Unknown|18|antianti
56|AAAAAAAAIDAAAAAA|1997-10-27|2000-10-26|Members see. Difficulties utter so camps. Never particular products will not get from now on. Defensive, hi|7.44|3.94|10011006|"amalgamalgamalg #6"|11|disk drives|10|Electronics|412|ableoughtese|N/A|643087279saddle88093|hot|Tsp|Unknown|5|callyanti
57|AAAAAAAAIDAAAAAA|2000-10-27||Members see. Difficulties utter so camps. Never particular products will not get from now on. Defensive, hi|4.58|3.94|10011006|"edu packexporti #2"|11|school-uniforms|3|Children|591|ableoughtese|medium|563677838714239lace4|red|Dozen|Unknown|24|ationanti
58|AAAAAAAAKDAAAAAA|1997-10-27|1999-10-27|British units must not leave quick in a questions. Tasks terminate supreme departments. So significant families will not|0.87|0.71|4003001|"exportiedu pack #1"|3|kids|4|Shoes|187|ationeingought|small|5714metallic30144125|blush|Pound|Unknown|4|einganti
59|AAAAAAAAKDAAAAAA|1999-10-28|2001-10-26|British units must not leave quick in a questions. Tasks terminate supreme departments. So significant families will not|38.82|15.13|3004002|"edu packexporti #2"|3|school-uniforms|3|Children|413|prioughtese|medium|5714metallic30144125|sandy|Tsp|Unknown|57|n stanti
60|AAAAAAAAKDAAAAAA|2001-10-27||British units must not leave quick in a questions. Tasks terminate supreme departments. So significant families will not|4.87|15.13|3004002|"maxicorp #5"|9|womens watch|6|Jewelry|849|n steseeing|N/A|5714metallic30144125|indian|Unknown|Unknown|19|barcally
61|AAAAAAAANDAAAAAA|1997-10-27||Councils hunt coming children. Young relationships increase already explanations. Months begin boys. Gently residential constraints equip home primarily base structu|0.50|0.22|10006011|"corpunivamalg #11"|6|musical|10|Electronics|785|antieingation|N/A|0moccasin65119300318|gainsboro|Case|Unknown|22|oughtcally
62|AAAAAAAAODAAAAAA|1997-10-27|2000-10-26|Even yellow ways will remember already home good children; french answers must face very tightly due pp.. Rapidly available departments like once pairs. So-called trades ought to|3.49|1.18|6004007|"edu packcorp #7"|4|bracelets|6|Jewelry|633|priprically|N/A|457830royal988465577|violet|Bunch|Unknown|84|ablecally
63|AAAAAAAAODAAAAAA|2000-10-27||Just mechanical reforms design even |4.34|1.18|6004007|"importoimporto #2"|2|shirts|2|Men|633|priprically|medium|457830royal988465577|red|Ton|Unknown|41|prically
64|AAAAAAAAAEAAAAAA|1997-10-27|1999-10-27|Public, annual h|2.02|1.69|8009005|"maxinameless #5"|9|optics|8|Sports|322|ableablepri|N/A|999239frosted3654937|maroon|Tbl|Unknown|14|esecally
65|AAAAAAAAAEAAAAAA|1999-10-28|2001-10-26|Public, annual h|73.24|54.19|10008015|"namelessunivamalg #15"|8|scanners|10|Electronics|363|ableablepri|N/A|75red758806640856233|blue|Bundle|Unknown|27|antically
66|AAAAAAAAAEAAAAAA|2001-10-27||Readily happy questions give other, large parents. Parents might use over top influences. Small men would |6.67|54.19|10008015|"maximaxi #7"|8|science|9|Books|121|oughtableought|N/A|4594970peru788393822|purple|Bundle|Unknown|51|callycally
67|AAAAAAAADEAAAAAA|1997-10-27||Already |1.47|0.83|9015008|"scholarunivamalg #8"|15|fiction|9|Books|285|antieingable|N/A|84662395226maroon463|black|Ounce|Unknown|57|ationcally
68|AAAAAAAAEEAAAAAA|1997-10-27|2000-10-26|Labour agents take. Fairly general ques|6.93|3.11|2004001|"edu packimporto #1"|4|sports-apparel|2|Men|76|callyation|petite|9966753768steel48530|navy|Carton|Unknown|35|eingcally
69|AAAAAAAAEEAAAAAA|2000-10-27||Again good payments sep|5.67|3.11|2004001|"importoamalg #2"|2|fragrances|1|Women|76|callyation|large|47560700tomato190852|pale|Gross|Unknown|28|n stcally
70|AAAAAAAAGEAAAAAA|1997-10-27|1999-10-27|Days shall let by a levels. Existing, fit rocks sort awkward techniques. Good bits must avoid by a uses. New, glorious reactions will return for a spirits. Further sp|9.79|4.40|5004001|"edu packscholar #1"|4|classical|5|Music|445|antieseese|N/A|497296moccasin697246|rose|Dram|Unknown|52|baration
71|AAAAAAAAGEAAAAAA|1999-10-28|2001-10-26|New, direct changes could meet as.|3.21|2.53|9014012|"edu packunivamalg #12"|14|sports|9|Books|445|antieseese|N/A|497296moccasin697246|lavender|Ounce|Unknown|26|oughtation
72|AAAAAAAAGEAAAAAA|2001-10-27||Civil loans put also after a members. Only easy collections fail however directly public da|5.31|2.53|1002001|"importoamalg #1"|2|fragrances|1|Women|445|antieseese|medium|698345980navy5781291|blush|Ton|Unknown|27|ableation
73|AAAAAAAAJEAAAAAA|1997-10-27||Then critical years could instruct true|41.16|27.57|1003002|"exportiamalg #2"|3|maternity|1|Women|653|priantically|petite|167sky61991621336241|misty|Tbl|Unknown|3|priation
74|AAAAAAAAKEAAAAAA|1997-10-27|2000-10-26|Straight possible women ought to match only thanks. Specia|3.91|1.44|2004001|"edu packimporto #1"|4|sports-apparel|2|Men|954|eseantin st|small|14505636peru42112930|papaya|Carton|Unknown|17|eseation
75|AAAAAAAAKEAAAAAA|2000-10-27||For good scientific tasks produce gifts. Once known combinations ought to break immediate, sound mass|3.26|1.30|2004001|"exportiamalgamalg #8"|4|stereo|10|Electronics|954|eseantin st|N/A|1121196seashell99780|wheat|Tbl|Unknown|12|antiation
76|AAAAAAAAMEAAAAAA|1997-10-27|1999-10-27|Original interests see of course british, important terms. Yet appropriate principles conclude in a arrangements; good countries would get sometimes; |3.84|2.76|9010005|"univunivamalg #5"|10|travel|9|Books|46|callyese|N/A|69990488719mint09677|puff|Oz|Unknown|32|callyation
77|AAAAAAAAMEAAAAAA|1999-10-28|2001-10-26|Original interests see of course british, important terms. Yet appropriate principles conclude in a arrangements; good countries would get sometimes; |0.90|2.76|3003002|"exportiexporti #2"|3|toddlers|3|Children|46|callyese|small|69990488719mint09677|purple|Ounce|Unknown|88|ationation
78|AAAAAAAAMEAAAAAA|2001-10-27||Original interests see of course british, important terms. Yet appropriate principles conclude in a arrangements; good countries would get sometimes; |0.23|0.14|3003002|"corpcorp #7"|6|rings|6|Jewelry|515|callyese|N/A|royal901971080168044|royal|Lb|Unknown|70|eingation
79|AAAAAAAAPEAAAAAA|1997-10-27||More new services ought to pr|2.87|1.37|10009012|"maxiunivamalg #12"|9|televisions|10|Electronics|385|antieingpri|N/A|84862mint06304563425|papaya|Oz|Unknown|2|n station
80|AAAAAAAAAFAAAAAA|1997-10-27|2000-10-26|Applicable, total structures make good |2.16|1.59|4003001|"exportiedu pack #1"|3|kids|4|Shoes|376|callyationpri|N/A|455turquoise98785332|yellow|Bundle|Unknown|38|bareing
81|AAAAAAAAAFAAAAAA|2000-10-27||Applicable, total structures make good |3.65|3.13|4002002|"importoedu pack #2"|3|mens|4|Shoes|37|callyationpri|large|455turquoise98785332|cyan|Box|Unknown|68|oughteing
82|AAAAAAAACFAAAAAA|1997-10-27|1999-10-27|Relative members keep today games. Computers improve here by a costs. Living evenings can rise. Lines sha|1.43|1.17|4004001|"edu packedu pack #1"|4|athletic|4|Shoes|306|callybarpri|small|80156868purple001311|violet|Dram|Unknown|53|ableeing
83|AAAAAAAACFAAAAAA|1999-10-28|2001-10-26|Requirements will date with a studies. Quite bad|4.25|1.17|4004001|"brandcorp #4"|4|pendants|6|Jewelry|622|ableablecally|N/A|7597344957metallic52|misty|Each|Unknown|5|prieing
84|AAAAAAAACFAAAAAA|2001-10-27||Genuine suppliers judge both wild economies. Certain, genuine books cannot cover humans. Finally certain supplies used to see enough official disputes; almost large |1.41|1.26|2004001|"edu packimporto #1"|4|sports-apparel|2|Men|662|ablecallycally|large|3papaya7469615462932|grey|Gross|Unknown|3|eseeing
85|AAAAAAAAFFAAAAAA|1997-10-27||Only colleges support then institutions; correct, great processes seem perhaps national boys. Cattle|39.31|34.98|2003002|"exportiimporto #2"|3|pants|2|Men|156|callyantiought|small|61683smoke6831678889|sky|Oz|Unknown|66|antieing
86|AAAAAAAAGFAAAAAA|1997-10-27|2000-10-26|Barely annual papers complete forward in a parts. Sure, british books collapse about for a members. Never previous deals could not get so initial, big decisions; schools might calculate t|0.87|0.74|6002007|"importocorp #7"|2|diamonds|6|Jewelry|985|antieingn st|N/A|423496330709navajo02|powder|Pallet|Unknown|2|callyeing
87|AAAAAAAAGFAAAAAA|2000-10-27||Previous me|4.51|1.53|3001002|"amalgexporti #2"|2|newborn|3|Children|985|antieingn st|petite|890584565799deep3415|sky|Bunch|Unknown|57|ationeing
88|AAAAAAAAIFAAAAAA|1997-10-27|1999-10-27|Nearly unlikely months use reasonable, ideological things. Certain, common books must think; democrats take in the companies. Bright, like ord|7.29|3.71|3001001|"amalgexporti #1"|1|newborn|3|Children|87|ationeing|large|903117rose8021334144|snow|Gross|Unknown|24|eingeing
89|AAAAAAAAIFAAAAAA|1999-10-28|2001-10-26|Holy companies win less all right essential initiatives. Men learn. Eyes might come opportunities; great, large centres should |4.79|3.44|3001001|"amalgimporto #2"|1|accessories|2|Men|967|ationcallyn st|large|903117rose8021334144|coral|Bundle|Unknown|5|n steing
90|AAAAAAAAIFAAAAAA|2001-10-27||Just chief structures would not avoid. Lines put with a hours. Children used to go especially votes. Eyes may not make afterwards severe, liberal changes; secondary services may desire still ov|1.18|0.44|3001001|"amalgscholar #1"|1|rock|5|Music|907|ationbarn st|N/A|903117rose8021334144|blue|Tsp|Unknown|35|barn st
91|AAAAAAAALFAAAAAA|1997-10-27||Clearly relevant rooms develop necessary hotels. Available women can get as att|0.64|0.28|10006007|"corpunivamalg #7"|6|musical|10|Electronics|176|callyationought|N/A|6salmon9130801749386|lace|Lb|Unknown|74|oughtn st
92|AAAAAAAAMFAAAAAA|1997-10-27|2000-10-26|New, quick observations merge too worth a children; shares could live there crucial mountains. Simply eastern pounds shall crush immediately married long wives. Corporate, import|4.48|2.64|8009003|"maxinameless #3"|9|optics|8|Sports|547|ationeseanti|N/A|95992mint72303710820|indian|N/A|Unknown|12|ablen st
93|AAAAAAAAMFAAAAAA|2000-10-27||New, quick observations merge too worth a children; shares could live there crucial mountains. Simply eastern pounds shall crush immediately married long wives. Corporate, import|1.06|0.61|8015004|"scholarmaxi #4"|15|fishing|8|Sports|290|barn stable|N/A|77252895wheat0214342|cyan|Lb|Unknown|90|prin st
94|AAAAAAAAOFAAAAAA|1997-10-27|1999-10-27|Yet great workers ought to go. Living bases panic by a lines. Already bitter teeth buy more with a employees;|0.11|0.06|2002001|"importoimporto #1"|2|shirts|2|Men|254|eseantiable|economy|633821royal187686366|orange|Box|Unknown|33|esen st
95|AAAAAAAAOFAAAAAA|1999-10-28|2001-10-26|Yet great workers ought to go. Living bases panic by a lines. Already bitter teeth buy more with a employees;|2.55|1.30|5003002|"exportischolar #2"|3|pop|5|Music|276|eseantiable|N/A|8135peach48800306654|pale|Tbl|Unknown|95|antin st
96|AAAAAAAAOFAAAAAA|2001-10-27||Enough gradual particles will encourage; therefore national studies approach even complete hours. Volumes would come wooden, great places. Economical|4.19|1.30|6001001|"amalgcorp #1"|3|birdal|6|Jewelry|54|eseanti|N/A|0601206purple9591494|cream|Pound|Unknown|17|callyn st
97|AAAAAAAABGAAAAAA|1997-10-27||More reg|57.09|32.54|9015002|"scholarunivamalg #2"|15|fiction|9|Books|275|antiationable|N/A|58445392828812green3|rose|Gross|Unknown|5|ationn st
98|AAAAAAAACGAAAAAA|1997-10-27|2000-10-26|Years know merely religious reasons. New animals modernise well racial pieces. Various, chi|3.16|2.18|8008009|"namelessnameless #9"|8|outdoor|8|Sports|302|ablebarpri|N/A|green986580991566481|medium|Ton|Unknown|24|eingn st
99|AAAAAAAACGAAAAAA|2000-10-27||Years know merely religious reasons. New animals modernise well racial pieces. Various, chi|4.81|2.18|8008009|"scholarunivamalg #15"|5|karoke|10|Electronics|302|ablebarpri|N/A|3indian1365298280294|salmon|Pound|Unknown|19|n stn st
100|AAAAAAAAEGAAAAAA|1997-10-27|1999-10-27|Ruling troops used to undertake better dead me|2.06|0.63|5003001|"exportischolar #1"|3|pop|5|Music|462|ablecallyese|N/A|38282542moccasin3506|peru|N/A|Unknown|31|barbarought
101|AAAAAAAAEGAAAAAA|1999-10-28|2001-10-26|Leaves wait big, interesting minutes. Conventional conferences may|4.51|4.01|1002002|"importoamalg #2"|3|fragrances|1|Women|816|ablecallyese|medium|2765puff735456938950|thistle|Case|Unknown|40|oughtbarought
102|AAAAAAAAEGAAAAAA|2001-10-27||Different objects could not admit there great languages. Kinds rest on a departments. Quickly possible members may maintain very silly forward terms. Wild, great prices will talk t|3.93|3.18|1004001|"edu packamalg #1"|4|swimwear|1|Women|816|callyoughteing|medium|33748375tan409397539|white|N/A|Unknown|24|ablebarought
103|AAAAAAAAHGAAAAAA|1997-10-27||As short materials might go sometime new, tall skills. M|4.30|3.26|4001002|"amalgedu pack #2"|1|womens|4|Shoes|187|ationeingought|large|5494038indian5923529|wheat|Cup|Unknown|30|pribarought
104|AAAAAAAAIGAAAAAA|1997-10-27|2000-10-26|Connections must constitute only eastern leaves. Primary, elderly times make expectations. Never tory stores build very points.|2.33|1.25|9016009|"corpunivamalg #9"|16|mystery|9|Books|453|priantiese|N/A|95049128snow60505287|papaya|Ton|Unknown|4|esebarought
105|AAAAAAAAIGAAAAAA|2000-10-27||Connections must constitute only eastern leaves. Primary, elderly times make expectations. Never tory stores build very points.|9.21|5.34|6015002|"scholarbrand #2"|15|custom|6|Jewelry|452|priantiese|N/A|54592452027frosted38|lime|Pallet|Unknown|24|antibarought
106|AAAAAAAAKGAAAAAA|1997-10-27|1999-10-27|Together visible days elaborate less brilliant, brief books; only circumstances carry types. Messages get also in a days; just impossible communi|0.58|0.22|10010005|"univamalgamalg #5"|10|memory|10|Electronics|307|ationbarpri|N/A|56106peru10370976480|turquoise|Ounce|Unknown|93|callybarought
107|AAAAAAAAKGAAAAAA|1999-10-28|2001-10-26|Times accuse in a years. Statements would leave |7.77|0.22|10010005|"amalgmaxi #12"|1|arts|9|Books|307|ationbarpri|N/A|11521blush1914460030|peru|Bundle|Unknown|40|ationbarought
108|AAAAAAAAKGAAAAAA|2001-10-27||Times accuse in a years. Statements would leave |6.38|5.55|10010005|"edu packamalgamalg #7"|1|automotive|10|Electronics|297|ationbarpri|N/A|84371413papaya051510|powder|Tsp|Unknown|59|eingbarought
109|AAAAAAAANGAAAAAA|1997-10-27||Solutions may not go central, interesting sectors. Enterprises resist inte|9.46|6.24|7006010|"corpbrand #10"|6|rugs|7|Home|306|callybarpri|N/A|red65454414014024991|lawn|Oz|Unknown|38|n stbarought
110|AAAAAAAAOGAAAAAA|1997-10-27|2000-10-26|Single, possible causes cut more strange, british things; forms create other, loyal thousands. As real scheme|1.31|1.06|1001001|"amalgamalg #1"|1|dresses|1|Women|253|priantiable|petite|24pale42186157801046|tan|Lb|Unknown|77|baroughtought
111|AAAAAAAAOGAAAAAA|2000-10-27||Much individual banks get sharply products. Other, public implications should submit otherwise details. Future, royal functions acquire visually on a forces. Essential areas will s|1.18|0.48|10009010|"maxiunivamalg #10"|9|televisions|10|Electronics|253|priantiable|N/A|0396181742314peach09|seashell|Lb|Unknown|35|oughtoughtought
112|AAAAAAAAAHAAAAAA|1997-10-27|1999-10-27|Personal, likely engineers stay too domestic skills. Roman, parl|0.18|0.15|4003001|"exportiedu pack #1"|3|kids|4|Shoes|303|pribarpri|extra large|198621330604slate768|salmon|Dram|Unknown|62|ableoughtought
113|AAAAAAAAAHAAAAAA|1999-10-28|2001-10-26|Alone other sales could interpret slightly relations. Fast social police give just british centuries. There sacred channels go so industrial, original systems; women might approach black members. C|3.81|3.31|4003001|"importomaxi #4"|3|guns|8|Sports|719|pribarpri|N/A|9746646127tan8534637|pink|Gram|Unknown|12|prioughtought
114|AAAAAAAAAHAAAAAA|2001-10-27||Open occasions ought to tell broad parents. Across ltd. parents make a lot|4.30|2.66|7016005|"corpnameless #5"|16|furniture|7|Home|202|pribarpri|N/A|9746646127tan8534637|midnight|Lb|Unknown|1|eseoughtought
115|AAAAAAAADHAAAAAA|1997-10-27||Policies used to decrease social forms; well massive parts admire lacking, necessary cities. More rational areas deceive therefore only facilities. Yet persist|2.68|2.27|7016006|"corpnameless #6"|16|furniture|7|Home|67|ationcally|N/A|0280323979honeydew89|rosy|Pound|Unknown|85|antioughtought
116|AAAAAAAAEHAAAAAA|1997-10-27|2000-10-26|Everywhere large things could increase. Together independent cases cannot draw to a centuries. Different a|9.39|3.19|6007005|"brandcorp #5"|7|pendants|6|Jewelry|231|oughtpriable|N/A|34343249rosy77293558|purple|Pallet|Unknown|34|callyoughtought
117|AAAAAAAAEHAAAAAA|2000-10-27||Everywhere large things could increase. Together independent cases cannot draw to a centuries. Different a|4.43|2.30|6007005|"importoscholar #2"|7|country|5|Music|231|oughtpriable|N/A|34343249rosy77293558|pale|Gross|Unknown|62|ationoughtought
118|AAAAAAAAGHAAAAAA|1997-10-27|1999-10-27|Planned examples shake essential characters. Languages sample large crops. Small, white discussions make nearly anxious, foreign eyes. Tiny, present d|3.83|2.79|3001001|"amalgexporti #1"|1|newborn|3|Children|451|oughtantiese|small|32634300879757slate9|pale|Oz|Unknown|62|eingoughtought
119|AAAAAAAAGHAAAAAA|1999-10-28|2001-10-26|Planned examples shake essential characters. Languages sample large crops. Small, white discussions make nearly anxious, foreign eyes. Tiny, present d|4.67|2.79|3001001|"edu packimporto #2"|1|sports-apparel|2|Men|186|oughtantiese|petite|32634300879757slate9|red|Bundle|Unknown|21|n stoughtought
120|AAAAAAAAGHAAAAAA|2001-10-27||Routine, soft services should tend too|4.56|2.32|3001001|"importoedu pack #1"|2|mens|4|Shoes|186|oughtantiese|petite|13midnight5284588568|slate|Gram|Unknown|30|barableought
121|AAAAAAAAJHAAAAAA|1997-10-27||However increasing dates meet. Large, ready goals mean now blind structures. Crea|38.79|11.63|9013002|"exportiunivamalg #2"|13|self-help|9|Books|296|callyn stable|N/A|09698070indian910291|spring|Oz|Unknown|24|oughtableought
122|AAAAAAAAKHAAAAAA|1997-10-27|2000-10-26|Well lovely hands know even |2.62|2.33|9006003|"corpmaxi #3"|6|parenting|9|Books|321|oughtablepri|N/A|55navajo942208919611|sienna|Ounce|Unknown|13|ableableought
123|AAAAAAAAKHAAAAAA|2000-10-27||About slow systems may not cross between a parties. Also full wishes handle currently italian groups; happy sources can support regardless us|0.64|2.33|10012005|"importoamalgamalg #5"|12|monitors|10|Electronics|60|oughtablepri|N/A|5283orange6349836504|sandy|Ton|Unknown|26|priableought
124|AAAAAAAAMHAAAAAA|1997-10-27|1999-10-27|Things will register connections. Forwards working poles make private bonds. Heavy studies operate now activities; different, particular rises increase in a fans. Somewhere main girls concern also th|9.03|4.69|2004001|"edu packimporto #1"|4|sports-apparel|2|Men|319|n stoughtpri|economy|8wheat24917690326929|rose|Ounce|Unknown|54|eseableought
125|AAAAAAAAMHAAAAAA|1999-10-28|2001-10-26|Things will register connections. Forwards working poles make private bonds. Heavy studies operate now activities; different, particular rises increase in a fans. Somewhere main girls concern also th|2.98|2.20|2004001|"univbrand #6"|10|jewelry boxes|6|Jewelry|168|eingcallyought|N/A|21967164397royal5131|peru|Tsp|Unknown|54|antiableought
126|AAAAAAAAMHAAAAAA|2001-10-27||Democratic houses can|2.60|2.20|1003001|"exportiamalg #1"|10|maternity|1|Women|168|eingcallyought|small|21967164397royal5131|yellow|Bundle|Unknown|51|callyableought
127|AAAAAAAAPHAAAAAA|1997-10-27||High, black homes shall not greet also magnificent facts; inc, environmental areas say well howev|3.66|1.13|7003008|"exportibrand #8"|3|kids|7|Home|417|ationoughtese|N/A|00yellow190282692634|navy|Ton|Unknown|11|ationableought
128|AAAAAAAAAIAAAAAA|1997-10-27|2000-10-26|Great, tiny animals adopt then outcomes. Terms sweep less dry, physical signs. National, black terms adapt for a reasons; groups shall |4.06|3.20|7004009|"edu packbrand #9"|4|curtains/drapes|7|Home|234|esepriable|N/A|7487693899rose828480|pale|Gram|Unknown|23|eingableought
129|AAAAAAAAAIAAAAAA|2000-10-27||Great, tiny animals adopt then outcomes. Terms sweep less dry, physical signs. National, black terms adapt for a reasons; groups shall |8.98|4.49|10004011|"edu packunivamalg #11"|4|audio|10|Electronics|165|esepriable|N/A|9red8523495605051343|ivory|Gram|Unknown|23|n stableought
130|AAAAAAAACIAAAAAA|1997-10-27|1999-10-27|Final orders give else. International, living personnel may miss significant companies. Black, american numbers put then |1.70|1.00|8015001|"scholarmaxi #1"|15|fishing|8|Sports|349|n stesepri|N/A|82559844slate1538271|rosy|Gross|Unknown|65|barpriought
131|AAAAAAAACIAAAAAA|1999-10-28|2001-10-26|Final orders give else. International, living personnel may miss significant companies. Black, american numbers put then |96.31|30.81|8015001|"importoscholar #2"|2|country|5|Music|349|n stesepri|N/A|82559844slate1538271|saddle|Ounce|Unknown|84|oughtpriought
132|AAAAAAAACIAAAAAA|2001-10-27||Cells suit in a users.|1.40|30.81|8015001|"importoamalg #1"|2|fragrances|1|Women|525|n stesepri|large|82559844slate1538271|moccasin|Bundle|Unknown|1|ablepriought
133|AAAAAAAAFIAAAAAA|1997-10-27||Papers could not invade just from a wishes. Plants increase remarkably great, important exercises. Tracks should give only|3.12|1.21|2001002|"amalgimporto #2"|1|accessories|2|Men|338|eingpripri|medium|1176thistle961206620|red|Dram|Unknown|50|pripriought
134|AAAAAAAAGIAAAAAA|1997-10-27|2000-10-26|Bloody programmes live probably novels. Minute, remarkable minutes seem for example probably old|3.56|2.52|4003001|"exportiedu pack #1"|3|kids|4|Shoes|329|n stablepri|large|02954355697715tan981|papaya|Cup|Unknown|58|esepriought
135|AAAAAAAAGIAAAAAA|2000-10-27||Heavy quantities treat youngsters. Friends will not survive children; best eager ways defer drugs. Similar planes should make sites. Other, psychological electi|0.52|0.28|4003001|"maxiunivamalg #17"|3|televisions|10|Electronics|621|n stablepri|N/A|02954355697715tan981|smoke|Pallet|Unknown|27|antipriought
136|AAAAAAAAIIAAAAAA|1997-10-27|1999-10-27|Courses love perhaps for a countries; practically possible interests see never aware groups. Criteria should lead close shares. Only major thin|3.16|1.04|4002001|"importoedu pack #1"|2|mens|4|Shoes|428|eingableese|extra large|9953491steel31225871|snow|N/A|Unknown|4|callypriought
137|AAAAAAAAIIAAAAAA|1999-10-28|2001-10-26|Highly local authorities put on a prisoners. As special parents should set resources. Rates shall come today with a years. Ye|1.68|1.04|4002001|"exportiunivamalg #6"|13|self-help|9|Books|428|eingableese|N/A|9953491steel31225871|orchid|Gram|Unknown|29|ationpriought
138|AAAAAAAAIIAAAAAA|2001-10-27||Women shall speak in the pieces. Top, good members must like accu|3.07|2.60|4002001|"edu packmaxi #7"|4|entertainments|9|Books|37|eingableese|N/A|85saddle727764376775|green|Each|Unknown|3|eingpriought
139|AAAAAAAALIAAAAAA|1997-10-27||Lines shall describe explicitly northern, firm systems. Later|2.99|1.49|9015008|"scholarunivamalg #8"|15|fiction|9|Books|384|eseeingpri|N/A|61237saddle086722366|medium|Tsp|Unknown|20|n stpriought
140|AAAAAAAAMIAAAAAA|1997-10-27|2000-10-26|Well famous pubs use so accounts. Losses should not generate certain stars. Positive blues pro|9.00|2.88|5002001|"importoscholar #1"|2|country|5|Music|286|callyeingable|N/A|08156770219019tan928|green|Gross|Unknown|56|bareseought
141|AAAAAAAAMIAAAAAA|2000-10-27||Well famous pubs use so accounts. Losses should not generate certain stars. Positive blues pro|7.78|4.20|9015010|"scholarunivamalg #10"|2|fiction|9|Books|286|callyeingable|N/A|08156770219019tan928|hot|Gross|Unknown|5|oughteseought
142|AAAAAAAAOIAAAAAA|1997-10-27|1999-10-27|Ways defeat able, british purposes. Police restore then electronic areas. Reasons would not offer comple|3.77|2.82|3001001|"amalgexporti #1"|1|newborn|3|Children|793|prin station|small|3110406438sienna7701|yellow|Unknown|Unknown|2|ableeseought
143|AAAAAAAAOIAAAAAA|1999-10-28|2001-10-26|Techniques will not look; good, opposite languages know now. Complex, poor persons might understand quite on a clothes. Hence twin prisoners see already also working-class|4.74|2.82|3001001|"exportiunivamalg #8"|3|dvd/vcr players|10|Electronics|51|oughtanti|N/A|405461antique7429491|mint|Gross|Unknown|78|prieseought
144|AAAAAAAAOIAAAAAA|2001-10-27||Ordinary, political premises must reveal in the glasses. Scottish walls make as conse|1.52|0.80|7007005|"brandbrand #5"|3|decor|7|Home|51|oughtanti|N/A|556lime1881583603660|tan|N/A|Unknown|52|eseeseought
145|AAAAAAAABJAAAAAA|1997-10-27||Prospects know|59.77|24.50|9013002|"exportiunivamalg #2"|13|self-help|9|Books|548|eingeseanti|N/A|97495026tan054801110|saddle|Each|Unknown|43|antieseought
146|AAAAAAAACJAAAAAA|1997-10-27|2000-10-26|Normal things beat also general agents. Other patients must not restore mu|9.67|8.02|5001001|"amalgscholar #1"|1|rock|5|Music|644|eseesecally|N/A|1846041641salmon6294|royal|Unknown|Unknown|23|callyeseought
147|AAAAAAAACJAAAAAA|2000-10-27||Alternatively basic ears should not burst suddenly thus generous machines. Groups carry yet genuine authorities. Bitterly outer groups expect downwards. Only, parti|2.48|1.56|2002002|"importoimporto #2"|2|shirts|2|Men|9|eseesecally|extra large|1846041641salmon6294|salmon|Gross|Unknown|34|ationeseought
148|AAAAAAAAEJAAAAAA|1997-10-27|1999-10-27|Soon constitutional provisions might send hot components. Ancient children might |2.23|0.93|4004001|"edu packedu pack #1"|4|athletic|4|Shoes|627|ationablecally|petite|chocolate15534271919|purple|Box|Unknown|31|eingeseought
149|AAAAAAAAEJAAAAAA|1999-10-28|2001-10-26|Soon constitutional provisions might send hot components. Ancient children might |8.49|5.17|1004002|"edu packamalg #2"|4|swimwear|1|Women|627|ationablecally|petite|078764navajo52301833|honeydew|Oz|Unknown|84|n steseought
150|AAAAAAAAEJAAAAAA|2001-10-27||Soon constitutional provisions might send hot components. Ancient children might |5.48|4.38|1004002|"importoedu pack #1"|4|mens|4|Shoes|627|ationablecally|small|601395676orange80112|salmon|Bundle|Unknown|1|barantiought
151|AAAAAAAAHJAAAAAA|1997-10-27||Roman, determined details cannot teach only then high supplies. External, central books think never. No doubt large years become both enthusiastic examples. Benefits could|0.96|0.28|3004002|"edu packexporti #2"|4|school-uniforms|3|Children|327|ationablepri|small|purple89249207875245|royal|Tsp|Unknown|3|oughtantiought
152|AAAAAAAAIJAAAAAA|1997-10-27|2000-10-26|Circumstances would not turn pieces. Possible supporters ought to date nearly terrible awards. Other, american affa|4.52|2.84|1002001|"importoamalg #1"|2|fragrances|1|Women|93|prin st|petite|465maroon24590092707|peru|Cup|Unknown|11|ableantiought
153|AAAAAAAAIJAAAAAA|2000-10-27||Circumstances would not turn pieces. Possible supporters ought to date nearly terrible awards. Other, american affa|60.71|2.84|1002001|"edu packscholar #2"|4|classical|5|Music|93|prin st|N/A|465maroon24590092707|papaya|Oz|Unknown|62|priantiought
154|AAAAAAAAKJAAAAAA|1997-10-27|1999-10-27|Cases bet|8.25|7.09|4001001|"amalgedu pack #1"|1|womens|4|Shoes|103|pribarought|N/A|36866719085922smoke5|powder|Ton|Unknown|15|eseantiought
155|AAAAAAAAKJAAAAAA|1999-10-28|2001-10-26|Other, separate services argue roman services; ago old communities shall not gain professional, high users. Also extensive players shall govern extra in a vegetables; private, fixed pressu|1.47|7.09|4001001|"importobrand #6"|1|bedding|7|Home|12|ableought|N/A|steel985504799417658|olive|Tbl|Unknown|22|antiantiought
156|AAAAAAAAKJAAAAAA|2001-10-27||Extensive factors can mind full laws; local days link super, o|2.31|1.01|2003001|"exportiimporto #1"|1|pants|2|Men|12|ableought|petite|steel985504799417658|slate|Pallet|Unknown|8|callyantiought
157|AAAAAAAANJAAAAAA|1997-10-27||Recent performances get yet other publications; current patients could not carry comparatively intense, vital times. Wide problems smooth truly. Tomorrow used years catch a|2.21|0.86|9007002|"brandmaxi #2"|7|reference|9|Books|301|oughtbarpri|N/A|40118burlywood293333|sienna|Ounce|Unknown|23|ationantiought
158|AAAAAAAAOJAAAAAA|1997-10-27|2000-10-26|Great, absent relations should participate alone wonderful issues; chains will care on behalf of a police. Substantial activities exert grey, free|9.17|4.40|7008009|"namelessbrand #9"|8|lighting|7|Home|656|callyantically|N/A|331purple34896164193|royal|Bundle|Unknown|1|eingantiought
159|AAAAAAAAOJAAAAAA|2000-10-27||Great, absent relations should participate alone wonderful issues; chains will care on behalf of a police. Substantial activities exert grey, free|9.45|5.57|2001002|"amalgimporto #2"|1|accessories|2|Men|2|callyantically|medium|331purple34896164193|green|Bunch|Unknown|93|n stantiought
160|AAAAAAAAAKAAAAAA|1997-10-27|1999-10-27|Legs cannot make much across a children. Well industrial ports see so. Equal, full systems rise police. Labour departments will leave. Political, social |1.17|0.88|8013001|"exportimaxi #1"|13|sailing|8|Sports|207|ationbarable|N/A|8red5138353308860656|goldenrod|Gross|Unknown|50|barcallyought
161|AAAAAAAAAKAAAAAA|1999-10-28|2001-10-26|Legs cannot make much across a children. Well industrial ports see so. Equal, full systems rise police. Labour departments will leave. Political, social |3.74|1.68|1003002|"exportiamalg #2"|3|maternity|1|Women|207|ationbarable|large|8red5138353308860656|purple|Dram|Unknown|33|oughtcallyought
162|AAAAAAAAAKAAAAAA|2001-10-27||Sensitive, general countries may not follow further into a studies. So other reports p|1.79|1.25|4002001|"importoedu pack #1"|2|mens|4|Shoes|207|ationbarable|economy|0424black56650663126|sienna|Pallet|Unknown|32|ablecallyought
163|AAAAAAAADKAAAAAA|1997-10-27||Windows report easily; diplomatic years use|75.25|63.96|2004002|"edu packimporto #2"|4|sports-apparel|2|Men|168|eingcallyought|medium|692111176721violet31|purple|Ton|Unknown|44|pricallyought
164|AAAAAAAAEKAAAAAA|1997-10-27|2000-10-26|Tremendous tasks force small, interior markets; female, upper doctors look|5.21|3.07|10016012|"corpamalgamalg #12"|16|wireless|10|Electronics|590|barn stanti|N/A|4thistle516311039608|turquoise|Cup|Unknown|52|esecallyought
165|AAAAAAAAEKAAAAAA|2000-10-27||Tremendous tasks force small, interior markets; female, upper doctors look|1.43|3.07|10016012|"exportimaxi #6"|13|sailing|8|Sports|46|callyese|N/A|0776midnight64212251|turquoise|N/A|Unknown|53|anticallyought
166|AAAAAAAAGKAAAAAA|1997-10-27|1999-10-27|Different, simple letters will damage |4.36|3.92|1002001|"importoamalg #1"|2|fragrances|1|Women|310|baroughtpri|medium|0949380507sienna6147|salmon|Gross|Unknown|30|callycallyought
167|AAAAAAAAGKAAAAAA|1999-10-28|2001-10-26|Eggs count. Opening types enforce areas. Lines put rather years. Active, nasty eyes walk there enough young metres. Possibilities must admit. Arms a|8.19|3.92|1002001|"exporticorp #8"|2|gold|6|Jewelry|310|baroughtpri|N/A|32goldenrod233930661|thistle|Gross|Unknown|6|ationcallyought
168|AAAAAAAAGKAAAAAA|2001-10-27||Eggs count. Opening types enforce areas. Lines put rather years. Active, nasty eyes walk there enough young metres. Possibilities must admit. Arms a|6.73|3.92|1001001|"amalgamalg #1"|2|dresses|1|Women|310|baroughtpri|small|22330876white6779158|yellow|Dozen|Unknown|22|eingcallyought
169|AAAAAAAAJKAAAAAA|1997-10-27||Functional, |3.54|2.33|6011002|"amalgbrand #2"|11|semi-precious|6|Jewelry|238|eingpriable|N/A|310light774128934414|slate|Each|Unknown|30|n stcallyought
170|AAAAAAAAKKAAAAAA|1997-10-27|2000-10-26|Important, glad rights change however. Only regular arms ought to operate in a minutes. Units fail quite like a centuries. Simply safe branches accompany major tenants; |1.65|1.46|8004001|"edu packnameless #1"|4|camping|8|Sports|120|barableought|N/A|0843774809powder1702|sky|Bundle|Unknown|9|barationought
171|AAAAAAAAKKAAAAAA|2000-10-27||Available parameters go just weekly cells; yet strong contracts break often common cases. Specialists see groups. At least nice benefits might not |28.29|1.46|8004001|"edu packscholar #2"|4|classical|5|Music|65|barableought|N/A|0843774809powder1702|red|Ton|Unknown|14|oughtationought
172|AAAAAAAAMKAAAAAA|1997-10-27|1999-10-27|Automatic, black developments get thus new profits. Chemicals describe widely similar temperatures. Easy features used to emphasize different |0.83|0.41|8007003|"brandnameless #3"|7|hockey|8|Sports|500|barbaranti|N/A|37462828207snow54269|spring|Cup|Unknown|13|ableationought
173|AAAAAAAAMKAAAAAA|1999-10-28|2001-10-26|Automatic, black developments get thus new profits. Chemicals describe widely similar temperatures. Easy features used to emphasize different |1.75|0.41|8007003|"amalgimporto #2"|1|accessories|2|Men|500|barbaranti|medium|37462828207snow54269|yellow|Carton|Unknown|5|priationought
174|AAAAAAAAMKAAAAAA|2001-10-27||Relatively southern strings b|0.65|0.41|10011005|"amalgamalgamalg #5"|1|disk drives|10|Electronics|187|barbaranti|N/A|7515523148saddle4100|royal|Tbl|Unknown|49|eseationought
175|AAAAAAAAPKAAAAAA|1997-10-27||Wearily current subjects will see; entirely invisible councillors know beautiful, dead years. Automatic regulations may embrace surely. Alone reliable wives might keep officially achievements. Ec|1.26|1.10|5003002|"exportischolar #2"|3|pop|5|Music|162|ablecallyought|N/A|21564186709rosy92718|sienna|Carton|Unknown|96|antiationought
176|AAAAAAAAALAAAAAA|1997-10-27|2000-10-26|Days might not attend in a aspects. American members ought to continue near seats. Islamic, dramatic spirits will not take yet for a horses. Alone, other parties coul|2.65|0.82|1004001|"edu packamalg #1"|4|swimwear|1|Women|555|antiantianti|small|blanched299858609106|turquoise|Box|Unknown|21|callyationought
177|AAAAAAAAALAAAAAA|2000-10-27||Effects acquire into a concepts. High left laws know sound, military sciences. Vividly proud rights go previous procedures. Men could receive heavy, english clients. Journalists ought|5.14|0.82|1004001|"exportischolar #2"|3|pop|5|Music|210|baroughtable|N/A|powder08406639813698|sandy|Pallet|Unknown|90|ationationought
178|AAAAAAAACLAAAAAA|1997-10-27|1999-10-27|Eyes appreciate political yards. Constant, awful eyes could c|2.40|1.34|6011003|"amalgbrand #3"|11|semi-precious|6|Jewelry|889|n steingeing|N/A|4481959153turquoise8|yellow|Pallet|Unknown|22|eingationought
179|AAAAAAAACLAAAAAA|1999-10-28|2001-10-26|Eyes appreciate political yards. Constant, awful eyes could c|64.48|1.34|6011003|"edu packscholar #2"|4|classical|5|Music|451|oughtantiese|N/A|891243146gainsboro40|sienna|Ounce|Unknown|3|n stationought
180|AAAAAAAACLAAAAAA|2001-10-27||Eyes appreciate political yards. Constant, awful eyes could c|1.71|1.34|6011003|"edu packunivamalg #1"|4|sports|9|Books|451|oughtantiese|N/A|891243146gainsboro40|rose|Dozen|Unknown|12|bareingought
181|AAAAAAAAFLAAAAAA|1997-10-27||||8.83|9007002|"brandmaxi #2"|||||395|antin stpri|||gainsboro||Unknown|44|oughteingought
182|AAAAAAAAGLAAAAAA|1997-10-27|2000-10-26|Cards will blame rights. Indeed charming |4.18|1.79|2001001|"amalgimporto #1"|1|accessories|2|Men|362|ablecallypri|petite|39pale92633362585227|frosted|Ton|Unknown|38|ableeingought
183|AAAAAAAAGLAAAAAA|2000-10-27||Cards will blame rights. Indeed charming |1.71|1.21|2001001|"importomaxi #4"|1|guns|8|Sports|174|eseationought|N/A|39pale92633362585227|violet|Gross|Unknown|88|prieingought
184|AAAAAAAAILAAAAAA|1997-10-27|1999-10-27|Free, important periods think to a personnel; even local troops embody young companies. Plans activate ger|9.54|5.34|6009001|"maxicorp #1"|9|womens watch|6|Jewelry|134|esepriought|N/A|467378646031steel463|saddle|Ton|Unknown|38|eseeingought
185|AAAAAAAAILAAAAAA|1999-10-28|2001-10-26|Early other men avoid during a candidates; employees would not recognize actually clients. Frequent, excellent months cannot cover minutes; safely c|0.61|0.21|10002016|"importounivamalg #16"|2|camcorders|10|Electronics|482|esepriought|N/A|8290007840488violet4|steel|Ounce|Unknown|7|antieingought
186|AAAAAAAAILAAAAAA|2001-10-27||Early other men avoid during a candidates; employees would not recognize actually clients. Frequent, excellent months cannot cover minutes; safely c|5.49|2.58|5003001|"exportischolar #1"|3|pop|5|Music|755|antiantiation|N/A|452511812purple82388|white|N/A|Unknown|32|callyeingought
187|AAAAAAAALLAAAAAA|1997-10-27||Benefits may show only goods. More economic issues may fetch then human, political pilots. British, appropriate friends must make. Cultural forces believe. Much obvious numbers make rough|0.79|0.66|8008008|"namelessnameless #8"|8|outdoor|8|Sports|357|ationantipri|N/A|3808935134563violet5|red|Cup|Unknown|52|ationeingought
188|AAAAAAAAMLAAAAAA|1997-10-27|2000-10-26|Very national teams shall not treat as important remaining details. Outdoor, good calls would not say. Various, unpleasant plants will not pass legal, final courts. Likely, |0.47|0.34|9015009|"scholarunivamalg #9"|15|fiction|9|Books|356|callyantipri|N/A|691782violet07508613|peach|Oz|Unknown|30|eingeingought
189|AAAAAAAAMLAAAAAA|2000-10-27||Very national teams shall not treat as important remaining details. Outdoor, good calls would not say. Various, unpleasant plants will not pass legal, final courts. Likely, |2.56|2.04|3003002|"exportiexporti #2"|15|toddlers|3|Children|976|callyantipri|medium|pale4861170198505910|ghost|Ounce|Unknown|18|n steingought
190|AAAAAAAAOLAAAAAA|1997-10-27|1999-10-27|Sufficient, net procedures help also live spots. Reluctant, traditional|0.56|0.33|1001001|"amalgamalg #1"|1|dresses|1|Women|46|callyese|extra large|5339734678spring7135|snow|Lb|Unknown|61|barn stought
191|AAAAAAAAOLAAAAAA|1999-10-28|2001-10-26|Small edges would become islamic railways; concerns promote much religious indians. Able theories will not contact yesterday hidden places. Rules enable years. |7.98|0.33|9008012|"namelessmaxi #12"|1|romance|9|Books|71|callyese|N/A|150070grey7073669006|medium|Tsp|Unknown|39|oughtn stought
192|AAAAAAAAOLAAAAAA|2001-10-27||Small edges would become islamic railways; concerns promote much religious indians. Able theories will not contact yesterday hidden places. Rules enable years. |7.27|0.33|9008012|"exportiamalgamalg #6"|1|stereo|10|Electronics|240|callyese|N/A|gainsboro69994063300|white|N/A|Unknown|14|ablen stought
193|AAAAAAAABMAAAAAA|1997-10-27||Red organizations could not cope long environmental responses. Inc, quick individua|8.71|5.74|2003002|"exportiimporto #2"|3|pants|2|Men|315|antioughtpri|extra large|tomato44748132495276|linen|Dram|Unknown|43|prin stought
194|AAAAAAAACMAAAAAA|1997-10-27|2000-10-26|Stupid towns say elements. Much important|7.56|6.12|10005008|"scholarunivamalg #8"|5|karoke|10|Electronics|77|ationation|N/A|6011681512121saddle5|spring|Dram|Unknown|48|esen stought
195|AAAAAAAACMAAAAAA|2000-10-27||Stupid towns say elements. Much important|0.64|6.12|1004002|"edu packamalg #2"|5|swimwear|1|Women|77|ationation|extra large|6011681512121saddle5|pale|Gram|Unknown|22|antin stought
196|AAAAAAAAEMAAAAAA|1997-10-27|1999-10-27|Quite genuine thousands make now upon a ministers. Good, linear accounts shall not like important details. Specific aspirations can push as by the shoulders. Capable procedure|3.56|1.13|2001001|"amalgimporto #1"|1|accessories|2|Men|959|n stantin st|petite|4magenta541709629259|tomato|Oz|Unknown|18|callyn stought
197|AAAAAAAAEMAAAAAA|1999-10-28|2001-10-26|Quite genuine thousands make now upon a ministers. Good, linear accounts shall not like important details. Specific aspirations can push as by the shoulders. Capable procedure|8.75|1.13|4003002|"exportiedu pack #2"|3|kids|4|Shoes|959|n stantin st|extra large|236510seashell180553|sandy|Dram|Unknown|72|ationn stought
198|AAAAAAAAEMAAAAAA|2001-10-27||Quite genuine thousands make now upon a ministers. Good, linear accounts shall not like important details. Specific aspirations can push as by the shoulders. Capable procedure|2.36|1.13|4003002|"scholarcorp #7"|5|earings|6|Jewelry|637|n stantin st|N/A|plum9048494167000421|sandy|Tsp|Unknown|16|eingn stought
199|AAAAAAAAHMAAAAAA|1997-10-27||Soon international terms ask expensive words. Japanese minutes take usually. Yesterday unfair sheets |2.18|1.67|3001002|"amalgexporti #2"|1|newborn|3|Children|534|eseprianti|large|7789411722red8975274|sandy|Each|Unknown|15|n stn stought
200|AAAAAAAAIMAAAAAA|1997-10-27|2000-10-26|Brothers must not mean true companies. Ways watch really social, atomic years. Sorts establish|3.46|1.86|1001001|"amalgamalg #1"|1|dresses|1|Women|40|barese|petite|2716533822785red5386|saddle|N/A|Unknown|36|barbarable
201|AAAAAAAAIMAAAAAA|2000-10-27||More guilty cars act. Useful activities avoid; previous, sensitive supporters c|29.47|1.86|1001001|"amalgscholar #2"|1|rock|5|Music|40|barese|N/A|082sienna17917347780|white|Tbl|Unknown|3|oughtbarable
202|AAAAAAAAKMAAAAAA|1997-10-27|1999-10-27|Conservative women ought to beat positions. Agai|0.19|0.11|9002011|"importomaxi #11"|2|business|9|Books|606|callybarcally|N/A|6018white60521707778|tan|Carton|Unknown|8|ablebarable
203|AAAAAAAAKMAAAAAA|1999-10-28|2001-10-26|Conservative women ought to beat positions. Agai|9.32|7.73|8010004|"univmaxi #4"|10|pools|8|Sports|606|callybarcally|N/A|7433460salmon8618156|red|Tsp|Unknown|64|pribarable
204|AAAAAAAAKMAAAAAA|2001-10-27||Also commercial parts need now in a studies; there usual letters would get cold, positive services. Again grim activities appear only extraordina|0.76|0.44|8010004|"exporticorp #5"|3|gold|6|Jewelry|606|callybarcally|N/A|6021381329862rosy996|yellow|Ton|Unknown|88|esebarable
205|AAAAAAAANMAAAAAA|1997-10-27||Very detailed points can mention then. Miles could not know very as a inhabitants. Still nearb|7.30|5.98|9006002|"corpmaxi #2"|6|parenting|9|Books|555|antiantianti|N/A|80752pink14160524098|lemon|Each|Unknown|15|antibarable
206|AAAAAAAAOMAAAAAA|1997-10-27|2000-10-26|Different ages should read other, greek camps|4.22|3.67|4004001|"edu packedu pack #1"|4|athletic|4|Shoes|480|bareingese|medium|168273936007peru3651|tan|Unknown|Unknown|49|callybarable
207|AAAAAAAAOMAAAAAA|2000-10-27||Rooms would find by a horses. Talks shall replace before. Cities may examine; urgent parties could give un|3.14|3.67|10008004|"namelessunivamalg #4"|4|scanners|10|Electronics|179|bareingese|N/A|361737yellow20988791|spring|Tsp|Unknown|43|ationbarable
208|AAAAAAAAANAAAAAA|1997-10-27|1999-10-27|Small theories will not push. Old groups would turn for example wholly good times. Just civil considerations might sort even houses. Local attitudes meet aware reasons. Much capable respects sh|94.12|46.11|6009001|"maxicorp #1"|9|womens watch|6|Jewelry|231|oughtpriable|N/A|18wheat2077093825181|cream|Dram|Unknown|20|eingbarable
209|AAAAAAAAANAAAAAA|1999-10-28|2001-10-26|All japanese techniques might go; volunt|5.62|3.48|2002002|"importoimporto #2"|9|shirts|2|Men|123|oughtpriable|petite|18wheat2077093825181|thistle|Cup|Unknown|8|n stbarable
210|AAAAAAAAANAAAAAA|2001-10-27||Guards cope as for the eyes. Simple, available pools might lighten yesterday of course right stories. As good as civil patterns |0.93|0.30|2002002|"exportiamalg #1"|9|maternity|1|Women|501|oughtpriable|small|18wheat2077093825181|sky|Ton|Unknown|23|baroughtable
211|AAAAAAAADNAAAAAA|1997-10-27||Almost other days come then nice, ready tools. Expected flats can destroy now new, damp creatures. Possib|1.83|1.53|1002002|"importoamalg #2"|2|fragrances|1|Women|489|n steingese|large|20085181818seashell5|sienna|Lb|Unknown|8|oughtoughtable
212|AAAAAAAAENAAAAAA|1997-10-27|2000-10-26|Systems should work. Hours would think already however very cases. Dependent, old children admit infinitely; equations |0.52|0.27|4002001|"importoedu pack #1"|2|mens|4|Shoes|328|eingablepri|petite|8292406spring3241191|blue|Ounce|Unknown|31|ableoughtable
213|AAAAAAAAENAAAAAA|2000-10-27||Systems should work. Hours would think already however very cases. Dependent, old children admit infinitely; equations |0.10|0.27|5003002|"exportischolar #2"|3|pop|5|Music|328|eingablepri|N/A|359856150696sienna68|papaya|Each|Unknown|14|prioughtable
214|AAAAAAAAGNAAAAAA|1997-10-27|1999-10-27|There other others could not think happily |7.22|5.34|1003001|"exportiamalg #1"|3|maternity|1|Women|628|eingablecally|medium|021523548340sienna97|tan|Cup|Unknown|64|eseoughtable
215|AAAAAAAAGNAAAAAA|1999-10-28|2001-10-26|Therefore significant ideas stop commentators. New, black trees make local, important shops. Days think more |9.77|5.34|1003001|"amalgmaxi #6"|11|archery|8|Sports|628|eingablecally|N/A|929000697103295grey1|peach|N/A|Unknown|24|antioughtable
216|AAAAAAAAGNAAAAAA|2001-10-27||Delicate, historical flowers enjoy to a offers. Problems shall not take actual females. Left problems ought to com|3.20|2.81|1003001|"univbrand #1"|10|jewelry boxes|6|Jewelry|298|eingablecally|N/A|5tan7644927746820241|pale|Lb|Unknown|33|callyoughtable
217|AAAAAAAAJNAAAAAA|1997-10-27||Special, so-called things talk clinical claims. Global, certain departments should say prices; clearly sudden expenses feel moving winds. More financial years could pro|3.09|1.32|1001002|"amalgamalg #2"|1|dresses|1|Women|130|barpriought|petite|424581496magenta8642|tan|Dram|Unknown|5|ationoughtable
218|AAAAAAAAKNAAAAAA|1997-10-27|2000-10-26|Labour, scottish jobs shall not vary international, blue cases; as rural deaths realise into the children; good owners would create currently. As increasing stones se|0.21|0.17|4004001|"edu packedu pack #1"|4|athletic|4|Shoes|236|callypriable|medium|3322pink553480836581|violet|Carton|Unknown|21|eingoughtable
219|AAAAAAAAKNAAAAAA|2000-10-27||Big |0.55|0.17|4004001|"importoimporto #2"|2|shirts|2|Men|236|callypriable|extra large|6899maroon9824483501|red|Dram|Unknown|71|n stoughtable
220|AAAAAAAAMNAAAAAA|1997-10-27|1999-10-27|Twin, dead beans must sit contributions. Short rema|1.58|0.96|3001001|"amalgexporti #1"|1|newborn|3|Children|47|ationese|N/A|975755169439peach541|olive|Unknown|Unknown|7|barableable
221|AAAAAAAAMNAAAAAA|1999-10-28|2001-10-26|Strong procedures assert of course. Goods |6.03|0.96|3001001|"edu packimporto #2"|4|sports-apparel|2|Men|744|ationese|petite|975755169439peach541|bisque|Lb|Unknown|48|oughtableable
222|AAAAAAAAMNAAAAAA|2001-10-27||Strong procedures assert of course. Goods |3.36|0.96|3001001|"importoimporto #1"|4|shirts|2|Men|599|ationese|petite|975755169439peach541|powder|Cup|Unknown|11|ableableable
223|AAAAAAAAPNAAAAAA|1997-10-27||Common cha|5.87|2.23|8008004|"namelessnameless #4"|8|outdoor|8|Sports|296|callyn stable|N/A|72lawn27392367307805|saddle|Each|Unknown|76|priableable
224|AAAAAAAAAOAAAAAA|1997-10-27|2000-10-26|Trials become there; levels go. Groups talk as for the fields. Parts help into a entries. So large matters watch too global chips. Troops sh|1.67|0.65|1004001|"edu packamalg #1"|4|swimwear|1|Women|684|eseeingcally|medium|1220624750823snow585|sienna|Dozen|Unknown|6|eseableable
225|AAAAAAAAAOAAAAAA|2000-10-27||Actual, new cases provide activities. Personal beaches eat much|5.35|3.79|1004001|"importomaxi #6"|4|guns|8|Sports|628|eseeingcally|N/A|312815257steel364357|sky|Each|Unknown|82|antiableable
226|AAAAAAAACOAAAAAA|1997-10-27|1999-10-27|Lect|3.19|2.52|6007003|"brandcorp #3"|7|pendants|6|Jewelry|52|ableanti|N/A|48lawn56390265147812|purple|Tbl|Unknown|32|callyableable
227|AAAAAAAACOAAAAAA|1999-10-28|2001-10-26|British, dutch shares shall investigate arguably ago national standards; forever chief others move for instanc|10.44|3.34|6007003|"corpunivamalg #12"|16|mystery|9|Books|52|ableanti|N/A|48lawn56390265147812|indian|Dozen|Unknown|43|ationableable
228|AAAAAAAACOAAAAAA|2001-10-27||Highly possible hours accomplish communist, enormous cars. Other individuals use twice. Angry cards might announce forward victorian, deep police. Angry, new arrang|1.51|3.34|2004001|"edu packimporto #1"|4|sports-apparel|2|Men|184|eseeingought|large|61363367421tan709916|salmon|Bunch|Unknown|83|eingableable
229|AAAAAAAAFOAAAAAA|1997-10-27||Inevitably general children must focus|3.20|1.92|7005010|"scholarbrand #10"|5|blinds/shades|7|Home|223|priableable|N/A|3434377762orange3498|orange|Gross|Unknown|61|n stableable
230|AAAAAAAAGOAAAAAA|1997-10-27|2000-10-26|Accused mistakes will not watch ju|8.08|6.22|5001001|"amalgscholar #1"|1|rock|5|Music|69|n stcally|N/A|184944299256rosy4295|spring|Case|Unknown|42|barpriable
231|AAAAAAAAGOAAAAAA|2000-10-27||Accused mistakes will not watch ju|3.72|2.52|5001001|"exportiamalg #2"|1|maternity|1|Women|323|priablepri|medium|184944299256rosy4295|yellow|Case|Unknown|67|oughtpriable
232|AAAAAAAAIOAAAAAA|1997-10-27|1999-10-27|Normal critics become continuous, interesting numbers. Judges used to bypass sure parts. Activities go distinctive, eng|6.93|5.61|10003012|"exportiunivamalg #12"|3|dvd/vcr players|10|Electronics|69|n stcally|N/A|507912730819482cyan8|slate|Dozen|Unknown|34|ablepriable
233|AAAAAAAAIOAAAAAA|1999-10-28|2001-10-26|Terms will not protect shares. Peculiar tools should examine much deep targets. Others could talk then. Problems keep hard aspects. Necessary, afraid clubs achieve other, married links. |4.60|3.49|5004002|"edu packscholar #2"|3|classical|5|Music|69|n stcally|N/A|903067063navajo01813|pale|Cup|Unknown|15|pripriable
234|AAAAAAAAIOAAAAAA|2001-10-27||Unquestionably administrative years shall laugh unsuccessfully bad changes. Immediate, strange jobs may discover hard vital parties. Internal things ca|22.87|17.60|3004001|"edu packexporti #1"|3|school-uniforms|3|Children|66|callycally|extra large|903067063navajo01813|red|Case|Unknown|43|esepriable
235|AAAAAAAALOAAAAAA|1997-10-27||Files m|4.08|1.59|5001002|"amalgscholar #2"|1|rock|5|Music|787|ationeingation|N/A|82758slate7493890161|hot|Bundle|Unknown|35|antipriable
236|AAAAAAAAMOAAAAAA|1997-10-27|2000-10-26|Industries feel however. Domestic statements slide firms. European figures must plead now strong languages. Dangerous meetings set toda|0.75|0.23|9008009|"namelessmaxi #9"|8|romance|9|Books|214|eseoughtable|N/A|84221grey66634204128|plum|Tsp|Unknown|31|callypriable
237|AAAAAAAAMOAAAAAA|2000-10-27||Industries feel however. Domestic statements slide firms. European figures must plead now strong languages. Dangerous meetings set toda|3.03|1.69|3002002|"importoexporti #2"|2|infants|3|Children|214|eseoughtable|medium|46967503078391wheat2|slate|Ounce|Unknown|34|ationpriable
238|AAAAAAAAOOAAAAAA|1997-10-27|1999-10-27|Previously recent expectations win over true minutes. Extra perc|2.39|2.03|7014009|"edu packnameless #9"|14|glassware|7|Home|119|n stoughtought|N/A|591424451360467snow5|rosy|Gross|Unknown|39|eingpriable
239|AAAAAAAAOOAAAAAA|1999-10-28|2001-10-26|Problems like much environmental eyes. Psychological reasons would drop to a members. Yesterday efficient communities would not put very. Silent girls|84.29|2.03|9002012|"importomaxi #12"|14|business|9|Books|119|n stoughtought|N/A|25361164164navajo871|wheat|Oz|Unknown|51|n stpriable
240|AAAAAAAAOOAAAAAA|2001-10-27||Problems like much environmental eyes. Psychological reasons would drop to a members. Yesterday efficient communities would not put very. Silent girls|95.10|85.59|8005001|"scholarnameless #1"|14|fitness|8|Sports|259|n stantiable|N/A|25361164164navajo871|maroon|Bunch|Unknown|26|bareseable
241|AAAAAAAABPAAAAAA|1997-10-27||Industries should sugg|6.32|5.30|1003002|"exportiamalg #2"|3|maternity|1|Women|186|callyeingought|large|594808puff9459247227|metallic|Each|Unknown|84|oughteseable
242|AAAAAAAACPAAAAAA|1997-10-27|2000-10-26|At all lengthy sales must not restore poor, clean calculations; also alone inves|1.76|0.59|8001003|"amalgnameless #3"|1|athletic shoes|8|Sports|426|callyableese|N/A|63164196ghost9368362|orchid|Bundle|Unknown|17|ableeseable
243|AAAAAAAACPAAAAAA|2000-10-27||Problems call brutally miserable blocks; very effective organisations make hours. Concerned, social children explore surely studies; occupations give growing bodies. Years|3.92|3.09|8001003|"amalgimporto #2"|1|accessories|2|Men|426|callyableese|small|63164196ghost9368362|lavender|Tbl|Unknown|62|prieseable
244|AAAAAAAAEPAAAAAA|1997-10-27|1999-10-27|Individu|3.20|1.12|6002005|"importocorp #5"|2|diamonds|6|Jewelry|307|ationbarpri|N/A|2674632416330yellow0|turquoise|Dram|Unknown|11|eseeseable
245|AAAAAAAAEPAAAAAA|1999-10-28|2001-10-26|Calmly ancient matters mean probably relevant guests. Solid gentlemen shall attract more during a benefits. New intervi|2.23|1.12|10012008|"importoamalgamalg #8"|2|monitors|10|Electronics|307|ationbarpri|N/A|782295701khaki660450|seashell|Ounce|Unknown|60|antieseable
246|AAAAAAAAEPAAAAAA|2001-10-27||Reduced residents must keep only english, real points. Future cells pick more urban, american negotiations. Often wonderful producers would send servant|3.67|2.12|10012008|"amalgbrand #7"|2|semi-precious|6|Jewelry|307|ationbarpri|N/A|782295701khaki660450|tan|Bunch|Unknown|37|callyeseable
247|AAAAAAAAHPAAAAAA|1997-10-27||Low types may help wholly with a families. Now reasonable forms would not put slowly towards a nights. So legal organisers wear hence good members. Properly pink bits may|7.85|2.59|10016010|"corpamalgamalg #10"|16|wireless|10|Electronics|729|n stableation|N/A|5960624803798purple9|rose|Unknown|Unknown|62|ationeseable
248|AAAAAAAAIPAAAAAA|1997-10-27|2000-10-26|Free, seri|5.38|4.41|10005011|"scholarunivamalg #11"|5|karoke|10|Electronics|224|eseableable|N/A|5234724gainsboro7872|powder|Pound|Unknown|87|eingeseable
249|AAAAAAAAIPAAAAAA|2000-10-27||Dogs form young, famous costs. Necessary, likely|2.23|4.41|10005011|"amalgscholar #2"|1|rock|5|Music|1|ought|N/A|614001401navajo13713|puff|Cup|Unknown|4|n steseable
250|AAAAAAAAKPAAAAAA|1997-10-27|1999-10-27|Flowers suffer following, subst|4.16|2.16|9010011|"univunivamalg #11"|10|travel|9|Books|353|priantipri|N/A|13red045403600847741|peach|Ton|Unknown|20|barantiable
251|AAAAAAAAKPAAAAAA|1999-10-28|2001-10-26|Flowers suffer following, subst|2.33|2.16|8007002|"brandnameless #2"|7|hockey|8|Sports|353|priantipri|N/A|13red045403600847741|peach|Gross|Unknown|15|oughtantiable
252|AAAAAAAAKPAAAAAA|2001-10-27||Flowers suffer following, subst|6.62|2.16|7012003|"importonameless #3"|7|paint|7|Home|353|priantipri|N/A|6516576651739lemon19|yellow|Each|Unknown|31|ableantiable
253|AAAAAAAANPAAAAAA|1997-10-27||Certainly great elections could teach by a proj|3.17|2.69|10012016|"importoamalgamalg #16"|12|monitors|10|Electronics|251|oughtantiable|N/A|1522991thistle900959|lemon|Carton|Unknown|33|priantiable
254|AAAAAAAAOPAAAAAA|1997-10-27|2000-10-26|International offices shake actual ministers. New, liable th|7.75|6.20|1004001|"edu packamalg #1"|4|swimwear|1|Women|128|eingableought|small|smoke080642460106961|blue|Carton|Unknown|24|eseantiable
255|AAAAAAAAOPAAAAAA|2000-10-27||International offices shake actual ministers. New, liable th|2.33|6.20|1004001|"exportiexporti #2"|3|toddlers|3|Children|128|eingableought|petite|564891sky83777798795|ivory|Bundle|Unknown|8|antiantiable
256|AAAAAAAAAABAAAAA|1997-10-27|1999-10-27|Also other c|5.57|4.95|2004001|"edu packimporto #1"|4|sports-apparel|2|Men|234|esepriable|medium|01550385766448red518|navajo|Case|Unknown|23|callyantiable
257|AAAAAAAAAABAAAAA|1999-10-28|2001-10-26|Also other c|4.23|4.95|6013002|"exportibrand #2"|13|loose stones|6|Jewelry|294|esen stable|N/A|1835448603moccasin02|red|Unknown|Unknown|20|ationantiable
258|AAAAAAAAAABAAAAA|2001-10-27||Significantly commercial animals live once financial savings. Then very others will not regard already military, short-term statements. Bombs might not love|7.47|3.58|6013002|"amalgexporti #1"|1|newborn|3|Children|68|esen stable|medium|1835448603moccasin02|yellow|Box|Unknown|24|eingantiable
259|AAAAAAAADABAAAAA|1997-10-27||Principles must apply potential, important views. Systems watch other, free wages. Moral, soft restrictions will not offer less intimate things. Now fresh |3.88|3.22|6012004|"importobrand #4"|12|costume|6|Jewelry|723|priableation|N/A|05633linen9918718601|olive|Bundle|Unknown|6|n stantiable
260|AAAAAAAAEABAAAAA|1997-10-27|2000-10-26|Perfectly conventional women cannot treat silver areas. Again remaining samples shall not detect however black capitalist results. Other books should not touch. Rich men learn es|8.91|7.03|5002001|"importoscholar #1"|2|country|5|Music|455|antiantiese|N/A|609319red56600167059|white|Dram|Unknown|30|barcallyable
261|AAAAAAAAEABAAAAA|2000-10-27||Perfectly conventional women cannot treat silver areas. Again remaining samples shall not detect however black capitalist results. Other books should not touch. Rich men learn es|3.14|7.03|5002001|"edu packunivamalg #7"|2|audio|10|Electronics|185|antieingought|N/A|609319red56600167059|plum|Tbl|Unknown|90|oughtcallyable
262|AAAAAAAAGABAAAAA|1997-10-27|1999-10-27|Years should eat relatively rates. |5.27|2.58|2004001|"edu packimporto #1"|4|sports-apparel|2|Men|230|barpriable|large|85257580521floral058|yellow|Box|Unknown|4|ablecallyable
263|AAAAAAAAGABAAAAA|1999-10-28|2001-10-26|Years should eat relatively rates. |1.78|2.58|2004001|"importoamalg #2"|4|fragrances|1|Women|39|n stpri|large|59916375seashell8745|olive|Bunch|Unknown|61|pricallyable
264|AAAAAAAAGABAAAAA|2001-10-27||Canadian institutions will not allow by a areas. Nuclear proposals come purely underway essenti|4.93|2.58|10014010|"edu packamalgamalg #10"|14|automotive|10|Electronics|133|n stpri|N/A|834138637442787mint4|papaya|Carton|Unknown|40|esecallyable
265|AAAAAAAAJABAAAAA|1997-10-27||Financial days used to become quite international children. Rec|9.59|4.21|3001002|"amalgexporti #2"|1|newborn|3|Children|516|callyoughtanti|petite|1364slate61538544545|moccasin|Case|Unknown|22|anticallyable
266|AAAAAAAAKABAAAAA|1997-10-27|2000-10-26|Certainly difficult fields like for a fields. Old, ideal committees should experiment out of a messages. Hearts see geo|8.59|3.09|7013007|"exportinameless #7"|13|wallpaper|7|Home|655|antiantically|N/A|335954985022saddle42|steel|Pallet|Unknown|58|callycallyable
267|AAAAAAAAKABAAAAA|2000-10-27||Cases gain social, magic intervals. Relations would know well claims. Still special cloud|3.19|1.75|2003002|"exportiimporto #2"|3|pants|2|Men|655|antiantically|large|84825dark52722597153|cornflower|Cup|Unknown|48|ationcallyable
268|AAAAAAAAMABAAAAA|1997-10-27|1999-10-27|Children argue naturally already unable thanks. Low cars improve either light, powerful tools. Lar|3.73|2.38|9016005|"corpunivamalg #5"|16|mystery|9|Books|396|callyn stpri|N/A|0grey124114540707696|sandy|Case|Unknown|42|eingcallyable
269|AAAAAAAAMABAAAAA|1999-10-28|2001-10-26|Children argue naturally already unable thanks. Low cars improve either light, powerful tools. Lar|7.67|2.38|3003002|"exportiexporti #2"|3|toddlers|3|Children|19|n stought|petite|0grey124114540707696|magenta|Carton|Unknown|6|n stcallyable
270|AAAAAAAAMABAAAAA|2001-10-27||Proceedings might rest long bills. Entire pages ought to increase perhaps disciplines. Western, gothic au|3.60|3.24|5001001|"amalgscholar #1"|1|rock|5|Music|75|antiation|N/A|0grey124114540707696|spring|Oz|Unknown|27|barationable
271|AAAAAAAAPABAAAAA|1997-10-27||Houses could explain nicely different agents; admittedly magnetic conventions may control blue, essential links. Possible|8.24|6.83|6006008|"corpcorp #8"|6|rings|6|Jewelry|617|ationoughtcally|N/A|73tan655356331467436|smoke|Cup|Unknown|55|oughtationable
272|AAAAAAAAABBAAAAA|1997-10-27|2000-10-26|Benefits used to influence a little fields. There foreign figures must know radically new patients. American, genetic workers deter special, other boys; local|1.71|0.73|7016003|"corpnameless #3"|16|furniture|7|Home|334|esepripri|N/A|9042826olive01283904|beige|Carton|Unknown|25|ableationable
273|AAAAAAAAABBAAAAA|2000-10-27||Benefits used to influence a little fields. There foreign figures must know radically new patients. American, genetic workers deter special, other boys; local|1.09|0.73|8014004|"edu packmaxi #4"|14|tennis|8|Sports|659|n stantically|N/A|9042826olive01283904|linen|Box|Unknown|12|priationable
274|AAAAAAAACBBAAAAA|1997-10-27|1999-10-27|Lovely teachers would demo|4.69|2.11|7016005|"corpnameless #5"|16|furniture|7|Home|24|eseable|N/A|2367312516887violet3|bisque|Tbl|Unknown|57|eseationable
275|AAAAAAAACBBAAAAA|1999-10-28|2001-10-26|Offices could build mainly sometimes stupid schools. Long global standards could not smooth isolated components. Proud, hi|2.87|2.11|4003002|"exportiedu pack #2"|3|kids|4|Shoes|337|ationpripri|extra large|2367312516887violet3|wheat|Tsp|Unknown|7|antiationable
276|AAAAAAAACBBAAAAA|2001-10-27||Afra|22.57|14.44|4003002|"maximaxi #1"|9|science|9|Books|49|ationpripri|N/A|2367312516887violet3|yellow|Bundle|Unknown|59|callyationable
277|AAAAAAAAFBBAAAAA|1997-10-27||Owners restore very ancient, new themes. Possible millions used to carry op|3.83|3.29|8006008|"corpnameless #8"|6|football|8|Sports|263|pricallyable|N/A|73735pink87366381451|pink|Dozen|Unknown|61|ationationable
278|AAAAAAAAGBBAAAAA|1997-10-27|2000-10-26|Still early stones |3.09|1.23|1002001|"importoamalg #1"|2|fragrances|1|Women|185|antieingought|extra large|738601turquoise14472|ghost|Tbl|Unknown|7|eingationable
279|AAAAAAAAGBBAAAAA|2000-10-27||Famous decisions must provide rather yet unlikely thanks. Little feelings bypass human pains; following, full elections might not appease easier wrong, coloured stud|78.10|1.23|1002001|"corpbrand #8"|2|consignment|6|Jewelry|185|antieingought|N/A|738601turquoise14472|khaki|Pound|Unknown|31|n stationable
280|AAAAAAAAIBBAAAAA|1997-10-27|1999-10-27|Revolutionary masses ought to lie heads. Communications could understand especially traditional others. Free, high doubts c|1.94|1.24|1004001|"edu packamalg #1"|4|swimwear|1|Women|193|prin stought|large|892542900110peach662|peru|Gross|Unknown|48|bareingable
281|AAAAAAAAIBBAAAAA|1999-10-28|2001-10-26|Revolutionary masses ought to lie heads. Communications could understand especially traditional others. Free, high doubts c|6.58|5.06|1004001|"importoedu pack #2"|4|mens|4|Shoes|193|prin stought|small|299peach166881059973|sienna|Bunch|Unknown|32|oughteingable
282|AAAAAAAAIBBAAAAA|2001-10-27||Revolutionary masses ought to lie heads. Communications could understand especially traditional others. Free, high doubts c|9.01|5.06|7013003|"exportinameless #3"|13|wallpaper|7|Home|193|prin stought|N/A|28steel2198281283728|burnished|Unknown|Unknown|21|ableeingable
283|AAAAAAAALBBAAAAA|1997-10-27||Democrats pay papers. Moving, conventional seats could not mind instead. Alone activit|9.13|4.56|7008004|"namelessbrand #4"|8|lighting|7|Home|2|able|N/A|93373282354846lime66|white|Pound|Unknown|26|prieingable
284|AAAAAAAAMBBAAAAA|1997-10-27|2000-10-26|Simply final countries appear however. Effects act too. Lucky, severe women know at the ears. Originally post-war groups acquire |0.55|0.35|2001001|"amalgimporto #1"|1|accessories|2|Men|411|oughtoughtese|large|64007298636linen4745|seashell|Gram|Unknown|56|eseeingable
285|AAAAAAAAMBBAAAAA|2000-10-27||Simply final countries appear however. Effects act too. Lucky, severe women know at the ears. Originally post-war groups acquire |1.62|1.36|2001001|"brandmaxi #10"|7|reference|9|Books|85|oughtoughtese|N/A|6peru102139590060195|tomato|Dram|Unknown|40|antieingable
286|AAAAAAAAOBBAAAAA|1997-10-27|1999-10-27|Reasonable, parliamentary fires could|1.21|0.65|8015007|"scholarmaxi #7"|15|fishing|8|Sports|158|eingantiought|N/A|372283661yellow86872|smoke|Cup|Unknown|36|callyeingable
287|AAAAAAAAOBBAAAAA|1999-10-28|2001-10-26|Reasonable, parliamentary fires could|2.68|0.65|8015007|"corpmaxi #8"|16|golf|8|Sports|516|eingantiought|N/A|372283661yellow86872|powder|Gram|Unknown|54|ationeingable
288|AAAAAAAAOBBAAAAA|2001-10-27||Reasonable, parliamentary fires could|3.60|0.65|3001001|"amalgexporti #1"|16|newborn|3|Children|557|eingantiought|small|372283661yellow86872|coral|Bundle|Unknown|26|eingeingable
289|AAAAAAAABCBAAAAA|1997-10-27||New, low teachers cannot leave just front letters. Perhaps light c|0.40|0.31|10001001|"amalgunivamalg #1"|1|cameras|10|Electronics|542|ableeseanti|N/A|357641903582navajo03|yellow|Dozen|Unknown|6|n steingable
290|AAAAAAAACCBAAAAA|1997-10-27|2000-10-26|Businesses shall like. Concerned, brief languages read. As wrong parties form long about other loans. Possible times forget cultural flowers; so usual households|4.58|1.37|1003001|"exportiamalg #1"|3|maternity|1|Women|117|ationoughtought|extra large|0slate57355855755988|peach|Ton|Unknown|12|barn stable
291|AAAAAAAACCBAAAAA|2000-10-27||Businesses shall like. Concerned, brief languages read. As wrong parties form long about other loans. Possible times forget cultural flowers; so usual households|1.92|1.37|1003001|"edu packamalg #2"|3|swimwear|1|Women|117|ationoughtought|petite|0slate57355855755988|misty|Tsp|Unknown|4|oughtn stable
292|AAAAAAAAECBAAAAA|1997-10-27|1999-10-27|Commentators will jump also as well civil programmes; living participants |1.95|0.72|2003001|"exportiimporto #1"|3|pants|2|Men|788|eingeingation|large|14455682425912azure1|pink|Pound|Unknown|25|ablen stable
293|AAAAAAAAECBAAAAA|1999-10-28|2001-10-26|Commentators will jump also as well civil programmes; living participants |8.20|6.56|2003001|"amalgexporti #2"|1|newborn|3|Children|788|eingeingation|petite|14455682425912azure1|papaya|Pound|Unknown|58|prin stable
294|AAAAAAAAECBAAAAA|2001-10-27||Commentators will jump also as well civil programmes; living participants |6.13|2.26|2003001|"exportiimporto #1"|1|pants|2|Men|788|eingeingation|large|02853pink77898526698|tan|Dozen|Unknown|32|esen stable
295|AAAAAAAAHCBAAAAA|1997-10-27||Foods cannot affirm yet across a actions. Complex, light students must not come very full criteria. Serious problems vary in the funds. Old schools must avoid yet main facilities; ago major skills |6.20|2.04|2002002|"importoimporto #2"|2|shirts|2|Men|183|prieingought|small|0008504716687mint313|puff|Ton|Unknown|75|antin stable
296|AAAAAAAAICBAAAAA|1997-10-27|2000-10-26|Arrangements feed frequently. New persons shall resign of course to a lights. Gradually big countries press only for a police; democratic unions should occur shortly studies. Old, direct problems |4.30|3.31|3002001|"importoexporti #1"|2|infants|3|Children|441|oughteseese|medium|527tomato69263375688|sky|Bunch|Unknown|21|callyn stable
297|AAAAAAAAICBAAAAA|2000-10-27||Serious, general amounts take actually years. Angry, coming hands could give current, existing plants. Female bodies must remember male objects. Present flights oppose; western members must lea|5.35|3.31|4001002|"amalgedu pack #2"|2|womens|4|Shoes|441|oughteseese|large|853drab1204970512637|spring|Bunch|Unknown|32|ationn stable
298|AAAAAAAAKCBAAAAA|1997-10-27|1999-10-27|Activities come huge, enormous days. Basic, warm results would not burn years. So prime churches get for instance industri|4.91|1.57|2004001|"edu packimporto #1"|4|sports-apparel|2|Men|15|antiought|medium|48607712695plum18028|purple|Case|Unknown|10|eingn stable
299|AAAAAAAAKCBAAAAA|1999-10-28|2001-10-26|Activities come huge, enormous days. Basic, warm results would not burn years. So prime churches get for instance industri|0.26|1.57|2002002|"importoimporto #2"|4|shirts|2|Men|15|antiought|medium|2559006702646spring1|tomato|Unknown|Unknown|17|n stn stable
300|AAAAAAAAKCBAAAAA|2001-10-27||Activities come huge, enormous days. Basic, warm results would not burn years. So prime churches get for instance industri|90.90|34.54|1003001|"exportiamalg #1"|4|maternity|1|Women|15|antiought|petite|483tan21232794064796|green|Bundle|Unknown|64|barbarpri
301|AAAAAAAANCBAAAAA|1997-10-27||Considerable points shall get far; nationwide very refugees reduce very genuine police. Much rational volunteers can show ends; scottish, secondary le|26.01|14.30|6007006|"brandcorp #6"|7|pendants|6|Jewelry|35|antipri|N/A|steel025649618513128|peru|Dozen|Unknown|13|oughtbarpri
302|AAAAAAAAOCBAAAAA|1997-10-27|2000-10-26|Still personal jobs could not forget. Available customers will seem |2.60|1.35|1004001|"edu packamalg #1"|4|swimwear|1|Women|286|callyeingable|medium|98224147037orange430|turquoise|Dram|Unknown|52|ablebarpri
303|AAAAAAAAOCBAAAAA|2000-10-27||Busy, new classes speak also new limitations. Finally beautifu|4.38|2.14|1004001|"scholarmaxi #4"|4|history|9|Books|286|callyeingable|N/A|92677573883white2644|seashell|Bundle|Unknown|22|pribarpri
304|AAAAAAAAADBAAAAA|1997-10-27|1999-10-27|High, unchanged accountants could live. Internal, dif|90.93|73.65|2003001|"exportiimporto #1"|3|pants|2|Men|143|prieseought|economy|papaya14222093875529|red|Dozen|Unknown|90|esebarpri
305|AAAAAAAAADBAAAAA|1999-10-28|2001-10-26|High, unchanged accountants could live. Internal, dif|2.26|73.65|10011017|"amalgamalgamalg #17"|3|disk drives|10|Electronics|143|prieseought|N/A|80peach5223195157892|sandy|Pallet|Unknown|3|antibarpri
306|AAAAAAAAADBAAAAA|2001-10-27||High, unchanged accountants could live. Internal, dif|0.68|0.55|5004001|"edu packscholar #1"|4|classical|5|Music|143|prieseought|N/A|5857sandy05500849287|orchid|Lb|Unknown|43|callybarpri
307|AAAAAAAADDBAAAAA|1997-10-27||Scientists shall reduce. As small records may give again cases. Consistent, stupid scales should swa|9.48|8.15|5003002|"exportischolar #2"|3|pop|5|Music|88|eingeing|N/A|37878504navy58659978|goldenrod|Oz|Unknown|7|ationbarpri
308|AAAAAAAAEDBAAAAA|1997-10-27|2000-10-26|Clearly financial fe|0.26|0.20|4003001|"exportiedu pack #1"|3|kids|4|Shoes|173|priationought|medium|166sky52768479855875|thistle|N/A|Unknown|60|eingbarpri
309|AAAAAAAAEDBAAAAA|2000-10-27||Green sites accord yet clear ears. In order high actors support there fit companies. Tired, similar others may prevent simply sharp elements. Cells say subjects. Nev|0.36|0.20|4003001|"edu packimporto #2"|4|sports-apparel|2|Men|301|oughtbarpri|medium|166sky52768479855875|metallic|Gram|Unknown|15|n stbarpri
310|AAAAAAAAGDBAAAAA|1997-10-27|1999-10-27|Persistent, american fingers phone however. Independent, clear groups shall work in order. As young decisions suffer admittedly other, dominant humans. Also simple months may make here toxic lines. |6.49|2.20|2004001|"edu packimporto #1"|4|sports-apparel|2|Men|264|esecallyable|medium|8617682924cream33579|rose|Carton|Unknown|24|baroughtpri
311|AAAAAAAAGDBAAAAA|1999-10-28|2001-10-26|Efficiently old schools will keep in a laws; notable, inevitable systems market so other industries. Systems cannot move |3.48|1.11|2004001|"brandmaxi #12"|4|reference|9|Books|264|esecallyable|N/A|9564716970979blue025|sienna|Oz|Unknown|58|oughtoughtpri
312|AAAAAAAAGDBAAAAA|2001-10-27||Efficiently old schools will keep in a laws; notable, inevitable systems market so other industries. Systems cannot move |9.50|5.22|2004001|"edu packimporto #1"|4|sports-apparel|2|Men|415|esecallyable|N/A|9564716970979blue025|slate|Gross|Unknown|10|ableoughtpri
313|AAAAAAAAJDBAAAAA|1997-10-27||Working, good members should not cope more policies. O|98.44|67.92|6013002|"exportibrand #2"|13|loose stones|6|Jewelry|594|esen stanti|N/A|1289948154yellow1331|purple|Dram|Unknown|9|prioughtpri
314|AAAAAAAAKDBAAAAA|1997-10-27|2000-10-26|New ages shall not offer exactly actions. Working honours must not go previously. Christians stay; plain nations look assumptions. Advisers mean old, supreme|62.76|35.14|5002001|"importoscholar #1"|2|country|5|Music|111|oughtoughtought|N/A|93984246228pink89071|beige|Dram|Unknown|11|eseoughtpri
315|AAAAAAAAKDBAAAAA|2000-10-27||New ages shall not offer exactly actions. Working honours must not go previously. Christians stay; plain nations look assumptions. Advisers mean old, supreme|2.43|1.38|5002001|"importoimporto #2"|2|shirts|2|Men|111|oughtoughtought|small|128788sienna52147191|rose|Ton|Unknown|100|antioughtpri
316|AAAAAAAAMDBAAAAA|1997-10-27|1999-10-27|Awards think bitt|9.82|7.95|2003001|"exportiimporto #1"|3|pants|2|Men|177|ationationought|extra large|752030422011thistle0|grey|Case|Unknown|15|callyoughtpri
317|AAAAAAAAMDBAAAAA|1999-10-28|2001-10-26|Awards think bitt|5.46|7.95|10003012|"exportiunivamalg #12"|3|dvd/vcr players|10|Electronics|431|oughtpriese|N/A|purple08554896223394|powder|Bunch|Unknown|5|ationoughtpri
318|AAAAAAAAMDBAAAAA|2001-10-27||Awards think bitt|9.98|7.95|10003012|"amalgamalgamalg #13"|11|disk drives|10|Electronics|45|antiese|N/A|790630maroon83014291|pale|Dozen|Unknown|88|eingoughtpri
319|AAAAAAAAPDBAAAAA|1997-10-27||Poor, serious years help bare, great days. Wide institutions detach carefully needs. Supreme models find almost new changes. Businesses assume just even experimental words. Mos|0.45|0.33|8001010|"amalgnameless #10"|1|athletic shoes|8|Sports|453|priantiese|N/A|755446849plum4810256|puff|Case|Unknown|63|n stoughtpri
320|AAAAAAAAAEBAAAAA|1997-10-27|2000-10-26|Young, old females |7.37|3.16|5004001|"edu packscholar #1"|4|classical|5|Music|409|n stbarese|N/A|10704rose02193822958|papaya|Gross|Unknown|26|barablepri
321|AAAAAAAAAEBAAAAA|2000-10-27||Very silly males stare already hard, high humans. Sure, leading miles can continue birds. More negative opportunities should not fall very electric wide names. Heavy, scientif|5.38|2.58|3003002|"exportiexporti #2"|3|toddlers|3|Children|889|n steingeing|N/A|10704rose02193822958|misty|Cup|Unknown|32|oughtablepri
322|AAAAAAAACEBAAAAA|1997-10-27|1999-10-27|Specifically traditional police deal|8.74|6.64|6015003|"scholarbrand #3"|15|custom|6|Jewelry|158|eingantiought|N/A|78035464809papaya114|almond|Oz|Unknown|17|ableablepri
323|AAAAAAAACEBAAAAA|1999-10-28|2001-10-26|Normally local representatives deal again colours. Endless g|5.72|6.64|4001002|"amalgedu pack #2"|1|womens|4|Shoes|810|eingantiought|medium|26484305slate4888380|floral|Tbl|Unknown|32|priablepri
324|AAAAAAAACEBAAAAA|2001-10-27||Normally local representatives deal again colours. Endless g|0.83|0.31|4001002|"importomaxi #1"|2|business|9|Books|810|eingantiought|N/A|749946220turquoise18|lime|Pallet|Unknown|72|eseablepri
325|AAAAAAAAFEBAAAAA|1997-10-27||Small, early knees meet strongly funds. Present levels give also key prices. Blank products choose frequently appropri|0.76|0.66|2004002|"edu packimporto #2"|4|sports-apparel|2|Men|343|priesepri|medium|3756026801azure90326|wheat|Unknown|Unknown|49|antiablepri
326|AAAAAAAAGEBAAAAA|1997-10-27|2000-10-26|Natural, mu|5.74|3.09|10014004|"edu packamalgamalg #4"|14|automotive|10|Electronics|26|callyable|N/A|08638466999thistle26|slate|Tbl|Unknown|60|callyablepri
327|AAAAAAAAGEBAAAAA|2000-10-27||Industrial, public things hear indeed at least environmental feet. About suitable patients should focus. Failures ought to equip very open songs; pa|44.99|35.09|10014004|"namelesscorp #8"|14|mens watch|6|Jewelry|26|callyable|N/A|0086646514pink233999|peru|Bundle|Unknown|22|ationablepri
328|AAAAAAAAIEBAAAAA|1997-10-27|1999-10-27|Apart deliberate technologies ought to counteract wi|6.76|5.67|1003001|"exportiamalg #1"|3|maternity|1|Women|555|antiantianti|medium|74539158saddle993245|goldenrod|Oz|Unknown|78|eingablepri
329|AAAAAAAAIEBAAAAA|1999-10-28|2001-10-26|Apart deliberate technologies ought to counteract wi|0.65|5.67|2001002|"amalgimporto #2"|3|accessories|2|Men|13|antiantianti|medium|810800013291dodger66|red|Dozen|Unknown|11|n stablepri
330|AAAAAAAAIEBAAAAA|2001-10-27||Huge, popular vehicles call. Often careful bills manage later he|3.65|5.67|3003001|"exportiexporti #1"|3|toddlers|3|Children|13|priought|small|810800013291dodger66|plum|Pallet|Unknown|18|barpripri
331|AAAAAAAALEBAAAAA|1997-10-27||Figures solve. Real, prime enemies shall put certainly nasty, personal steps. Even modern forms see; new, interesting men enjoy then sure times. Able, practical produ|5.37|4.51|3001002|"amalgexporti #2"|1|newborn|3|Children|780|bareingation|medium|57873671164127olive9|tomato|N/A|Unknown|2|oughtpripri
332|AAAAAAAAMEBAAAAA|1997-10-27|2000-10-26|Social men enter neither under outside proceedings. Fresh films will not get sheets. Quantities put measures. Also presid|0.12|0.07|2001001|"amalgimporto #1"|1|accessories|2|Men|285|antieingable|N/A|9459snow611711995790|plum|Cup|Unknown|20|ablepripri
333|AAAAAAAAMEBAAAAA|2000-10-27||Therefore young matches ought to turn important doubts. Re|5.82|0.07|9009010|"maximaxi #10"|1|science|9|Books|503|pribaranti|N/A|6851337419574plum306|midnight|Gram|Unknown|18|pripripri
334|AAAAAAAAOEBAAAAA|1997-10-27|1999-10-27|Over different children would provide successfully important international forms; well particular birds list in order. Horses used to pay never cert|1.94|0.79|7015005|"scholarnameless #5"|15|tables|7|Home|329|n stablepri|N/A|212427590436hot25320|indian|Cup|Unknown|4|esepripri
335|AAAAAAAAOEBAAAAA|1999-10-28|2001-10-26|Prime, long years ought to announce only then dark parts. Equations tell sure historic, little cups. Too valid songs bear potential users. Habits would resist most easier important cards. P|1.10|0.82|9011012|"amalgunivamalg #12"|11|cooking|9|Books|329|n stablepri|N/A|212427590436hot25320|papaya|Carton|Unknown|24|antipripri
336|AAAAAAAAOEBAAAAA|2001-10-27||Foreign demands should work none the less bare men. Possibilities can offer situations; marginal, high years can represent local, revolutionary problems|3.23|0.82|2003001|"exportiimporto #1"|3|pants|2|Men|329|n stablepri|extra large|212427590436hot25320|turquoise|Dram|Unknown|11|callypripri
337|AAAAAAAABFBAAAAA|1997-10-27||Adult memories get still conventional pp.. Interested, aware companies issue constantly with a bills. Thus high months admire necessarily to a children. Big, select volunteers|9.37|4.87|5004002|"edu packscholar #2"|4|classical|5|Music|369|n stcallypri|N/A|574683912087wheat170|sky|Bunch|Unknown|64|ationpripri
338|AAAAAAAACFBAAAAA|1997-10-27|2000-10-26|So other questions cannot fit better for the users. Employees|3.51|1.54|4004001|"edu packedu pack #1"|4|athletic|4|Shoes|504|esebaranti|economy|114845323959violet91|cornsilk|Ton|Unknown|31|eingpripri
339|AAAAAAAACFBAAAAA|2000-10-27||So other questions cannot fit better for the users. Employees|4.73|1.54|8008010|"namelessnameless #10"|4|outdoor|8|Sports|167|ationcallyought|N/A|114845323959violet91|thistle|Bunch|Unknown|2|n stpripri
340|AAAAAAAAEFBAAAAA|1997-10-27|1999-10-27|Distinctly full students ought to remember semantic, only documents. Real, happy children shall de|4.18|3.21|1004001|"edu packamalg #1"|4|swimwear|1|Women|32|ablepri|small|midnight763927270618|rosy|Gross|Unknown|14|baresepri
341|AAAAAAAAEFBAAAAA|1999-10-28|2001-10-26|More new birds start colleagues. New, real hours should not limit now large years. So mediterranean materials see. Better personal words will recover also. W|3.87|3.21|1004001|"exportiunivamalg #6"|13|self-help|9|Books|32|ablepri|N/A|midnight763927270618|violet|Each|Unknown|18|oughtesepri
342|AAAAAAAAEFBAAAAA|2001-10-27||More new birds start colleagues. New, real hours should not limit now large years. So mediterranean materials see. Better personal words will recover also. W|4.08|2.28|1004001|"exportiunivamalg #3"|13|dvd/vcr players|10|Electronics|32|ablepri|N/A|seashell747054492251|pale|Bunch|Unknown|23|ableesepri
343|AAAAAAAAHFBAAAAA|1997-10-27||Difficult, ready masses ought to take tools. Attempts must receive immediately. Pilots s|38.26|22.19|9007008|"brandmaxi #8"|7|reference|9|Books|614|eseoughtcally|N/A|4060turquoise4725268|white|Case|Unknown|32|priesepri
344|AAAAAAAAIFBAAAAA|1997-10-27|2000-10-26|Political, white parents fit clients; diplomatic, useful students may see even level animals. As early boats work. Specific benefits see chairs. Only common tables tend never heads. Impossible, exis|8.32|4.57|5001001|"amalgscholar #1"|1|rock|5|Music|184|eseeingought|N/A|73thistle98610184223|rosy|Dozen|Unknown|27|eseesepri
345|AAAAAAAAIFBAAAAA|2000-10-27||Practical, weekly varieties bring etc particularly economic collections; babies could not see for instance central reductions. Readers inc|4.06|2.96|7014006|"edu packnameless #6"|14|glassware|7|Home|184|eseeingought|N/A|73thistle98610184223|peach|Unknown|Unknown|6|antiesepri
346|AAAAAAAAKFBAAAAA|1997-10-27|1999-10-27|Rooms believe then more public corners; real women cannot draw ever sure forms. Civil factors come much increasingly following restrictions. Perha|6.09|4.32|6009003|"maxicorp #3"|9|womens watch|6|Jewelry|172|ableationought|N/A|77907peru42815741354|maroon|Unknown|Unknown|30|callyesepri
347|AAAAAAAAKFBAAAAA|1999-10-28|2001-10-26|Rooms believe then more public corners; real women cannot draw ever sure forms. Civil factors come much increasingly following restrictions. Perha|31.32|26.62|8005008|"scholarnameless #8"|5|fitness|8|Sports|137|ableationought|N/A|0840319185506snow618|rose|Tbl|Unknown|7|ationesepri
348|AAAAAAAAKFBAAAAA|2001-10-27||Certain terms move as the funds. Unlikely signs hold later in a minutes. Simply personal troops|90.04|26.62|4001001|"amalgedu pack #1"|1|womens|4|Shoes|137|ableationought|extra large|7402424644085tomato0|lawn|Box|Unknown|10|eingesepri
349|AAAAAAAANFBAAAAA|1997-10-27||Today ill arguments sit developments; obvious, true processes should go direct eager, successful shares; leaders must come early; immediate men will want exactly young groups. Insects may ask na|0.63|0.22|3004002|"edu packexporti #2"|4|school-uniforms|3|Children|958|eingantin st|extra large|peach642949445238556|thistle|Ounce|Unknown|2|n stesepri
350|AAAAAAAAOFBAAAAA|1997-10-27|2000-10-26|Dependent, high weeks accept through an proposals. Ric|3.10|2.04|9016003|"corpunivamalg #3"|16|mystery|9|Books|746|callyeseation|N/A|9indian7907663133894|puff|Box|Unknown|72|barantipri
351|AAAAAAAAOFBAAAAA|2000-10-27||Dependent, high weeks accept through an proposals. Ric|4.21|1.81|9016003|"edu packunivamalg #12"|4|audio|10|Electronics|182|ableeingought|N/A|9indian7907663133894|purple|N/A|Unknown|5|oughtantipri
352|AAAAAAAAAGBAAAAA|1997-10-27|1999-10-27|Deliberately classical boards could see scientific problems. New, soviet places might not withdraw minds. Still friend|0.97|0.85|6015001|"scholarbrand #1"|15|custom|6|Jewelry|284|eseeingable|N/A|6452072gainsboro3048|tan|Pallet|Unknown|31|ableantipri
353|AAAAAAAAAGBAAAAA|1999-10-28|2001-10-26|Deliberately classical boards could see scientific problems. New, soviet places might not withdraw minds. Still friend|4.42|2.21|7015004|"scholarnameless #4"|15|tables|7|Home|284|eseeingable|N/A|07maroon366800454727|seashell|Unknown|Unknown|25|priantipri
354|AAAAAAAAAGBAAAAA|2001-10-27||Critical funds contact elsewhere police. Capitalist, average tonnes will create to a courts; financial, difficult women promote things. Finally |3.04|2.12|7003005|"exportibrand #5"|15|kids|7|Home|708|eseeingable|N/A|07maroon366800454727|magenta|Case|Unknown|44|eseantipri
355|AAAAAAAADGBAAAAA|1997-10-27||Thick, natural pounds used to get by a rights. Even strong|8.62|3.79|5001002|"amalgscholar #2"|1|rock|5|Music|61|oughtcally|N/A|47914puff75973722497|lawn|Bundle|Unknown|49|antiantipri
356|AAAAAAAAEGBAAAAA|1997-10-27|2000-10-26|Then central estimates can solve too central equal sentences; clear weeks join. Clean, remaining systems may not ask then terribly big affairs. Inevitably big pp. commen|7.82|6.25|7010007|"univnameless #7"|10|flatware|7|Home|361|oughtcallypri|N/A|3ivory66292628497509|wheat|Pallet|Unknown|32|callyantipri
357|AAAAAAAAEGBAAAAA|2000-10-27||Products stay mainly in place of a courses. Inevitable views expect sweetly sensitive miles. British cars sh|9.71|6.25|7010007|"importoimporto #2"|10|shirts|2|Men|456|oughtcallypri|large|3765368misty66785157|slate|Each|Unknown|77|ationantipri
358|AAAAAAAAGGBAAAAA|1997-10-27|1999-10-27|Australian countries disappear more low|3.75|1.91|8012009|"importomaxi #9"|12|guns|8|Sports|240|bareseable|N/A|0480523maroon5167523|puff|Unknown|Unknown|3|eingantipri
359|AAAAAAAAGGBAAAAA|1999-10-28|2001-10-26|Australian countries disappear more low|4.94|1.91|2002002|"importoimporto #2"|12|shirts|2|Men|240|bareseable|petite|0480523maroon5167523|rose|Tbl|Unknown|19|n stantipri
360|AAAAAAAAGGBAAAAA|2001-10-27||High rights could claim other books. Bad, financial rights could know left techn|1.22|0.93|2002002|"importoscholar #1"|12|country|5|Music|240|bareseable|N/A|0480523maroon5167523|saddle|Cup|Unknown|61|barcallypri
361|AAAAAAAAJGBAAAAA|1997-10-27||Upper items seek apparent scientists. Documents put again. Offices should not guess international laws. Women lose under men; proble|4.49|2.96|1002002|"importoamalg #2"|2|fragrances|1|Women|50|baranti|economy|333023664081sandy850|violet|Box|Unknown|8|oughtcallypri
362|AAAAAAAAKGBAAAAA|1997-10-27|2000-10-26|Important, scientific words replace sure united friends. Important areas list fresh, gross directions. Mild services leave sadly commercial, appropriate ju|5.60|4.92|9001003|"amalgmaxi #3"|1|arts|9|Books|64|esecally|N/A|993014582rosy6155717|snow|Case|Unknown|21|ablecallypri
363|AAAAAAAAKGBAAAAA|2000-10-27||Individual months defend yet basic, permanent jobs. Spectacular, growing groups pass channels; private, other ways attract mo|4.46|3.79|9001003|"amalgedu pack #2"|1|womens|4|Shoes|64|esecally|petite|156sandy255674199632|peru|Case|Unknown|23|pricallypri
364|AAAAAAAAMGBAAAAA|1997-10-27|1999-10-27|White trees grow simply. Then possible banks used to get happily unhappy accused minds. Very fires should touch then particular towns. National systems watch actively victorian papers. Con|8.58|6.34|9010005|"univunivamalg #5"|10|travel|9|Books|247|ationeseable|N/A|0407209907thistle219|sandy|Cup|Unknown|98|esecallypri
365|AAAAAAAAMGBAAAAA|1999-10-28|2001-10-26|White trees grow simply. Then possible banks used to get happily unhappy accused minds. Very fires should touch then particular towns. National systems watch actively victorian papers. Con|1.81|1.04|9010005|"amalgscholar #2"|1|rock|5|Music|411|oughtoughtese|N/A|0407209907thistle219|burlywood|Tbl|Unknown|44|anticallypri
366|AAAAAAAAMGBAAAAA|2001-10-27||Clear, fine lives fight well by a rates. Necessary, double women return normally initial, costly children. Provincial years become. Contexts will join in a politicians. Significant, nati|3.69|1.54|5003001|"exportischolar #1"|3|pop|5|Music|411|oughtoughtese|N/A|1134998617puff681044|pink|N/A|Unknown|26|callycallypri
367|AAAAAAAAPGBAAAAA|1997-10-27||Middle, wide actors drain. Other arms find. Exces|2.41|1.90|10001011|"amalgunivamalg #11"|1|cameras|10|Electronics|41|oughtese|N/A|089286khaki646993431|khaki|Pallet|Unknown|39|ationcallypri
368|AAAAAAAAAHBAAAAA|1997-10-27|2000-10-26|Other structures would not avoid ever reasonable terms. |22.00|18.70|4003001|"exportiedu pack #1"|3|kids|4|Shoes|364|esecallypri|small|5midnight41270234899|goldenrod|Ounce|Unknown|63|eingcallypri
369|AAAAAAAAAHBAAAAA|2000-10-27||Then capital years formulate. About sorry dangers help as out of the cars. Little customers perceive together eyes. Public, due spots attend interestingl|8.74|18.70|8009010|"maxinameless #10"|9|optics|8|Sports|585|antieinganti|N/A|127440189508rosy8160|tomato|Lb|Unknown|10|n stcallypri
370|AAAAAAAACHBAAAAA|1997-10-27|1999-10-27|Sec|2.13|1.32|8007001|"brandnameless #1"|7|hockey|8|Sports|519|n stoughtanti|N/A|8767101708maroon9119|snow|Gross|Unknown|31|barationpri
371|AAAAAAAACHBAAAAA|1999-10-28|2001-10-26|Most different funds stem too so as wide rates. Numerous members w|2.37|1.32|7010002|"univnameless #2"|7|flatware|7|Home|652|n stoughtanti|N/A|8767101708maroon9119|blanched|Each|Unknown|22|oughtationpri
372|AAAAAAAACHBAAAAA|2001-10-27||Numbers cheer well constant, wide lives. High managers might not alienate instead possible, young services. New, scientific studie|8.87|1.32|1001001|"amalgamalg #1"|1|dresses|1|Women|652|n stoughtanti|large|8767101708maroon9119|saddle|Cup|Unknown|17|ableationpri
373|AAAAAAAAFHBAAAAA|1997-10-27||More positive terms shall not change considerable waves; duties stimulate so in a germans. Real, general costs might send on the eyes. Electrical traders know on a rates. |13.01|11.31|1004002|"edu packamalg #2"|4|swimwear|1|Women|291|oughtn stable|medium|72489812343peru94287|pale|Box|Unknown|19|priationpri
374|AAAAAAAAGHBAAAAA|1997-10-27|2000-10-26|Advantages c|8.82|4.67|7011005|"amalgnameless #5"|11|accent|7|Home|599|n stn stanti|N/A|73318misty4680666307|magenta|Unknown|Unknown|21|eseationpri
375|AAAAAAAAGHBAAAAA|2000-10-27||Advantages c|1.28|1.08|10010002|"univamalgamalg #2"|10|memory|10|Electronics|21|n stn stanti|N/A|74940516027713rose05|moccasin|Oz|Unknown|5|antiationpri
376|AAAAAAAAIHBAAAAA|1997-10-27|1999-10-27|Regular, national eyes risk still responsible marks. Important clothes may provide. Conscious, major fires say clothes. Thorough, tremendous parents dig broad, little countries. Social, small el|4.10|1.88|3001001|"amalgexporti #1"|1|newborn|3|Children|475|antiationese|petite|786325021navy8234601|honeydew|Ounce|Unknown|25|callyationpri
377|AAAAAAAAIHBAAAAA|1999-10-28|2001-10-26|Regular, national eyes risk still responsible marks. Important clothes may provide. Conscious, major fires say clothes. Thorough, tremendous parents dig broad, little countries. Social, small el|4.49|3.50|3001001|"exportiimporto #2"|3|pants|2|Men|539|n stprianti|medium|876143965567salmon41|lavender|Tsp|Unknown|43|ationationpri
378|AAAAAAAAIHBAAAAA|2001-10-27||Regular, national eyes risk still responsible marks. Important clothes may provide. Conscious, major fires say clothes. Thorough, tremendous parents dig broad, little countries. Social, small el|1.05|3.50|3001001|"corpunivamalg #5"|6|musical|10|Electronics|301|oughtbarpri|N/A|876143965567salmon41|smoke|Case|Unknown|60|eingationpri
379|AAAAAAAALHBAAAAA|1997-10-27||Managers will join just off the hands. Electrical numbers play even. Ministers compete|9.68|4.16|10013006|"exportiamalgamalg #6"|13|stereo|10|Electronics|149|n steseought|N/A|2320507374751royal46|turquoise|Pallet|Unknown|20|n stationpri
380|AAAAAAAAMHBAAAAA|1997-10-27|2000-10-26|Just diverse churches guarantee so black tears. Aware, bold days believe wars. Also industrial performances would not|2.36|1.08|5003001|"exportischolar #1"|3|pop|5|Music|361|oughtcallypri|N/A|82057midnight0754094|sky|Dozen|Unknown|18|bareingpri
381|AAAAAAAAMHBAAAAA|2000-10-27||Base parts will save false various things. Difficult, pink guidelines justify so guilty demands. External, individual expressions think in an presents. Good, loca|5.19|4.20|5003001|"amalgscholar #2"|1|rock|5|Music|538|eingprianti|N/A|2090tomato6488047931|saddle|Unknown|Unknown|96|oughteingpri
382|AAAAAAAAOHBAAAAA|1997-10-27|1999-10-27|Old years hear effective, local men. Original names go above lo|7.32|3.14|1002001|"importoamalg #1"|2|fragrances|1|Women|3|pri|small|633blush810605637973|rose|Carton|Unknown|16|ableeingpri
383|AAAAAAAAOHBAAAAA|1999-10-28|2001-10-26|Firm, old rates use very. Currently upper conditions indicate much functions. Individual, importan|0.39|0.26|1002001|"corpbrand #4"|2|rugs|7|Home|3|pri|N/A|004783994457222mint9|mint|Tbl|Unknown|21|prieingpri
384|AAAAAAAAOHBAAAAA|2001-10-27||Firm, old rates use very. Currently upper conditions indicate much functions. Individual, importan|71.83|0.26|1002001|"amalgedu pack #1"|1|womens|4|Shoes|822|pri|extra large|004783994457222mint9|sienna|Each|Unknown|5|eseeingpri
385|AAAAAAAABIBAAAAA|1997-10-27||Participants think finally in a applications; commercial cases would want on|5.21|4.16|3003002|"exportiexporti #2"|3|toddlers|3|Children|169|n stcallyought|medium|177slate886919128933|hot|Bundle|Unknown|47|antieingpri
386|AAAAAAAACIBAAAAA|1997-10-27|2000-10-26|Correct concentrations might not come questions. Economic, pure shelves should track. Only, long feet might not like much |4.94|3.01|9005003|"scholarmaxi #3"|5|history|9|Books|605|antibarcally|N/A|497595papaya20050699|ivory|Bunch|Unknown|7|callyeingpri
387|AAAAAAAACIBAAAAA|2000-10-27||Correct concentrations might not come questions. Economic, pure shelves should track. Only, long feet might not like much |4.00|3.00|9005003|"importoedu pack #2"|5|mens|4|Shoes|605|antibarcally|medium|497595papaya20050699|slate|Cup|Unknown|24|ationeingpri
388|AAAAAAAAEIBAAAAA|1997-10-27|1999-10-27|Legal, eligible concessions take still however conservative profits. |0.82|0.50|9012005|"importounivamalg #5"|12|home repair|9|Books|929|n stablen st|N/A|548234dodger16010519|rose|Bunch|Unknown|20|eingeingpri
389|AAAAAAAAEIBAAAAA|1999-10-28|2001-10-26|Polite eyes cannot give like a waves; hands maintain yet against a gifts. Always full trends go|2.82|1.12|9012005|"amalgunivamalg #16"|12|cameras|10|Electronics|780|n stablen st|N/A|6058seashell02859053|dim|Gross|Unknown|36|n steingpri
390|AAAAAAAAEIBAAAAA|2001-10-27||Polite eyes cannot give like a waves; hands maintain yet against a gifts. Always full trends go|7.13|1.12|10016017|"corpamalgamalg #17"|12|wireless|10|Electronics|780|bareingation|N/A|913696rose8049233793|hot|Ton|Unknown|18|barn stpri
391|AAAAAAAAHIBAAAAA|1997-10-27||Separate, final curtains should drain useful birds. New, quiet systems improve open years. S|7.66|4.59|5004002|"edu packscholar #2"|4|classical|5|Music|649|n stesecally|N/A|6red3323904656492912|tan|Ton|Unknown|12|oughtn stpri
392|AAAAAAAAIIBAAAAA|1997-10-27|2000-10-26|Old, expected markets re|1.64|0.83|5001001|"amalgscholar #1"|1|rock|5|Music|376|callyationpri|N/A|31red327251631788059|rosy|N/A|Unknown|21|ablen stpri
393|AAAAAAAAIIBAAAAA|2000-10-27||Old, expected markets re|1.76|0.83|5001001|"importoexporti #2"|1|infants|3|Children|250|barantiable|petite|31red327251631788059|peach|Ton|Unknown|37|prin stpri
394|AAAAAAAAKIBAAAAA|1997-10-27|1999-10-27|Lengthy, expensive months appoint well high, american procedures. Important products take new, contemporary boundaries. Firm, possible expenses would intervene. Federal, dif|7.61|6.62|3003001|"exportiexporti #1"|3|toddlers|3|Children|103|pribarought|medium|5302violet5447065579|peru|N/A|Unknown|66|esen stpri
395|AAAAAAAAKIBAAAAA|1999-10-28|2001-10-26|Lengthy, expensive months appoint well high, american procedures. Important products take new, contemporary boundaries. Firm, possible expenses would intervene. Federal, dif|64.97|6.62|6004004|"edu packcorp #4"|4|bracelets|6|Jewelry|103|pribarought|N/A|247195470389719hot38|rose|Ton|Unknown|20|antin stpri
396|AAAAAAAAKIBAAAAA|2001-10-27||Legs examine young sets. Expressions might see forces. New issues must arrive less managers. Necessary, distant males qual|0.61|6.62|6004004|"amalgedu pack #1"|1|womens|4|Shoes|103|pribarought|extra large|3940tan4749280765450|peach|Case|Unknown|4|callyn stpri
397|AAAAAAAANIBAAAAA|1997-10-27||Open, real terms should avoid discussions. Just obvious adults will say strong, poor drawings. Very chains would allow never in the agencies; young, other funds allow|2.72|1.16|9001002|"amalgmaxi #2"|1|arts|9|Books|571|oughtationanti|N/A|485spring16382144259|moccasin|Dozen|Unknown|17|ationn stpri
398|AAAAAAAAOIBAAAAA|1997-10-27|2000-10-26|H|0.81|0.49|3004001|"edu packexporti #1"|4|school-uniforms|3|Children|862|ablecallyeing|large|6029113032purple3502|tan|Ounce|Unknown|79|eingn stpri
399|AAAAAAAAOIBAAAAA|2000-10-27||Legal, central employees look finally cultural animals; supporters fly fine great services. Reports determine often medical policies; bad, national stocks find; previous, short cl|6.48|0.49|3002002|"importoexporti #2"|2|infants|3|Children|845|antieseeing|medium|31647037423288rosy24|peach|Tsp|Unknown|17|n stn stpri
400|AAAAAAAAAJBAAAAA|1997-10-27|1999-10-27|Basic, recent languages would not care through a stations. Able, mature opportunities fight in a orig|1.24|0.84|4003001|"exportiedu pack #1"|3|kids|4|Shoes|88|eingeing|extra large|12520sandy1545342218|violet|Case|Unknown|10|barbarese
401|AAAAAAAAAJBAAAAA|1999-10-28|2001-10-26|Economic officers know. Responsible images occur old, other objects; individuals rebuild secret buildings. Responsible,|4.79|1.96|4003001|"edu packimporto #2"|4|sports-apparel|2|Men|88|eingeing|extra large|12520sandy1545342218|sandy|Oz|Unknown|30|oughtbarese
402|AAAAAAAAAJBAAAAA|2001-10-27||Sometimes brown details should not see; distinguished, level cars point further. Disciplinary doctors would cut over lands. Over prime words shall |9.01|1.96|8008003|"namelessnameless #3"|4|outdoor|8|Sports|88|eingeing|N/A|50860117400pale97244|yellow|Case|Unknown|15|ablebarese
403|AAAAAAAADJBAAAAA|1997-10-27||B|4.35|3.00|5002002|"importoscholar #2"|2|country|5|Music|792|ablen station|N/A|2seashell03715615841|sky|Carton|Unknown|30|pribarese
404|AAAAAAAAEJBAAAAA|1997-10-27|2000-10-26|Half traditional coun|2.52|0.78|1001001|"amalgamalg #1"|1|dresses|1|Women|260|barcallyable|large|4purple3907269179891|violet|Lb|Unknown|28|esebarese
405|AAAAAAAAEJBAAAAA|2000-10-27||Half traditional coun|1.50|0.55|4001002|"amalgedu pack #2"|1|womens|4|Shoes|185|barcallyable|extra large|593469925smoke964062|tomato|Pound|Unknown|2|antibarese
406|AAAAAAAAGJBAAAAA|1997-10-27|1999-10-27|Small things affect official principles; alone growing hundreds must like. Sides want meanwhile yesterday long men. Flowers feel animals. Currently p|3.91|3.47|10001016|"amalgunivamalg #16"|1|cameras|10|Electronics|55|antianti|N/A|393293navy3387773770|tan|Ton|Unknown|11|callybarese
407|AAAAAAAAGJBAAAAA|1999-10-28|2001-10-26|Small things affect official principles; alone growing hundreds must like. Sides want meanwhile yesterday long men. Flowers feel animals. Currently p|3.61|2.20|10001016|"edu packscholar #2"|1|classical|5|Music|948|antianti|N/A|7purple5382163676026|violet|Carton|Unknown|20|ationbarese
408|AAAAAAAAGJBAAAAA|2001-10-27||Small things affect official principles; alone growing hundreds must like. Sides want meanwhile yesterday long men. Flowers feel animals. Currently p|2.70|1.16|10001016|"exportibrand #9"|1|kids|7|Home|566|callycallyanti|N/A|212251wheat264259063|aquamarine|Unknown|Unknown|62|eingbarese
409|AAAAAAAAJJBAAAAA|1997-10-27||Sources can try already by a tests. Particul|58.51|48.56|3001002|"amalgexporti #2"|1|newborn|3|Children|747|ationeseation|economy|94523046smoke3358406|peru|Tsp|Unknown|33|n stbarese
410|AAAAAAAAKJBAAAAA|1997-10-27|2000-10-26|Other, free supporters could detail; sorry, other cases come at all di|0.90|0.34|6008003|"namelesscorp #3"|8|mens watch|6|Jewelry|567|ationcallyanti|N/A|59200238538coral8961|saddle|Each|Unknown|44|baroughtese
411|AAAAAAAAKJBAAAAA|2000-10-27||More young rocks may not love clearly in the windows. Rates shall mark burning, nice issues. Strong, conservative years put perfectly unions; open free implications watch |0.52|0.16|1004002|"edu packamalg #2"|4|swimwear|1|Women|452|ableantiese|medium|18ghost0204221421794|navajo|Unknown|Unknown|5|oughtoughtese
412|AAAAAAAAMJBAAAAA|1997-10-27|1999-10-27|Neither new votes might not design close old maps. Still national companies reduce |3.09|2.75|2003001|"exportiimporto #1"|3|pants|2|Men|261|oughtcallyable|large|400642peru0159888847|turquoise|Case|Unknown|42|ableoughtese
413|AAAAAAAAMJBAAAAA|1999-10-28|2001-10-26|As modest students put once good machines. Certain possibilities might not control increasingly dead, significant instructions. Then single m|0.42|0.15|10013006|"exportiamalgamalg #6"|3|stereo|10|Electronics|200|oughtcallyable|N/A|76turquoise177431048|hot|Cup|Unknown|22|prioughtese
414|AAAAAAAAMJBAAAAA|2001-10-27||Compet|8.27|0.15|10013006|"exportiimporto #1"|3|pants|2|Men|174|eseationought|extra large|76turquoise177431048|royal|Pallet|Unknown|29|eseoughtese
415|AAAAAAAAPJBAAAAA|1997-10-27||Issues rule so short circumstances. Imports avoid there now efficient drugs. Democrats co|5.65|3.05|2003002|"exportiimporto #2"|3|pants|2|Men|321|oughtablepri|medium|2floral5648062918316|spring|Carton|Unknown|88|antioughtese
416|AAAAAAAAAKBAAAAA|1997-10-27|2000-10-26|Relevant, different restrictions recover plus a years; ostensibly long indicators will sound mere|7.87|6.05|10007009|"brandunivamalg #9"|7|personal|10|Electronics|288|eingeingable|N/A|73732yellow790213423|orchid|Unknown|Unknown|25|callyoughtese
417|AAAAAAAAAKBAAAAA|2000-10-27||Relevant, different restrictions recover plus a years; ostensibly long indicators will sound mere|5.80|6.05|5004002|"edu packscholar #2"|4|classical|5|Music|35|antipri|N/A|73732yellow790213423|medium|Oz|Unknown|8|ationoughtese
418|AAAAAAAACKBAAAAA|1997-10-27|1999-10-27|Royal mammals may want agencies. Women start certainly; possible, cautious conservatives |3.35|1.00|10005011|"scholarunivamalg #11"|5|karoke|10|Electronics|229|n stableable|N/A|9seashell75724164695|floral|Ton|Unknown|33|eingoughtese
419|AAAAAAAACKBAAAAA|1999-10-28|2001-10-26|Different, firm plants i|1.85|1.00|4004002|"edu packedu pack #2"|4|athletic|4|Shoes|229|n stableable|petite|9seashell75724164695|puff|Tbl|Unknown|12|n stoughtese
420|AAAAAAAACKBAAAAA|2001-10-27||Well able loans could not |13.56|1.00|4004002|"amalgexporti #1"|4|newborn|3|Children|393|n stableable|medium|4947sky7179797400251|misty|Tbl|Unknown|37|barableese
421|AAAAAAAAFKBAAAAA|1997-10-27||Simple, oral schools try in a peoples; soviet, fam|5.70|2.56|10005014|"scholarunivamalg #14"|5|karoke|10|Electronics|578|eingationanti|N/A|568frosted1829918035|navajo|Ton|Unknown|66|oughtableese
422|AAAAAAAAGKBAAAAA|1997-10-27|2000-10-26|English, effective thousands make|1.87|1.08|7008003|"namelessbrand #3"|8|lighting|7|Home|207|ationbarable|N/A|6195firebrick9651914|tan|Pound|Unknown|9|ableableese
423|AAAAAAAAGKBAAAAA|2000-10-27||English, effective thousands make|3.50|1.08|7008003|"corpnameless #4"|16|furniture|7|Home|699|n stn stcally|N/A|6195firebrick9651914|thistle|Dram|Unknown|15|priableese
424|AAAAAAAAIKBAAAAA|1997-10-27|1999-10-27|Origins would occur for a unions. National workers must not take |4.05|2.87|6015001|"scholarbrand #1"|15|custom|6|Jewelry|536|callyprianti|N/A|287601pale1628838249|seashell|N/A|Unknown|28|eseableese
425|AAAAAAAAIKBAAAAA|1999-10-28|2001-10-26|Current years substitute all commercial, other blacks. Very dependent jo|94.88|2.87|6015001|"exportiedu pack #2"|3|kids|4|Shoes|537|ationprianti|N/A|287601pale1628838249|rose|N/A|Unknown|32|antiableese
426|AAAAAAAAIKBAAAAA|2001-10-27||Current years substitute all commercial, other blacks. Very dependent jo|0.18|2.87|5003001|"exportischolar #1"|3|pop|5|Music|537|ationprianti|N/A|89163697083dim654616|midnight|Box|Unknown|1|callyableese
427|AAAAAAAALKBAAAAA|1997-10-27||Negotiations should support afterwards about only times. Groups shall grow only also existing times. Right present schools ought to provide for a citizens; etc real friends will not satisfy to|4.45|2.09|3002002|"importoexporti #2"|2|infants|3|Children|47|ationese|small|37567seashell5452200|gainsboro|Gross|Unknown|44|ationableese
428|AAAAAAAAMKBAAAAA|1997-10-27|2000-10-26|Able applications will not pass anywhere firms. Possible, long procedures back rough, equal poin|2.19|1.59|3004001|"edu packexporti #1"|4|school-uniforms|3|Children|412|ableoughtese|medium|4259145903860white79|seashell|Case|Unknown|12|eingableese
429|AAAAAAAAMKBAAAAA|2000-10-27||Ladi|2.88|1.52|3004001|"importounivamalg #10"|4|home repair|9|Books|312|ableoughtese|N/A|4259145903860white79|yellow|N/A|Unknown|8|n stableese
430|AAAAAAAAOKBAAAAA|1997-10-27|1999-10-27|So different scenes may happen increasingly old, human rights; important, small years will increase. Social, familiar a|4.56|1.86|3003001|"exportiexporti #1"|3|toddlers|3|Children|741|oughteseation|medium|528176steel423638905|purple|Dram|Unknown|25|barpriese
431|AAAAAAAAOKBAAAAA|1999-10-28|2001-10-26|So different scenes may happen increasingly old, human rights; important, small years will increase. Social, familiar a|2.86|1.31|6013008|"exportibrand #8"|13|loose stones|6|Jewelry|332|oughteseation|N/A|528176steel423638905|plum|Cup|Unknown|88|oughtpriese
432|AAAAAAAAOKBAAAAA|2001-10-27||So different scenes may happen increasingly old, human rights; important, small years will increase. Social, familiar a|70.80|50.26|7006003|"corpbrand #3"|6|rugs|7|Home|295|oughteseation|N/A|528176steel423638905|thistle|Each|Unknown|30|ablepriese
433|AAAAAAAABLBAAAAA|1997-10-27||Special workers ought to grow dramatic|7.40|3.47|1003002|"exportiamalg #2"|3|maternity|1|Women|348|eingesepri|medium|4mint301311696134152|purple|Tbl|Unknown|46|pripriese
434|AAAAAAAACLBAAAAA|1997-10-27|2000-10-26|Foreign, successful books might see bri|3.00|1.83|9016003|"corpunivamalg #3"|16|mystery|9|Books|190|barn stought|N/A|137029thistle4941653|smoke|Carton|Unknown|54|esepriese
435|AAAAAAAACLBAAAAA|2000-10-27||Familiar ways teach economic, economic commitments. Areas view therefore prices. Good lands should point ho|6.94|5.34|5001002|"amalgscholar #2"|1|rock|5|Music|190|barn stought|N/A|137029thistle4941653|lavender|Box|Unknown|37|antipriese
436|AAAAAAAAELBAAAAA|1997-10-27|1999-10-27|Great, early forces determine. Possibly major departments cast more after a years. Very parliamentary homes|5.53|2.98|6003005|"exporticorp #5"|3|gold|6|Jewelry|95|antin st|N/A|0959751775880pale594|peach|Lb|Unknown|14|callypriese
437|AAAAAAAAELBAAAAA|1999-10-28|2001-10-26|Great, early forces determine. Possibly major departments cast more after a years. Very parliamentary homes|82.37|2.98|8016008|"corpmaxi #8"|16|golf|8|Sports|95|antin st|N/A|0959751775880pale594|thistle|Lb|Unknown|99|ationpriese
438|AAAAAAAAELBAAAAA|2001-10-27||Great, early forces determine. Possibly major departments cast more after a years. Very parliamentary homes|31.15|2.98|8016008|"edu packimporto #1"|4|sports-apparel|2|Men|95|antin st|petite|0959751775880pale594|dim|Box|Unknown|34|eingpriese
439|AAAAAAAAHLBAAAAA|1997-10-27||Benefits used to see in a reasons; upper, difficult poems fall vast cities; low, flat women go so. Intense windows may fit especially early owners. Holidays used to want sad, open measure|1.80|1.38|3002002|"importoexporti #2"|2|infants|3|Children|597|ationn stanti|medium|puff9060882261381408|tomato|Gram|Unknown|8|n stpriese
440|AAAAAAAAILBAAAAA|1997-10-27|2000-10-26|Physical, new visits make much in a days. Likely, complex backs want further governors; commonly extra facilities establish best available houses. Numerous, recen|3.16|1.20|4003001|"exportiedu pack #1"|3|kids|4|Shoes|162|ablecallyought|extra large|925tomato04959385650|peach|Case|Unknown|51|bareseese
441|AAAAAAAAILBAAAAA|2000-10-27||Physical, new visits make much in a days. Likely, complex backs want further governors; commonly extra facilities establish best available houses. Numerous, recen|6.44|1.20|5004002|"edu packscholar #2"|3|classical|5|Music|162|ablecallyought|N/A|925tomato04959385650|seashell|Ton|Unknown|42|oughteseese
442|AAAAAAAAKLBAAAAA|1997-10-27|1999-10-27|Important, boring women might teach yet clinical h|1.06|0.60|2003001|"exportiimporto #1"|3|pants|2|Men|500|barbaranti|large|859turquoise38072556|violet|Tbl|Unknown|45|ableeseese
443|AAAAAAAAKLBAAAAA|1999-10-28|2001-10-26|Important, boring women might teach yet clinical h|0.91|0.37|6009004|"maxicorp #4"|3|womens watch|6|Jewelry|500|barbaranti|N/A|363571smoke932660210|turquoise|Oz|Unknown|2|prieseese
444|AAAAAAAAKLBAAAAA|2001-10-27||Important, boring women might teach yet clinical h|3.85|1.34|6009004|"edu packimporto #1"|4|sports-apparel|2|Men|69|n stcally|petite|958188013801797pink1|pink|Box|Unknown|57|eseeseese
445|AAAAAAAANLBAAAAA|1997-10-27||International, low hospitals hear very domestic, social books. Detail|2.39|1.09|1002002|"importoamalg #2"|2|fragrances|1|Women|579|n stationanti|small|426567papaya60453844|purple|Ounce|Unknown|53|antieseese
446|AAAAAAAAOLBAAAAA|1997-10-27|2000-10-26|Religious, major talks shall not go perhaps more important methods. Abroad constitutional legs will fit again.|2.96|2.10|3002001|"importoexporti #1"|2|infants|3|Children|313|prioughtpri|small|28965320salmon422705|thistle|Unknown|Unknown|2|callyeseese
447|AAAAAAAAOLBAAAAA|2000-10-27||Religious, major talks shall not go perhaps more important methods. Abroad constitutional legs will fit again.|1.31|2.10|3002001|"exportiedu pack #2"|3|kids|4|Shoes|740|prioughtpri|extra large|28965320salmon422705|saddle|N/A|Unknown|40|ationeseese
448|AAAAAAAAAMBAAAAA|1997-10-27|1999-10-27|Fully important relationships excuse thin, necessary designers. Thus global measures can say acts. Close, essential months could not say of course in a secrets. Women may not calm superficial|1.93|1.33|2003001|"exportiimporto #1"|3|pants|2|Men|534|eseprianti|extra large|9navajo9697987811148|snow|Each|Unknown|19|eingeseese
449|AAAAAAAAAMBAAAAA|1999-10-28|2001-10-26|Fully important relationships excuse thin, necessary designers. Thus global measures can say acts. Close, essential months could not say of course in a secrets. Women may not calm superficial|0.68|1.33|2003001|"edu packunivamalg #8"|4|audio|10|Electronics|534|eseprianti|N/A|0024lemon33693876829|green|Box|Unknown|81|n steseese
450|AAAAAAAAAMBAAAAA|2001-10-27||Machines explore home scottish colours. Sales would not go rather than |4.59|1.79|2002001|"importoimporto #1"|4|shirts|2|Men|242|ableeseable|petite|0024lemon33693876829|thistle|Carton|Unknown|20|barantiese
451|AAAAAAAADMBAAAAA|1997-10-27||Original minutes build little due tonnes. Subject shares face completely likely numbers; internal questions can hear yesterday in a step|1.01|0.66|1003002|"exportiamalg #2"|3|maternity|1|Women|457|ationantiese|medium|8821803328499pale740|olive|Tbl|Unknown|33|oughtantiese
452|AAAAAAAAEMBAAAAA|1997-10-27|2000-10-26|Arms should not produce more. Mutual, heavy prices lead. Alone minimal effects cannot look pr|9.57|5.07|5004001|"edu packscholar #1"|4|classical|5|Music|767|ationcallyation|N/A|20078burnished236116|burlywood|Each|Unknown|28|ableantiese
453|AAAAAAAAEMBAAAAA|2000-10-27||Readily possible servants command without a women. Objectives should hold leaves. Details might want criminal, identical degrees. Other, good poems pull disproportionately effort|0.18|0.06|5004001|"corpunivamalg #10"|4|mystery|9|Books|767|ationcallyation|N/A|71645royal7527076865|midnight|Pallet|Unknown|5|priantiese
454|AAAAAAAAGMBAAAAA|1997-10-27|1999-10-27|Orders ought to call pure rules. Fatal problems would enter lakes. Reasons would not comply only necessary terms. Points make. Long final periods could slow only. Types would not take various christi|3.48|1.07|2002001|"importoimporto #1"|2|shirts|2|Men|145|antieseought|medium|1608436132orange1264|violet|Lb|Unknown|21|eseantiese
455|AAAAAAAAGMBAAAAA|1999-10-28|2001-10-26|Orders ought to call pure rules. Fatal problems would enter lakes. Reasons would not comply only necessary terms. Points make. Long final periods could slow only. Types would not take various christi|1.47|0.48|2002001|"edu packscholar #2"|4|classical|5|Music|514|antieseought|N/A|1608436132orange1264|red|Pound|Unknown|17|antiantiese
456|AAAAAAAAGMBAAAAA|2001-10-27||Orders ought to call pure rules. Fatal problems would enter lakes. Reasons would not comply only necessary terms. Points make. Long final periods could slow only. Types would not take various christi|81.39|36.62|2002001|"importoamalg #1"|4|fragrances|1|Women|514|antieseought|small|1608436132orange1264|tomato|Tbl|Unknown|72|callyantiese
457|AAAAAAAAJMBAAAAA|1997-10-27||Institutions should respond acts. Common, actual mammals would think inc|6.59|3.03|10015016|"scholaramalgamalg #16"|15|portable|10|Electronics|220|barableable|N/A|4rose588872790815117|ghost|Tbl|Unknown|20|ationantiese
458|AAAAAAAAKMBAAAAA|1997-10-27|2000-10-26|Aspects cope nervously cold metals. Wives should provide oral, concerned months. Low courts take real, formal indians. Perhaps ancient pp. produce diffe|1.53|1.16|4004001|"edu packedu pack #1"|4|athletic|4|Shoes|356|callyantipri|medium|359600604670sandy380|blanched|Dram|Unknown|88|eingantiese
459|AAAAAAAAKMBAAAAA|2000-10-27||Aspects cope nervously cold metals. Wives should provide oral, concerned months. Low courts take real, formal indians. Perhaps ancient pp. produce diffe|7.18|2.51|4004001|"brandbrand #10"|7|decor|7|Home|21|callyantipri|N/A|49870230195violet741|linen|Cup|Unknown|18|n stantiese
460|AAAAAAAAMMBAAAAA|1997-10-27|1999-10-27|Recent flowers should trace alike hard questions. Small areas could not give easy, enthusiastic ends. Obvious concessions shall relate never reasons. Italian, acute officers c|8.88|7.81|7004001|"edu packbrand #1"|4|curtains/drapes|7|Home|697|ationn stcally|N/A|405191lace2029086562|pink|Cup|Unknown|11|barcallyese
461|AAAAAAAAMMBAAAAA|1999-10-28|2001-10-26|Recent flowers should trace alike hard questions. Small areas could not give easy, enthusiastic ends. Obvious concessions shall relate never reasons. Italian, acute officers c|1.69|7.81|7004001|"maxinameless #2"|9|optics|8|Sports|697|ationn stcally|N/A|994912steel544531663|salmon|Ton|Unknown|30|oughtcallyese
462|AAAAAAAAMMBAAAAA||||5.94|||||athletic||Shoes||||puff4786359304786714|||Unknown|25|
463|AAAAAAAAPMBAAAAA|1997-10-27||Unlikely, interested chemicals control likely countries. Assistant, medical museums choose horses. Far fierce waters should touch significantly publishers. At first foreign entries may unde|8.79|4.65|9015008|"scholarunivamalg #8"|15|fiction|9|Books|600|barbarcally|N/A|52956snow54606141579|plum|Tbl|Unknown|33|pricallyese
464|AAAAAAAAANBAAAAA|1997-10-27|2000-10-26|Other times deal deeper for a samples. Public, cognitive words help part-time sons; new, obvious sorts like. For example willing birds shall not get farmers. Surprising years offer never automa|6.51|2.92|10006006|"corpunivamalg #6"|6|musical|10|Electronics|438|eingpriese|N/A|seashell895308225938|seashell|Gross|Unknown|3|esecallyese
465|AAAAAAAAANBAAAAA|2000-10-27||As respon|7.23|2.92|10006006|"exportiedu pack #2"|3|kids|4|Shoes|438|eingpriese|extra large|148228sky47696856728|pink|Lb|Unknown|57|anticallyese
466|AAAAAAAACNBAAAAA|1997-10-27|1999-10-27|Home black positions hold single, large leaders. Broad curtains should come clearly at the mistakes. Then various friends meet adverse things. New problems shall teach yet. Specified|2.39|1.45|6007003|"brandcorp #3"|7|pendants|6|Jewelry|20|barable|N/A|81923002714540sky696|pink|N/A|Unknown|1|callycallyese
467|AAAAAAAACNBAAAAA|1999-10-28|2001-10-26|Soft talks could not talk occasional, innocent principles. Great users spe|2.67|1.89|6007003|"exportischolar #2"|3|pop|5|Music|98|eingn st|N/A|81923002714540sky696|turquoise|Bunch|Unknown|32|ationcallyese
468|AAAAAAAACNBAAAAA|2001-10-27||Soft talks could not talk occasional, innocent principles. Great users spe|3.35|1.27|7013009|"exportinameless #9"|3|wallpaper|7|Home|285|eingn st|N/A|30377549salmon472457|azure|N/A|Unknown|97|eingcallyese
469|AAAAAAAAFNBAAAAA|1997-10-27||Superior years can need yesterday radical points. Brothers might not clear more. Seriously present armies can perform too main real residents. Rarely public contacts could lock |0.16|0.09|7016010|"corpnameless #10"|16|furniture|7|Home|444|eseeseese|N/A|7gainsboro4717358921|sandy|Ounce|Unknown|12|n stcallyese
470|AAAAAAAAGNBAAAAA|1997-10-27|2000-10-26|Under full visitors should not comfort below small, current cities; unexpected details visit yet irish, diplomatic men; current skills may share well new|1.34|1.01|3002001|"importoexporti #1"|2|infants|3|Children|146|callyeseought|extra large|60117almond253028359|papaya|Oz|Unknown|32|barationese
471|AAAAAAAAGNBAAAAA|2000-10-27||Under full visitors should not comfort below small, current cities; unexpected details visit yet irish, diplomatic men; current skills may share well new|9.69|7.84|3002001|"edu packimporto #2"|2|sports-apparel|2|Men|146|callyeseought|small|1saddle3053310034535|purple|Ton|Unknown|29|oughtationese
472|AAAAAAAAINBAAAAA|1997-10-27|1999-10-27|Heads invest never firms; single, expensive parents should place over. Able, relevant problems must not follow at all direct, rural countries. Just |2.26|0.67|6016001|"corpbrand #1"|16|consignment|6|Jewelry|615|antioughtcally|N/A|288182pale8062603045|salmon|Dozen|Unknown|16|ableationese
473|AAAAAAAAINBAAAAA|1999-10-28|2001-10-26|Heads invest never firms; single, expensive parents should place over. Able, relevant problems must not follow at all direct, rural countries. Just |0.89|0.70|6003002|"exporticorp #2"|16|gold|6|Jewelry|615|antioughtcally|N/A|299276251saddle50719|navajo|Unknown|Unknown|28|priationese
474|AAAAAAAAINBAAAAA|2001-10-27||Heads invest never firms; single, expensive parents should place over. Able, relevant problems must not follow at all direct, rural countries. Just |5.00|0.70|6004003|"edu packcorp #3"|4|bracelets|6|Jewelry|615|antioughtcally|N/A|50102yellow513976052|brown|Tsp|Unknown|17|eseationese
475|AAAAAAAALNBAAAAA|1997-10-27||Obviously illegal reasons face; usual leaves leave now to a businesses. Black, commerc|29.85|14.32|2001002|"amalgimporto #2"|1|accessories|2|Men|85|antieing|medium|80dodger339601017838|salmon|Ounce|Unknown|19|antiationese
476|AAAAAAAAMNBAAAAA|1997-10-27|2000-10-26|Western, pink |1.79|0.91|4004001|"edu packedu pack #1"|4|athletic|4|Shoes|318|eingoughtpri|medium|4yellow1543996381678|orange|Pound|Unknown|89|callyationese
477|AAAAAAAAMNBAAAAA|2000-10-27||Western, pink |7.37|0.91|4004001|"importoamalgamalg #2"|4|monitors|10|Electronics|318|eingoughtpri|N/A|4yellow1543996381678|sandy|Dram|Unknown|15|ationationese
478|AAAAAAAAONBAAAAA|1997-10-27|1999-10-27|Appointed patients enable specifically; possible circumstances must make. Video-taped, black paths throw totally producers; experimental docum|8.61|4.73|6003007|"exporticorp #7"|3|gold|6|Jewelry|743|prieseation|N/A|47102black2380092218|slate|Unknown|Unknown|3|eingationese
479|AAAAAAAAONBAAAAA|1999-10-28|2001-10-26|Appointed patients enable specifically; possible circumstances must make. Video-taped, black paths throw totally producers; experimental docum|2.41|2.04|6002008|"importocorp #8"|3|diamonds|6|Jewelry|743|prieseation|N/A|47102black2380092218|yellow|Bundle|Unknown|96|n stationese
480|AAAAAAAAONBAAAAA|2001-10-27||Fr|1.98|2.04|6002001|"importocorp #1"|2|diamonds|6|Jewelry|743|prieseation|N/A|47102black2380092218|white|Oz|Unknown|93|bareingese
481|AAAAAAAABOBAAAAA|1997-10-27||Solutions gain. Various shares create elsewhere. Specific, excellent police sa|2.38|1.90|9008002|"namelessmaxi #2"|8|romance|9|Books|219|n stoughtable|N/A|657798761turquoise08|puff|Dram|Unknown|60|oughteingese
482|AAAAAAAACOBAAAAA|1997-10-27|2000-10-26|Long considerable servants would prefe|1.79|0.66|4002001|"importoedu pack #1"|2|mens|4|Shoes|577|ationationanti|extra large|9886steel04175425265|khaki|Each|Unknown|22|ableeingese
483|AAAAAAAACOBAAAAA|2000-10-27||Statistical, sophisticated rebels writ|2.29|0.66|4002002|"importoedu pack #2"|2|mens|4|Shoes|255|ationationanti|N/A|9886steel04175425265|honeydew|Pound|Unknown|10|prieingese
484|AAAAAAAAEOBAAAAA|1997-10-27|1999-10-27|Under primary years ough|4.34|1.73|4002001|"importoedu pack #1"|2|mens|4|Shoes|300|barbarpri|medium|509dark7290887555951|misty|Unknown|Unknown|45|eseeingese
485|AAAAAAAAEOBAAAAA|1999-10-28|2001-10-26|Brief influences contribute by a times; vehicles prove reforms. Free, dry |8.43|2.86|4002001|"importocorp #6"|2|diamonds|6|Jewelry|300|barbarpri|N/A|509dark7290887555951|misty|Gram|Unknown|23|antieingese
486|AAAAAAAAEOBAAAAA|2001-10-27||Brief influences contribute by a times; vehicles prove reforms. Free, dry |2.86|2.86|4002001|"scholarcorp #7"|2|earings|6|Jewelry|636|callyprically|N/A|9718royal14383657212|wheat|Lb|Unknown|12|callyeingese
487|AAAAAAAAHOBAAAAA|1997-10-27||Subtle children remember potentially other weapons. Pictures must turn free farmers. Tickets assist scottish, political countries. Very principles might use popular stories. Prob|4.61|3.78|4001002|"amalgedu pack #2"|1|womens|4|Shoes|85|antieing|large|98618644149coral4523|yellow|Dram|Unknown|4|ationeingese
488|AAAAAAAAIOBAAAAA|1997-10-27|2000-10-26|So private passengers recommend here. Police |0.69|0.52|3004001|"edu packexporti #1"|4|school-uniforms|3|Children|256|callyantiable|medium|571131652743sandy139|violet|Each|Unknown|51|eingeingese
489|AAAAAAAAIOBAAAAA|2000-10-27||Possible, southern players cost ago qualifications. Men might get abroad markets. And so on professional hours might|6.72|4.50|3004001|"scholarbrand #2"|15|custom|6|Jewelry|186|callyeingought|N/A|571131652743sandy139|dodger|Gram|Unknown|73|n steingese
490|AAAAAAAAKOBAAAAA|1997-10-27|1999-10-27|Elsewhere minimum hands stay about between a forms. Various relations will not like by a authorities. Products may begin secondary, other |6.55|5.63|7012001|"importonameless #1"|12|paint|7|Home|189|n steingought|N/A|68304663020purple786|lawn|Cup|Unknown|80|barn stese
491|AAAAAAAAKOBAAAAA|1999-10-28|2001-10-26|Elsewhere minimum hands stay about between a forms. Various relations will not like by a authorities. Products may begin secondary, other |4.00|2.28|10012016|"importoamalgamalg #16"|12|monitors|10|Electronics|36|callypri|N/A|8maroon7544675129836|honeydew|Each|Unknown|4|oughtn stese
492|AAAAAAAAKOBAAAAA|2001-10-27||Elsewhere minimum hands stay about between a forms. Various relations will not like by a authorities. Products may begin secondary, other |3.54|2.28|5001001|"amalgscholar #1"|12|rock|5|Music|36|callypri|N/A|733557086grey2986514|plum|Pallet|Unknown|61|ablen stese
493|AAAAAAAANOBAAAAA|1997-10-27||Also other occasions will not serve political, added years. Inn|4.09|3.39|5004002|"edu packscholar #2"|4|classical|5|Music|300|barbarpri|N/A|19055104turquoise501|white|Carton|Unknown|22|prin stese
494|AAAAAAAAOOBAAAAA|1997-10-27|2000-10-26|Words must need concerned groups. Thoughts should happen. Gates protect bc firm, g|34.47|16.20|1003001|"exportiamalg #1"|3|maternity|1|Women|328|eingablepri|small|9176107900peach92924|tomato|Tsp|Unknown|49|esen stese
495|AAAAAAAAOOBAAAAA|2000-10-27||Words must need concerned groups. Thoughts should happen. Gates protect bc firm, g|4.91|16.20|1003001|"importoedu pack #2"|3|mens|4|Shoes|328|eingablepri|petite|34chiffon56468910943|light|Tsp|Unknown|62|antin stese
496|AAAAAAAAAPBAAAAA|1997-10-27|1999-10-27|Complete, new studies work quite. Legal, strong rules would sell just ev|6.92|4.63|5002001|"importoscholar #1"|2|country|5|Music|64|esecally|N/A|85060wheat1270562664|plum|Bundle|Unknown|43|callyn stese
497|AAAAAAAAAPBAAAAA|1999-10-28|2001-10-26|Complete, new studies work quite. Legal, strong rules would sell just ev|1.49|4.63|5002001|"univamalgamalg #5"|2|memory|10|Electronics|64|esecally|N/A|83007182601795pale28|metallic|Tsp|Unknown|98|ationn stese
498|AAAAAAAAAPBAAAAA|2001-10-27||Complete, new studies work quite. Legal, strong rules would sell just ev|1.59|0.66|5002001|"amalgedu pack #1"|1|womens|4|Shoes|29|esecally|petite|83007182601795pale28|powder|Ounce|Unknown|44|eingn stese
499|AAAAAAAADPBAAAAA|1997-10-27||Over pregnant races can seem very valuable lovely rises. Somewhat other divisions put in a groups. The|1.52|1.06|6011004|"amalgbrand #4"|11|semi-precious|6|Jewelry|9|n st|N/A|6smoke93293268321944|rose|Each|Unknown|8|n stn stese
500|AAAAAAAAEPBAAAAA|1997-10-27|2000-10-26|Developers suggest even aspects. Most human teachers dive|6.28|2.07|9007009|"brandmaxi #9"|7|reference|9|Books|178|eingationought|N/A|3755982899slate81028|sienna|Bunch|Unknown|13|barbaranti
501|AAAAAAAAEPBAAAAA|2000-10-27||Developers suggest even aspects. Most human teachers dive|8.10|2.07|5002002|"importoscholar #2"|2|country|5|Music|192|eingationought|N/A|220antique2112056662|honeydew|Dozen|Unknown|7|oughtbaranti
502|AAAAAAAAGPBAAAAA|1997-10-27|1999-10-27|Economic policies should make widely now good seconds. Busy, surprising fans may eat. Silent reactions hunt eq|4.04|2.26|10009010|"maxiunivamalg #10"|9|televisions|10|Electronics|192|ablen stought|N/A|709201099papaya31510|peach|Box|Unknown|57|ablebaranti
503|AAAAAAAAGPBAAAAA|1999-10-28|2001-10-26|Economic policies should make widely now good seconds. Busy, surprising fans may eat. Silent reactions hunt eq|7.09|6.23|1003002|"exportiamalg #2"|9|maternity|1|Women|396|ablen stought|large|709201099papaya31510|wheat|Bunch|Unknown|65|pribaranti
504|AAAAAAAAGPBAAAAA|2001-10-27||Economic policies should make widely now good seconds. Busy, surprising fans may eat. Silent reactions hunt eq|3.19|6.23|4001001|"amalgedu pack #1"|1|womens|4|Shoes|432|ablen stought|petite|709201099papaya31510|rosy|Dram|Unknown|3|esebaranti
505|AAAAAAAAJPBAAAAA|1997-10-27||More free taxes ex|1.72|0.68|10009013|"maxiunivamalg #13"|9|televisions|10|Electronics|265|anticallyable|N/A|1473104sandy18290386|sky|Ton|Unknown|13|antibaranti
506|AAAAAAAAKPBAAAAA|1997-10-27|2000-10-26|For example flat users lower very new developments; animals enter systems. Male courses want |6.27|2.44|7013007|"exportinameless #7"|13|wallpaper|7|Home|314|eseoughtpri|N/A|8188575822lavender83|tan|Tsp|Unknown|44|callybaranti
507|AAAAAAAAKPBAAAAA|2000-10-27||Available, urban years recover so scientific customs; weeks provide. Other, medical communicat|9.44|5.38|7013007|"scholarcorp #4"|5|earings|6|Jewelry|415|eseoughtpri|N/A|8188575822lavender83|white|Dozen|Unknown|48|ationbaranti
508|AAAAAAAAMPBAAAAA|1997-10-27|1999-10-27|Beautiful, short women could occur consciously women.|2.94|2.08|9013005|"exportiunivamalg #5"|13|self-help|9|Books|265|anticallyable|N/A|9rosy729699990518217|papaya|Dozen|Unknown|3|eingbaranti
509|AAAAAAAAMPBAAAAA|1999-10-28|2001-10-26|Beautiful, short women could occur consciously women.|0.62|2.08|6006006|"corpcorp #6"|13|rings|6|Jewelry|7|anticallyable|N/A|9rosy729699990518217|tan|Dozen|Unknown|9|n stbaranti
510|AAAAAAAAMPBAAAAA|2001-10-27||Beautiful, short women could occur consciously women.|8.92|3.38|7010001|"univnameless #1"|13|flatware|7|Home|471|oughtationese|N/A|250322292002wheat180|rosy|Gram|Unknown|3|baroughtanti
511|AAAAAAAAPPBAAAAA|1997-10-27||Either british authorities would receive slightly. Yesterday unique clothes work seldom old sales. Famous, possible programmes take reall|6.25|3.87|5002002|"importoscholar #2"|2|country|5|Music|19|n stought|N/A|17006106rose83093833|white|Ton|Unknown|59|oughtoughtanti
512|AAAAAAAAAACAAAAA|1997-10-27|2000-10-26|Vigorously medical schools comprise. Courts must not invest extra, radical details; however furious days defend no ancient |74.88|64.39|2002001|"importoimporto #1"|2|shirts|2|Men|150|barantiought|large|pink7905498868670882|steel|Pallet|Unknown|73|ableoughtanti
513|AAAAAAAAAACAAAAA|2000-10-27||Highly past hands will result powerful acres. L|3.34|64.39|4001002|"amalgedu pack #2"|1|womens|4|Shoes|150|barantiought|medium|7355lace468523062665|snow|Gross|Unknown|14|prioughtanti
514|AAAAAAAACACAAAAA|1997-10-27|1999-10-27|Bad appli|2.38|1.61|2002001|"importoimporto #1"|2|shirts|2|Men|102|ablebarought|medium|941196343thistle3898|papaya|Dram|Unknown|26|eseoughtanti
515|AAAAAAAACACAAAAA|1999-10-28|2001-10-26|Relations could watch out of the women. Jobs should see exc|2.11|1.61|2002001|"importomaxi #6"|12|guns|8|Sports|308|eingbarpri|N/A|941196343thistle3898|peach|N/A|Unknown|2|antioughtanti
516|AAAAAAAACACAAAAA|2001-10-27||British, tiny reasons ask of course. Local, obvious conditions migh|68.47|36.28|6003005|"exporticorp #5"|12|gold|6|Jewelry|659|eingbarpri|N/A|895057violet17181692|tan|Oz|Unknown|96|callyoughtanti
517|AAAAAAAAFACAAAAA|1997-10-27||Political unions incre|0.81|0.24|6016006|"corpbrand #6"|16|consignment|6|Jewelry|509|n stbaranti|N/A|4996608sandy99545561|smoke|Pallet|Unknown|3|ationoughtanti
518|AAAAAAAAGACAAAAA|1997-10-27|2000-10-26|Social functions shall want more commonly shared months. Dynamic, beautiful consumers make white observe|4.24|2.71|6003007|"exporticorp #7"|3|gold|6|Jewelry|985|antieingn st|N/A|6141276913red9962223|spring|Tsp|Unknown|31|eingoughtanti
519|AAAAAAAAGACAAAAA|2000-10-27||Social functions shall want more commonly shared months. Dynamic, beautiful consumers make white observe|5.98|5.20|7002010|"importobrand #10"|2|bedding|7|Home|313|prioughtpri|N/A|58162697rose32445034|dodger|Bundle|Unknown|19|n stoughtanti
520|AAAAAAAAIACAAAAA|1997-10-27|1999-10-27|Sites |3.73|1.52|6006001|"corpcorp #1"|6|rings|6|Jewelry|718|eingoughtation|N/A|3093297787868papaya1|seashell|Ton|Unknown|6|barableanti
521|AAAAAAAAIACAAAAA|1999-10-28|2001-10-26|Soon immediate reasons|0.71|1.52|2004002|"edu packimporto #2"|6|sports-apparel|2|Men|718|eingoughtation|medium|179932018white545024|misty|Box|Unknown|65|oughtableanti
522|AAAAAAAAIACAAAAA|2001-10-27||Civil, wrong years would not take sexual, happy kinds. Total tasks would |1.78|1.52|2004002|"amalgamalgamalg #13"|6|disk drives|10|Electronics|718|eingoughtation|N/A|179932018white545024|slate|Bundle|Unknown|21|ableableanti
523|AAAAAAAALACAAAAA|1997-10-27||Now like pains might escape vegetables. Other bonds will face black rights. Surely red areas talk late responsible estim|1.86|1.07|2002002|"importoimporto #2"|2|shirts|2|Men|824|eseableeing|medium|65878spring333838418|lavender|Case|Unknown|40|priableanti
524|AAAAAAAAMACAAAAA|1997-10-27|2000-10-26|Interesting offices should not find already from a characteristics. N|5.42|3.63|5003001|"exportischolar #1"|3|pop|5|Music|212|ableoughtable|N/A|3551356purple9372501|slate|Bundle|Unknown|46|eseableanti
525|AAAAAAAAMACAAAAA|2000-10-27||Interesting offices should not find already from a characteristics. N|6.50|3.63|5003001|"amalgexporti #2"|3|newborn|3|Children|212|ableoughtable|medium|0199chocolate1287478|orchid|Gram|Unknown|34|antiableanti
526|AAAAAAAAOACAAAAA|1997-10-27|1999-10-27|Approximately main dogs know safely historic, human words. Here back unions should campaign then moving sad names. Physic|8.99|7.10|6010007|"univbrand #7"|10|jewelry boxes|6|Jewelry|17|ationought|N/A|6796358puff689325387|powder|Cup|Unknown|15|callyableanti
527|AAAAAAAAOACAAAAA|1999-10-28|2001-10-26|Too unacceptable bills relax here total, dead experiences. Independently free students give outside between a skills; primary, white lives think indeed fixed engines. Independent, full churches|4.50|7.10|4002002|"importoedu pack #2"|10|mens|4|Shoes|88|ationought|extra large|64369sienna197778827|pale|Bundle|Unknown|3|ationableanti
528|AAAAAAAAOACAAAAA|2001-10-27||Different, public managers pay there central, wooden women. Scales may not read also rights. Ideas will not produce also local firms; reactions will recapture eastwards friendly faces. Gre|3.11|7.10|7002009|"importobrand #9"|10|bedding|7|Home|88|ationought|N/A|0621896611thistle652|lawn|Lb|Unknown|18|eingableanti
529|AAAAAAAABBCAAAAA|1997-10-27||Eyes woul|5.19|4.67|3001002|"amalgexporti #2"|1|newborn|3|Children|19|n stought|petite|214566367160steel897|brown|Case|Unknown|23|n stableanti
530|AAAAAAAACBCAAAAA|1997-10-27|2000-10-26|Acute implications reach productive, upper policies. Then historic policies must block originally at the awards. As easy books take royal, simple materials. British opportunities can damage mor|0.56|0.48|3001001|"amalgexporti #1"|1|newborn|3|Children|615|antioughtcally|economy|00peru50692001572336|seashell|Gram|Unknown|20|barprianti
531|AAAAAAAACBCAAAAA|2000-10-27||Bodies cause less likely, full plants; neat companies could not like most widespread, easy years. H|98.30|84.53|3001001|"importoexporti #2"|2|infants|3|Children|165|antioughtcally|extra large|00peru50692001572336|violet|Each|Unknown|7|oughtprianti
532|AAAAAAAAEBCAAAAA|1997-10-27|1999-10-27|Civil, possible agreements may not make also interested children; regular, realistic levels would form alone far late goods; flights used to add again ago military scenes. Well pa|9.36|4.02|5001001|"amalgscholar #1"|1|rock|5|Music|758|eingantiation|N/A|8511603095seashell19|wheat|Tbl|Unknown|30|ableprianti
533|AAAAAAAAEBCAAAAA|1999-10-28|2001-10-26|Civil, possible agreements may not make also interested children; regular, realistic levels would form alone far late goods; flights used to add again ago military scenes. Well pa|6.18|3.64|1002002|"importoamalg #2"|2|fragrances|1|Women|758|eingantiation|petite|558373769382smoke460|pink|Dram|Unknown|46|priprianti
534|AAAAAAAAEBCAAAAA|2001-10-27||Fiercely social |3.18|3.64|1002002|"exportiexporti #1"|3|toddlers|3|Children|758|eingantiation|medium|papaya49755399479090|salmon|Each|Unknown|65|eseprianti
535|AAAAAAAAHBCAAAAA|1997-10-27||Important moments come finally without a views. British qualities kill ugly rivers. Old, heavy pressures will not die less white, medical notes. Alike old features would reform at las|8.22|2.46|6004008|"edu packcorp #8"|4|bracelets|6|Jewelry|66|callycally|N/A|0red7947883792130600|peach|Tsp|Unknown|82|antiprianti
536|AAAAAAAAIBCAAAAA|1997-10-27|2000-10-26|Origins c|2.65|1.00|2004001|"edu packimporto #1"|4|sports-apparel|2|Men|10|barought|petite|216790mint6695890873|tan|Unknown|Unknown|41|callyprianti
537|AAAAAAAAIBCAAAAA|2000-10-27||Results might swing difficulties. Even related years sha|6.17|2.22|9001010|"amalgmaxi #10"|4|arts|9|Books|268|barought|N/A|216790mint6695890873|peach|Carton|Unknown|60|ationprianti
538|AAAAAAAAKBCAAAAA|1997-10-27|1999-10-27|Little services walk national, significant |3.23|2.84|6002003|"importocorp #3"|2|diamonds|6|Jewelry|119|n stoughtought|N/A|791720622643purple63|tomato|Pound|Unknown|100|eingprianti
539|AAAAAAAAKBCAAAAA|1999-10-28|2001-10-26|Little services walk national, significant |3.31|2.84|6002003|"edu packmaxi #12"|4|entertainments|9|Books|230|n stoughtought|N/A|1664109slate90255060|slate|Carton|Unknown|61|n stprianti
540|AAAAAAAAKBCAAAAA|2001-10-27||Little services walk national, significant |4.76|3.52|6002003|"amalgbrand #1"|4|bathroom|7|Home|27|n stoughtought|N/A|3850920turquoise1130|peach|Lb|Unknown|13|bareseanti
541|AAAAAAAANBCAAAAA|1997-10-27||Makers find only fat, primary feelings. Ago other areas pay. Possible states help. Away prime groups could show extremely. Com|4.71|1.69|10003015|"exportiunivamalg #15"|3|dvd/vcr players|10|Electronics|89|n steing|N/A|58737goldenrod899863|pink|N/A|Unknown|43|oughteseanti
542|AAAAAAAAOBCAAAAA|1997-10-27|2000-10-26|Parties assess more. Bad other men make new, colonial suggestions. Scientific, early feet come. Wide, particular minutes leave left theories. British, different teachers ought to regret only hu|4.06|2.39|6007007|"brandcorp #7"|7|pendants|6|Jewelry|449|n steseese|N/A|98443689842hot430063|powder|Carton|Unknown|18|ableeseanti
543|AAAAAAAAOBCAAAAA|2000-10-27||Parties assess more. Bad other men make new, colonial suggestions. Scientific, early feet come. Wide, particular minutes leave left theories. British, different teachers ought to regret only hu|7.03|5.62|6007007|"importoamalg #2"|7|fragrances|1|Women|449|n steseese|small|82797805804royal6622|hot|Tsp|Unknown|6|prieseanti
544|AAAAAAAAACCAAAAA|1997-10-27|1999-10-27|Major, good changes shall prevent already years. Pains arrive quickly for the members; courts laugh very foundations. |7.14|4.35|2004001|"edu packimporto #1"|4|sports-apparel|2|Men|487|ationeingese|petite|5magenta207695828523|mint|Case|Unknown|26|eseeseanti
545|AAAAAAAAACCAAAAA|1999-10-28|2001-10-26|Pale periods would esta|2.20|1.43|3002002|"importoexporti #2"|2|infants|3|Children|288|eingeingable|small|9570695gainsboro8899|peach|Bunch|Unknown|52|antieseanti
546|AAAAAAAAACCAAAAA|2001-10-27||Similar, specific writings can enable un|3.74|1.43|8016007|"corpmaxi #7"|2|golf|8|Sports|288|eingeingable|N/A|9570695gainsboro8899|pink|Pallet|Unknown|30|callyeseanti
547|AAAAAAAADCCAAAAA|1997-10-27||Nasty, certain offices should not distinguish. Again essential waves retain other way|3.54|2.08|3001002|"amalgexporti #2"|1|newborn|3|Children|478|eingationese|large|29royal2762670341922|spring|Bundle|Unknown|5|ationeseanti
548|AAAAAAAAECCAAAAA|1997-10-27|2000-10-26|Awful waters talk so sports; true, joint |3.40|2.58|10011005|"amalgamalgamalg #5"|11|disk drives|10|Electronics|499|n stn stese|N/A|7133274922274yellow8|midnight|Case|Unknown|31|eingeseanti
549|AAAAAAAAECCAAAAA|2000-10-27||Just french cuts seem now homes. Past boys provide liberal seconds; ultimate, gastric books may lobby great|6.47|4.72|10011005|"corpmaxi #10"|6|parenting|9|Books|193|prin stought|N/A|923saddle35872257777|peach|Carton|Unknown|14|n steseanti
550|AAAAAAAAGCCAAAAA|1997-10-27|1999-10-27|Arguments used to make originally discussions. Clear, great strategies will want geographical railways. Important patients ought to protect right also western children. French circumstances get up to|3.72|1.86|8008001|"namelessnameless #1"|8|outdoor|8|Sports|392|ablen stpri|N/A|9903rose379546091071|saddle|Dram|Unknown|23|barantianti
551|AAAAAAAAGCCAAAAA|1999-10-28|2001-10-26|English, revolutionary programs delay as regular, new risks. Times count once great, important teeth. Colours pay dev|7.91|1.86|8013002|"exportimaxi #2"|13|sailing|8|Sports|392|ablen stpri|N/A|879seashell586609450|wheat|Cup|Unknown|3|oughtantianti
552|AAAAAAAAGCCAAAAA|2001-10-27||English, revolutionary programs delay as regular, new risks. Times count once great, important teeth. Colours pay dev|52.72|1.86|4004001|"edu packedu pack #1"|4|athletic|4|Shoes|263|ablen stpri|small|879seashell586609450|indian|Cup|Unknown|20|ableantianti
553|AAAAAAAAJCCAAAAA|1997-10-27||Adjacent operations take little over black leaders. Goals benefit international families. Planned years become programme|0.87|0.68|1004002|"edu packamalg #2"|4|swimwear|1|Women|593|prin stanti|medium|48833443935317plum08|red|Gram|Unknown|51|priantianti
554|AAAAAAAAKCCAAAAA|1997-10-27|2000-10-26|Bitter reasons may not bear cuts. Marine, normal shares make also. Trying contracts lift numerous reports. Also general feelings argue rights; still quiet techniques |4.44|2.39|9011003|"amalgunivamalg #3"|11|cooking|9|Books|207|ationbarable|N/A|42028718papaya574909|peru|Box|Unknown|21|eseantianti
555|AAAAAAAAKCCAAAAA|2000-10-27||Bitter reasons may not bear cuts. Marine, normal shares make also. Trying contracts lift numerous reports. Also general feelings argue rights; still quiet techniques |9.29|2.39|9011003|"amalgamalg #2"|1|dresses|1|Women|262|ationbarable|medium|42028718papaya574909|papaya|Cup|Unknown|1|antiantianti
556|AAAAAAAAMCCAAAAA|1997-10-27|1999-10-27|Early,|3.95|3.43|4003001|"exportiedu pack #1"|3|kids|4|Shoes|311|oughtoughtpri|large|395719400188white276|rosy|Gram|Unknown|2|callyantianti
557|AAAAAAAAMCCAAAAA|1999-10-28|2001-10-26|Early,|8.49|3.90|5001002|"amalgscholar #2"|1|rock|5|Music|794|oughtoughtpri|N/A|395719400188white276|orange|Each|Unknown|4|ationantianti
558|AAAAAAAAMCCAAAAA|2001-10-27||Possible children cannot make socially round churches. Am|0.13|0.05|4001001|"amalgedu pack #1"|1|womens|4|Shoes|609|oughtoughtpri|petite|395719400188white276|spring|Oz|Unknown|57|eingantianti
559|AAAAAAAAPCCAAAAA|1997-10-27||For instance total methods clear. Level, english sorts prove most. Territorial|3.30|2.64|9010008|"univunivamalg #8"|10|travel|9|Books|66|callycally|N/A|2352150988steel22138|pale|Gram|Unknown|99|n stantianti
560|AAAAAAAAADCAAAAA|1997-10-27|2000-10-26|Possibly dependent prices might laugh also financial careers. Contrary, clever costs could sense; reliable, d|1.55|1.33|9016009|"corpunivamalg #9"|16|mystery|9|Books|523|priableanti|N/A|439358337yellow48307|tan|Oz|Unknown|11|barcallyanti
561|AAAAAAAAADCAAAAA|2000-10-27||Old miles celebrate together new charges. Formerly apparent subjects might help ill. Mutual, warm holidays shall increase ahead greatly reliable schemes. More pure initiatives app|4.34|3.38|9016009|"exportiimporto #2"|16|pants|2|Men|179|priableanti|medium|793539844244008mint0|spring|Dozen|Unknown|70|oughtcallyanti
562|AAAAAAAACDCAAAAA|1997-10-27|1999-10-27|Pure practitioners locate still executive, teenage degrees. Oddly technical children noti|2.71|2.22|3001001|"amalgexporti #1"|1|newborn|3|Children|300|barbarpri|small|85186025linen9233248|olive|Tsp|Unknown|22|ablecallyanti
563|AAAAAAAACDCAAAAA|1999-10-28|2001-10-26|Also expensive children oug|7.17|2.36|4002002|"importoedu pack #2"|2|mens|4|Shoes|300|barbarpri|extra large|85186025linen9233248|red|Tsp|Unknown|59|pricallyanti
564|AAAAAAAACDCAAAAA|2001-10-27||Capital shops ensure then public, individual depths. Difficult imp|4.60|3.58|2001001|"amalgimporto #1"|2|accessories|2|Men|300|barbarpri|N/A|85186025linen9233248|smoke|Pallet|Unknown|34|esecallyanti
565|AAAAAAAAFDCAAAAA|1997-10-27||Factors wish local teachers. Apparently bitter studies should feel. Private masses may not get. Obviously male errors will get now unusual groups. Enough new elements must not reject thus due essentia|7.56|5.51|1001002|"amalgamalg #2"|1|dresses|1|Women|127|ationableought|medium|pink0544056818750577|papaya|Each|Unknown|37|anticallyanti
566|AAAAAAAAGDCAAAAA|1997-10-27|2000-10-26|Small groups please new, rare days. Pres|8.65|4.84|2002001|"importoimporto #1"|2|shirts|2|Men|273|priationable|small|843645666ghost942983|navajo|Each|Unknown|48|callycallyanti
567|AAAAAAAAGDCAAAAA|2000-10-27||Small groups please new, rare days. Pres|4.61|2.95|2002001|"importoimporto #2"|2|shirts|2|Men|273|priationable|medium|299042460yellow02936|green|Each|Unknown|73|ationcallyanti
568|AAAAAAAAIDCAAAAA|1997-10-27|1999-10-27|Local windows go right complet|4.04|2.70|4003001|"exportiedu pack #1"|3|kids|4|Shoes|413|prioughtese|small|014218522633wheat143|chiffon|Tsp|Unknown|9|eingcallyanti
569|AAAAAAAAIDCAAAAA|1999-10-28|2001-10-26|Local windows go right complet|9.08|4.26|4003001|"namelessnameless #10"|8|outdoor|8|Sports|85|antieing|N/A|014218522633wheat143|sky|Box|Unknown|39|n stcallyanti
570|AAAAAAAAIDCAAAAA|2001-10-27||Local windows go right complet|3.42|4.26|8004001|"edu packnameless #1"|8|camping|8|Sports|869|antieing|N/A|83542papaya255887200|ivory|Lb|Unknown|31|barationanti
571|AAAAAAAALDCAAAAA|1997-10-27||Great, distinct parts will know so very acceptable ideas. Explicit decisions may play most much acceptabl|88.29|26.48|5001002|"amalgscholar #2"|1|rock|5|Music|243|prieseable|N/A|509744973216cyan0864|plum|Ounce|Unknown|40|oughtationanti
572|AAAAAAAAMDCAAAAA|1997-10-27|2000-10-26|Over keen members must allow thanks. Only, white names attract as a whole popular teac|2.97|2.13|1002001|"importoamalg #1"|2|fragrances|1|Women|59|n stanti|small|42peach2219958336032|smoke|Bunch|Unknown|76|ableationanti
573|AAAAAAAAMDCAAAAA|2000-10-27||Again diffi|3.93|1.49|7006004|"corpbrand #4"|2|rugs|7|Home|59|n stanti|N/A|42peach2219958336032|orchid|Tsp|Unknown|6|priationanti
574|AAAAAAAAODCAAAAA|1997-10-27|1999-10-27|Fit, clear details know new, other teachers. Edges would not emerge |0.15|0.12|3003001|"exportiexporti #1"|3|toddlers|3|Children|495|antin stese|small|6rose771520884360756|mint|Cup|Unknown|15|eseationanti
575|AAAAAAAAODCAAAAA|1999-10-28|2001-10-26|Fit, clear details know new, other teachers. Edges would not emerge |5.07|0.12|10012015|"importoamalgamalg #15"|12|monitors|10|Electronics|181|antin stese|N/A|82945154882light1086|olive|Each|Unknown|12|antiationanti
576|AAAAAAAAODCAAAAA|2001-10-27||Fit, clear details know new, other teachers. Edges would not emerge |4.19|0.12|10012015|"exportischolar #1"|12|pop|5|Music|50|antin stese|N/A|2417white17270356539|steel|Ounce|Unknown|28|callyationanti
577|AAAAAAAABECAAAAA|1997-10-27||Rises look so terrible, exotic requirements. Professional legs can build exactly male policemen. Different plans receive slow minutes. Requirements may not achieve mo|2.02|0.86|5001002|"amalgscholar #2"|1|rock|5|Music|67|ationcally|N/A|3white59063329100733|plum|Pound|Unknown|27|ationationanti
578|AAAAAAAACECAAAAA|1997-10-27|2000-10-26|Crazy moves like there african, future sections. Terms shall see american, new theories. Upper, private shops will swim asleep days. Once more final terms can afford together. Still|4.92|4.03|9016003|"corpunivamalg #3"|16|mystery|9|Books|505|antibaranti|N/A|9091salmon3227943454|white|Each|Unknown|28|eingationanti
579|AAAAAAAACECAAAAA|2000-10-27||Crazy moves like there african, future sections. Terms shall see american, new theories. Upper, private shops will swim asleep days. Once more final terms can afford together. Still|3.07|4.03|9016003|"edu packimporto #2"|16|sports-apparel|2|Men|505|antibaranti|medium|9091salmon3227943454|misty|Box|Unknown|62|n stationanti
580|AAAAAAAAEECAAAAA|1997-10-27|1999-10-27|Available, major villages may use long over a daughters. Involved personnel sleep weak police. Physical names may lose extra arr|3.98|1.83|10014003|"edu packamalgamalg #3"|14|automotive|10|Electronics|286|callyeingable|N/A|9500pink132567432039|burlywood|Cup|Unknown|66|bareinganti
581|AAAAAAAAEECAAAAA|1999-10-28|2001-10-26|Available, major villages may use long over a daughters. Involved personnel sleep weak police. Physical names may lose extra arr|7.17|3.87|10014003|"scholarnameless #2"|5|fitness|8|Sports|167|callyeingable|N/A|9500pink132567432039|orange|Cup|Unknown|62|oughteinganti
582|AAAAAAAAEECAAAAA|2001-10-27||Educational clergy experience hopefully late forms. Sometimes reluctant profits see unknown, new individuals. Theoretical men like even independent jobs. Separate, military workers might not write by |1.02|3.87|6015007|"scholarbrand #7"|15|custom|6|Jewelry|279|n stationable|N/A|115saddle17080868838|thistle|Tsp|Unknown|28|ableeinganti
583|AAAAAAAAHECAAAAA|1997-10-27||Young, strange responsibilities must avoid readily bluntly legal attacks. Ways confirm instead bodies. Careers find. |5.15|1.90|1003002|"exportiamalg #2"|3|maternity|1|Women|115|antioughtought|large|58papaya284747040486|pink|Ounce|Unknown|30|prieinganti
584|AAAAAAAAIECAAAAA|1997-10-27|2000-10-26|Comprehensive, local effects improve; public courts start then working workers; legally good officials should work today following |0.16|0.04|4001001|"amalgedu pack #1"|1|womens|4|Shoes|294|esen stable|extra large|0027592714033almond2|yellow|Case|Unknown|33|eseeinganti
585|AAAAAAAAIECAAAAA|2000-10-27||Comprehensive, local effects improve; public courts start then working workers; legally good officials should work today following |8.00|5.28|4001001|"scholarnameless #6"|1|tables|7|Home|634|eseprically|N/A|0027592714033almond2|pale|Ton|Unknown|34|antieinganti
586|AAAAAAAAKECAAAAA|1997-10-27|1999-10-27|Possible countries see ever. Never particular users ought to encourage in a casualties. Still upper proposals will see though succe|87.61|69.21|7006007|"corpbrand #7"|6|rugs|7|Home|269|n stcallyable|N/A|326341white035333840|lemon|Box|Unknown|56|callyeinganti
587|AAAAAAAAKECAAAAA|1999-10-28|2001-10-26|Surveys put more also large economies. Great budgets shall speed surprisingly federal, equivalent affairs. M|3.48|1.21|7006007|"edu packamalg #2"|6|swimwear|1|Women|480|n stcallyable|large|4603violet3107277839|sienna|Gram|Unknown|1|ationeinganti
588|AAAAAAAAKECAAAAA|2001-10-27||Surveys put more also large economies. Great budgets shall speed surprisingly federal, equivalent affairs. M|9.84|5.31|10012011|"importoamalgamalg #11"|6|monitors|10|Electronics|480|n stcallyable|N/A|4603violet3107277839|white|Cup|Unknown|92|eingeinganti
589|AAAAAAAANECAAAAA|1997-10-27||Trying designs come useful years. Units used to know levels. Rather other versions can match indeed part|4.84|3.63|1004002|"edu packamalg #2"|4|swimwear|1|Women|206|callybarable|small|45162240036632misty9|lawn|Lb|Unknown|32|n steinganti
590|AAAAAAAAOECAAAAA|1997-10-27|2000-10-26|Aloud r|8.86|3.80|10007013|"brandunivamalg #13"|7|personal|10|Electronics|342|ableesepri|N/A|moccasin885854310705|purple|Ton|Unknown|29|barn stanti
591|AAAAAAAAOECAAAAA|2000-10-27||No doubt wooden results indicate clean servants. Poor matters undertake then actions. Years lie; more difficult functions go t|55.95|3.80|10007013|"edu packedu pack #2"|7|athletic|4|Shoes|342|ableesepri|small|9745094608lemon24771|sky|Ton|Unknown|56|oughtn stanti
592|AAAAAAAAAFCAAAAA|1997-10-27|1999-10-27|Increases know students. Winners get really places. Almost total lessons would say. Others cannot contain ri|4.15|1.78|10010015|"univamalgamalg #15"|10|memory|10|Electronics|552|ableantianti|N/A|28150729violet907148|powder|N/A|Unknown|49|ablen stanti
593|AAAAAAAAAFCAAAAA|1999-10-28|2001-10-26|Increases know students. Winners get really places. Almost total lessons would say. Others cannot contain ri|2.91|1.39|10010015|"importoexporti #2"|2|infants|3|Children|552|ableantianti|medium|28150729violet907148|sky|Case|Unknown|31|prin stanti
594|AAAAAAAAAFCAAAAA|2001-10-27||Increases know students. Winners get really places. Almost total lessons would say. Others cannot contain ri|2.12|1.78|3002001|"importoexporti #1"|2|infants|3|Children|911|oughtoughtn st|medium|28150729violet907148|chiffon|Ounce|Unknown|16|esen stanti
595|AAAAAAAADFCAAAAA|1997-10-27||Successful sources shall confront too from a costs; duly working operations should look quick|2.96|2.33|3004002|"edu packexporti #2"|4|school-uniforms|3|Children|470|barationese|medium|7sky5853830236178283|thistle|Each|Unknown|71|antin stanti
596|AAAAAAAAEFCAAAAA|1997-10-27|2000-10-26|Statistical, |0.35|0.19|8011007|"amalgmaxi #7"|11|archery|8|Sports|196|callyn stought|N/A|57086163khaki9392028|forest|Ounce|Unknown|5|callyn stanti
597|AAAAAAAAEFCAAAAA|2000-10-27||Impressive thoughts ought to confron|5.60|0.19|8011007|"amalgedu pack #2"|11|womens|4|Shoes|196|callyn stought|small|57086163khaki9392028|medium|Ton|Unknown|18|ationn stanti
598|AAAAAAAAGFCAAAAA|1997-10-27|1999-10-27|Royal versions restore oddly in a travellers; inc measures should play enough complex kinds. Necessary, local stations mean quite serious stones. Econo|2.09|1.19|9006011|"corpmaxi #11"|6|parenting|9|Books|69|n stcally|N/A|29plum53216621558222|olive|N/A|Unknown|49|eingn stanti
599|AAAAAAAAGFCAAAAA|1999-10-28|2001-10-26|Months play times. Courses pre|4.16|2.53|9006011|"exportiunivamalg #5"|3|dvd/vcr players|10|Electronics|69|n stcally|N/A|29plum53216621558222|thistle|Unknown|Unknown|5|n stn stanti
600|AAAAAAAAGFCAAAAA|2001-10-27||Months play times. Courses pre|0.31|0.10|9006011|"edu packimporto #1"|4|sports-apparel|2|Men|69|n stcally|large|29plum53216621558222|violet|Dozen|Unknown|51|barbarcally
601|AAAAAAAAJFCAAAAA|1997-10-27||Modern, united cards seek. Other, old interests tak|0.50|0.33|5003002|"exportischolar #2"|3|pop|5|Music|100|barbarought|N/A|762dark9769961298169|royal|Tsp|Unknown|23|oughtbarcally
602|AAAAAAAAKFCAAAAA|1997-10-27|2000-10-26|Members start at a dimensions. Available, front windows consider today relevant co|53.95|31.83|4004001|"edu packedu pack #1"|4|athletic|4|Shoes|16|callyought|medium|5misty36762685971451|goldenrod|Dozen|Unknown|34|ablebarcally
603|AAAAAAAAKFCAAAAA|2000-10-27||Basic paths can claim very japanese earnings. Level ships drag |5.80|31.83|4004002|"edu packedu pack #2"|4|athletic|4|Shoes|44|callyought|extra large|35311708726peach1859|yellow|Carton|Unknown|2|pribarcally
604|AAAAAAAAMFCAAAAA|1997-10-27|1999-10-27|Feet come afraid genes. Trustees find finally children. National rats communicate italian, full minds. Safe, alone beds shall seek. Places deceive just easy ho|8.66|5.19|2004001|"edu packimporto #1"|4|sports-apparel|2|Men|985|antieingn st|petite|748263sandy730014743|steel|Pound|Unknown|29|esebarcally
605|AAAAAAAAMFCAAAAA|1999-10-28|2001-10-26|Spiritual seats ought to go more by a windows. Girls shall not apply as cle|0.10|0.07|4001002|"amalgedu pack #2"|4|womens|4|Shoes|985|antieingn st|small|791white789857776084|saddle|N/A|Unknown|5|antibarcally
606|AAAAAAAAMFCAAAAA|2001-10-27||Golden, brief hospit|2.07|1.09|4001002|"edu packscholar #1"|4|classical|5|Music|792|ablen station|N/A|791white789857776084|rose|Cup|Unknown|30|callybarcally
607|AAAAAAAAPFCAAAAA|1997-10-27||Tenderly medical guests might apply with a cards. T|3.18|2.28|10010013|"univamalgamalg #13"|10|memory|10|Electronics|638|eingprically|N/A|6420148rose887638436|khaki|Dram|Unknown|1|ationbarcally
608|AAAAAAAAAGCAAAAA|1997-10-27|2000-10-26|Facilities form busy years. Women meet rather on the benefits. Only remarkable factors cannot start supreme, crucial skills; stairs take |7.52|2.63|9014009|"edu packunivamalg #9"|14|sports|9|Books|550|barantianti|N/A|84742375blush4641433|midnight|Box|Unknown|24|eingbarcally
609|AAAAAAAAAGCAAAAA|2000-10-27||Close lucky modes could not make for example fresh, private problems. More genuine pupils can ask even small special prisoner|6.78|4.27|6011002|"amalgbrand #2"|14|semi-precious|6|Jewelry|73|barantianti|N/A|84742375blush4641433|steel|Lb|Unknown|61|n stbarcally
610|AAAAAAAACGCAAAAA|1997-10-27|1999-10-27|Political, unfair bits put now white events. Needs shall commit here southern marks. Colleges repeat; social members|2.74|0.95|4003001|"exportiedu pack #1"|3|kids|4|Shoes|322|ableablepri|small|564837805light788461|wheat|Gram|Unknown|32|baroughtcally
611|AAAAAAAACGCAAAAA|1999-10-28|2001-10-26|Able models should not get properties. Only small texts make likely faces. Days would not withdraw over eventually urban families. Results like yesterday for a minutes. Masters would not |7.62|5.86|1002002|"importoamalg #2"|2|fragrances|1|Women|322|ableablepri|small|21violet083405268016|saddle|Dram|Unknown|11|oughtoughtcally
612|AAAAAAAACGCAAAAA|2001-10-27||Subsequent, local rules see there resulting, unusual reasons. Potentially fresh requirements must suit; patt|1.70|1.32|3001001|"amalgexporti #1"|2|newborn|3|Children|552|ableantianti|extra large|21violet083405268016|plum|Case|Unknown|36|ableoughtcally
613|AAAAAAAAFGCAAAAA|1997-10-27||Pp. would agree thus processes. Married plans should want most in the houses. Ministers could write very foreign, level features. Ot|1.89|1.19|9013002|"exportiunivamalg #2"|13|self-help|9|Books|290|barn stable|N/A|04579001913orchid009|plum|Cup|Unknown|96|prioughtcally
614|AAAAAAAAGGCAAAAA|1997-10-27|2000-10-26|Desperate aspects listen as alternative, honest departments; new, labour contributions marry still because of a issues; important, real departments take tightly red assumptions. Grand goa|8.65|3.97|4004001|"edu packedu pack #1"|4|athletic|4|Shoes|111|oughtoughtought|medium|78941841thistle87365|wheat|Dozen|Unknown|25|eseoughtcally
615|AAAAAAAAGGCAAAAA|2000-10-27||Possible schools must understand very difficulties. But general subsidies used to come single principles. Fea|2.89|3.97|3003002|"exportiexporti #2"|3|toddlers|3|Children|111|oughtoughtought|petite|78941841thistle87365|salmon|Ton|Unknown|35|antioughtcally
616|AAAAAAAAIGCAAAAA|1997-10-27|1999-10-27|Games should want there in a eyes. Adult, particular eyes choose with a comments; songs used to tell formerly large, ge|9.34|3.45|3003001|"exportiexporti #1"|3|toddlers|3|Children|174|eseationought|N/A|950949335thistle6238|seashell|Dozen|Unknown|28|callyoughtcally
617|AAAAAAAAIGCAAAAA|1999-10-28|2001-10-26|Political, bright jobs try pensioners; expensiv|8.20|6.80|3001002|"amalgexporti #2"|1|newborn|3|Children|681|eseationought|medium|432993misty160219891|snow|Lb|Unknown|44|ationoughtcally
618|AAAAAAAAIGCAAAAA|2001-10-27||Political, bright jobs try pensioners; expensiv|1.72|6.80|3001002|"univamalgamalg #7"|10|memory|10|Electronics|79|n station|N/A|077719101031salmon17|forest|N/A|Unknown|25|eingoughtcally
619|AAAAAAAALGCAAAAA|1997-10-27||Different, new tests could not warn able, great bodies. Good, moving years might convey; permanently confident e|9.27|3.98|7009010|"maxibrand #10"|9|mattresses|7|Home|496|callyn stese|N/A|24837sky181275620368|sienna|Each|Unknown|15|n stoughtcally
620|AAAAAAAAMGCAAAAA|1997-10-27|2000-10-26|As local backs will announce simultaneously valuable, public states; dist|52.90|39.67|6003005|"exporticorp #5"|3|gold|6|Jewelry|34|esepri|N/A|73756navajo809620275|puff|Tbl|Unknown|2|barablecally
621|AAAAAAAAMGCAAAAA|2000-10-27||As local backs will announce simultaneously valuable, public states; dist|2.62|39.67|6003005|"importoamalg #2"|2|fragrances|1|Women|34|esepri|medium|73756navajo809620275|sky|Case|Unknown|3|oughtablecally
622|AAAAAAAAOGCAAAAA|1997-10-27|1999-10-27|Also total members can |3.49|1.91|6006007|"corpcorp #7"|6|rings|6|Jewelry|133|pripriought|N/A|18770154280488wheat8|snow|Pallet|Unknown|56|ableablecally
623|AAAAAAAAOGCAAAAA|1999-10-28|2001-10-26|Also total members can |5.67|1.91|3002002|"importoexporti #2"|6|infants|3|Children|889|pripriought|large|18770154280488wheat8|peru|Ounce|Unknown|31|priablecally
624|AAAAAAAAOGCAAAAA|2001-10-27||Anywhe|8.77|1.91|3002002|"edu packunivamalg #1"|6|sports|9|Books|722|pripriought|N/A|18770154280488wheat8|maroon|Case|Unknown|45|eseablecally
625|AAAAAAAABHCAAAAA|1997-10-27||Sign|4.16|1.83|2002002|"importoimporto #2"|2|shirts|2|Men|41|oughtese|large|76517129128tomato726|coral|Lb|Unknown|17|antiablecally
626|AAAAAAAACHCAAAAA|1997-10-27|2000-10-26|Terms bring more great particles. Areas ought to use unfortunately. Independent ideas know so about military hours. Royal, national corners should finish events; m|3.78|2.15|5001001|"amalgscholar #1"|1|rock|5|Music|178|eingationought|N/A|76rose01798449742485|indian|N/A|Unknown|14|callyablecally
627|AAAAAAAACHCAAAAA|2000-10-27||Police eat so funny, wide appeals. Financial, actual years cool generally jobs; sub|1.08|0.97|2001002|"amalgimporto #2"|1|accessories|2|Men|321|eingationought|medium|41thistle80301299811|dodger|Ton|Unknown|36|ationablecally
628|AAAAAAAAEHCAAAAA|1997-10-27|1999-10-27|Pieces pursue almost areas. Great, radical grounds will not carry adequately areas. Wide planes will not scramble here also other pat|0.39|0.21|10014017|"edu packamalgamalg #17"|14|automotive|10|Electronics|334|esepripri|N/A|9516539051602sienna1|peru|Ton|Unknown|77|eingablecally
629|AAAAAAAAEHCAAAAA|1999-10-28|2001-10-26|Pieces pursue almost areas. Great, radical grounds will not carry adequately areas. Wide planes will not scramble here also other pat|4.45|0.21|10014017|"edu packscholar #2"|14|classical|5|Music|778|esepripri|N/A|503386539sienna59116|royal|Case|Unknown|33|n stablecally
630|AAAAAAAAEHCAAAAA|2001-10-27||Further operational managers may tell up a children. Scenes say reservations. No longer unfair patients travel just corporate standards|0.23|0.21|10014017|"edu packmaxi #1"|14|tennis|8|Sports|346|callyesepri|N/A|503386539sienna59116|papaya|Unknown|Unknown|26|barprically
631|AAAAAAAAHHCAAAAA|1997-10-27||Trades shall become. Terms provide yesterday black investigations. Industrial lines mean. Bri|1.65|0.59|7002002|"importobrand #2"|2|bedding|7|Home|294|esen stable|N/A|6569457plum149395503|wheat|Case|Unknown|3|oughtprically
632|AAAAAAAAIHCAAAAA|1997-10-27|2000-10-26|Photographs might not provide local, new spirits. Very dry parts may work levels. Ways must spend too large supporters. Politely technical aspe|4.63|3.65|1003001|"exportiamalg #1"|3|maternity|1|Women|897|ationn steing|small|2232chiffon910431647|misty|Ton|Unknown|22|ableprically
633|AAAAAAAAIHCAAAAA|2000-10-27||Red, nasty results know again. International, additional years catch signs; powers may let out of the app|8.47|3.65|2004002|"edu packimporto #2"|3|sports-apparel|2|Men|604|ationn steing|large|2232chiffon910431647|dim|Cup|Unknown|25|priprically
634|AAAAAAAAKHCAAAAA|1997-10-27|1999-10-27|Steps sweat individuals. Widespread forms like only in a pattern|0.09|0.06|1004001|"edu packamalg #1"|4|swimwear|1|Women|764|esecallyation|medium|877312072cream047513|salmon|Each|Unknown|36|eseprically
635|AAAAAAAAKHCAAAAA|1999-10-28|2001-10-26|Steps sweat individuals. Widespread forms like only in a pattern|1.59|0.81|1004001|"exportiimporto #2"|3|pants|2|Men|764|esecallyation|economy|877312072cream047513|metallic|Each|Unknown|3|antiprically
636|AAAAAAAAKHCAAAAA|2001-10-27||Steps sweat individuals. Widespread forms like only in a pattern|4.87|0.81|3004001|"edu packexporti #1"|4|school-uniforms|3|Children|564|esecallyanti|large|3876242peru795326067|papaya|Pound|Unknown|2|callyprically
637|AAAAAAAANHCAAAAA|1997-10-27||Now significant years form red, central records. Exactly lucky years go players; both minor systems would not comprise. Days shall expect at last wide|9.10|6.91|1003002|"exportiamalg #2"|3|maternity|1|Women|594|esen stanti|extra large|657479peach249704477|antique|N/A|Unknown|48|ationprically
638|AAAAAAAAOHCAAAAA|1997-10-27|2000-10-26|Lines would not see also from a yea|9.55|8.59|1003001|"exportiamalg #1"|3|maternity|1|Women|369|n stcallypri|large|39388829059navajo536|khaki|Case|Unknown|22|eingprically
639|AAAAAAAAOHCAAAAA|2000-10-27||At all modern clothes would accept as. Traditional conservatives should keep so much as. Complicated, main parties might draw naturally through a cases. Slowly certain publishers extend littl|4.22|8.59|2004002|"edu packimporto #2"|4|sports-apparel|2|Men|447|ationeseese|medium|39388829059navajo536|sky|Tsp|Unknown|12|n stprically
640|AAAAAAAAAICAAAAA|1997-10-27|1999-10-27|Only, other occasions can work also birds. General women get si|4.82|2.41|7013001|"exportinameless #1"|13|wallpaper|7|Home|456|callyantiese|N/A|47sky596844383213962|red|Bunch|Unknown|43|baresecally
641|AAAAAAAAAICAAAAA|1999-10-28|2001-10-26|Closely widespread tasks make extraordinary, big movements. Big, right knees mark here bright brothers; useful cases help as usual social, |3.76|2.41|7005002|"scholarbrand #2"|13|blinds/shades|7|Home|393|callyantiese|N/A|0tomato6093286617214|rosy|Ton|Unknown|44|oughtesecally
642|AAAAAAAAAICAAAAA|2001-10-27||Closely widespread tasks make extraordinary, big movements. Big, right knees mark here bright brothers; useful cases help as usual social, |60.80|2.41|9008007|"namelessmaxi #7"|8|romance|9|Books|233|pripriable|N/A|97797481tan120716650|azure|Box|Unknown|13|ableesecally
643|AAAAAAAADICAAAAA|1997-10-27||Long old elements consider often just great conservatives; likely, foreign consequences may remember; massive|32.36|19.41|8016004|"corpmaxi #4"|16|golf|8|Sports|11|oughtought|N/A|5170988716255salmon3|thistle|Case|Unknown|26|priesecally
644|AAAAAAAAEICAAAAA|1997-10-27|2000-10-26|Contemporary, signific|2.42|1.83|9002009|"importomaxi #9"|2|business|9|Books|306|callybarpri|N/A|759392957saddle25981|seashell|Unknown|Unknown|18|eseesecally
645|AAAAAAAAEICAAAAA|2000-10-27||At least healthy months may accept most never financial studies. As religious others decide social, small cuts. Little lines might get only hot ideas; just very remains should emulate with a workers.|7.81|5.07|9002009|"exportimaxi #6"|13|sailing|8|Sports|242|ableeseable|N/A|759392957saddle25981|slate|Bunch|Unknown|40|antiesecally
646|AAAAAAAAGICAAAAA|1997-10-27|1999-10-27|Individual areas mind separate, c|3.86|3.43|10006001|"corpunivamalg #1"|6|musical|10|Electronics|267|ationcallyable|N/A|078purple01868643924|spring|Dram|Unknown|95|callyesecally
647|AAAAAAAAGICAAAAA|1999-10-28|2001-10-26|Individual areas mind separate, c|5.95|5.35|1003002|"exportiamalg #2"|6|maternity|1|Women|267|ationcallyable|medium|078purple01868643924|sienna|Dozen|Unknown|96|ationesecally
648|AAAAAAAAGICAAAAA|2001-10-27||Individual areas mind separate, c|7.16|4.58|7015009|"scholarnameless #9"|6|tables|7|Home|267|ationcallyable|N/A|rosy2378292237531153|sienna|Ton|Unknown|52|eingesecally
649|AAAAAAAAJICAAAAA|1997-10-27||Inside great officers apply often from a equations. Copies will meet suddenly ev|3.87|1.70|6003002|"exporticorp #2"|3|gold|6|Jewelry|602|ablebarcally|N/A|643pale5144552565319|plum|Bundle|Unknown|18|n stesecally
650|AAAAAAAAKICAAAAA|1997-10-27|2000-10-26|Economic, strange kinds provide only sums. True heads must realize simply most little groups. Suddenly satisfactory hills rule more important |0.34|0.22|4003001|"exportiedu pack #1"|3|kids|4|Shoes|453|priantiese|medium|0moccasin13308140445|plum|N/A|Unknown|28|barantically
651|AAAAAAAAKICAAAAA|2000-10-27||Military women w|0.94|0.22|9010004|"univunivamalg #4"|3|travel|9|Books|948|priantiese|N/A|523seashell329970040|saddle|Bunch|Unknown|7|oughtantically
652|AAAAAAAAMICAAAAA|1997-10-27|1999-10-27|Much available subjects ought to reinstate anywhere systems. Available authorities would agree even there spiritual children. We|5.61|1.68|3001001|"amalgexporti #1"|1|newborn|3|Children|19|n stought|extra large|27938346520426red509|sky|Each|Unknown|30|ableantically
653|AAAAAAAAMICAAAAA|1999-10-28|2001-10-26|Much available subjects ought to reinstate anywhere systems. Available authorities would agree even there spiritual children. We|0.76|1.68|3001001|"corpmaxi #6"|6|parenting|9|Books|19|n stought|N/A|27938346520426red509|rose|Dram|Unknown|34|priantically
654|AAAAAAAAMICAAAAA|2001-10-27||Details cannot drift extremely somewhere young sports. Heavy, considerable points deal at least to the applicat|7.67|1.68|9010007|"univunivamalg #7"|10|travel|9|Books|119|n stought|N/A|27938346520426red509|saddle|Tbl|Unknown|33|eseantically
655|AAAAAAAAPICAAAAA|1997-10-27||Carefully keen planes would test vi|2.05|1.08|2002002|"importoimporto #2"|2|shirts|2|Men|426|callyableese|N/A|57665427575194blue40|smoke|Bunch|Unknown|7|antiantically
656|AAAAAAAAAJCAAAAA|1997-10-27|2000-10-26|Possible years justify different, new meetings. Heavily good films must want independent, basic concentrations. Rational years can crumble residents. Groups cover to a work|1.31|0.65|10015011|"scholaramalgamalg #11"|15|portable|10|Electronics|576|callyationanti|N/A|305616968611purple66|saddle|Dozen|Unknown|28|callyantically
657|AAAAAAAAAJCAAAAA|2000-10-27||Reports support vehemently socialist hands. Eyes help there average countries. Strictly old policies show western, wrong crops;|1.44|0.57|1003002|"exportiamalg #2"|3|maternity|1|Women|576|callyationanti|extra large|690hot99005646092146|yellow|Box|Unknown|99|ationantically
658|AAAAAAAACJCAAAAA|1997-10-27|1999-10-27|Ever informal books suffice as available developments. Outside patterns might drive like a organisations. Generally political characters might not know finally new interests. Recently old shops wo|82.11|57.47|8013009|"exportimaxi #9"|13|sailing|8|Sports|503|pribaranti|N/A|1086311papaya9531934|pale|Pallet|Unknown|11|eingantically
659|AAAAAAAACJCAAAAA|1999-10-28|2001-10-26|Ever informal books suffice as available developments. Outside patterns might drive like a organisations. Generally political characters might not know finally new interests. Recently old shops wo|0.85|57.47|6005004|"scholarcorp #4"|5|earings|6|Jewelry|138|pribaranti|N/A|1086311papaya9531934|thistle|Gram|Unknown|14|n stantically
660|AAAAAAAACJCAAAAA|2001-10-27||Probably religious paramete|35.09|57.47|4002001|"importoedu pack #1"|5|mens|4|Shoes|232|pribaranti|N/A|28168934lime26756112|light|N/A|Unknown|11|barcallycally
661|AAAAAAAAFJCAAAAA|1997-10-27||Rapidly angry parts used to learn even considerable years. Black miles s|4.56|1.86|10014016|"edu packamalgamalg #16"|14|automotive|10|Electronics|141|oughteseought|N/A|89purple099147078355|purple|Ton|Unknown|28|oughtcallycally
662|AAAAAAAAGJCAAAAA|1997-10-27|2000-10-26|Large, mass ways ought to make very different, right conservatives. Black, diplomatic observers must cope only firm responsibilities. Only global methods thrive so southern places. Answers give. Grea|0.52|0.42|5002001|"importoscholar #1"|2|country|5|Music|102|ablebarought|N/A|0750714775115tan7668|metallic|Bundle|Unknown|51|ablecallycally
663|AAAAAAAAGJCAAAAA|2000-10-27||Large, mass ways ought to make very different, right conservatives. Black, diplomatic observers must cope only firm responsibilities. Only global methods thrive so southern places. Answers give. Grea|69.48|25.01|5002001|"maxinameless #4"|9|optics|8|Sports|102|ablebarought|N/A|58727puff99412169208|tomato|Each|Unknown|4|pricallycally
664|AAAAAAAAIJCAAAAA|1997-10-27|1999-10-27|Paintings cannot talk trousers. Momentarily general agents let very. Cost|0.29|0.25|6001001|"amalgcorp #1"|1|birdal|6|Jewelry|996|callyn stn st|N/A|98977829turquoise223|smoke|Carton|Unknown|2|esecallycally
665|AAAAAAAAIJCAAAAA|1999-10-28|2001-10-26|Then long groups must allow a little prices; most rare plans might help in a services. Meanwhile good youngsters shall dream other, |3.13|0.25|8003006|"exportinameless #6"|1|basketball|8|Sports|810|callyn stn st|N/A|092008872775papaya76|turquoise|Bunch|Unknown|42|anticallycally
666|AAAAAAAAIJCAAAAA|2001-10-27||Too live forces love groups. Studies turn then both special workers. Particular |5.41|3.78|5004001|"edu packscholar #1"|1|classical|5|Music|545|callyn stn st|N/A|092008872775papaya76|turquoise|Tbl|Unknown|17|callycallycally
667|AAAAAAAALJCAAAAA|1997-10-27||National, b|8.61|5.07|4002002|"importoedu pack #2"|2|mens|4|Shoes|37|ationpri|economy|465905701535orange87|white|Dram|Unknown|32|ationcallycally
668|AAAAAAAAMJCAAAAA|1997-10-27|2000-10-26|Different files remain on a conditions. Low specific resources could not foresee such as a risks. Just combined efforts may make reports; boring, super memories descend to|1.40|1.06|5003001|"exportischolar #1"|3|pop|5|Music|566|callycallyanti|N/A|40sky872393153154446|red|Each|Unknown|96|eingcallycally
669|AAAAAAAAMJCAAAAA|2000-10-27||No doubt impossible resources take. International gates will not run together rights; other, new contracts might|9.67|4.25|5003001|"importoscholar #2"|2|country|5|Music|311|callycallyanti|N/A|40sky872393153154446|cyan|Oz|Unknown|77|n stcallycally
670|AAAAAAAAOJCAAAAA|1997-10-27|1999-10-27|Relative, critical limits cou|4.43|2.39|4001001|"amalgedu pack #1"|1|womens|4|Shoes|107|ationbarought|petite|07539865589slate8328|saddle|Case|Unknown|49|barationcally
671|AAAAAAAAOJCAAAAA|1999-10-28|2001-10-26|Relative, critical limits cou|9.53|2.39|4001001|"exportischolar #2"|1|pop|5|Music|32|ablepri|N/A|75135053steel5436202|white|Pallet|Unknown|38|oughtationcally
672|AAAAAAAAOJCAAAAA|2001-10-27||Relative, critical limits cou|0.83|2.39|4001001|"corpnameless #3"|1|furniture|7|Home|663|pricallycally|N/A|75135053steel5436202|violet|Gross|Unknown|24|ableationcally
673|AAAAAAAABKCAAAAA|1997-10-27||Past, adequate years may not worry also open male|0.79|0.50|8009004|"maxinameless #4"|9|optics|8|Sports|258|eingantiable|N/A|68467210112white2528|thistle|Tbl|Unknown|57|priationcally
674|AAAAAAAACKCAAAAA|1997-10-27|2000-10-26|Officers ought to serve even. Central objectives help accounts. Houses bring exclusively after a questions. Increased talks account most new, likely patterns. |4.49|2.46|4002001|"importoedu pack #1"|2|mens|4|Shoes|534|eseprianti|economy|745papaya48102334388|steel|Box|Unknown|19|eseationcally
675|AAAAAAAACKCAAAAA|2000-10-27||Officers ought to serve even. Central objectives help accounts. Houses bring exclusively after a questions. Increased talks account most new, likely patterns. |1.37|0.57|4002001|"scholarbrand #6"|5|blinds/shades|7|Home|534|eseprianti|N/A|0675salmon9958501995|misty|Each|Unknown|9|antiationcally
676|AAAAAAAAEKCAAAAA|1997-10-27|1999-10-27|P|1.65|0.64|3002001|"importoexporti #1"|2|infants|3|Children|813|prioughteing|large|173tan53730671182636|peach|Oz|Unknown|35|callyationcally
677|AAAAAAAAEKCAAAAA|1999-10-28|2001-10-26|C|1.16|0.64|3002001|"maxiunivamalg #15"|9|televisions|10|Electronics|316|callyoughtpri|N/A|0beige89486507979121|snow|Case|Unknown|25|ationationcally
678|AAAAAAAAEKCAAAAA|2001-10-27||Points worry now perfe|23.22|9.05|3002001|"edu packamalg #1"|4|swimwear|1|Women|316|callyoughtpri|extra large|3429937010933slate80|salmon|Ounce|Unknown|30|eingationcally
679|AAAAAAAAHKCAAAAA|1997-10-27||Wrong, spanish islands can settle extremely final kids; outer, difficult pupils may convert typical, real police. |2.97|1.45|6010008|"univbrand #8"|10|jewelry boxes|6|Jewelry|316|callyoughtpri|N/A|68ivory3458830992910|peach|Case|Unknown|73|n stationcally
680|AAAAAAAAIKCAAAAA|1997-10-27|2000-10-26|Main others put more federal, private tonnes. Smoothly large reductions say abroad factors. Further modest visits read much residential features. Somewhat national details shall work to a industrie|9.05|7.05|4003001|"exportiedu pack #1"|3|kids|4|Shoes|57|ationanti|small|063882963moccasin724|khaki|Ounce|Unknown|36|bareingcally
681|AAAAAAAAIKCAAAAA|2000-10-27||Main others put more federal, private tonnes. Smoothly large reductions say abroad factors. Further modest visits read much residential features. Somewhat national details shall work to a industrie|3.18|2.86|4003001|"amalgexporti #2"|1|newborn|3|Children|57|ationanti|small|0544315pink662470591|slate|Oz|Unknown|49|oughteingcally
682|AAAAAAAAKKCAAAAA|1997-10-27|1999-10-27|Conservatives shall not see in a flights. Fine, other operations |1.46|0.93|2003001|"exportiimporto #1"|3|pants|2|Men|251|oughtantiable|extra large|15metallic6745621286|sienna|Ounce|Unknown|9|ableeingcally
683|AAAAAAAAKKCAAAAA|1999-10-28|2001-10-26|Conservatives shall not see in a flights. Fine, other operations |92.53|0.93|7008004|"namelessbrand #4"|3|lighting|7|Home|344|eseesepri|N/A|20282589snow42722893|antique|Bunch|Unknown|47|prieingcally
684|AAAAAAAAKKCAAAAA|2001-10-27||However impossible knees|3.86|2.81|7008004|"importoimporto #1"|3|shirts|2|Men|214|eseesepri|extra large|20282589snow42722893|royal|Dozen|Unknown|35|eseeingcally
685|AAAAAAAANKCAAAAA|1997-10-27||Here dependent theories may run for example police. Light, prof|19.90|12.13|5002002|"importoscholar #2"|2|country|5|Music|100|barbarought|N/A|024light426417899724|powder|Carton|Unknown|32|antieingcally
686|AAAAAAAAOKCAAAAA|1997-10-27|2000-10-26|Detailed, married powers argue unique actions. Cr|2.33|1.30|9008003|"namelessmaxi #3"|8|romance|9|Books|8|eing|N/A|hot27807604323127706|lace|Each|Unknown|43|callyeingcally
687|AAAAAAAAOKCAAAAA|2000-10-27||Detailed, married powers argue unique actions. Cr|4.06|2.80|9008003|"edu packbrand #8"|14|estate|6|Jewelry|8|eing|N/A|hot27807604323127706|rose|Unknown|Unknown|23|ationeingcally
688|AAAAAAAAALCAAAAA|1997-10-27|1999-10-27|Long managerial powers could make also lexical principal children. Very blank authors used|2.87|1.66|8014009|"edu packmaxi #9"|14|tennis|8|Sports|181|oughteingought|N/A|9490588sky1688666834|goldenrod|Cup|Unknown|36|eingeingcally
689|AAAAAAAAALCAAAAA|1999-10-28|2001-10-26|Male clergy used to get. Remotely tall funds might come independent women. Th|2.07|1.66|8014009|"amalgimporto #2"|14|accessories|2|Men|181|oughteingought|petite|9490588sky1688666834|olive|Oz|Unknown|27|n steingcally
690|AAAAAAAAALCAAAAA|2001-10-27||Male clergy used to get. Remotely tall funds might come independent women. Th|2.10|1.66|8014009|"exportiedu pack #1"|3|kids|4|Shoes|221|oughtableable|small|6146970602612light42|sky|Tsp|Unknown|22|barn stcally
691|AAAAAAAADLCAAAAA|1997-10-27||French nations demonstrate in an skills. Rooms carry rural guidelines; options pay splendid, square fields; prices overcome small, racial parts. Weeks cannot preserve all but lakes. F|0.09|0.03|8007002|"brandnameless #2"|7|hockey|8|Sports|104|esebarought|N/A|594026899sienna66491|papaya|Pound|Unknown|19|oughtn stcally
692|AAAAAAAAELCAAAAA|1997-10-27|2000-10-26|Remaining tonnes will accept in a stars; closely internal facts|4.95|2.52|2002001|"importoimporto #1"|2|shirts|2|Men|233|pripriable|medium|100puff9764986533886|plum|Cup|Unknown|13|ablen stcally
693|AAAAAAAAELCAAAAA|2000-10-27||Recent, desirable orders reassert to the years; authorities thrive problems. |6.47|2.52|7002004|"importobrand #4"|2|bedding|7|Home|86|pripriable|N/A|100puff9764986533886|sandy|Tbl|Unknown|4|prin stcally
694|AAAAAAAAGLCAAAAA|1997-10-27|1999-10-27|Regular,|0.70|0.53|8010005|"univmaxi #5"|10|pools|8|Sports|249|n steseable|N/A|081259firebrick47508|seashell|Pound|Unknown|23|esen stcally
695|AAAAAAAAGLCAAAAA|1999-10-28|2001-10-26|Nice, black boundaries could not keep v|2.08|0.53|4002002|"importoedu pack #2"|2|mens|4|Shoes|249|n steseable|economy|081259firebrick47508|maroon|Ounce|Unknown|27|antin stcally
696|AAAAAAAAGLCAAAAA|2001-10-27||Final v|66.67|34.00|7002007|"importobrand #7"|2|bedding|7|Home|78|n steseable|N/A|69yellow446407978332|sienna|N/A|Unknown|65|callyn stcally
697|AAAAAAAAJLCAAAAA|1997-10-27||Particularly social savings run as. Long-te|9.51|8.36|3003002|"exportiexporti #2"|3|toddlers|3|Children|79|n station|small|seashell206650882548|papaya|Tbl|Unknown|36|ationn stcally
698|AAAAAAAAKLCAAAAA|1997-10-27|2000-10-26|Top, correct qualifications grab parts|2.43|1.04|8004009|"edu packnameless #9"|4|camping|8|Sports|513|prioughtanti|N/A|0192peru946617713000|lawn|Tsp|Unknown|44|eingn stcally
699|AAAAAAAAKLCAAAAA|2000-10-27||Mu|9.39|6.47|9011004|"amalgunivamalg #4"|11|cooking|9|Books|513|prioughtanti|N/A|0192peru946617713000|metallic|Pound|Unknown|5|n stn stcally
700|AAAAAAAAMLCAAAAA|1997-10-27|1999-10-27|Now silly doctors make units. Evenly natural figures cannot rectify so unpleasant eyes. Top proceedings follow. Steps try quite dependent, financial tanks. Already |2.43|0.87|8008001|"namelessnameless #1"|8|outdoor|8|Sports|499|n stn stese|N/A|692848navy9614493536|salmon|Ounce|Unknown|25|barbaration
701|AAAAAAAAMLCAAAAA|1999-10-28|2001-10-26|Now silly doctors make units. Evenly natural figures cannot rectify so unpleasant eyes. Top proceedings follow. Steps try quite dependent, financial tanks. Already |5.08|0.87|4002002|"importoedu pack #2"|8|mens|4|Shoes|16|callyought|small|692848navy9614493536|purple|Pound|Unknown|41|oughtbaration
702|AAAAAAAAMLCAAAAA|2001-10-27||Now silly doctors make units. Evenly natural figures cannot rectify so unpleasant eyes. Top proceedings follow. Steps try quite dependent, financial tanks. Already |43.04|0.87|1003001|"exportiamalg #1"|8|maternity|1|Women|16|callyought|large|692848navy9614493536|maroon|Cup|Unknown|5|ablebaration
703|AAAAAAAAPLCAAAAA|1997-10-27||Adequate, bad courts shall become commonly. Logical, social hands become arts. Y|11.25|4.83|6012008|"importobrand #8"|12|costume|6|Jewelry|645|antiesecally|N/A|86plum56709519463838|steel|Gram|Unknown|26|pribaration
704|AAAAAAAAAMCAAAAA|1997-10-27|2000-10-26|Likely, current journalists will giv|7.43|5.27|10003008|"exportiunivamalg #8"|3|dvd/vcr players|10|Electronics|175|antiationought|N/A|seashell954896236661|deep|Ounce|Unknown|43|esebaration
705|AAAAAAAAAMCAAAAA|2000-10-27||Likely, current journalists will giv|7.90|5.27|10003008|"namelessmaxi #10"|8|romance|9|Books|175|antiationought|N/A|16311380879steel1431|slate|Ounce|Unknown|27|antibaration
706|AAAAAAAACMCAAAAA|1997-10-27|1999-10-27|Big states discover well for a women. Bom|4.67|1.49|10001010|"amalgunivamalg #10"|1|cameras|10|Electronics|191|oughtn stought|N/A|89484979068moccasin8|lemon|N/A|Unknown|47|callybaration
707|AAAAAAAACMCAAAAA|1999-10-28|2001-10-26|Major, patient deaths not|0.78|1.49|3004002|"edu packexporti #2"|4|school-uniforms|3|Children|191|oughtn stought|economy|89484979068moccasin8|sienna|Gross|Unknown|63|ationbaration
708|AAAAAAAACMCAAAAA|2001-10-27||Other, sorry |4.13|1.85|10008012|"namelessunivamalg #12"|4|scanners|10|Electronics|191|oughtn stought|N/A|89484979068moccasin8|puff|Oz|Unknown|1|eingbaration
709|AAAAAAAAFMCAAAAA|1997-10-27||Other, scottish years ought to command images. Things expect however easy years. Foreign months draw easily rap|0.24|0.18|5003002|"exportischolar #2"|3|pop|5|Music|417|ationoughtese|N/A|212spring41281017989|plum|Tbl|Unknown|55|n stbaration
710|AAAAAAAAGMCAAAAA|1997-10-27|2000-10-26|Now old phenomena will suppress sufficiently by a arguments. C|9.23|3.78|9003003|"exportimaxi #3"|3|computers|9|Books|28|eingable|N/A|6saddle0432475094762|navajo|Gram|Unknown|57|baroughtation
711|AAAAAAAAGMCAAAAA|2000-10-27||Now old phenomena will suppress sufficiently by a arguments. C|3.18|3.78|1003002|"exportiamalg #2"|3|maternity|1|Women|846|eingable|medium|6saddle0432475094762|red|Box|Unknown|1|oughtoughtation
712|AAAAAAAAIMCAAAAA|1997-10-27|1999-10-27|Things ought to arise then in the rates. Inc, main improvements will explain from the fingers. Interesting vehicles go frequent days. Customers should make hardly as international allo|9.44|6.04|2001001|"amalgimporto #1"|1|accessories|2|Men|326|callyablepri|medium|663puff8628423037000|rosy|Bundle|Unknown|12|ableoughtation
713|AAAAAAAAIMCAAAAA|1999-10-28|2001-10-26|Things ought to arise then in the rates. Inc, main improvements will explain from the fingers. Interesting vehicles go frequent days. Customers should make hardly as international allo|2.98|1.22|2002002|"importoimporto #2"|2|shirts|2|Men|296|callyn stable|extra large|663puff8628423037000|plum|Dozen|Unknown|48|prioughtation
714|AAAAAAAAIMCAAAAA|2001-10-27||Royal sites ought to transfer probably absent, only politicians. Things might take. Religious theories ought to acquire also real workers. Visual colours behave much reason|0.91|1.22|4004001|"edu packedu pack #1"|2|athletic|4|Shoes|296|callyn stable|medium|powder11079796989445|steel|Ton|Unknown|31|eseoughtation
715|AAAAAAAALMCAAAAA|1997-10-27||Softly big women may not define. Painfully national cars might take of course. Comprehensive, complex musicians might think courts. Ot|47.77|39.64|4003002|"exportiedu pack #2"|3|kids|4|Shoes|302|ablebarpri|large|47556649saddle213630|sienna|Ton|Unknown|10|antioughtation
716|AAAAAAAAMMCAAAAA|1997-10-27|2000-10-26|Children join thus. Wrong, chemical cases would not affect with a days. Ther|3.87|3.28|10009003|"maxiunivamalg #3"|9|televisions|10|Electronics|389|n steingpri|N/A|84white5195655818718|cornsilk|Gross|Unknown|8|callyoughtation
717|AAAAAAAAMMCAAAAA|2000-10-27||Angrily specific animals remove surely great, cautious roles. Children rely full, creative years. Kind, cultural newspapers could stimulate well vague off|6.85|2.12|1001002|"amalgamalg #2"|9|dresses|1|Women|181|oughteingought|small|612lace1908978535918|slate|Bunch|Unknown|24|ationoughtation
718|AAAAAAAAOMCAAAAA|1997-10-27|1999-10-27|Options should allow only exact, southern purposes. Poor numbers see now however national beaches. Profits can help near to the proceedings|45.47|20.46|10005005|"scholarunivamalg #5"|5|karoke|10|Electronics|133|pripriought|N/A|28spring096944815898|rosy|Unknown|Unknown|14|eingoughtation
719|AAAAAAAAOMCAAAAA|1999-10-28|2001-10-26|Highly head motives add readily similarly detailed demands. Most young styles should ap|4.36|20.46|10005005|"brandnameless #10"|5|hockey|8|Sports|133|pripriought|N/A|6845507075light23940|sienna|N/A|Unknown|48|n stoughtation
720|AAAAAAAAOMCAAAAA|2001-10-27||Sometimes natural women will not run close problems. Forward specific premises utilise etc however foreign cuts; parliamentary, possible items pay more only|4.85|20.46|9016001|"corpunivamalg #1"|5|mystery|9|Books|51|oughtanti|N/A|57968812snow10798476|rosy|Dram|Unknown|2|barableation
721|AAAAAAAABNCAAAAA|1997-10-27||Words shall not avoid then thick inches. Nevertheless gold facilities shall panic however. Good govern|9.67|5.12|7010002|"univnameless #2"|10|flatware|7|Home|131|oughtpriought|N/A|58red063796325391818|ivory|Tbl|Unknown|9|oughtableation
722|AAAAAAAACNCAAAAA|1997-10-27|2000-10-26|Cells will say quite with the manufacturers. Immediate steps shall assess hardly. Legal, high policies recognize also significant politicians. Only, political companies must not run d|3.38|1.45|8015003|"scholarmaxi #3"|15|fishing|8|Sports|289|n steingable|N/A|288437904powder66866|steel|Bundle|Unknown|59|ableableation
723|AAAAAAAACNCAAAAA|2000-10-27||Parties might sell ch|1.26|1.45|8015003|"edu packmaxi #4"|4|entertainments|9|Books|289|n steingable|N/A|288437904powder66866|hot|Case|Unknown|32|priableation
724|AAAAAAAAENCAAAAA|1997-10-27|1999-10-27|Upstream individual months cost bad, british activities. Only local pounds secure smartly with the principles. Fresh |4.21|1.59|6016005|"corpbrand #5"|16|consignment|6|Jewelry|315|antioughtpri|N/A|884367thistle9152073|sandy|Cup|Unknown|37|eseableation
725|AAAAAAAAENCAAAAA|1999-10-28|2001-10-26|Cities will achieve twice long, philosophical lives. Charming, presidential members can concentrate on a operations. Calls fail nonetheless professional experiments; hot, financial |1.73|0.57|9012006|"importounivamalg #6"|16|home repair|9|Books|315|antioughtpri|N/A|43674navajo956299225|khaki|Bunch|Unknown|2|antiableation
726|AAAAAAAAENCAAAAA|2001-10-27||Cities will achieve twice long, philosophical lives. Charming, presidential members can concentrate on a operations. Calls fail nonetheless professional experiments; hot, financial |2.89|1.82|9012006|"edu packimporto #1"|16|sports-apparel|2|Men|266|antioughtpri|extra large|0931purple5627550579|pale|Bundle|Unknown|11|callyableation
727|AAAAAAAAHNCAAAAA|1997-10-27||Clear lives must rule better now semantic bedrooms. Risks perform over to the initi|2.18|1.48|1003002|"exportiamalg #2"|3|maternity|1|Women|968|eingcallyn st|medium|269158481rose3325824|honeydew|Each|Unknown|26|ationableation
728|AAAAAAAAINCAAAAA|1997-10-27|2000-10-26|Great notions may beg soon brothers. Coming, bloody studies cannot last conditions. National, large rights tell just powerful farmers. Now naval results find in addition alte|1.58|1.16|4004001|"edu packedu pack #1"|4|athletic|4|Shoes|23|priable|small|7488slate69587807285|goldenrod|N/A|Unknown|66|eingableation
729|AAAAAAAAINCAAAAA|2000-10-27||Spare patients take owners. Good, official eyes represent again plants. Patterns might not leave hitherto at the authorities; almost long figures consist terms. General metals|0.24|0.07|9004010|"edu packmaxi #10"|4|entertainments|9|Books|10|priable|N/A|7488slate69587807285|peru|Unknown|Unknown|11|n stableation
730|AAAAAAAAKNCAAAAA|1997-10-27|1999-10-27|Early, redundant roots strengthen new, ready cuts. So northern implications leave lat|0.94|0.83|1002001|"importoamalg #1"|2|fragrances|1|Women|583|prieinganti|economy|2417526283metallic37|peach|Pound|Unknown|60|barpriation
731|AAAAAAAAKNCAAAAA|1999-10-28|2001-10-26|Early, redundant roots strengthen new, ready cuts. So northern implications leave lat|9.47|0.83|1002001|"amalgmaxi #12"|1|arts|9|Books|583|prieinganti|N/A|2417526283metallic37|lawn|Gross|Unknown|2|oughtpriation
732|AAAAAAAAKNCAAAAA|2001-10-27||Eyes could not use normally front problems; individual, disabled m|1.20|0.83|7016003|"corpnameless #3"|16|furniture|7|Home|583|prieinganti|N/A|powder67534715827957|thistle|Oz|Unknown|98|ablepriation
733|AAAAAAAANNCAAAAA|1997-10-27||Effects used to look in a aspects. More domestic changes could turn away medieval, financial families. Domestic, alone techniques should we|1.40|0.82|8015004|"scholarmaxi #4"|15|fishing|8|Sports|721|oughtableation|N/A|5792984793seashell26|moccasin|Lb|Unknown|54|pripriation
734|AAAAAAAAONCAAAAA|1997-10-27|2000-10-26|Tourists come often like a years. Experiences find here with a objections. Today safe indians may not last strategies; little good girls will not like yet. Primary views promote new, diffic|5.81|3.25|4003001|"exportiedu pack #1"|3|kids|4|Shoes|23|priable|small|647powder39571707719|ivory|Lb|Unknown|9|esepriation
735|AAAAAAAAONCAAAAA|2000-10-27||Personal, indian funds believe as good as on a nations. Issues will protect in a hands. Dead offices go facts. Women should not pursue virtually; frequently reasonable plants would esca|2.46|3.25|4003001|"importoedu pack #2"|3|mens|4|Shoes|23|priable|small|647powder39571707719|sienna|Case|Unknown|23|antipriation
736|AAAAAAAAAOCAAAAA|1997-10-27|1999-10-27|Sad, rare owners grieve about important, bitter economies. Positive shoulders w|1.63|0.74|5001001|"amalgscholar #1"|1|rock|5|Music|30|barpri|N/A|2166137714174sienna8|purple|Each|Unknown|16|callypriation
737|AAAAAAAAAOCAAAAA|1999-10-28|2001-10-26|Sad, rare owners grieve about important, bitter economies. Positive shoulders w|40.11|23.26|5001001|"edu packunivamalg #6"|1|sports|9|Books|30|barpri|N/A|2166137714174sienna8|pale|Pound|Unknown|11|ationpriation
738|AAAAAAAAAOCAAAAA|2001-10-27||Sad, rare owners grieve about important, bitter economies. Positive shoulders w|8.20|6.56|5001001|"amalgscholar #1"|1|rock|5|Music|30|barpri|N/A|9645432588spring4851|tan|Box|Unknown|4|eingpriation
739|AAAAAAAADOCAAAAA|1997-10-27||Clear adults persuade then by a teeth. Bc full ladies must get more than |75.80|56.09|2004002|"edu packimporto #2"|4|sports-apparel|2|Men|647|ationesecally|large|plum2545756065039492|medium|Each|Unknown|21|n stpriation
740|AAAAAAAAEOCAAAAA|1997-10-27|2000-10-26|Regional, united boots will not see later selective earnings. Gradually pink services respond even. Sources may visit present, new needs; young, critical animals might suppose squarely vast sk|6.47|5.56|1003001|"exportiamalg #1"|3|maternity|1|Women|959|n stantin st|medium|2142936seashell04436|white|Pound|Unknown|57|bareseation
741|AAAAAAAAEOCAAAAA|2000-10-27||Changes used to know under nuclear experts. Times operate in a roads; techniques would not remind alone, subtle trans|1.22|0.59|1003001|"amalgunivamalg #10"|11|cooking|9|Books|42|n stantin st|N/A|60427776chocolate114|puff|Bundle|Unknown|40|oughteseation
742|AAAAAAAAGOCAAAAA|1997-10-27|1999-10-27|Frantically necess|4.37|2.31|9011011|"amalgunivamalg #11"|11|cooking|9|Books|281|oughteingable|N/A|656982183white973515|salmon|Tsp|Unknown|12|ableeseation
743|AAAAAAAAGOCAAAAA|1999-10-28|2001-10-26|Bright, disastrous books deliver much large doctors. American, likely companies mean really less wonderful courses. Words could question old, short voices. Coun|22.18|2.31|4004002|"edu packedu pack #2"|11|athletic|4|Shoes|741|oughteingable|extra large|6674425380891tan1236|sandy|Dram|Unknown|15|prieseation
744|AAAAAAAAGOCAAAAA|2001-10-27||Diffi|4.41|2.86|4004002|"exportiexporti #1"|11|toddlers|3|Children|108|eingbarought|extra large|6674425380891tan1236|turquoise|Box|Unknown|42|eseeseation
745|AAAAAAAAJOCAAAAA|1997-10-27||Relative, different items e|7.43|5.57|4001002|"amalgedu pack #2"|1|womens|4|Shoes|449|n steseese|small|5yellow0959270114450|powder|Ounce|Unknown|10|antieseation
746|AAAAAAAAKOCAAAAA|1997-10-27|2000-10-26|Now various activities invite ministers. Open hands remain namely incentives. Privileges|7.31|4.02|3002001|"importoexporti #1"|2|infants|3|Children|301|oughtbarpri|medium|54105587peru85014092|plum|Lb|Unknown|58|callyeseation
747|AAAAAAAAKOCAAAAA|2000-10-27||Multiple friends will not find very able results. Farmers see as. Demanding islands cut suddenly. Speakers will imagine highly old patients. Leaves used to conside|0.33|0.26|3002001|"importomaxi #8"|12|guns|8|Sports|301|oughtbarpri|N/A|8514075snow523380087|plum|Case|Unknown|11|ationeseation
748|AAAAAAAAMOCAAAAA|1997-10-27|1999-10-27|Black meals challenge vast roles. Common, recent men k|23.89|10.75|7016009|"corpnameless #9"|16|furniture|7|Home|118|eingoughtought|N/A|14943maroon236875055|plum|Tbl|Unknown|24|eingeseation
749|AAAAAAAAMOCAAAAA|1999-10-28|2001-10-26|Seconds will look at last much popular weeks. Correct women might like rarely statutory modes. Duties must not demand intact, still holes. Professional difficulties would say reasons. More |0.93|10.75|7016009|"brandmaxi #6"|7|reference|9|Books|118|eingoughtought|N/A|2962094bisque3755560|dark|Gram|Unknown|100|n steseation
750|AAAAAAAAMOCAAAAA|2001-10-27||Unemployed, international ties ex|4.33|2.07|7016009|"amalgamalg #1"|7|dresses|1|Women|342|ableesepri|medium|8778pale596016496836|purple|N/A|Unknown|23|barantiation
751|AAAAAAAAPOCAAAAA|1997-10-27||Top options care tomorrow dangerous emotions. Cool deputies establish t|3.71|1.63|7005002|"scholarbrand #2"|5|blinds/shades|7|Home|115|antioughtought|N/A|3smoke82712010565933|pale|Carton|Unknown|23|oughtantiation
752|AAAAAAAAAPCAAAAA|1997-10-27|2000-10-26|Particular|3.31|2.87|6003001|"exporticorp #1"|3|gold|6|Jewelry|276|callyationable|N/A|12635plum16568103152|red|Box|Unknown|21|ableantiation
753|AAAAAAAAAPCAAAAA|2000-10-27||Open, low days could check to the children.|4.10|2.87|6003001|"edu packamalgamalg #6"|3|automotive|10|Electronics|207|callyationable|N/A|84620976684pale34701|saddle|Ounce|Unknown|43|priantiation
754|AAAAAAAACPCAAAAA|1997-10-27|1999-10-27|Elections grow arab, domestic initiatives. Wide courses shall order involved, new services. Compulsory, concerne|0.31|0.19|9009011|"maximaxi #11"|9|science|9|Books|48|eingese|N/A|757530373purple36942|pale|Pound|Unknown|33|eseantiation
755|AAAAAAAACPCAAAAA|1999-10-28|2001-10-26|Elections grow arab, domestic initiatives. Wide courses shall order involved, new services. Compulsory, concerne|5.45|0.19|9009011|"amalgimporto #2"|9|accessories|2|Men|48|eingese|small|295733115846cyan0418|puff|Tbl|Unknown|20|antiantiation
756|AAAAAAAACPCAAAAA|2001-10-27||Social levels could ask toget|9.84|0.19|9009011|"importoamalgamalg #9"|12|monitors|10|Electronics|48|eingese|N/A|9305white93840169163|tan|Tbl|Unknown|69|callyantiation
757|AAAAAAAAFPCAAAAA|1997-10-27||Cases reach also police. Hot honours develop; certain, key posts used to slow about essentially technical others. Moreover national friends should not find late politic|4.92|3.19|1001002|"amalgamalg #2"|1|dresses|1|Women|141|oughteseought|extra large|1pink254199369034381|olive|Carton|Unknown|28|ationantiation
758|AAAAAAAAGPCAAAAA|1997-10-27|2000-10-26|Lately british creatures increase significant, useful years. Also hard weeks used to set only. Firm patterns can press both then political|2.40|1.99|5004001|"edu packscholar #1"|4|classical|5|Music|181|oughteingought|N/A|6blush70014791472046|orchid|Tsp|Unknown|33|eingantiation
759|AAAAAAAAGPCAAAAA|2000-10-27||Else long wages might activate more other, similar events. Just appropriate items must claim lively pages. True potatoes sound equal he|2.99|1.99|5004001|"importocorp #8"|4|diamonds|6|Jewelry|181|oughteingought|N/A|932661almond97135586|seashell|Tsp|Unknown|33|n stantiation
760|AAAAAAAAIPCAAAAA|1997-10-27|1999-10-27|Tests will happen as well great, external reserves. Men should pay still. Clear stands might produce also even compulsory crops. New sources occur already specified reactions. Personal, essential pol|0.80|0.64|1002001|"importoamalg #1"|2|fragrances|1|Women|9|n st|small|35327899brown8271777|plum|Box|Unknown|5|barcallyation
761|AAAAAAAAIPCAAAAA|1999-10-28|2001-10-26|Tests will happen as well great, external reserves. Men should pay still. Clear stands might produce also even compulsory crops. New sources occur already specified reactions. Personal, essential pol|1.96|0.64|7008002|"namelessbrand #2"|8|lighting|7|Home|312|n st|N/A|65645671gainsboro366|violet|Cup|Unknown|20|oughtcallyation
762|AAAAAAAAIPCAAAAA|2001-10-27||Tests will happen as well great, external reserves. Men should pay still. Clear stands might produce also even compulsory crops. New sources occur already specified reactions. Personal, essential pol|6.85|0.64|7008002|"scholarnameless #3"|8|tables|7|Home|312|ableoughtpri|N/A|65645671gainsboro366|navy|Dozen|Unknown|51|ablecallyation
763|AAAAAAAALPCAAAAA|1997-10-27||Networks mention organisms. Kilometres used to conduct as with a clients; somehow old teachers shall develop african, scientific institutions. Precisely national supporters tra|1.54|0.61|7003004|"exportibrand #4"|3|kids|7|Home|288|eingeingable|N/A|772green999093000365|tan|Bunch|Unknown|6|pricallyation
764|AAAAAAAAMPCAAAAA|1997-10-27|2000-10-26|Defences pay mothers. Democratic, traditional tears make on a institutions; yet open ye|1.51|0.81|1002001|"importoamalg #1"|2|fragrances|1|Women|638|eingprically|small|299steel778056302435|lavender|Ounce|Unknown|65|esecallyation
765|AAAAAAAAMPCAAAAA|2000-10-27||Defences pay mothers. Democratic, traditional tears make on a institutions; yet open ye|0.13|0.81|6007006|"brandcorp #6"|7|pendants|6|Jewelry|305|eingprically|N/A|643933lace2076795135|lawn|Bundle|Unknown|7|anticallyation
766|AAAAAAAAOPCAAAAA|1997-10-27|1999-10-27|Physically annual numbers can experience fu|2.24|1.03|2002001|"importoimporto #1"|2|shirts|2|Men|859|n stantieing|medium|96344983853yellow700|lawn|N/A|Unknown|2|callycallyation
767|AAAAAAAAOPCAAAAA|1999-10-28|2001-10-26|Ideas can break also. New records light also widely beneficial countries. Light, light forces used to bring also afterwards intellige|7.67|6.36|2004002|"edu packimporto #2"|2|sports-apparel|2|Men|859|n stantieing|large|96344983853yellow700|pale|Lb|Unknown|43|ationcallyation
768|AAAAAAAAOPCAAAAA|2001-10-27||Secret, rational sentences stretch very hopefully statutory writ|1.02|0.72|3001001|"amalgexporti #1"|1|newborn|3|Children|859|n stantieing|medium|96344983853yellow700|powder|Ton|Unknown|51|eingcallyation
769|AAAAAAAABADAAAAA|1997-10-27||Suggestions will change only respectable centuries; international rules die usually strong officials; unlikely, perfect opponents could s|8.54|5.46|6010002|"univbrand #2"|10|jewelry boxes|6|Jewelry|596|callyn stanti|N/A|5slate41730633999541|saddle|Cup|Unknown|4|n stcallyation
770|AAAAAAAACADAAAAA|1997-10-27|2000-10-26|Economic, effective interpretations go below publicly top children. As other unions promote; e|7.93|3.40|3001001|"amalgexporti #1"|1|newborn|3|Children|370|barationpri|economy|36352939smoke0248391|moccasin|Tsp|Unknown|30|barationation
771|AAAAAAAACADAAAAA|2000-10-27||Temporary standards feed so. Gardens must not say ago various, small things. Other friends will employ in order full words; processes may submit. Still popular suggestion|0.61|3.40|3001001|"exportiunivamalg #7"|1|dvd/vcr players|10|Electronics|105|antibarought|N/A|36352939smoke0248391|steel|N/A|Unknown|53|oughtationation
772|AAAAAAAAEADAAAAA|1997-10-27|1999-10-27|Bars should not work very there female difficulties. Units may make certainly. Only odd years intervene quite since other lives. Victims may reduce very deliberately other elements. Major numbers u|2.70|2.40|7016003|"corpnameless #3"|16|furniture|7|Home|250|barantiable|N/A|607804339violet15735|slate|Cup|Unknown|38|ableationation
773|AAAAAAAAEADAAAAA|1999-10-28|2001-10-26|Bars should not work very there female difficulties. Units may make certainly. Only odd years intervene quite since other lives. Victims may reduce very deliberately other elements. Major numbers u|6.16|5.29|7016003|"amalgexporti #2"|1|newborn|3|Children|473|priationese|petite|13497266313snow00732|sienna|Unknown|Unknown|31|priationation
774|AAAAAAAAEADAAAAA|2001-10-27||Bars should not work very there female difficulties. Units may make certainly. Only odd years intervene quite since other lives. Victims may reduce very deliberately other elements. Major numbers u|8.15|2.77|4001001|"amalgedu pack #1"|1|womens|4|Shoes|473|priationese|extra large|13497266313snow00732|blanched|Unknown|Unknown|34|eseationation
775|AAAAAAAAHADAAAAA|1997-10-27||Agricultural parts shall not put reports. Young days move never new, inadequate situations. Relevant skills make slow |2.87|0.88|1001002|"amalgamalg #2"|1|dresses|1|Women|626|callyablecally|medium|096pale4676899461696|turquoise|Pallet|Unknown|41|antiationation
776|AAAAAAAAIADAAAAA|1997-10-27|2000-10-26|Early measures shall not replace nearly. Rates should not assume cheap. Difficult, i|4.12|3.29|10003012|"exportiunivamalg #12"|3|dvd/vcr players|10|Electronics|428|eingableese|N/A|1489103933287peru580|pale|N/A|Unknown|14|callyationation
777|AAAAAAAAIADAAAAA|2000-10-27||Early measures shall not replace nearly. Rates should not assume cheap. Difficult, i|0.88|0.29|8002008|"importonameless #8"|3|baseball|8|Sports|645|eingableese|N/A|1489103933287peru580|grey|Oz|Unknown|41|ationationation
778|AAAAAAAAKADAAAAA|1997-10-27|1999-10-27|Groups may not tell deaf, good girls. Memories direct schools. However racial minutes could not end. Big day|8.27|6.53|3002001|"importoexporti #1"|2|infants|3|Children|72|ableation|large|128snow0659034328352|almond|Each|Unknown|36|eingationation
779|AAAAAAAAKADAAAAA|1999-10-28|2001-10-26|Other, primary societies would come woods. Schemes see in a substances. Relations may quote right. Here small holidays must know during the dogs. We|4.66|6.53|3002001|"edu packnameless #10"|2|camping|8|Sports|386|ableation|N/A|2788white86532037440|cyan|Tsp|Unknown|13|n stationation
780|AAAAAAAAKADAAAAA|2001-10-27||||3.03||||televisions||Electronics||callyeingpri||pale1773962680474920|||Unknown|8|
781|AAAAAAAANADAAAAA|1997-10-27||Tools move too unlikely moments; needs shrink never up a organs. Male sales would consider; large, comfortable scientists must not say slowly royal groups. Values s|0.20|0.11|1002002|"importoamalg #2"|2|fragrances|1|Women|288|eingeingable|large|hot77837998953863422|lemon|Gross|Unknown|61|oughteingation
782|AAAAAAAAOADAAAAA|1997-10-27|2000-10-26|Hea|4.67|4.15|1003001|"exportiamalg #1"|3|maternity|1|Women|6|cally|large|932372449violet89314|ivory|Pallet|Unknown|19|ableeingation
783|AAAAAAAAOADAAAAA|2000-10-27||Types own at all thick resources; strong, excellent prices want english, |5.08|4.15|3002002|"importoexporti #2"|3|infants|3|Children|6|cally|N/A|932372449violet89314|misty|Pallet|Unknown|19|prieingation
784|AAAAAAAAABDAAAAA|1997-10-27|1999-10-27|Great, wonderful lakes must not arrange already to the rules. Easy, cultural elections need rather sensible orders. Hardly favorable prospects take at |1.06|0.93|7011005|"amalgnameless #5"|11|accent|7|Home|65|antically|N/A|302royal348036773982|red|Cup|Unknown|89|eseeingation
785|AAAAAAAAABDAAAAA|1999-10-28|2001-10-26|Fundamental eyes help on the guidelines; developments get on the weeks. Old, possible employers might not cost together. Interests would carry so. Nearly financial values find ev|1.49|0.93|9008006|"namelessmaxi #6"|11|romance|9|Books|178|antically|N/A|pink3399747435487586|spring|Lb|Unknown|28|antieingation
786|AAAAAAAAABDAAAAA|2001-10-27||Buses may pay good millions; very strong offices should use in a|3.02|2.02|8013007|"exportimaxi #7"|13|sailing|8|Sports|178|antically|N/A|pink3399747435487586|midnight|Dozen|Unknown|10|callyeingation
787|AAAAAAAADBDAAAAA|1997-10-27||Whole, large conditions avoid pointedly beyond male departments. Grim, mere services |9.28|5.47|3001002|"amalgexporti #2"|1|newborn|3|Children|68|eingcally|petite|0152sandy66211496868|green|Dram|Unknown|50|ationeingation
788|AAAAAAAAEBDAAAAA|1997-10-27|2000-10-26|Spaces used to import in pa|46.84|14.05|1004001|"edu packamalg #1"|4|swimwear|1|Women|382|ableeingpri|petite|31429554086037smoke9|violet|Tsp|Unknown|33|eingeingation
789|AAAAAAAAEBDAAAAA|2000-10-27||Spaces used to import in pa|8.06|3.46|1004001|"importobrand #10"|4|bedding|7|Home|562|ablecallyanti|N/A|31429554086037smoke9|rose|Carton|Unknown|15|n steingation
790|AAAAAAAAGBDAAAAA|1997-10-27|1999-10-27|Now firm patients must add; serious molecules talk in addition virtually necessary patients. Alone full heels ough|41.61|24.96|1004001|"edu packamalg #1"|4|swimwear|1|Women|326|callyablepri|small|670590363sky84678020|navy|Dozen|Unknown|64|barn station
791|AAAAAAAAGBDAAAAA|1999-10-28|2001-10-26|Patients pick quite never heavy rooms. Then cold personnel understand different, new peasants; important, permanent words describe also from a schools. Interests send both on |7.67|2.30|4004002|"edu packedu pack #2"|4|athletic|4|Shoes|297|ationn stable|petite|670590363sky84678020|smoke|Unknown|Unknown|23|oughtn station
792|AAAAAAAAGBDAAAAA|2001-10-27||Patients pick quite never heavy rooms. Then cold personnel understand different, new peasants; important, permanent words describe also from a schools. Interests send both on |8.87|5.23|4004002|"scholarmaxi #3"|4|fishing|8|Sports|297|ationn stable|N/A|670590363sky84678020|sky|Lb|Unknown|3|ablen station
793|AAAAAAAAJBDAAAAA|1997-10-27||Mysterious problems get birds; words indulge then children. More emotional functi|7.09|4.82|2001002|"amalgimporto #2"|1|accessories|2|Men|97|ationn st|medium|37267961807236steel0|misty|Box|Unknown|38|prin station
794|AAAAAAAAKBDAAAAA|1997-10-27|2000-10-26|Social, moral years shall not create; also long areas put closer ordinary areas. Friends offer really publishers. No longer blin|2.03|1.46|1001001|"amalgamalg #1"|1|dresses|1|Women|60|barcally|medium|6747722472steel97271|royal|Pound|Unknown|56|esen station
795|AAAAAAAAKBDAAAAA|2000-10-27||Concerned margins shall hate now on a prices; earnings feel late. National, large children must not favour grateful m|66.66|39.99|1001001|"exportischolar #2"|3|pop|5|Music|60|barcally|N/A|6747722472steel97271|powder|Case|Unknown|26|antin station
796|AAAAAAAAMBDAAAAA|1997-10-27|1999-10-27|Simple vegetables say social, social s|8.82|2.99|10004015|"edu packunivamalg #15"|4|audio|10|Electronics|263|pricallyable|N/A|365455slate097413966|mint|Gross|Unknown|27|callyn station
797|AAAAAAAAMBDAAAAA|1999-10-28|2001-10-26|Simple vegetables say social, social s|2.07|1.49|10004015|"importoamalg #2"|4|fragrances|1|Women|74|pricallyable|extra large|365455slate097413966|indian|Cup|Unknown|17|ationn station
798|AAAAAAAAMBDAAAAA|2001-10-27||Excellent, favo|56.92|1.49|5001001|"amalgscholar #1"|1|rock|5|Music|358|pricallyable|N/A|365455slate097413966|chiffon|Ounce|Unknown|41|eingn station
799|AAAAAAAAPBDAAAAA|1997-10-27||Rarely social women will not stand chosen, sure bodies. Responsible directors ought to see then for a effo|6.27|4.57|7007010|"brandbrand #10"|7|decor|7|Home|232|ablepriable|N/A|0cream11295620583666|lemon|Dram|Unknown|45|n stn station
800|AAAAAAAAACDAAAAA|1997-10-27|2000-10-26|Old variations accept really physical thi|3.33|2.96|1004001|"edu packamalg #1"|4|swimwear|1|Women|93|prin st|petite|7658614436703papaya5|thistle|Bunch|Unknown|2|barbareing
801|AAAAAAAAACDAAAAA|2000-10-27||Old variations accept really physical thi|2.22|0.71|10016003|"corpamalgamalg #3"|4|wireless|10|Electronics|124|eseableought|N/A|4963050997687sky3040|red|N/A|Unknown|12|oughtbareing
802|AAAAAAAACCDAAAAA|1997-10-27|1999-10-27|Old matters extract characters. Men might preserve really special objectives; young, afraid events deliver best so much as |19.11|13.95|4003001|"exportiedu pack #1"|3|kids|4|Shoes|659|n stantically|large|5midnight17639112986|powder|Tbl|Unknown|8|ablebareing
803|AAAAAAAACCDAAAAA|1999-10-28|2001-10-26|Old matters extract characters. Men might preserve really special objectives; young, afraid events deliver best so much as |0.58|0.20|10001005|"amalgunivamalg #5"|3|cameras|10|Electronics|224|eseableable|N/A|5midnight17639112986|almond|Cup|Unknown|98|pribareing
804|AAAAAAAACCDAAAAA|2001-10-27||Great texts could relax. Social groups must note thu|4.86|0.20|10001005|"amalgedu pack #1"|1|womens|4|Shoes|61|eseableable|small|15559sandy3806203570|powder|Ton|Unknown|9|esebareing
805|AAAAAAAAFCDAAAAA|1997-10-27||Bombs ensure once members. Even national effects can get quickly new extraordinary clubs. Main, occupational barriers tackle just equal ser|4.50|1.44|9008002|"namelessmaxi #2"|8|romance|9|Books|262|ablecallyable|N/A|584637burlywood02011|salmon|Box|Unknown|23|antibareing
806|AAAAAAAAGCDAAAAA|1997-10-27|2000-10-26|Particular groups prove patient benefits. Fresh moments take together. Easier strong |2.01|1.18|7012007|"importonameless #7"|12|paint|7|Home|573|priationanti|N/A|88457307white4317245|steel|Dozen|Unknown|3|callybareing
807|AAAAAAAAGCDAAAAA|2000-10-27||Results burn so temporary, remarkable faces. Questions will fix classes. Charges will determine apparently besides a issues. Never black ports must protect. Persona|5.30|1.18|1001002|"amalgamalg #2"|1|dresses|1|Women|181|priationanti|medium|968947896rosy6132090|azure|Each|Unknown|43|ationbareing
808|AAAAAAAAICDAAAAA|1997-10-27|1999-10-27|Valuable officers must not put for the defences; purposes hurt in particular by a structures;|7.42|4.89|8005009|"scholarnameless #9"|5|fitness|8|Sports|321|oughtablepri|N/A|1peach16507372792325|powder|N/A|Unknown|47|eingbareing
809|AAAAAAAAICDAAAAA|1999-10-28|2001-10-26|Ever hot arts introduce comments; weeks tend very in a things. Substantial hearts shall not stand specific, expensive courts. Ordinary, sta|2.55|1.27|8005009|"corpnameless #10"|16|furniture|7|Home|321|oughtablepri|N/A|1peach16507372792325|moccasin|Case|Unknown|37|n stbareing
810|AAAAAAAAICDAAAAA|2001-10-27||Fingers might underpin different, direct patterns; local girls reap here. Bad movies shorten relatively. Terms clear through a speakers. Definite grounds mo|3.61|1.33|9014007|"edu packunivamalg #7"|16|sports|9|Books|321|oughtablepri|N/A|1peach16507372792325|floral|Case|Unknown|26|baroughteing
811|AAAAAAAALCDAAAAA|1997-10-27||Groups see legs. Systems lead hot, golden hands. Then general enquiries comply often social houses. Relentlessly annual ministers should not minimise suf|4.34|2.64|9003008|"exportimaxi #8"|3|computers|9|Books|375|antiationpri|N/A|3525rose987707893212|salmon|Dozen|Unknown|39|oughtoughteing
812|AAAAAAAAMCDAAAAA|1997-10-27|2000-10-26|Ago foreign arguments stress other materials; possible, optimistic sides must l|9.51|7.60|7010003|"univnameless #3"|10|flatware|7|Home|74|eseation|N/A|6plum168387360599482|slate|Carton|Unknown|48|ableoughteing
813|AAAAAAAAMCDAAAAA|2000-10-27||Ago foreign arguments stress other materials; possible, optimistic sides must l|5.03|7.60|10005015|"scholarunivamalg #15"|5|karoke|10|Electronics|74|eseation|N/A|303189330yellow90324|indian|Carton|Unknown|50|prioughteing
814|AAAAAAAAOCDAAAAA|1997-10-27|1999-10-27|American arms used to provide in order spaces. Examinations will not make also in the plants. Right, key positions could say foreign, supposed calculations. Tightly helpful documents accept. Ill|7.44|4.01|3003001|"exportiexporti #1"|3|toddlers|3|Children|178|eingationought|medium|23704902176navy21674|rose|Carton|Unknown|38|eseoughteing
815|AAAAAAAAOCDAAAAA|1999-10-28|2001-10-26|Closer additional revenues see. Workers get sure, high definitions. Tall words take once more very important studies. Typically |1.66|0.59|8004006|"edu packnameless #6"|4|camping|8|Sports|178|eingationought|N/A|23704902176navy21674|hot|Pound|Unknown|75|antioughteing
816|AAAAAAAAOCDAAAAA|2001-10-27||Opportunities clear there. Basic rules ask british locations. More financial visits construct other funds. Unk|2.23|0.59|8004006|"edu packscholar #1"|4|classical|5|Music|178|eingationought|N/A|23704902176navy21674|wheat|Ounce|Unknown|54|callyoughteing
817|AAAAAAAABDDAAAAA|1997-10-27||Systems keep yesterday large users; active shows must turn only direct, early men. Dramatic shops must ignore also like priests; possible|0.37|0.30|6001002|"amalgcorp #2"|1|birdal|6|Jewelry|513|prioughtanti|N/A|669379slate334005162|moccasin|Ton|Unknown|36|ationoughteing
818|AAAAAAAACDDAAAAA|1997-10-27|2000-10-26|Days explain immediately personal, good charges. Significant yea|7.51|3.52|3002001|"importoexporti #1"|2|infants|3|Children|319|n stoughtpri|large|55609878plum45089910|salmon|Case|Unknown|3|eingoughteing
819|AAAAAAAACDDAAAAA|2000-10-27||Weeks know full signals. Individual, wide years should hold even clinical, false events; schools replace either. Quite interesting lights go so much early areas. Diffe|2.83|3.52|10005004|"scholarunivamalg #4"|2|karoke|10|Electronics|79|n stoughtpri|N/A|55609878plum45089910|rosy|Each|Unknown|47|n stoughteing
820|AAAAAAAAEDDAAAAA|1997-10-27|1999-10-27|Female, economic reasons use dangerous, constitutional officers. Angry, clear meetings push extra, safe packages. Certainly extraordinary conditions find never much great hours. De|1.89|0.96|6010005|"univbrand #5"|10|jewelry boxes|6|Jewelry|48|eingese|N/A|2907096103492smoke51|blanched|Gram|Unknown|65|barableeing
821|AAAAAAAAEDDAAAAA|1999-10-28|2001-10-26|Rare exercises shoul|0.32|0.25|6010005|"univamalgamalg #6"|10|memory|10|Electronics|28|eingese|N/A|21035364958navajo609|red|Bundle|Unknown|54|oughtableeing
822|AAAAAAAAEDDAAAAA|2001-10-27||Ago tal|4.64|2.32|4003001|"exportiedu pack #1"|3|kids|4|Shoes|58|einganti|medium|21035364958navajo609|sandy|Pallet|Unknown|31|ableableeing
823|AAAAAAAAHDDAAAAA|1997-10-27||Partially great points will fulfil at least big, recent years. Solicitors ought to achieve cases. Hidden, major |45.99|26.67|9015008|"scholarunivamalg #8"|15|fiction|9|Books|543|prieseanti|N/A|92chocolate584978152|royal|Carton|Unknown|17|priableeing
824|AAAAAAAAIDDAAAAA|1997-10-27|2000-10-26|More right businesses may break at a |2.47|1.55|1002001|"importoamalg #1"|2|fragrances|1|Women|246|callyeseable|large|192747yellow11558452|powder|Dozen|Unknown|10|eseableeing
825|AAAAAAAAIDDAAAAA|2000-10-27||Only new pockets must say however nerves. Likely, separate weeks shall know generous plants. Deep eyes|2.44|1.55|2004002|"edu packimporto #2"|4|sports-apparel|2|Men|246|callyeseable|large|rosy2786274628045482|bisque|Pallet|Unknown|3|antiableeing
826|AAAAAAAAKDDAAAAA|1997-10-27|1999-10-27|Still adult things stop runs. Turkish cells must dance at least with a acts. National games see in order things. Services deal miles. Good galleries demand more than. Strong, rural issues tackle how|3.24|2.91|6005003|"scholarcorp #3"|5|earings|6|Jewelry|535|antiprianti|N/A|523537773672saddle60|khaki|Gram|Unknown|28|callyableeing
827|AAAAAAAAKDDAAAAA|1999-10-28|2001-10-26|Still adult things stop runs. Turkish cells must dance at least with a acts. National games see in order things. Services deal miles. Good galleries demand more than. Strong, rural issues tackle how|1.99|1.57|6005003|"maxiunivamalg #12"|9|televisions|10|Electronics|470|antiprianti|N/A|523537773672saddle60|lace|Dozen|Unknown|12|ationableeing
828|AAAAAAAAKDDAAAAA|2001-10-27||Also necessary men may coincide similarly cases. Marks serve unexpectedly by the babies. Demands could not cost then. Again a|0.56|0.35|1001001|"amalgamalg #1"|9|dresses|1|Women|112|antiprianti|medium|432white300975288049|seashell|Tsp|Unknown|33|eingableeing
829|AAAAAAAANDDAAAAA|1997-10-27||Voters can write today dealers. Women see very other years. Able, russian barriers use systems. So young fingers would say primary, new companies. Only disabled children ought to renew fol|2.73|2.26|9015002|"scholarunivamalg #2"|15|fiction|9|Books|332|ablepripri|N/A|9680thistle290381529|steel|Tsp|Unknown|56|n stableeing
830|AAAAAAAAODDAAAAA|1997-10-27|2000-10-26|Confidential, broad children learn clearly additional, rich changes. Loyal companies may not know more structural privileges. Local, particular models gi|6.62|5.42|5002001|"importoscholar #1"|2|country|5|Music|91|oughtn st|N/A|045757coral383116857|salmon|Dram|Unknown|20|barprieing
831|AAAAAAAAODDAAAAA|2000-10-27||Wooden, grey names can go always negative, young children. Small, southern characteristics shrink like no colours. Above natural contents vary long in the |6.51|5.42|5002001|"scholarunivamalg #4"|2|fiction|9|Books|91|oughtn st|N/A|2173262975saddle7936|saddle|N/A|Unknown|30|oughtprieing
832|AAAAAAAAAEDAAAAA|1997-10-27|1999-10-27|Modern farmers decide wild, usual efforts. Great needs matter without the communities; levels might abandon on a pa|7.16|4.43|7015003|"scholarnameless #3"|15|tables|7|Home|73|priation|N/A|50turquoise725674669|purple|Pound|Unknown|62|ableprieing
833|AAAAAAAAAEDAAAAA|1999-10-28|2001-10-26|Modern farmers decide wild, usual efforts. Great needs matter without the communities; levels might abandon on a pa|87.37|50.67|7015003|"amalgimporto #2"|1|accessories|2|Men|73|priation|small|50turquoise725674669|maroon|Case|Unknown|68|priprieing
834|AAAAAAAAAEDAAAAA|2001-10-27||Modern farmers decide wild, usual efforts. Great needs matter without the communities; levels might abandon on a pa|0.36|0.13|7015003|"edu packimporto #1"|1|sports-apparel|2|Men|73|priation|medium|697149330plum4842929|goldenrod|Pound|Unknown|58|eseprieing
835|AAAAAAAADEDAAAAA|1997-10-27||Institutional, ethical minutes say sources. Great lectures shall buy of course therefore steep men. Social sources go. Members meet all. All heavy tons will concentrate in the books;|5.52|2.09|8015006|"scholarmaxi #6"|15|fishing|8|Sports|752|ableantiation|N/A|8152pink321595063095|pink|Carton|Unknown|37|antiprieing
836|AAAAAAAAEEDAAAAA|1997-10-27|2000-10-26|Parts might remind of course technical, alternative hopes; secondary situations help ever. Con|93.11|37.24|5003001|"exportischolar #1"|3|pop|5|Music|409|n stbarese|N/A|12488789801061beige7|red|Unknown|Unknown|17|callyprieing
837|AAAAAAAAEEDAAAAA|2000-10-27||Parts might remind of course technical, alternative hopes; secondary situations help ever. Con|3.63|2.25|5003001|"amalgnameless #8"|1|athletic shoes|8|Sports|96|n stbarese|N/A|54wheat0987545779745|purple|Oz|Unknown|23|ationprieing
838|AAAAAAAAGEDAAAAA|1997-10-27|1999-10-27|Classes shall live even primitive ministers; growing hotels think things. Litt|2.71|2.24|6006007|"corpcorp #7"|6|rings|6|Jewelry|420|barableese|N/A|lace4548805889510347|peach|Bunch|Unknown|3|eingprieing
839|AAAAAAAAGEDAAAAA|1999-10-28|2001-10-26|Mothers must not say highly military, normal fears. Specially important machines must not call just from the children. Royal models come just by a skills. Widely strange conditions must |7.98|2.24|6014008|"edu packbrand #8"|6|estate|6|Jewelry|56|barableese|N/A|19olive9160666253715|saddle|Tsp|Unknown|92|n stprieing
840|AAAAAAAAGEDAAAAA|2001-10-27||Lightly old schools access functions; necessary, open women will achieve|8.11|2.24|8007001|"brandnameless #1"|6|hockey|8|Sports|241|barableese|N/A|19olive9160666253715|wheat|Bunch|Unknown|67|bareseeing
841|AAAAAAAAJEDAAAAA|1997-10-27||Solid, german women could make nowhere; necessary, sharp advantages ought to provide high local problems. Cheerful losses used to combine earlier foreign, wrong sons. Terms laugh just se|3.79|2.95|10002009|"importounivamalg #9"|2|camcorders|10|Electronics|466|callycallyese|N/A|bisque24174424006960|wheat|Pallet|Unknown|44|oughteseeing
842|AAAAAAAAKEDAAAAA|1997-10-27|2000-10-26|Long careful accidents must reduce about by a things; more available allegations date unfortunately by |65.31|50.94|4004001|"edu packedu pack #1"|4|athletic|4|Shoes|383|prieingpri|petite|1992280551tomato8864|peru|Pallet|Unknown|61|ableeseeing
843|AAAAAAAAKEDAAAAA|2000-10-27||Long careful accidents must reduce about by a things; more available allegations date unfortunately by |2.08|1.80|4004002|"edu packedu pack #2"|4|athletic|4|Shoes|141|oughteseought|medium|5465233seashell36801|puff|Tsp|Unknown|16|prieseeing
844|AAAAAAAAMEDAAAAA|1997-10-27|1999-10-27|Leading, essential grounds earn f|0.38|0.23|5001001|"amalgscholar #1"|1|rock|5|Music|148|eingeseought|N/A|12663452puff11745761|spring|Bundle|Unknown|35|eseeseeing
845|AAAAAAAAMEDAAAAA|1999-10-28|2001-10-26|Leading, essential grounds earn f|6.48|3.04|5001001|"importoimporto #2"|2|shirts|2|Men|148|eingeseought|medium|12663452puff11745761|pink|Case|Unknown|61|antieseeing
846|AAAAAAAAMEDAAAAA|2001-10-27||Leading, essential grounds earn f|5.61|2.97|5001001|"amalgscholar #1"|1|rock|5|Music|148|eingeseought|N/A|12663452puff11745761|purple|Lb|Unknown|31|callyeseeing
847|AAAAAAAAPEDAAAAA|1997-10-27||Things establish long to a companies. Just single trends would not return difficult, alternative rows.|3.99|3.51|1002002|"importoamalg #2"|2|fragrances|1|Women|868|eingcallyeing|medium|59416slate8273521391|violet|Oz|Unknown|23|ationeseeing
848|AAAAAAAAAFDAAAAA|1997-10-27|2000-10-26|Most increased shares may not examine sometimes evident, environmental roots. Minerals may live ge|0.85|0.69|7016009|"corpnameless #9"|16|furniture|7|Home|212|ableoughtable|N/A|0216white25951175549|yellow|Dram|Unknown|5|eingeseeing
849|AAAAAAAAAFDAAAAA|2000-10-27||Most increased shares may not examine sometimes evident, environmental roots. Minerals may live ge|6.23|0.69|3003002|"exportiexporti #2"|16|toddlers|3|Children|212|ableoughtable|extra large|6seashell37003629549|thistle|Ton|Unknown|42|n steseeing
850|AAAAAAAACFDAAAAA|1997-10-27|1999-10-27|Details should not modify in a weeks. Please separate sales end quietly key pressures; normal, average ind|3.07|1.28|4003001|"exportiedu pack #1"|3|kids|4|Shoes|497|ationn stese|medium|733133pink6115287785|indian|Dozen|Unknown|83|barantieing
851|AAAAAAAACFDAAAAA|1999-10-28|2001-10-26|Details should not modify in a weeks. Please separate sales end quietly key pressures; normal, average ind|2.30|1.28|2004002|"edu packimporto #2"|4|sports-apparel|2|Men|497|ationn stese|medium|5070710721indian1995|pale|Lb|Unknown|21|oughtantieing
852|AAAAAAAACFDAAAAA|2001-10-27||Details should not modify in a weeks. Please separate sales end quietly key pressures; normal, average ind|4.46|1.28|2004002|"exportiamalg #1"|4|maternity|1|Women|161|oughtcallyought|medium|5070710721indian1995|honeydew|Pound|Unknown|29|ableantieing
853|AAAAAAAAFFDAAAAA|1997-10-27||Too similar others seal universally weekends; now new plans designate total agencies. Words might |8.35|7.51|10004004|"edu packunivamalg #4"|4|audio|10|Electronics|46|callyese|N/A|122093301powder64227|yellow|Gram|Unknown|1|priantieing
854|AAAAAAAAGFDAAAAA|1997-10-27|2000-10-26|Independent, current bal|0.93|0.66|4003001|"exportiedu pack #1"|3|kids|4|Shoes|484|eseeingese|medium|457seashell450788663|salmon|Gross|Unknown|18|eseantieing
855|AAAAAAAAGFDAAAAA|2000-10-27||Independent, current bal|8.03|2.40|3002002|"importoexporti #2"|2|infants|3|Children|484|eseeingese|medium|457seashell450788663|salmon|Bundle|Unknown|25|antiantieing
856|AAAAAAAAIFDAAAAA|1997-10-27|1999-10-27|Services work methods. Political seats enter. Able numbers make men. Impossible roots ensure. Never general foundations must result boundaries; legally similar projects may separate prob|7.98|6.38|5001001|"amalgscholar #1"|1|rock|5|Music|184|eseeingought|N/A|steel921672398586880|blush|Box|Unknown|18|callyantieing
857|AAAAAAAAIFDAAAAA|1999-10-28|2001-10-26|Services work methods. Political seats enter. Able numbers make men. Impossible roots ensure. Never general foundations must result boundaries; legally similar projects may separate prob|3.64|6.38|5001001|"importoamalgamalg #8"|12|monitors|10|Electronics|17|eseeingought|N/A|77salmon332105121603|navy|Carton|Unknown|65|ationantieing
858|AAAAAAAAIFDAAAAA|2001-10-27||Services work methods. Political seats enter. Able numbers make men. Impossible roots ensure. Never general foundations must result boundaries; legally similar projects may separate prob|7.69|6.38|2001001|"amalgimporto #1"|12|accessories|2|Men|17|ationought|medium|310017635olive525923|sandy|Dram|Unknown|31|eingantieing
859|AAAAAAAALFDAAAAA|1997-10-27||Years should not prevent therefore somewhat subsequent newspapers. Suitable, intellectual years could not mitigate above dir|5.82|1.80|4004002|"edu packedu pack #2"|4|athletic|4|Shoes|187|ationeingought|economy|17576560834lavender2|tomato|Unknown|Unknown|30|n stantieing
860|AAAAAAAAMFDAAAAA|1997-10-27|2000-10-26|Certain groups require able, able bodies. Elements live more with a words; quantities shall tell|3.85|1.84|5001001|"amalgscholar #1"|1|rock|5|Music|196|callyn stought|N/A|6304437888587plum849|moccasin|Gram|Unknown|57|barcallyeing
861|AAAAAAAAMFDAAAAA|2000-10-27||Flowers manage more for a mountains. Never nuclear|1.85|1.84|6010006|"univbrand #6"|1|jewelry boxes|6|Jewelry|196|callyn stought|N/A|6304437888587plum849|honeydew|Dram|Unknown|23|oughtcallyeing
862|AAAAAAAAOFDAAAAA|1997-10-27|1999-10-27|Economic, personal ways maintain not strong,|2.21|1.32|6009007|"maxicorp #7"|9|womens watch|6|Jewelry|44|eseese|N/A|5633blue698570108292|lime|Bundle|Unknown|30|ablecallyeing
863|AAAAAAAAOFDAAAAA|1999-10-28|2001-10-26|Economic, personal ways maintain not strong,|1.08|0.72|2003002|"exportiimporto #2"|9|pants|2|Men|44|eseese|petite|violet50620079422607|slate|Dozen|Unknown|60|pricallyeing
864|AAAAAAAAOFDAAAAA|2001-10-27||Economic, personal ways maintain not strong,|8.66|0.72|7007005|"brandbrand #5"|9|decor|7|Home|249|n steseable|N/A|violet50620079422607|gainsboro|Bunch|Unknown|50|esecallyeing
865|AAAAAAAABGDAAAAA|1997-10-27||Deep electronic parents calculate remaining affairs. Just general cases control general, strong ships. Able, elegant prices must not look today services. Days shall qualify bette|3.26|1.07|5003002|"exportischolar #2"|3|pop|5|Music|538|eingprianti|N/A|926773papaya36674436|yellow|Pound|Unknown|19|anticallyeing
866|AAAAAAAACGDAAAAA|1997-10-27|2000-10-26|Sweet, working years grip else with the controls. Small miles move |4.54|1.95|3004001|"edu packexporti #1"|4|school-uniforms|3|Children|361|oughtcallypri|N/A|1974maroon3706053696|sandy|Ounce|Unknown|74|callycallyeing
867|AAAAAAAACGDAAAAA|2000-10-27||Sweet, working years grip else with the controls. Small miles move |2.22|1.95|2002002|"importoimporto #2"|4|shirts|2|Men|361|oughtcallypri|medium|4292377metallic85236|lawn|Gram|Unknown|55|ationcallyeing
868|AAAAAAAAEGDAAAAA|1997-10-27|1999-10-27|General churches come at a teeth. Scottish individuals follow. Retail, additional hours make now particularly complete weeks. Fair, nuclear terms must not cost most great, long others. Political|9.07|8.07|5004001|"edu packscholar #1"|4|classical|5|Music|69|n stcally|N/A|143998rosy8283938360|tan|Box|Unknown|55|eingcallyeing
869|AAAAAAAAEGDAAAAA|1999-10-28|2001-10-26|Front, right calculations want precisely now right women; limits prevent very, old years; other, darling hours study however; rural calculations ignore politically. Effo|59.88|8.07|9009006|"maximaxi #6"|4|science|9|Books|69|n stcally|N/A|143998rosy8283938360|orange|Ton|Unknown|16|n stcallyeing
870|AAAAAAAAEGDAAAAA|2001-10-27||Front, right calculations want precisely now right women; limits prevent very, old years; other, darling hours study however; rural calculations ignore politically. Effo|7.47|3.51|9009006|"exportiamalg #1"|3|maternity|1|Women|69|n stcally|N/A|4767915590sandy44039|almond|Carton|Unknown|65|barationeing
871|AAAAAAAAHGDAAAAA|1997-10-27||Owners let in a area|1.22|0.97|3003002|"exportiexporti #2"|3|toddlers|3|Children|162|ablecallyought|small|82978beige0837641021|sky|Each|Unknown|18|oughtationeing
872|AAAAAAAAIGDAAAAA|1997-10-27|2000-10-26|Dangerous procedures bring all educational experiences. Kinds beat now. Yet fresh visitors will resemble clearly events. High, high injuries note especially o|2.12|0.97|6003001|"exporticorp #1"|3|gold|6|Jewelry|201|oughtbarable|N/A|10floral293235125543|violet|Pallet|Unknown|56|ableationeing
873|AAAAAAAAIGDAAAAA|2000-10-27||Dangerous procedures bring all educational experiences. Kinds beat now. Yet fresh visitors will resemble clearly events. High, high injuries note especially o|64.34|0.97|6003001|"exportiamalg #2"|3|maternity|1|Women|143|prieseought|large|70648558929sandy2886|orchid|Case|Unknown|11|priationeing
874|AAAAAAAAKGDAAAAA|1997-10-27|1999-10-27|Upper descriptions might ensure about international patients. Relations must not go cars. Prices require then excellent banks. Only original boards shall look with a rates. Just chief shoulders |4.30|2.36|1001001|"amalgamalg #1"|1|dresses|1|Women|778|eingationation|medium|7red1653175369314403|medium|Box|Unknown|34|eseationeing
875|AAAAAAAAKGDAAAAA|1999-10-28|2001-10-26|Local, qu|7.62|2.36|7006006|"corpbrand #6"|1|rugs|7|Home|778|eingationation|N/A|414603salmon34776302|salmon|Dram|Unknown|33|antiationeing
876|AAAAAAAAKGDAAAAA|2001-10-27||Local, qu|2.80|2.36|3001001|"amalgexporti #1"|1|newborn|3|Children|778|eingationation|economy|414603salmon34776302|lavender|Box|Unknown|87|callyationeing
877|AAAAAAAANGDAAAAA|1997-10-27||More various nations will follow as a men. As human matches persuade more worth a accountants. Interests |1.09|0.53|5002002|"importoscholar #2"|2|country|5|Music|120|barableought|N/A|398741802245frosted9|puff|Gross|Unknown|18|ationationeing
878|AAAAAAAAOGDAAAAA|1997-10-27|2000-10-26|Councils must form more available, common strategies. Factors can enable. J|4.40|2.86|10008012|"namelessunivamalg #12"|8|scanners|10|Electronics|523|priableanti|N/A|2891royal44836352693|pink|Case|Unknown|14|eingationeing
879|AAAAAAAAOGDAAAAA|2000-10-27||Councils must form more available, common strategies. Factors can enable. J|1.25|0.60|10008012|"importoscholar #2"|8|country|5|Music|523|priableanti|N/A|1burnished5005841008|midnight|Case|Unknown|20|n stationeing
880|AAAAAAAAAHDAAAAA|1997-10-27|1999-10-27|National reasons |4.02|2.25|9010005|"univunivamalg #5"|10|travel|9|Books|10|barought|N/A|4deep912752441456731|tan|Bundle|Unknown|14|bareingeing
881|AAAAAAAAAHDAAAAA|1999-10-28|2001-10-26|National reasons |7.69|4.84|9010006|"univunivamalg #6"|10|travel|9|Books|869|n stcallyeing|N/A|4deep912752441456731|brown|Tbl|Unknown|22|oughteingeing
882|AAAAAAAAAHDAAAAA|2001-10-27||National reasons |30.55|9.16|10016016|"corpamalgamalg #16"|10|wireless|10|Electronics|287|n stcallyeing|N/A|269825851396maroon99|rose|Lb|Unknown|33|ableeingeing
883|AAAAAAAADHDAAAAA|1997-10-27||Precise, future eyes pay most. Pretty existing papers make significantly; ever ready woods can like either pupils; able elements shall believe only, medical cells. Just significant farmers employ|6.29|2.95|6002004|"importocorp #4"|2|diamonds|6|Jewelry|97|ationn st|N/A|9spring2712305738062|sandy|Gross|Unknown|78|prieingeing
884|AAAAAAAAEHDAAAAA|1997-10-27|2000-10-26|Responsible, usual initiatives speak basic, legal rights. Ultimate, adjacent guests visit all bad weeks. Pupils might not monitor. Of course good points lose. Pract|65.85|21.07|10006001|"corpunivamalg #1"|6|musical|10|Electronics|566|callycallyanti|N/A|87834117indian880959|papaya|Oz|Unknown|84|eseeingeing
885|AAAAAAAAEHDAAAAA|2000-10-27||Regional, real powers will prefer modern, clear officials. English persons comment in a ladies. United, voluntary criteria s|5.82|4.48|10006001|"importoimporto #2"|6|shirts|2|Men|566|callycallyanti|medium|1906764metallic17440|chiffon|Tsp|Unknown|52|antieingeing
886|AAAAAAAAGHDAAAAA|1997-10-27|1999-10-27|Low men ought to try really. Just natural relationships shall not relate slightly other |6.97|2.78|7005007|"scholarbrand #7"|5|blinds/shades|7|Home|110|baroughtought|N/A|8585996sienna2689718|tomato|Case|Unknown|20|callyeingeing
887|AAAAAAAAGHDAAAAA|1999-10-28|2001-10-26|Low men ought to try really. Just natural relationships shall not relate slightly other |4.70|2.78|7005007|"exportiamalg #2"|3|maternity|1|Women|110|baroughtought|medium|8585996sienna2689718|cornflower|Pound|Unknown|66|ationeingeing
888|AAAAAAAAGHDAAAAA|2001-10-27||Tiny, useful addre|5.91|4.19|7005007|"importobrand #9"|2|bedding|7|Home|110|baroughtought|N/A|8585996sienna2689718|powder|Ton|Unknown|67|eingeingeing
889|AAAAAAAAJHDAAAAA|1997-10-27||Still fresh decisions may not know just at a jobs. Huge, current experiments say so negoti|2.03|0.75|5003002|"exportischolar #2"|3|pop|5|Music|87|ationeing|N/A|5085lawn018362122866|puff|Lb|Unknown|59|n steingeing
890|AAAAAAAAKHDAAAAA|1997-10-27|2000-10-26|English differences ought to deal most. Similar, red miles think frequently very, special qualities. Very records ought to conserve then men. Years ought to die eyes. True, public p|4.30|1.41|6008003|"namelesscorp #3"|8|mens watch|6|Jewelry|253|priantiable|N/A|826671903red49165981|sandy|Bunch|Unknown|6|barn steing
891|AAAAAAAAKHDAAAAA|2000-10-27||Exceptional, new glasses shall dwell broken, full options. Normally english championships happen more in a accounts. Precise, possible weeks go|1.81|1.41|6008003|"importomaxi #4"|2|business|9|Books|93|prin st|N/A|826671903red49165981|peru|Ounce|Unknown|21|oughtn steing
892|AAAAAAAAMHDAAAAA|1997-10-27|1999-10-27|Constant individuals make very large flights. A|3.11|1.92|3002001|"importoexporti #1"|2|infants|3|Children|365|anticallypri|extra large|3366019816pale483185|peru|Tbl|Unknown|49|ablen steing
893|AAAAAAAAMHDAAAAA|1999-10-28|2001-10-26|Constant individuals make very large flights. A|1.55|1.92|4004002|"edu packedu pack #2"|4|athletic|4|Shoes|605|antibarcally|extra large|3366019816pale483185|puff|Dram|Unknown|15|prin steing
894|AAAAAAAAMHDAAAAA|2001-10-27||Large pp. form. For instance great appeals would not fit in particular fully local police. Subject, correct|7.39|1.92|4004002|"amalgmaxi #7"|1|arts|9|Books|767|ationcallyation|N/A|52109531453803coral9|sienna|Oz|Unknown|31|esen steing
895|AAAAAAAAPHDAAAAA|1997-10-27||Bad, minor parents might listen actors. Here easy countries must not know costs. Hands consider|1.37|0.93|6009008|"maxicorp #8"|9|womens watch|6|Jewelry|298|eingn stable|N/A|969984474463yellow38|tomato|Ounce|Unknown|32|antin steing
896|AAAAAAAAAIDAAAAA|1997-10-27|2000-10-26|Instead local goods heat better metropolitan nations; however different posts remember normally in a minds. So good visitors|3.26|1.49|8004007|"edu packnameless #7"|4|camping|8|Sports|76|callyation|N/A|487167midnight163737|plum|Pound|Unknown|53|callyn steing
897|AAAAAAAAAIDAAAAA|2000-10-27||Best vast opportunities would see little, future figures. Absolute, nat|0.39|0.29|8004007|"exportischolar #2"|4|pop|5|Music|76|callyation|N/A|487167midnight163737|pale|N/A|Unknown|54|ationn steing
898|AAAAAAAACIDAAAAA|1997-10-27|1999-10-27|Magic, dead sports call; recently european wives o|3.51|1.93|9004011|"edu packmaxi #11"|4|entertainments|9|Books|340|baresepri|N/A|4986545rosy491856521|sky|Dram|Unknown|44|eingn steing
899|AAAAAAAACIDAAAAA|1999-10-28|2001-10-26|Magic, dead sports call; recently european wives o|1.76|1.39|9011012|"amalgunivamalg #12"|4|cooking|9|Books|340|baresepri|N/A|4986545rosy491856521|yellow|Each|Unknown|24|n stn steing
900|AAAAAAAACIDAAAAA|2001-10-27||Members defeat too frequent, other goods. Labour friends might l|5.36|2.57|6009005|"maxicorp #5"|4|womens watch|6|Jewelry|340|baresepri|N/A|17sienna149102813653|pale|Carton|Unknown|30|barbarn st
901|AAAAAAAAFIDAAAAA|1997-10-27||Well whole are|25.40|20.32|3002002|"importoexporti #2"|2|infants|3|Children|371|oughtationpri|large|7015honeydew79581521|powder|Ounce|Unknown|5|oughtbarn st
902|AAAAAAAAGIDAAAAA|1997-10-27|2000-10-26|Back, heavy partners point more then nice problems. Now catholic eyes should keep with a types. Police say for a charges. Surv|0.64|0.51|3003001|"exportiexporti #1"|3|toddlers|3|Children|48|eingese|N/A|47948488tomato444195|peach|Pound|Unknown|100|ablebarn st
903|AAAAAAAAGIDAAAAA|2000-10-27||Back, heavy partners point more then nice problems. Now catholic eyes should keep with a types. Police say for a charges. Surv|1.91|0.51|3003001|"importomaxi #4"|3|guns|8|Sports|48|eingese|N/A|smoke356339079615044|royal|Dram|Unknown|70|pribarn st
904|AAAAAAAAIIDAAAAA|1997-10-27|1999-10-27|Weeks must twist. Children fall for a girls; gr|3.30|1.35|8006005|"corpnameless #5"|6|football|8|Sports|602|ablebarcally|N/A|6049thistle151535463|sky|Gross|Unknown|23|esebarn st
905|AAAAAAAAIIDAAAAA|1999-10-28|2001-10-26|Hours can raise all other workers; terms could not mend clearly necessary, high authorities. Nations make very free ways. Early, extended cells know perhaps fundamental yea|9.04|4.79|4003002|"exportiedu pack #2"|6|kids|4|Shoes|224|eseableable|extra large|6049thistle151535463|lawn|N/A|Unknown|24|antibarn st
906|AAAAAAAAIIDAAAAA|2001-10-27||Loose young details exclude. High far boys might trust cold|6.22|4.66|5004001|"edu packscholar #1"|4|classical|5|Music|224|eseableable|N/A|6049thistle151535463|yellow|Carton|Unknown|11|callybarn st
907|AAAAAAAALIDAAAAA|1997-10-27||German, ultimate personnel want even. Asian, old hospitals could not open far applicable, logical seeds. Years worry schemes. Perhaps li|1.55|0.48|9007008|"brandmaxi #8"|7|reference|9|Books|54|eseanti|N/A|06579288peru57969840|smoke|Pallet|Unknown|5|ationbarn st
908|AAAAAAAAMIDAAAAA|1997-10-27|2000-10-26|Important, recent minerals will not go scottish peasants. Only, strong flowers could not agree. Good, american categories should not lik|28.80|18.43|5002001|"importoscholar #1"|2|country|5|Music|289|n steingable|N/A|4333seashell04925312|purple|Tbl|Unknown|61|eingbarn st
909|AAAAAAAAMIDAAAAA|2000-10-27||Important, recent minerals will not go scottish peasants. Only, strong flowers could not agree. Good, american categories should not lik|0.94|18.43|5002001|"corpmaxi #10"|16|golf|8|Sports|289|n steingable|N/A|4333seashell04925312|orange|Each|Unknown|17|n stbarn st
910|AAAAAAAAOIDAAAAA|1997-10-27|1999-10-27|Legs make ever. Transactions could help right single, strong poin|8.33|7.41|4004001|"edu packedu pack #1"|4|athletic|4|Shoes|32|ablepri|petite|84633306276thistle94|salmon|Tbl|Unknown|17|baroughtn st
911|AAAAAAAAOIDAAAAA|1999-10-28|2001-10-26|Legs make ever. Transactions could help right single, strong poin|3.39|1.05|4004001|"maxiunivamalg #11"|9|televisions|10|Electronics|32|ablepri|N/A|600496234953orange75|purple|N/A|Unknown|13|oughtoughtn st
912|AAAAAAAAOIDAAAAA|2001-10-27||Entirely legislative tests might not make helplessly suppliers. Things pick certain types. Very public countries see now days; aspects f|3.96|1.78|9002001|"importomaxi #1"|9|business|9|Books|32|ablepri|N/A|57134756royal3405426|hot|Pallet|Unknown|48|ableoughtn st
913|AAAAAAAABJDAAAAA|1997-10-27||Perfect, other places will not give thousands; easier powerful weekends indicate successfully different towns. Only political m|2.15|1.54|4003002|"exportiedu pack #2"|3|kids|4|Shoes|816|callyoughteing|medium|15108400819peru39205|blanched|Bundle|Unknown|42|prioughtn st
914|AAAAAAAACJDAAAAA|1997-10-27|2000-10-26|Regular years lead ideas. Operations put at all to a ideas. Notes tackle in the months. New, common respects might guess forward high, open consequences. Right, ma|4.83|1.49|6008003|"namelesscorp #3"|8|mens watch|6|Jewelry|211|oughtoughtable|N/A|76210peru51930404520|tan|Pound|Unknown|5|eseoughtn st
915|AAAAAAAACJDAAAAA|2000-10-27||Regular years lead ideas. Operations put at all to a ideas. Notes tackle in the months. New, common respects might guess forward high, open consequences. Right, ma|1.94|1.59|6008003|"edu packamalgamalg #15"|14|automotive|10|Electronics|191|oughtn stought|N/A|76210peru51930404520|drab|Dram|Unknown|66|antioughtn st
916|AAAAAAAAEJDAAAAA|1997-10-27|1999-10-27|Silent branches provide mainly useful elections; primary, likely stand|8.91|5.34|4004001|"edu packedu pack #1"|4|athletic|4|Shoes|218|eingoughtable|small|yellow51192714548767|red|Oz|Unknown|31|callyoughtn st
917|AAAAAAAAEJDAAAAA|1999-10-28|2001-10-26|Communities sound curre|2.88|1.81|4004001|"edu packexporti #2"|4|school-uniforms|3|Children|117|eingoughtable|small|yellow51192714548767|steel|Dram|Unknown|61|ationoughtn st
918|AAAAAAAAEJDAAAAA|2001-10-27||Men move agricultural, old eyes. Birds remember thus difficult, likely members. Prime ideas see officially others; w|2.12|1.20|9004007|"edu packmaxi #7"|4|entertainments|9|Books|496|callyn stese|N/A|73463029lavender7722|steel|Ounce|Unknown|38|eingoughtn st
919|AAAAAAAAHJDAAAAA|1997-10-27||Structures close under; social reasons shall serve increasingly ago reasonable rights. Tools light of course territorial facts; simi|3.48|1.32|10003002|"exportiunivamalg #2"|3|dvd/vcr players|10|Electronics|477|ationationese|N/A|5582946348849tomato6|turquoise|Case|Unknown|62|n stoughtn st
920|AAAAAAAAIJDAAAAA|1997-10-27|2000-10-26|Very disabl|4.67|2.80|3002001|"importoexporti #1"|2|infants|3|Children|36|callypri|economy|1167345470657powder1|black|Box|Unknown|28|barablen st
921|AAAAAAAAIJDAAAAA|2000-10-27||Very disabl|0.75|0.48|3002001|"univnameless #2"|2|flatware|7|Home|279|callypri|N/A|1167345470657powder1|olive|Pallet|Unknown|12|oughtablen st
922|AAAAAAAAKJDAAAAA|1997-10-27|1999-10-27|Police repair schools. Easy hands will bite later about a seconds. Lips could say highly similar glasses; insufficient teachers could say also in or|1.52|0.57|5004001|"edu packscholar #1"|4|classical|5|Music|849|n steseeing|N/A|2993rose962149879041|sienna|Case|Unknown|87|ableablen st
923|AAAAAAAAKJDAAAAA|1999-10-28|2001-10-26|Standards shall not accompany surely. Ultimately active groups will not facilitate fast in the colleges. Valuable, low modules suspect political sports. Alone designers develop still|2.14|0.57|5004001|"edu packnameless #4"|4|camping|8|Sports|324|n steseeing|N/A|2993rose962149879041|papaya|Bundle|Unknown|21|priablen st
924|AAAAAAAAKJDAAAAA|2001-10-27||Red, prominent ears organise to a schemes. Less pleasant conditions may disclose never authorities. Proceedings give quickly in a places; children clear somehow formidable jews; breasts put simple, |58.71|39.33|5004001|"importobrand #5"|2|bedding|7|Home|324|eseablepri|N/A|2993rose962149879041|purple|Unknown|Unknown|48|eseablen st
925|AAAAAAAANJDAAAAA|1997-10-27||Minutes will review for the windows.|3.87|2.70|5001002|"amalgscholar #2"|1|rock|5|Music|28|eingable|N/A|0953569rose119908786|midnight|Tbl|Unknown|51|antiablen st
926|AAAAAAAAOJDAAAAA|1997-10-27|2000-10-26|Marginal, unable pages should not ensu|4.59|2.79|2001001|"amalgimporto #1"|1|accessories|2|Men|110|baroughtought|petite|88134thistle50283148|salmon|Ton|Unknown|12|callyablen st
927|AAAAAAAAOJDAAAAA|2000-10-27||Marginal, unable pages should not ensu|0.60|0.30|10004010|"edu packunivamalg #10"|1|audio|10|Electronics|110|baroughtought|N/A|5dark357431293629378|white|Carton|Unknown|5|ationablen st
928|AAAAAAAAAKDAAAAA|1997-10-27|1999-10-27|Close effective governments shall calculate then different ears. Types would move versions. Leaders help anyway especially new operations. |61.62|47.44|5002001|"importoscholar #1"|2|country|5|Music|631|oughtprically|N/A|66512peru04254470973|white|Ounce|Unknown|10|eingablen st
929|AAAAAAAAAKDAAAAA|1999-10-28|2001-10-26|Close effective governments shall calculate then different ears. Types would move versions. Leaders help anyway especially new operations. |1.71|1.14|5002001|"edu packscholar #2"|4|classical|5|Music|306|callybarpri|N/A|9896thistle342710778|brown|Ton|Unknown|61|n stablen st
930|AAAAAAAAAKDAAAAA|2001-10-27||Open pupils last swiftly even following rates. Bare, certain windows give as unacceptable practitioners. Unknown, spatial gue|4.48|1.14|5002001|"scholarnameless #1"|5|fitness|8|Sports|258|callybarpri|N/A|10243192tan722758744|wheat|Bundle|Unknown|10|barprin st
931|AAAAAAAADKDAAAAA|1997-10-27||Complete shares ought to imp|91.44|33.83|6002004|"importocorp #4"|2|diamonds|6|Jewelry|842|ableeseeing|N/A|796016791seashell676|gainsboro|Carton|Unknown|21|oughtprin st
932|AAAAAAAAEKDAAAAA|1997-10-27|2000-10-26|So general children can afford now particular characteristics. Publishers see under a exchanges; similarly wonderful |1.78|0.76|7002003|"importobrand #3"|2|bedding|7|Home|274|eseationable|N/A|01197635797459plum29|red|Carton|Unknown|70|ableprin st
933|AAAAAAAAEKDAAAAA|2000-10-27||So general children can afford now particular characteristics. Publishers see under a exchanges; similarly wonderful |7.78|2.56|9008010|"namelessmaxi #10"|2|romance|9|Books|954|eseationable|N/A|salmon46585149604129|tan|Gross|Unknown|33|priprin st
934|AAAAAAAAGKDAAAAA|1997-10-27|1999-10-27|Once again real differences can make black offenders. Consequen|0.46|0.21|7004005|"edu packbrand #5"|4|curtains/drapes|7|Home|386|callyeingpri|N/A|99776spring977162440|smoke|Tsp|Unknown|29|eseprin st
935|AAAAAAAAGKDAAAAA|1999-10-28|2001-10-26|Very obvious others can stand significant, responsible deposits. Military backs used to set less quietly coloured tanks. British, gothic workers would stand eventually |2.77|1.55|6004008|"edu packcorp #8"|4|bracelets|6|Jewelry|215|callyeingpri|N/A|99776spring977162440|turquoise|Ton|Unknown|29|antiprin st
936|AAAAAAAAGKDAAAAA|2001-10-27||Very obvious others can stand significant, responsible deposits. Military backs used to set less quietly coloured tanks. British, gothic workers would stand eventually |1.74|1.55|6004008|"amalgunivamalg #2"|1|cameras|10|Electronics|286|callyeingpri|N/A|68red714104458757908|purple|Ton|Unknown|10|callyprin st
937|AAAAAAAAJKDAAAAA|1997-10-27||Hardly well-known agencies might eat now similar british circumstances; institutions tell eventually. Informal problems will per|57.16|25.15|7013008|"exportinameless #8"|13|wallpaper|7|Home|361|oughtcallypri|N/A|876663828322375sky27|steel|Oz|Unknown|61|ationprin st
938|AAAAAAAAKKDAAAAA|1997-10-27|2000-10-26|Large, vital ways see into a bars; sisters go sets. Other products must not become all national, desirable shops. Leads accommodate earlier days. Meals take about. Then ordinary|81.00|58.32|3003001|"exportiexporti #1"|3|toddlers|3|Children|469|n stcallyese|extra large|695508sienna25514337|rosy|N/A|Unknown|13|eingprin st
939|AAAAAAAAKKDAAAAA|2000-10-27||Large, vital ways see into a bars; sisters go sets. Other products must not become all national, desirable shops. Leads accommodate earlier days. Meals take about. Then ordinary|2.97|58.32|3003001|"amalgmaxi #10"|11|archery|8|Sports|469|n stcallyese|N/A|161030sandy369493377|orange|Dozen|Unknown|1|n stprin st
940|AAAAAAAAMKDAAAAA|1997-10-27|1999-10-27|More local leaders |1.52|0.94|9004005|"edu packmaxi #5"|4|entertainments|9|Books|487|ationeingese|N/A|662635indian26805352|papaya|Each|Unknown|6|baresen st
941|AAAAAAAAMKDAAAAA|1999-10-28|2001-10-26|||||"edu packimporto #2"|4|sports-apparel|2|Men||ationeingese|medium|||Tsp||51|oughtesen st
942|AAAAAAAAMKDAAAAA|2001-10-27||More local leaders |3.91|2.93|3001001|"amalgexporti #1"|1|newborn|3|Children|391|oughtn stpri|medium|662635indian26805352|peach|Case|Unknown|54|ableesen st
943|AAAAAAAAPKDAAAAA|1997-10-27||Above similar minutes know even normal languages. Boys provide dependent, safe cases. Canadian, easy times feel most ove|0.69|0.57|3002002|"importoexporti #2"|2|infants|3|Children|265|anticallyable|medium|78612434335987snow94|misty|Box|Unknown|57|priesen st
944|AAAAAAAAALDAAAAA|1997-10-27|2000-10-26|Then formal attitudes ought to give often only months. Critical properties await in a breasts; unique, national prospects must take; cold services must ask british mi|5.02|3.46|5002001|"importoscholar #1"|2|country|5|Music|862|ablecallyeing|N/A|7206seashell29670671|red|Carton|Unknown|17|eseesen st
945|AAAAAAAAALDAAAAA|2000-10-27||Members must wear right for a potatoes. So urgent publications run just european houses. New features think fine|2.09|3.46|5002001|"exportiunivamalg #11"|2|dvd/vcr players|10|Electronics|263|pricallyable|N/A|7206seashell29670671|red|Pallet|Unknown|58|antiesen st
946|AAAAAAAACLDAAAAA|1997-10-27|1999-10-27|Voters should control provisions. Parliamentary days|6.33|2.91|8010007|"univmaxi #7"|10|pools|8|Sports|67|ationcally|N/A|79411089373sienna569|pale|Case|Unknown|51|callyesen st
947|AAAAAAAACLDAAAAA|1999-10-28|2001-10-26|Voters should control provisions. Parliamentary days|0.26|0.20|7016008|"corpnameless #8"|10|furniture|7|Home|67|ationcally|N/A|86tomato121474586185|powder|Bunch|Unknown|4|ationesen st
948|AAAAAAAACLDAAAAA|2001-10-27||Still literary servants may pull just small, new symbols. Bands say only on the structures. More square years realise wrong, vario|8.15|2.44|7016008|"univmaxi #9"|10|pools|8|Sports|302|ablebarpri|N/A|86tomato121474586185|magenta|Tsp|Unknown|34|eingesen st
949|AAAAAAAAFLDAAAAA|1997-10-27||Firstly economic estates may please unemployed, sharp pupils. Young magistrat|3.19|1.65|10014015|"edu packamalgamalg #15"|14|automotive|10|Electronics|302|ablebarpri|N/A|54ghost5711620911306|papaya|Gram|Unknown|25|n stesen st
950|AAAAAAAAGLDAAAAA|1997-10-27|2000-10-26|Important, creative eyes may get increasingly good women. Rare, possible areas carry; issues would li|2.62|2.35|6016007|"corpbrand #7"|16|consignment|6|Jewelry|282|ableeingable|N/A|8855597992puff769652|thistle|Ton|Unknown|82|barantin st
951|AAAAAAAAGLDAAAAA|2000-10-27||Favorite citizens must find below individual, local things; never soft places suspend anywhere clear feet. Local jobs can make. Anyway good beds see there characteristics. Colleagues|3.12|2.35|6016007|"amalgexporti #2"|16|newborn|3|Children|282|ableeingable|medium|000turquoise29261262|peru|Dram|Unknown|56|oughtantin st
952|AAAAAAAAILDAAAAA|1997-10-27|1999-10-27|Outstanding, inc conditions must satisfy together about obvious windows. Largely critical items mean likely, british employees. Conditions may differ never on a dates. Carefully opening|85.66|27.41|2002001|"importoimporto #1"|2|shirts|2|Men|443|prieseese|large|3169turquoise2613441|seashell|Bunch|Unknown|3|ableantin st
953|AAAAAAAAILDAAAAA|1999-10-28|2001-10-26|Farmers might not avoid indeed wholly serious strategies. Fair glasses will get in short well ultimate tasks. Young, legal systems purchase ideas; precisely other places drop perhaps c|1.01|27.41|5004002|"edu packscholar #2"|4|classical|5|Music|443|prieseese|N/A|9554700084100sky1731|sienna|N/A|Unknown|2|priantin st
954|AAAAAAAAILDAAAAA|2001-10-27||Farmers might not avoid indeed wholly serious strategies. Fair glasses will get in short well ultimate tasks. Young, legal systems purchase ideas; precisely other places drop perhaps c|1.70|1.24|3003001|"exportiexporti #1"|4|toddlers|3|Children|443|prieseese|large|powder22912235548472|pale|Dozen|Unknown|21|eseantin st
955|AAAAAAAALLDAAAAA|1997-10-27||Officials must prevent openly local, federal elements. Expenses sleep lines; russian, young conclusions cost actually up the leaders. Regulations|90.72|75.29|9008008|"namelessmaxi #8"|8|romance|9|Books|194|esen stought|N/A|royal023503988023313|metallic|Dram|Unknown|27|antiantin st
956|AAAAAAAAMLDAAAAA|1997-10-27|2000-10-26|However suitable units use. Members shut so out of a others. Else british arms believe now practical weapons. Othe|4.55|2.45|1001001|"amalgamalg #1"|1|dresses|1|Women|13|priought|extra large|4370papaya8058551998|tan|Lb|Unknown|10|callyantin st
957|AAAAAAAAMLDAAAAA|2000-10-27||However suitable units use. Members shut so out of a others. Else british arms believe now practical weapons. Othe|3.76|1.54|7014008|"edu packnameless #8"|1|glassware|7|Home|13|priought|N/A|4370papaya8058551998|yellow|Bundle|Unknown|42|ationantin st
958|AAAAAAAAOLDAAAAA|1997-10-27|1999-10-27|So old proposals could not reconsider varieties. Sentences|0.48|0.22|7011009|"amalgnameless #9"|11|accent|7|Home|314|eseoughtpri|N/A|34wheat4314791559289|rose|Box|Unknown|6|eingantin st
959|AAAAAAAAOLDAAAAA|1999-10-28|2001-10-26|Firms understand at all prime girls. Cells drink befor|2.59|0.22|7011009|"scholarnameless #10"|5|fitness|8|Sports|381|oughteingpri|N/A|34wheat4314791559289|red|N/A|Unknown|7|n stantin st
960|AAAAAAAAOLDAAAAA|2001-10-27||Good, hidden children ought to intervene possible, full banks. Still right funds lack safely mere, widespread effects. Much naval ey|22.89|7.32|7011009|"exportimaxi #1"|5|computers|9|Books|63|prically|N/A|698650282303sienna29|orange|N/A|Unknown|23|barcallyn st
961|AAAAAAAABMDAAAAA|1997-10-27||Years used to play there conditions. Men identify early present, traditional periods. Local, demanding masters claim for a plants. Political events would get in or|8.66|2.68|2001002|"amalgimporto #2"|1|accessories|2|Men|327|ationablepri|medium|03096413243118deep39|turquoise|Dozen|Unknown|12|oughtcallyn st
962|AAAAAAAACMDAAAAA|1997-10-27|2000-10-26|Coming animals should hear ever at a methods. Rates go hence. Industrial, private events continue never. Safe eggs may record only very practical affairs. Only scottis|5.25|1.68|4001001|"amalgedu pack #1"|1|womens|4|Shoes|193|prin stought|medium|51725870908003pale17|spring|N/A|Unknown|26|ablecallyn st
963|AAAAAAAACMDAAAAA|2000-10-27||Scottish, average windows may feel generally significant, irish years. Automatic details turn sti|4.25|1.68|7012004|"importonameless #4"|1|paint|7|Home|193|prin stought|N/A|51725870908003pale17|orchid|Lb|Unknown|41|pricallyn st
964|AAAAAAAAEMDAAAAA|1997-10-27|1999-10-27|Small, full states might not join forward both sure possibilities. Top women achieve true ya|4.66|2.98|8008005|"namelessnameless #5"|8|outdoor|8|Sports|293|prin stable|N/A|228314peach513305948|rosy|Bunch|Unknown|26|esecallyn st
965|AAAAAAAAEMDAAAAA|1999-10-28|2001-10-26|Confidently unexpected orders offer in the needs; hands call always; little, soviet minutes defend on a eyes. Far small interests could move cold, typical men. Ready, used operators mean probably |59.50|22.61|6010006|"univbrand #6"|8|jewelry boxes|6|Jewelry|293|prin stable|N/A|228314peach513305948|rose|Dram|Unknown|36|anticallyn st
966|AAAAAAAAEMDAAAAA|2001-10-27||Still symbolic terms must make perhaps. Particular beings prefer roses. Also war|1.54|22.61|5004001|"edu packscholar #1"|4|classical|5|Music|293|prin stable|N/A|35145173897spring772|peru|Unknown|Unknown|30|callycallyn st
967|AAAAAAAAHMDAAAAA|1997-10-27||Wise families must not make female troops. Lovely leaves extend forward violent, local objects. Regularly literary farmers will not come still to the relations; cells put well simple, new event|8.69|4.08|6001008|"amalgcorp #8"|1|birdal|6|Jewelry|273|priationable|N/A|6597rosy447063019999|papaya|Ounce|Unknown|45|ationcallyn st
968|AAAAAAAAIMDAAAAA|1997-10-27|2000-10-26|Always other clients want disabled details. Never responsible eggs act existing studies. Months come long, tiny talks. Books guarantee everywhere divine measurements. Different individuals consult be|0.37|0.30|1001001|"amalgamalg #1"|1|dresses|1|Women|197|ationn stought|extra large|97616263tomato109600|chiffon|Each|Unknown|53|eingcallyn st
969|AAAAAAAAIMDAAAAA|2000-10-27||Always other clients want disabled details. Never responsible eggs act existing studies. Months come long, tiny talks. Books guarantee everywhere divine measurements. Different individuals consult be|0.36|0.23|5002002|"importoscholar #2"|1|country|5|Music|211|ationn stought|N/A|97616263tomato109600|lavender|Box|Unknown|64|n stcallyn st
970|AAAAAAAAKMDAAAAA|1997-10-27|1999-10-27|Very legislative customers should build; poor years think with a standards. Quietly eligible occupations sit. Precious markets deliver sophisticat|9.53|5.62|10002002|"importounivamalg #2"|2|camcorders|10|Electronics|215|antioughtable|N/A|04920203022grey28578|slate|Box|Unknown|16|barationn st
971|AAAAAAAAKMDAAAAA|1999-10-28|2001-10-26|Very legislative customers should build; poor years think with a standards. Quietly eligible occupations sit. Precious markets deliver sophisticat|5.31|3.02|8006002|"corpnameless #2"|2|football|8|Sports|286|antioughtable|N/A|9wheat46164623169730|sky|Gross|Unknown|30|oughtationn st
972|AAAAAAAAKMDAAAAA|2001-10-27||Very legislative customers should build; poor years think with a standards. Quietly eligible occupations sit. Precious markets deliver sophisticat|2.71|2.38|8006002|"edu packnameless #3"|2|glassware|7|Home|66|antioughtable|N/A|4671red8235587191925|peru|Tbl|Unknown|10|ableationn st
973|AAAAAAAANMDAAAAA|1997-10-27||Players shall not ensue still rational, public losses. Uncertain times walk anywhere. Costs get. Nearly white sales remove available ends. Rivers will think then customers. Families trust together sig|2.03|1.15|7010004|"univnameless #4"|10|flatware|7|Home|331|oughtpripri|N/A|02668ghost2260338017|sandy|Oz|Unknown|1|priationn st
974|AAAAAAAAOMDAAAAA|1997-10-27|2000-10-26|Ev|4.99|3.14|9003003|"exportimaxi #3"|3|computers|9|Books|397|ationn stpri|N/A|4655487275metallic18|maroon|Dozen|Unknown|18|eseationn st
975|AAAAAAAAOMDAAAAA|2000-10-27||Frequently clean emotions must use with a women. Profound months might not sit almost low pools. Young, prime difficulties seem. Men will understand often|88.02|79.21|9003003|"namelessmaxi #4"|3|romance|9|Books|397|ationn stpri|N/A|4655487275metallic18|green|Bunch|Unknown|12|antiationn st
976|AAAAAAAAANDAAAAA|1997-10-27|1999-10-27|Low, left communities send always so gothic operations. Too significant colours remove for a pounds. Eggs go scientific levels. Results sleep short, black partic|7.13|3.99|7010007|"univnameless #7"|10|flatware|7|Home|537|ationprianti|N/A|160seashell584414483|purple|Gross|Unknown|17|callyationn st
977|AAAAAAAAANDAAAAA|1999-10-28|2001-10-26|Low, left communities send always so gothic operations. Too significant colours remove for a pounds. Eggs go scientific levels. Results sleep short, black partic|7.87|3.99|8012008|"importomaxi #8"|12|guns|8|Sports|537|ationprianti|N/A|7233peach40586330621|royal|Gram|Unknown|4|ationationn st
978|AAAAAAAAANDAAAAA|2001-10-27||Low, left communities send always so gothic operations. Too significant colours remove for a pounds. Eggs go scientific levels. Results sleep short, black partic|3.55|3.99|6012003|"importobrand #3"|12|costume|6|Jewelry|156|callyantiought|N/A|7233peach40586330621|midnight|Tbl|Unknown|13|eingationn st
979|AAAAAAAADNDAAAAA|1997-10-27||Things expect today mean, large categories. Due, recent texts will not travel seriously black, financial products. Also busy crowds hear ma|47.47|17.56|2004002|"edu packimporto #2"|4|sports-apparel|2|Men|155|antiantiought|extra large|10154895440saddle613|coral|Ton|Unknown|12|n stationn st
980|AAAAAAAAENDAAAAA|1997-10-27|2000-10-26|Catholic relationships shall c|1.00|0.88|5001001|"amalgscholar #1"|1|rock|5|Music|379|n stationpri|N/A|9769697661sienna9337|royal|Carton|Unknown|50|bareingn st
981|AAAAAAAAENDAAAAA|2000-10-27||Catholic relationships shall c|3.85|0.88|2004002|"edu packimporto #2"|1|sports-apparel|2|Men|379|n stationpri|extra large|9769697661sienna9337|salmon|Gram|Unknown|13|oughteingn st
982|AAAAAAAAGNDAAAAA|1997-10-27|1999-10-27|Forests might happen quite. Here southern years shall run at |6.73|4.03|2002001|"importoimporto #1"|2|shirts|2|Men|27|ationable|small|10peach1330028381681|saddle|Dram|Unknown|5|ableeingn st
983|AAAAAAAAGNDAAAAA|1999-10-28|2001-10-26|Forests might happen quite. Here southern years shall run at |4.28|4.03|2002001|"edu packimporto #2"|2|sports-apparel|2|Men|563|pricallyanti|medium|6968thistle982734746|pale|Lb|Unknown|100|prieingn st
984|AAAAAAAAGNDAAAAA|2001-10-27||Forests might happen quite. Here southern years shall run at |8.41|5.97|10005016|"scholarunivamalg #16"|5|karoke|10|Electronics|73|pricallyanti|N/A|6968thistle982734746|sienna|Each|Unknown|32|eseeingn st
985|AAAAAAAAJNDAAAAA|1997-10-27||Presidential marks go so independent sorts. More other trees must help. Hardly significant sites see at least much growing consequences. Photographs can hear only p|6.10|3.84|3002002|"importoexporti #2"|2|infants|3|Children|515|antioughtanti|small|8puff710652092182895|moccasin|Carton|Unknown|3|antieingn st
986|AAAAAAAAKNDAAAAA|1997-10-27|2000-10-26|Prayers cli|27.41|19.46|6012003|"importobrand #3"|12|costume|6|Jewelry|576|callyationanti|N/A|24945213medium597070|wheat|N/A|Unknown|4|callyeingn st
987|AAAAAAAAKNDAAAAA|2000-10-27||Feet may not manipulate properly complicated lessons. F|91.40|47.52|1004002|"edu packamalg #2"|4|swimwear|1|Women|576|callyationanti|small|24945213medium597070|black|Dozen|Unknown|28|ationeingn st
988|AAAAAAAAMNDAAAAA|1997-10-27|1999-10-27|Compatible kids go at the acts. Massive operations may not mark brilliantly. Minds used to control severe, local boxes; therefore male issues must not live flatly new local officers. Substantial|4.16|3.49|7013009|"exportinameless #9"|13|wallpaper|7|Home|134|esepriought|N/A|62487724rose80736131|salmon|Dozen|Unknown|13|eingeingn st
989|AAAAAAAAMNDAAAAA|1999-10-28|2001-10-26|Past, national stores try preparations; distinctive, desperate earnings could not depend almost members. Practitioners go; so correct questions ought to ignore no|7.78|3.49|7013009|"amalgbrand #10"|13|bathroom|7|Home|134|esepriought|N/A|62487724rose80736131|salmon|Dozen|Unknown|55|n steingn st
990|AAAAAAAAMNDAAAAA|2001-10-27||Past, national stores try preparations; distinctive, desperate earnings could not depend almost members. Practitioners go; so correct questions ought to ignore no|9.51|4.18|10006005|"corpunivamalg #5"|6|musical|10|Electronics|134|esepriought|N/A|7683949287306lemon28|wheat|Ounce|Unknown|58|barn stn st
991|AAAAAAAAPNDAAAAA|1997-10-27||By now strange rules must get students. Customers hold; basic facts might seem then dirty developments; institutions used to dec|9.19|3.67|3003002|"exportiexporti #2"|3|toddlers|3|Children|44|eseese|medium|0202rosy379313210148|mint|Dram|Unknown|36|oughtn stn st
992|AAAAAAAAAODAAAAA|1997-10-27|2000-10-26|Successful subjects might se|3.68|2.98|9007009|"brandmaxi #9"|7|reference|9|Books|628|eingablecally|N/A|335274758041thistle5|smoke|N/A|Unknown|50|ablen stn st
993|AAAAAAAAAODAAAAA|2000-10-27||Successful subjects might se|7.36|3.38|9007009|"amalgexporti #2"|1|newborn|3|Children|515|antioughtanti|large|1red4824645375380603|sky|Gram|Unknown|27|prin stn st
994|AAAAAAAACODAAAAA|1997-10-27|1999-10-27|Rapid developments employ ago with the players. Bodies can make new, important metals. Reasonable secto|8.96|4.39|5001001|"amalgscholar #1"|1|rock|5|Music|450|barantiese|N/A|88061769449slate3274|pale|Pound|Unknown|28|esen stn st
995|AAAAAAAACODAAAAA|1999-10-28|2001-10-26|Rapid developments employ ago with the players. Bodies can make new, important metals. Reasonable secto|1.63|4.39|5001001|"exportinameless #6"|1|wallpaper|7|Home|217|barantiese|N/A|88061769449slate3274|red|Box|Unknown|26|antin stn st
996|AAAAAAAACODAAAAA|2001-10-27||Rapid developments employ ago with the players. Bodies can make new, important metals. Reasonable secto|87.27|4.39|5001001|"exportiexporti #1"|3|toddlers|3|Children|217|ationoughtable|large|88061769449slate3274|pink|Tsp|Unknown|50|callyn stn st
997|AAAAAAAAFODAAAAA|1997-10-27||Ever strong legs invest prime, good eyes; physical views address almost other books; boys study; woun|7.92|7.12|2003002|"exportiimporto #2"|3|pants|2|Men|328|eingablepri|extra large|505226545252076pale1|snow|Each|Unknown|11|ationn stn st
998|AAAAAAAAGODAAAAA|1997-10-27|2000-10-26|At least supposed kinds propose actually other kings. Practical, personal requirements could not introduce yet empty manage|2.35|1.55|3002001|"importoexporti #1"|2|infants|3|Children|63|prically|small|48782067314093smoke3|white|Ton|Unknown|33|eingn stn st
999|AAAAAAAAGODAAAAA|2000-10-27||Pleased, other departments help from the teams. U|5.96|4.29|3001002|"amalgexporti #2"|1|newborn|3|Children|63|prically|small|48782067314093smoke3|sienna|Tbl|Unknown|55|n stn stn st
1000|AAAAAAAAIODAAAAA|1997-10-27|1999-10-27|Small numbers must get. To and fro large types s|7.27|3.92|2001001|"amalgimporto #1"|1|accessories|2|Men|433|pripriese|extra large|89289379710tan505826|seashell|Oz|Unknown|56|barbarbarought
1001|AAAAAAAAIODAAAAA|1999-10-28|2001-10-26|Small numbers must get. To and fro large types s|0.90|0.67|2001001|"edu packedu pack #2"|1|athletic|4|Shoes|313|prioughtpri|medium|seashell854301591973|sandy|Lb|Unknown|37|oughtbarbarought
1002|AAAAAAAAIODAAAAA|2001-10-27||Small numbers must get. To and fro large types s|80.59|24.98|2001001|"brandmaxi #7"|7|reference|9|Books|16|prioughtpri|N/A|2peru066779442843246|violet|Ounce|Unknown|13|ablebarbarought
1003|AAAAAAAALODAAAAA|1997-10-27||Ancient problems walk evident, real words. Past, lar|4.20|3.19|6007004|"brandcorp #4"|7|pendants|6|Jewelry|184|eseeingought|N/A|85932snow92663714290|thistle|Tsp|Unknown|45|pribarbarought
1004|AAAAAAAAMODAAAAA|1997-10-27|2000-10-26|Months provide firmly whole, historical characters. Relatively perfect centres find tomorrow products. Others dream linguistic, good visitor|0.23|0.11|9010009|"univunivamalg #9"|10|travel|9|Books|379|n stationpri|N/A|29205580purple383642|spring|Dram|Unknown|95|esebarbarought
1005|AAAAAAAAMODAAAAA|2000-10-27||Months provide firmly whole, historical characters. Relatively perfect centres find tomorrow products. Others dream linguistic, good visitor|4.68|1.87|9010009|"amalgnameless #6"|11|accent|7|Home|379|n stationpri|N/A|29205580purple383642|snow|Ton|Unknown|43|antibarbarought
1006|AAAAAAAAOODAAAAA|1997-10-27|1999-10-27|Prime years should ask short for long simple bits.|6.00|2.64|8012007|"importomaxi #7"|12|guns|8|Sports|142|ableeseought|N/A|424antique8912094178|blue|Bunch|Unknown|12|callybarbarought
1007|AAAAAAAAOODAAAAA|1999-10-28|2001-10-26|Part-time, criminal uses see now long bright provinces. Banks could not operate leaders. Divisions retrieve particularly primari|2.48|2.64|6003008|"exporticorp #8"|12|gold|6|Jewelry|142|ableeseought|N/A|8olive98253784124178|orange|Carton|Unknown|13|ationbarbarought
1008|AAAAAAAAOODAAAAA|2001-10-27||Dead feet must not look; similar teams must not implement custo|8.07|6.05|10006006|"corpunivamalg #6"|12|musical|10|Electronics|394|esen stpri|N/A|177684438salmon31326|cyan|Dozen|Unknown|44|eingbarbarought
1009|AAAAAAAABPDAAAAA|1997-10-27||Legal exhibitions cut recently; predominantly te|1.83|0.93|10007007|"brandunivamalg #7"|7|personal|10|Electronics|740|bareseation|N/A|3cyan773191454319823|azure|Carton|Unknown|11|n stbarbarought
1010|AAAAAAAACPDAAAAA|1997-10-27|2000-10-26|Friends order on a courses. Very close jobs will put today whole gaps. Futures understand much sole women; professional amounts identify somehow difficult patterns. Tall, open children used to reali|5.79|2.60|5003001|"exportischolar #1"|3|pop|5|Music|326|callyablepri|N/A|5245628878pink243965|wheat|Cup|Unknown|68|baroughtbarought
1011|AAAAAAAACPDAAAAA|2000-10-27||Less other heels calculate less free ages. Generally successful makers think roughly old trees. Special rights get entirely average colleagues; almost unable schemes could|0.17|2.60|8001002|"amalgnameless #2"|1|athletic shoes|8|Sports|326|callyablepri|N/A|00349099103959blush6|wheat|Dram|Unknown|19|oughtoughtbarought
1012|AAAAAAAAEPDAAAAA|1997-10-27|1999-10-27|Other talks could not come again yet special companies. Always old questions protect. Clearly right nations claim as a whole ways. Children say great curtains. Only chief fees shall tolerate different|94.89|76.86|4001001|"amalgedu pack #1"|1|womens|4|Shoes|37|ationpri|petite|919417731tomato82136|seashell|Case|Unknown|45|ableoughtbarought
1013|AAAAAAAAEPDAAAAA|1999-10-28|2001-10-26|So romantic nations miss guidelines. Boys might not mind so. Ordinary, specific regions will not accept now next to the balls. Quickly dead factors choose s|1.47|76.86|4001001|"amalgscholar #2"|1|rock|5|Music|37|ationpri|N/A|white516371186185707|salmon|Bunch|Unknown|11|prioughtbarought
1014|AAAAAAAAEPDAAAAA|2001-10-27||So romantic nations miss guidelines. Boys might not mind so. Ordinary, specific regions will not accept now next to the balls. Quickly dead factors choose s|7.78|76.86|3004001|"edu packexporti #1"|1|school-uniforms|3|Children|207|ationpri|medium|19031spring776882677|drab|Lb|Unknown|6|eseoughtbarought
1015|AAAAAAAAHPDAAAAA|1997-10-27||Good championships offer tonight modern, dangerous letters. Around religious children might get fingers. Animals could sail rapidly cool, basic workers. Powerful examples prove now clever, st|6.81|2.31|1001002|"amalgamalg #2"|1|dresses|1|Women|545|antieseanti|extra large|69213560white9972928|rose|Tbl|Unknown|1|antioughtbarought
1016|AAAAAAAAIPDAAAAA|1997-10-27|2000-10-26|Ago other mountains would not deny kind, prospective masses. Linear acids concentrate over future profit|4.79|3.25|4001001|"amalgedu pack #1"|1|womens|4|Shoes|844|eseeseeing|medium|111634678162steel924|seashell|Pallet|Unknown|15|callyoughtbarought
1017|AAAAAAAAIPDAAAAA|2000-10-27||Complete details might get goo|4.34|3.25|4001001|"importoedu pack #2"|2|mens|4|Shoes|844|eseeseeing|small|111634678162steel924|moccasin|Dozen|Unknown|31|ationoughtbarought
1018|AAAAAAAAKPDAAAAA|1997-10-27|1999-10-27|Away original years speak in a eyes. Huge events could establish so nucle|0.36|0.29|10015016|"scholaramalgamalg #16"|15|portable|10|Electronics|772|ableationation|N/A|cornsilk352379195406|lemon|Tsp|Unknown|41|eingoughtbarought
1019|AAAAAAAAKPDAAAAA|1999-10-28|2001-10-26|Royal fragments should not want just. Red students used to help fully unemployed topics. Overall forms ought to occu|5.13|0.29|2002002|"importoimporto #2"|2|shirts|2|Men|183|prieingought|small|cornsilk352379195406|spring|Cup|Unknown|29|n stoughtbarought
1020|AAAAAAAAKPDAAAAA|2001-10-27||Royal fragments should not want just. Red students used to help fully unemployed topics. Overall forms ought to occu|6.59|0.29|2002002|"scholarmaxi #1"|5|history|9|Books|183|prieingought|N/A|2276575218midnight44|sienna|Dozen|Unknown|28|barablebarought
1021|AAAAAAAANPDAAAAA|1997-10-27||Human, bright beaches would not buy particularly hungry wages. Often only areas get most increased blocks; there final children attempt slowly recent parties; golden,|2.90|2.08|9008002|"namelessmaxi #2"|8|romance|9|Books|12|ableought|N/A|royal982974557614532|red|Gross|Unknown|19|oughtablebarought
1022|AAAAAAAAOPDAAAAA|1997-10-27|2000-10-26|Shops chase hardly practically dark members. Civil, legitimate members might not play physical u|0.16|0.08|2004001|"edu packimporto #1"|4|sports-apparel|2|Men|158|eingantiought|petite|29309999slate0949877|pale|Bunch|Unknown|11|ableablebarought
1023|AAAAAAAAOPDAAAAA|2000-10-27||Shops chase hardly practically dark members. Civil, legitimate members might not play physical u|50.74|26.38|6002008|"importocorp #8"|2|diamonds|6|Jewelry|158|eingantiought|N/A|29309999slate0949877|olive|Ton|Unknown|18|priablebarought
1024|AAAAAAAAAAEAAAAA|1997-10-27|1999-10-27|Much particular copies enable always relations. Current authorities should|5.65|3.78|4004001|"edu packedu pack #1"|4|athletic|4|Shoes|865|anticallyeing|medium|965502271007pale9758|spring|Pound|Unknown|25|eseablebarought
1025|AAAAAAAAAAEAAAAA|1999-10-28|2001-10-26|Public, usual operations tell as wrong, new rights. Major, capable sentences come easily. Perhaps necessary workers laugh |5.07|3.78|6009002|"maxicorp #2"|9|womens watch|6|Jewelry|263|anticallyeing|N/A|orchid47297946286537|red|Bundle|Unknown|57|antiablebarought
1026|AAAAAAAAAAEAAAAA|2001-10-27||Other miles should not chase bombs. Perhaps long men should break else common exercises. Very solar eyes open. Existing, subsequent |86.80|78.12|10004007|"edu packunivamalg #7"|4|audio|10|Electronics|798|anticallyeing|N/A|orchid47297946286537|violet|Tsp|Unknown|33|callyablebarought
1027|AAAAAAAADAEAAAAA|1997-10-27||Successful, popular boxes rest enough predominantly complex sites. Boldly long ships arrest in a parents. A|3.84|2.61|6011004|"amalgbrand #4"|11|semi-precious|6|Jewelry|71|oughtation|N/A|2413turquoise8958284|peach|Ounce|Unknown|16|ationablebarought
1028|AAAAAAAAEAEAAAAA|1997-10-27|2000-10-26|Suggest|9.50|5.89|7014009|"edu packnameless #9"|14|glassware|7|Home|270|barationable|N/A|17spring188082877060|thistle|Cup|Unknown|38|eingablebarought
1029|AAAAAAAAEAEAAAAA|2000-10-27||Different parties obtain insects. Too royal me|1.09|5.89|7014009|"amalgmaxi #10"|1|arts|9|Books|270|barationable|N/A|17spring188082877060|puff|Gross|Unknown|60|n stablebarought
1030|AAAAAAAAGAEAAAAA|1997-10-27|1999-10-27|Equations may not lea|6.16|4.37|8001001|"amalgnameless #1"|1|athletic shoes|8|Sports|146|callyeseought|N/A|2472red4724501509258|medium|Carton|Unknown|4|barpribarought
1031|AAAAAAAAGAEAAAAA|1999-10-28|2001-10-26|Equations may not lea|8.53|4.37|9004012|"edu packmaxi #12"|4|entertainments|9|Books|146|callyeseought|N/A|2472red4724501509258|royal|Pallet|Unknown|10|oughtpribarought
1032|AAAAAAAAGAEAAAAA|2001-10-27||Equations may not lea|1.77|1.07|9015001|"scholarunivamalg #1"|4|fiction|9|Books|272|callyeseought|N/A|2472red4724501509258|peru|Tbl|Unknown|6|ablepribarought
1033|AAAAAAAAJAEAAAAA|1997-10-27||Exact barriers cannot claim anyway possible conferences. Particular powers could work real partners. Unusually light men used to think just far aware things; able, |1.24|0.96|10013014|"exportiamalgamalg #14"|13|stereo|10|Electronics|568|eingcallyanti|N/A|677815482pink2671855|salmon|Dram|Unknown|10|pripribarought
1034|AAAAAAAAKAEAAAAA|1997-10-27|2000-10-26|Wild minds would warrant things. Men fight at a thousands; plain formal difficulties may take right in a studies. Visual, african differences offer useful magazines. Only significant sports |4.77|3.86|10007015|"brandunivamalg #15"|7|personal|10|Electronics|813|prioughteing|N/A|3220079654violet9320|smoke|Pound|Unknown|65|esepribarought
1035|AAAAAAAAKAEAAAAA|2000-10-27||Average, frequent studies establish even police. Clear, british experts develop arts. Alternative, important hours might not continue with a children. Real, public skills must di|4.33|3.86|2004002|"edu packimporto #2"|4|sports-apparel|2|Men|813|prioughteing|medium|2925salmon7979665687|violet|Case|Unknown|26|antipribarought
1036|AAAAAAAAMAEAAAAA|1997-10-27|1999-10-27|Especially british years feed; children expand small spirits. Assets include both previous effects. For example |7.92|6.01|9009005|"maximaxi #5"|9|science|9|Books|306|callybarpri|N/A|06699996slate8655035|snow|Ton|Unknown|25|callypribarought
1037|AAAAAAAAMAEAAAAA|1999-10-28|2001-10-26|Views see mass, full days. Securities would thank ever different, able others. Minutes stay with the relationships. Calls remember with the events. Sets would reac|5.35|6.01|9009005|"amalgunivamalg #1"|1|cameras|10|Electronics|306|callybarpri|N/A|papaya91490783646705|white|Gross|Unknown|33|ationpribarought
1038|AAAAAAAAMAEAAAAA|2001-10-27||Views see mass, full days. Securities would thank ever different, able others. Minutes stay with the relationships. Calls remember with the events. Sets would reac|7.73|4.79|9009005|"edu packamalg #1"|4|swimwear|1|Women|422|ableableese|large|073778midnight387654|orange|Tbl|Unknown|95|eingpribarought
1039|AAAAAAAAPAEAAAAA|1997-10-27||Just royal levels will retain. Scientific, slim causes will want now possible terms. Hardly |1.07|0.62|3004002|"edu packexporti #2"|4|school-uniforms|3|Children|139|n stpriought|extra large|17250323turquoise239|wheat|Each|Unknown|27|n stpribarought
1040|AAAAAAAAABEAAAAA|1997-10-27|2000-10-26|Less short parts can mention careful groups. Even successful tons say in a rights. Then chinese traditions repair. Attit|8.76|6.13|7016001|"corpnameless #1"|16|furniture|7|Home|331|oughtpripri|N/A|87279pink52529327285|royal|Gross|Unknown|40|baresebarought
1041|AAAAAAAAABEAAAAA|2000-10-27||Less short parts can mention careful groups. Even successful tons say in a rights. Then chinese traditions repair. Attit|9.01|6.13|2004002|"edu packimporto #2"|16|sports-apparel|2|Men|372|oughtpripri|large|4light47685293048900|brown|Cup|Unknown|48|oughtesebarought
1042|AAAAAAAACBEAAAAA|1997-10-27|1999-10-27|Once again significant russians settle on the firms. Customers turn flowers. Units would follow however policemen. New restrictions might not organize f|75.58|58.95|1001001|"amalgamalg #1"|1|dresses|1|Women|732|ablepriation|small|421096607powder90406|steel|Case|Unknown|96|ableesebarought
1043|AAAAAAAACBEAAAAA|1999-10-28|2001-10-26|Bad, right |9.10|58.95|9010012|"univunivamalg #12"|10|travel|9|Books|54|eseanti|N/A|purple39498051222971|indian|Pound|Unknown|18|priesebarought
1044|AAAAAAAACBEAAAAA|2001-10-27||Leaders want quickly. Base, other matches go well into a fans. Following, major interes|2.54|2.10|3004001|"edu packexporti #1"|10|school-uniforms|3|Children|354|eseantipri|small|purple39498051222971|peru|Carton|Unknown|25|eseesebarought
1045|AAAAAAAAFBEAAAAA|1997-10-27||Medieval, professional dogs m|6.40|3.52|1002002|"importoamalg #2"|2|fragrances|1|Women|240|bareseable|small|02283088252556tan068|midnight|Ton|Unknown|15|antiesebarought
1046|AAAAAAAAGBEAAAAA|1997-10-27|2000-10-26|Y|2.10|1.11|9012003|"importounivamalg #3"|12|home repair|9|Books|866|callycallyeing|N/A|3753519336seashell09|seashell|Ounce|Unknown|29|callyesebarought
1047|AAAAAAAAGBEAAAAA|2000-10-27||Y|3.31|2.18|4001002|"amalgedu pack #2"|1|womens|4|Shoes|6|cally|medium|3753519336seashell09|slate|Case|Unknown|45|ationesebarought
1048|AAAAAAAAIBEAAAAA||1999-10-27||14.70|12.20||"importoedu pack #1"||||Shoes|159|n stantiought||6saddle3754015561095||Cup||16|eingesebarought
1049|AAAAAAAAIBEAAAAA|1999-10-28|2001-10-26|Prime industries could expect royal arms. Desperately strong trees tell wide wide, expected police. Worldwide good employees occur just citizens. Very vertical proposals|2.62|2.17|4002002|"importoedu pack #2"|2|mens|4|Shoes|159|n stantiought|extra large|40106steel3346139644|yellow|Tbl|Unknown|38|n stesebarought
1050|AAAAAAAAIBEAAAAA|2001-10-27||Prime industries could expect royal arms. Desperately strong trees tell wide wide, expected police. Worldwide good employees occur just citizens. Very vertical proposals|9.58|2.17|7006001|"corpbrand #1"|6|rugs|7|Home|159|n stantiought|N/A|40106steel3346139644|tomato|Gram|Unknown|15|barantibarought
1051|AAAAAAAALBEAAAAA|1997-10-27||Gently contemporary operations can occur with the doubts; circumstances may feel high. Hard countries would no|48.57|22.82|7008002|"namelessbrand #2"|8|lighting|7|Home|610|baroughtcally|N/A|2rosy068945275237395|green|Dram|Unknown|7|oughtantibarought
1052|AAAAAAAAMBEAAAAA|1997-10-27|2000-10-26|However recent matt|0.69|0.31|7007003|"brandbrand #3"|7|decor|7|Home|911|oughtoughtn st|N/A|3linen12791425394183|pale|Bunch|Unknown|17|ableantibarought
1053|AAAAAAAAMBEAAAAA|2000-10-27||However recent matt|8.74|4.80|8003004|"exportinameless #4"|3|basketball|8|Sports|168|oughtoughtn st|N/A|93185239020835misty5|green|Unknown|Unknown|25|priantibarought
1054|AAAAAAAAOBEAAAAA|1997-10-27|1999-10-27|Moral conservatives must not shut softly formidable share|29.04|25.26|4003001|"exportiedu pack #1"|3|kids|4|Shoes|252|ableantiable|medium|290023214000plum6505|royal|Each|Unknown|22|eseantibarought
1055|AAAAAAAAOBEAAAAA|1999-10-28|2001-10-26|Impressive, responsible windows might not argue still royal influences. Members should desert clear years. Particular demands give local, minor practices. Mo|8.44|7.59|4003001|"scholarnameless #6"|5|fitness|8|Sports|252|ableantiable|N/A|942519papaya06538767|spring|Cup|Unknown|24|antiantibarought
1056|AAAAAAAAOBEAAAAA|2001-10-27||Impressive, responsible windows might not argue still royal influences. Members should desert clear years. Particular demands give local, minor practices. Mo|3.99|7.59|5001001|"amalgscholar #1"|1|rock|5|Music|634|eseprically|N/A|942519papaya06538767|salmon|Unknown|Unknown|25|callyantibarought
1057|AAAAAAAABCEAAAAA|1997-10-27||Tasks must not carry now emotional businesses. Words stand however techniques; else chinese girls mi|2.01|1.36|6012002|"importobrand #2"|12|costume|6|Jewelry|764|esecallyation|N/A|372141white395271322|navajo|Case|Unknown|50|ationantibarought
1058|AAAAAAAACCEAAAAA|1997-10-27|2000-10-26|Deep pounds deal. Now other texts act often. Neighbourin|3.51|2.84|4004001|"edu packedu pack #1"|4|athletic|4|Shoes|188|eingeingought|small|13peru29110714013642|white|Ounce|Unknown|1|eingantibarought
1059|AAAAAAAACCEAAAAA|2000-10-27||Brown, o|8.55|2.84|8012010|"importomaxi #10"|12|guns|8|Sports|188|eingeingought|N/A|13peru29110714013642|smoke|Pound|Unknown|3|n stantibarought
1060|AAAAAAAAECEAAAAA|1997-10-27|1999-10-27|Physical reasons shall talk highly new rights. Regional, quiet channels cause positively. Developers help much. Good, fine weeks face slow corporate details; better old resour|2.32|0.78|1003001|"exportiamalg #1"|3|maternity|1|Women|257|ationantiable|extra large|5mint236836271954583|ghost|Ounce|Unknown|33|barcallybarought
1061|AAAAAAAAECEAAAAA|1999-10-28|2001-10-26|Physical reasons shall talk highly new rights. Regional, quiet channels cause positively. Developers help much. Good, fine weeks face slow corporate details; better old resour|0.88|0.38|7005002|"scholarbrand #2"|3|blinds/shades|7|Home|257|ationantiable|N/A|5mint236836271954583|snow|Each|Unknown|52|oughtcallybarought
1062|AAAAAAAAECEAAAAA|2001-10-27||Physical reasons shall talk highly new rights. Regional, quiet channels cause positively. Developers help much. Good, fine weeks face slow corporate details; better old resour|4.44|0.38|7005002|"scholarunivamalg #9"|3|karoke|10|Electronics|171|oughtationought|N/A|5mint236836271954583|lime|Unknown|Unknown|62|ablecallybarought
1063|AAAAAAAAHCEAAAAA|1997-10-27||Static, possible organisms may not run discussions. Great schemes might not exceed readily difficult transactions. Major miles may change laws. Definite instructions w|3.04|1.09|1003002|"exportiamalg #2"|3|maternity|1|Women|840|bareseeing|medium|24516217khaki4473469|yellow|Dozen|Unknown|39|pricallybarought
1064|AAAAAAAAICEAAAAA|1997-10-27|2000-10-26|White interests may apply subjects. Exciting pictures might not become well always valid effects.|14.21|4.97|2002001|"importoimporto #1"|2|shirts|2|Men|528|eingableanti|medium|25701968337593rose99|pink|Ton|Unknown|3|esecallybarought
1065|AAAAAAAAICEAAAAA|2000-10-27||Gradually extreme workers make still to |4.33|4.97|6001002|"amalgcorp #2"|2|birdal|6|Jewelry|528|eingableanti|N/A|206898119pale7433300|seashell|Unknown|Unknown|66|anticallybarought
1066|AAAAAAAAKCEAAAAA|1997-10-27|1999-10-27|Most physical hopes con|1.36|0.55|10012013|"importoamalgamalg #13"|12|monitors|10|Electronics|46|callyese|N/A|30852099violet319879|peach|Gram|Unknown|45|callycallybarought
1067|AAAAAAAAKCEAAAAA|1999-10-28|2001-10-26|Most physical hopes con|7.98|3.59|10012013|"importounivamalg #14"|2|camcorders|10|Electronics|269|n stcallyable|N/A|1491079004727smoke68|pink|Bundle|Unknown|37|ationcallybarought
1068|AAAAAAAAKCEAAAAA|2001-10-27||Simple, minute fields plant. Consistently early boards explain then all special pressures. Consistently italian teeth may pick parti|6.75|3.59|10012013|"exportischolar #1"|2|pop|5|Music|249|n steseable|N/A|1491079004727smoke68|steel|Tbl|Unknown|19|eingcallybarought
1069|AAAAAAAANCEAAAAA|1997-10-27||In short moral areas would take unpleasant, serious drawings. Ways prevent small, presidential ambitions. Diff|4.55|3.73|1002002|"importoamalg #2"|2|fragrances|1|Women|167|ationcallyought|extra large|232139231184wheat513|slate|Dram|Unknown|56|n stcallybarought
1070|AAAAAAAAOCEAAAAA|1997-10-27|2000-10-26|Big, variable results would forget mostly parties; correct performances will get even so for a structures. Seldom good succ|0.18|0.07|2001001|"amalgimporto #1"|1|accessories|2|Men|107|ationbarought|extra large|02923826531seashell0|midnight|Pound|Unknown|22|barationbarought
1071|AAAAAAAAOCEAAAAA|2000-10-27||Big, variable results would forget mostly parties; correct performances will get even so for a structures. Seldom good succ|3.90|2.49|2001001|"edu packexporti #2"|1|school-uniforms|3|Children|107|ationbarought|small|02923826531seashell0|slate|Gross|Unknown|61|oughtationbarought
1072|AAAAAAAAADEAAAAA|1997-10-27|1999-10-27|International colleges shall mind large, outer hundreds. Technical, major times shall turn afterwards even medical questions. Alone members oug|2.57|1.10|7001003|"amalgbrand #3"|1|bathroom|7|Home|387|ationeingpri|N/A|21937976honeydew0612|thistle|Unknown|Unknown|84|ableationbarought
1073|AAAAAAAAADEAAAAA|1999-10-28|2001-10-26|Friends should avert at all. Big stars come at the constraints; children must appear however by a men. Scarcely international times say in particular papers. P|5.21|1.10|7008004|"namelessbrand #4"|8|lighting|7|Home|692|ationeingpri|N/A|21937976honeydew0612|azure|Unknown|Unknown|1|priationbarought
1074|AAAAAAAAADEAAAAA|2001-10-27||Friends should avert at all. Big stars come at the constraints; children must appear however by a men. Scarcely international times say in particular papers. P|0.95|0.70|7008004|"importoedu pack #1"|2|mens|4|Shoes|342|ationeingpri|medium|21937976honeydew0612|dark|Case|Unknown|6|eseationbarought
1075|AAAAAAAADDEAAAAA|1997-10-27||So various feet m|33.23|29.24|3003002|"exportiexporti #2"|3|toddlers|3|Children|233|pripriable|extra large|731320460saddle19206|lawn|Pound|Unknown|21|antiationbarought
1076|AAAAAAAAEDEAAAAA|1997-10-27|2000-10-26|Either other vehicles used to harm. Spanish|9.68|8.51|10014006|"edu packamalgamalg #6"|14|automotive|10|Electronics|145|antieseought|N/A|0ghost34838877368862|royal|Tbl|Unknown|64|callyationbarought
1077|AAAAAAAAEDEAAAAA|2000-10-27||Either other vehicles used to harm. Spanish|4.31|1.89|10016007|"corpamalgamalg #7"|16|wireless|10|Electronics|280|bareingable|N/A|saddle14411889527520|spring|Ounce|Unknown|55|ationationbarought
1078|AAAAAAAAGDEAAAAA|1997-10-27|1999-10-27|Good cuts back upright interesting, addi|0.47|0.21|4004001|"edu packedu pack #1"|4|athletic|4|Shoes|183|prieingought|petite|8645light54588640189|metallic|Oz|Unknown|7|eingationbarought
1079|AAAAAAAAGDEAAAAA|1999-10-28|2001-10-26|Projects admit accountants. Soft|3.96|0.21|4004001|"namelessnameless #10"|8|outdoor|8|Sports|416|prieingought|N/A|3pale996383007290201|steel|Gross|Unknown|10|n stationbarought
1080|AAAAAAAAGDEAAAAA|2001-10-27||Projects admit accountants. Soft|7.11|0.21|4004001|"edu packedu pack #1"|8|athletic|4|Shoes|191|prieingought|extra large|4lawn063026282501122|pink|Ton|Unknown|14|bareingbarought
1081|AAAAAAAAJDEAAAAA|1997-10-27||Borders may stay too b|8.11|7.13|8016002|"corpmaxi #2"|16|golf|8|Sports|129|n stableought|N/A|95646navy40426504921|steel|Bunch|Unknown|73|oughteingbarought
1082|AAAAAAAAKDEAAAAA|1997-10-27|2000-10-26|Free activities might act on a years. Other, new fingers can claim specifically at the alternatives. Great, straightforward features come now; sure, little stand|6.46|2.45|9004003|"edu packmaxi #3"|4|entertainments|9|Books|59|n stanti|N/A|30white1871568964799|snow|Tbl|Unknown|29|ableeingbarought
1083|AAAAAAAAKDEAAAAA|2000-10-27||Free activities might act on a years. Other, new fingers can claim specifically at the alternatives. Great, straightforward features come now; sure, little stand|2.82|2.45|9004003|"scholarbrand #4"|15|custom|6|Jewelry|59|n stanti|N/A|6500175violet3001407|burnished|Box|Unknown|37|prieingbarought
1084|AAAAAAAAMDEAAAAA|1997-10-27|1999-10-27|Gene|0.52|0.28|8006005|"corpnameless #5"|6|football|8|Sports|295|antin stable|N/A|74570989rosy46455781|rosy|Oz|Unknown|28|eseeingbarought
1085|AAAAAAAAMDEAAAAA|1999-10-28|2001-10-26|Gene|3.32|0.28|8006005|"brandcorp #6"|7|pendants|6|Jewelry|295|antin stable|N/A|77rosy11747081579611|almond|Ton|Unknown|37|antieingbarought
1086|AAAAAAAAMDEAAAAA|2001-10-27||Direct nations ought to complete ago particular events. Aside patient researchers will go only past days. Residential fires would not pretend however true, dir|1.92|1.51|10005016|"scholarunivamalg #16"|7|karoke|10|Electronics|295|antin stable|N/A|77rosy11747081579611|powder|Bundle|Unknown|96|callyeingbarought
1087|AAAAAAAAPDEAAAAA|1997-10-27||Soft eyes come already good, international materials. Even tiny trees will hear by the |45.09|15.78|6004008|"edu packcorp #8"|4|bracelets|6|Jewelry|128|eingableought|N/A|677776496055salmon65|bisque|Carton|Unknown|20|ationeingbarought
1088|AAAAAAAAAEEAAAAA|1997-10-27|2000-10-26|Glad habits could check almost true communities. Signals should support too different possibilities. Possible, possible forms might cease in betwee|7.15|3.36|3004001|"edu packexporti #1"|4|school-uniforms|3|Children|111|oughtoughtought|medium|18seashell5245783816|pink|Gross|Unknown|96|eingeingbarought
1089|AAAAAAAAAEEAAAAA|2000-10-27||Glad habits could check almost true communities. Signals should support too different possibilities. Possible, possible forms might cease in betwee|3.80|3.36|3004001|"edu packmaxi #10"|14|tennis|8|Sports|186|callyeingought|N/A|778288142035lime3974|ivory|Bundle|Unknown|54|n steingbarought
1090|AAAAAAAACEEAAAAA|1997-10-27|1999-10-27|Much easy months would introduce often important rural hundreds. Single, inner feet may feel by a children; ever physical babies unite specific, proper patterns. Dou|4.75|2.85|4003001|"exportiedu pack #1"|3|kids|4|Shoes|325|antiablepri|extra large|18sienna316455594295|salmon|Pound|Unknown|42|barn stbarought
1091|AAAAAAAACEEAAAAA|1999-10-28|2001-10-26|Much easy months would introduce often important rural hundreds. Single, inner feet may feel by a children; ever physical babies unite specific, proper patterns. Dou|1.27|2.85|4003001|"scholarmaxi #2"|15|fishing|8|Sports|579|n stationanti|N/A|18sienna316455594295|snow|N/A|Unknown|17|oughtn stbarought
1092|AAAAAAAACEEAAAAA|2001-10-27||Much easy months would introduce often important rural hundreds. Single, inner feet may feel by a children; ever physical babies unite specific, proper patterns. Dou|6.71|4.16|10006005|"corpunivamalg #5"|6|musical|10|Electronics|579|n stationanti|N/A|21507761seashell0251|sky|Carton|Unknown|47|ablen stbarought
1093|AAAAAAAAFEEAAAAA|1997-10-27||Directly good effects could not complete. Implications may not investigate individually; electrical husba|3.83|1.30|9003002|"exportimaxi #2"|3|computers|9|Books|643|priesecally|N/A|018277964papaya20314|seashell|Each|Unknown|54|prin stbarought
1094|AAAAAAAAGEEAAAAA|1997-10-27|2000-10-26|Unable, young |0.52|0.23|6010007|"univbrand #7"|10|jewelry boxes|6|Jewelry|225|antiableable|N/A|424575wheat994506698|chartreuse|Lb|Unknown|72|esen stbarought
1095|AAAAAAAAGEEAAAAA|2000-10-27||Only administrativ|2.32|1.39|9008004|"namelessmaxi #4"|8|romance|9|Books|220|barableable|N/A|424575wheat994506698|rose|Case|Unknown|42|antin stbarought
1096|AAAAAAAAIEEAAAAA|1997-10-27|1999-10-27|Possible, british clubs ought to adopt immediately conservative teeth. Also possible findings see away shoes; current, practical tales could not read enoug|2.00|1.74|3004001|"edu packexporti #1"|4|school-uniforms|3|Children|119|n stoughtought|petite|53129floral451690361|metallic|Oz|Unknown|8|callyn stbarought
1097|AAAAAAAAIEEAAAAA|1999-10-28|2001-10-26|Possible, british clubs ought to adopt immediately conservative teeth. Also possible findings see away shoes; current, practical tales could not read enoug|6.40|1.74|9008006|"namelessmaxi #6"|8|romance|9|Books|119|n stoughtought|N/A|04068982943saddle937|plum|Bunch|Unknown|5|ationn stbarought
1098|AAAAAAAAIEEAAAAA|2001-10-27||Possible, british clubs ought to adopt immediately conservative teeth. Also possible findings see away shoes; current, practical tales could not read enoug|0.93|0.70|9008006|"importomaxi #7"|8|business|9|Books|465|n stoughtought|N/A|04068982943saddle937|papaya|Tbl|Unknown|4|eingn stbarought
1099|AAAAAAAALEEAAAAA|1997-10-27||Marks shall not ensure little too dry groups. More clear relations ought to make in private concerning the reports. Careers |5.90|3.71|8007010|"brandnameless #10"|7|hockey|8|Sports|267|ationcallyable|N/A|74olive6737492481350|papaya|Pallet|Unknown|34|n stn stbarought
1100|AAAAAAAAMEEAAAAA|1997-10-27|2000-10-26|Sufficiently full amounts hear notably eyebrows. Cheerful, available men used to scare public structures. Ne|0.66|0.55|5004001|"edu packscholar #1"|4|classical|5|Music|227|ationableable|N/A|300222400steel814900|violet|Each|Unknown|40|barbaroughtought
1101|AAAAAAAAMEEAAAAA|2000-10-27||Swiss orders employ thoroughly only special affairs. Industries might make benefits. Good, liberal circumsta|0.81|0.68|6011006|"amalgbrand #6"|11|semi-precious|6|Jewelry|328|eingablepri|N/A|7713lavender90951399|slate|Each|Unknown|30|oughtbaroughtought
1102|AAAAAAAAOEEAAAAA|1997-10-27|1999-10-27|Broken weeks could take almost entire waters. Close hours appear certainly for a points; answers shall apply carefully internal terms. Considerable, other horses take|0.67|0.52|2004001|"edu packimporto #1"|4|sports-apparel|2|Men|291|oughtn stable|medium|621736sandy346484393|papaya|Pound|Unknown|37|ablebaroughtought
1103|AAAAAAAAOEEAAAAA|1999-10-28|2001-10-26|About economic plants tell hands; far commercial methods could|2.40|0.52|4001002|"amalgedu pack #2"|1|womens|4|Shoes|291|oughtn stable|large|621736sandy346484393|sky|Gross|Unknown|49|pribaroughtought
1104|AAAAAAAAOEEAAAAA|2001-10-27||Problems wil|4.70|0.52|8013005|"exportimaxi #5"|13|sailing|8|Sports|291|oughtn stable|N/A|715921803rose9007480|smoke|Bundle|Unknown|21|esebaroughtought
1105|AAAAAAAABFEAAAAA|1997-10-27||British males introduce also useful, public provisions. Names could pay; damages should pull elected, genera|9.23|7.66|4002002|"importoedu pack #2"|2|mens|4|Shoes|529|n stableanti|extra large|863204429125misty709|grey|Ton|Unknown|11|antibaroughtought
1106|AAAAAAAACFEAAAAA|1997-10-27|2000-10-26|Dead, technological services s|1.42|0.83|2003001|"exportiimporto #1"|3|pants|2|Men|151|oughtantiought|medium|23241royal5839104608|sienna|Dram|Unknown|6|callybaroughtought
1107|AAAAAAAACFEAAAAA|2000-10-27||Dead, technological services s|2.52|0.95|2003001|"exportischolar #2"|3|pop|5|Music|151|oughtantiought|N/A|862750slate251293447|rosy|Gross|Unknown|67|ationbaroughtought
1108|AAAAAAAAEFEAAAAA|1997-10-27|1999-10-27|Extern|2.15|0.92|9006005|"corpmaxi #5"|6|parenting|9|Books|523|priableanti|N/A|drab7050446832043403|ghost|Ounce|Unknown|66|eingbaroughtought
1109|AAAAAAAAEFEAAAAA|1999-10-28|2001-10-26|Enough electoral women ought to live as usual possible, other children. Other, white talks try so in a countries. Faces return as well |0.74|0.92|9006005|"importobrand #10"|2|bedding|7|Home|523|priableanti|N/A|08612169485salmon236|purple|Tbl|Unknown|70|n stbaroughtought
1110|AAAAAAAAEFEAAAAA|2001-10-27||Enough electoral women ought to live as usual possible, other children. Other, white talks try so in a countries. Faces return as well |7.17|3.08|3002001|"importoexporti #1"|2|infants|3|Children|523|priableanti|medium|08612169485salmon236|white|Case|Unknown|27|baroughtoughtought
1111|AAAAAAAAHFEAAAAA|1997-10-27||Occasionally industrial lawyers will wait. Feet would not give benefits. Evidently large parties shall prevent shops; hard stories should bend long novel patients. Forward sorry police|4.13|1.94|6011008|"amalgbrand #8"|11|semi-precious|6|Jewelry|72|ableation|N/A|78429002123thistle63|royal|Bunch|Unknown|4|oughtoughtoughtought
1112|AAAAAAAAIFEAAAAA|1997-10-27|2000-10-26|Recently previous horses would locate. |7.31|5.99|1004001|"edu packamalg #1"|4|swimwear|1|Women|188|eingeingought|extra large|5290077236peach84949|violet|Oz|Unknown|29|ableoughtoughtought
1113|AAAAAAAAIFEAAAAA|2000-10-27||Recently previous horses would locate. |9.76|5.99|5001002|"amalgscholar #2"|1|rock|5|Music|314|eingeingought|N/A|1423606596seashell08|puff|Tbl|Unknown|40|prioughtoughtought
1114|AAAAAAAAKFEAAAAA|1997-10-27|1999-10-27|Capable, fresh things can keep periodically positive days. Managers increase as well male wives. Real places negotiate finally duties. All soft ministers throw considerable, vital chil|8.59|3.00|5001001|"amalgscholar #1"|1|rock|5|Music|380|bareingpri|N/A|15038697542994linen6|blush|Ton|Unknown|31|eseoughtoughtought
1115|AAAAAAAAKFEAAAAA|1999-10-28|2001-10-26|Capable, fresh things can keep periodically positive days. Managers increase as well male wives. Real places negotiate finally duties. All soft ministers throw considerable, vital chil|71.43|60.71|5001001|"brandunivamalg #11"|1|personal|10|Electronics|380|bareingpri|N/A|665yellow49357336908|thistle|Ounce|Unknown|1|antioughtoughtought
1116|AAAAAAAAKFEAAAAA|2001-10-27||Capable, fresh things can keep periodically positive days. Managers increase as well male wives. Real places negotiate finally duties. All soft ministers throw considerable, vital chil|65.21|60.71|9009001|"maximaxi #1"|9|science|9|Books|380|bareingpri|N/A|665yellow49357336908|tomato|Ton|Unknown|11|callyoughtoughtought
1117|AAAAAAAANFEAAAAA|1997-10-27||Distinct, reasonable lectures ought to visit too so|3.38|2.26|6005006|"scholarcorp #6"|5|earings|6|Jewelry|721|oughtableation|N/A|2red3477268271386429|papaya|Unknown|Unknown|15|ationoughtoughtought
1118|AAAAAAAAOFEAAAAA|1997-10-27|2000-10-26|Too concerned seats must judge. Afterwards lucky families must work sound defences. Services know in the others. Surprised, other horses think |2.34|1.49|8010009|"univmaxi #9"|10|pools|8|Sports|135|antipriought|N/A|peru1057578538935704|lemon|Dram|Unknown|7|eingoughtoughtought
1119|AAAAAAAAOFEAAAAA|2000-10-27||American, sorry terms would come teachers; social offences used to go. Various, constant hour|1.05|1.49|8010009|"corpnameless #10"|16|furniture|7|Home|320|antipriought|N/A|8spring1618512718377|gainsboro|Case|Unknown|7|n stoughtoughtought
1120|AAAAAAAAAGEAAAAA|1997-10-27|1999-10-27|Medium rights put enough sufficient elections; certain children will pick dark, wild men. New terms help today actu|7.02|2.31|7004001|"edu packbrand #1"|4|curtains/drapes|7|Home|438|eingpriese|N/A|705366435515120tan77|pink|Box|Unknown|29|barableoughtought
1121|AAAAAAAAAGEAAAAA|1999-10-28|2001-10-26|Intelligent times want just anyway grey readers. Knees ensure suddenly rural occasio|51.43|26.22|7004001|"amalgedu pack #2"|1|womens|4|Shoes|706|eingpriese|large|705366435515120tan77|indian|Box|Unknown|15|oughtableoughtought
1122|AAAAAAAAAGEAAAAA|2001-10-27||Drugs could not form still worldwide other rocks. Royal, necessary conclusions used to travel quite great children. Final, interesting years may marry m|8.11|6.73|9010007|"univunivamalg #7"|1|travel|9|Books|706|callybaration|N/A|735977549740violet30|snow|Bundle|Unknown|17|ableableoughtought
1123|AAAAAAAADGEAAAAA|1997-10-27||New, favorite regulations shall not go most. Bones want executive allegations. Available sites return as once top jobs. Perhaps unusual countries frustr|90.44|51.55|5003002|"exportischolar #2"|3|pop|5|Music|303|pribarpri|N/A|408349573007sienna46|seashell|Dozen|Unknown|94|priableoughtought
1124|AAAAAAAAEGEAAAAA|1997-10-27|2000-10-26|Ago daily schools can get so precise artists. Bloody agencies could see in a |0.22|0.17|4001001|"amalgedu pack #1"|1|womens|4|Shoes|651|oughtantically|medium|119766746768334puff5|tan|Lb|Unknown|41|eseableoughtought
1125|AAAAAAAAEGEAAAAA|2000-10-27||Too other recordings isolate. Experts answer able families. Humans involve primary, sc|2.40|1.27|8008006|"namelessnameless #6"|1|outdoor|8|Sports|109|n stbarought|N/A|15064354530lemon9683|navajo|Cup|Unknown|28|antiableoughtought
1126|AAAAAAAAGGEAAAAA|1997-10-27|1999-10-27|Typical, good skills can provide almost prizes. Before blind moves con|2.56|2.07|3003001|"exportiexporti #1"|3|toddlers|3|Children|252|ableantiable|economy|560230pink5971993276|ivory|N/A|Unknown|31|callyableoughtought
1127|AAAAAAAAGGEAAAAA|1999-10-28|2001-10-26|Typical, good skills can provide almost prizes. Before blind moves con|8.95|5.28|5001002|"amalgscholar #2"|1|rock|5|Music|252|ableantiable|N/A|948spring79513662230|lime|Each|Unknown|19|ationableoughtought
1128|AAAAAAAAGGEAAAAA|2001-10-27||American, psychiatric workers get clinical americans. Different,|4.96|5.28|5001001|"amalgscholar #1"|1|rock|5|Music|94|ableantiable|N/A|61649989236moccasin2|plum|Dram|Unknown|14|eingableoughtought
1129|AAAAAAAAJGEAAAAA|1997-10-27||Periods indicate regularly emotional, entire positions. Women mount originally large, religious refugees. Industrial, present wi|0.65|0.35|9005002|"scholarmaxi #2"|5|history|9|Books|654|eseantically|N/A|899993641powder18134|linen|Tsp|Unknown|58|n stableoughtought
1130|AAAAAAAAKGEAAAAA|1997-10-27|2000-10-26|In order interesting ingredients get more. Young, in|9.23|5.44|9013003|"exportiunivamalg #3"|13|self-help|9|Books|796|callyn station|N/A|90olive8033638309834|wheat|Tsp|Unknown|50|barprioughtought
1131|AAAAAAAAKGEAAAAA|2000-10-27||In order interesting ingredients get more. Young, in|9.93|5.44|9013003|"amalgscholar #2"|1|rock|5|Music|796|callyn station|N/A|90olive8033638309834|steel|Pound|Unknown|9|oughtprioughtought
1132|AAAAAAAAMGEAAAAA|1997-10-27|1999-10-27|Always huge limitations cannot take perhaps markets. Thousands mind early investigations. Ways please ever with a instructions; instruments should involve. Enough scottish females must not tell app|2.88|1.95|10005011|"scholarunivamalg #11"|5|karoke|10|Electronics|153|priantiought|N/A|6477674lime520300502|mint|Tbl|Unknown|84|ableprioughtought
1133|AAAAAAAAMGEAAAAA|1999-10-28|2001-10-26|Always huge limitations cannot take perhaps markets. Thousands mind early investigations. Ways please ever with a instructions; instruments should involve. Enough scottish females must not tell app|0.79|0.56|1002002|"importoamalg #2"|5|fragrances|1|Women|153|priantiought|petite|6477674lime520300502|khaki|Dozen|Unknown|41|priprioughtought
1134|AAAAAAAAMGEAAAAA|2001-10-27||Per annum great arrangements will not look truly additional, other bodies. Sincerely close days comm|8.25|0.56|9013007|"exportiunivamalg #7"|13|self-help|9|Books|153|priantiought|N/A|6477674lime520300502|seashell|Pallet|Unknown|16|eseprioughtought
1135|AAAAAAAAPGEAAAAA|1997-10-27||Also perfect clothes entertain american terms. Left teams will make maybe specific minds. Poor years could pursue perhaps military sports; however little centres |0.58|0.41|10005014|"scholarunivamalg #14"|5|karoke|10|Electronics|392|ablen stpri|N/A|220337350102lemon339|cornflower|Oz|Unknown|43|antiprioughtought
1136|AAAAAAAAAHEAAAAA|1997-10-27|2000-10-26|Examples begin social rates. Publi|1.69|0.96|6009001|"maxicorp #1"|9|womens watch|6|Jewelry|944|eseesen st|N/A|7228rose790312996036|rose|Gross|Unknown|30|callyprioughtought
1137|AAAAAAAAAHEAAAAA|2000-10-27||Examples begin social rates. Publi|3.64|0.96|6009001|"scholarcorp #2"|9|earings|6|Jewelry|944|eseesen st|N/A|7228rose790312996036|saddle|Box|Unknown|7|ationprioughtought
1138|AAAAAAAACHEAAAAA|1997-10-27|1999-10-27|More than trying days should encourage in a theories. Original councils can become very european profits. Just old lives approach today. Cau|1.08|0.43|3003001|"exportiexporti #1"|3|toddlers|3|Children|155|antiantiought|small|89lavender2130763220|pale|Tsp|Unknown|39|eingprioughtought
1139|AAAAAAAACHEAAAAA|1999-10-28|2001-10-26|No doubt minor days ought to come for example for a governments. Solar resource|0.41|0.34|3003001|"namelessbrand #10"|8|lighting|7|Home|155|antiantiought|N/A|89lavender2130763220|yellow|Bunch|Unknown|49|n stprioughtought
1140|AAAAAAAACHEAAAAA|2001-10-27||No doubt minor days ought to come for example for a governments. Solar resource|4.24|0.34|2002001|"importoimporto #1"|8|shirts|2|Men|155|antiantiought|economy|89lavender2130763220|orchid|Carton|Unknown|50|bareseoughtought
1141|AAAAAAAAFHEAAAAA|1997-10-27||Very considerable cars pursue predominantly labour ideas. Outside legal facilit|7.55|2.94|1002002|"importoamalg #2"|2|fragrances|1|Women|234|esepriable|N/A|2809893476peach96291|violet|Dozen|Unknown|12|oughteseoughtought
1142|AAAAAAAAGHEAAAAA|1997-10-27|2000-10-26|Old days achieve genuinely unable documents. Single, hard houses might treat certain calls. Concerned, leg|9.03|5.77|6012007|"importobrand #7"|12|costume|6|Jewelry|274|eseationable|N/A|588linen462353272590|mint|Carton|Unknown|31|ableeseoughtought
1143|AAAAAAAAGHEAAAAA|2000-10-27||Workers must not allow then friends; policies should use true mistakes. Even present courts meet only on the orders. So as small years used to conti|11.11|5.77|6012007|"exportischolar #2"|3|pop|5|Music|274|eseationable|N/A|5768767325puff782176|white|Pallet|Unknown|62|prieseoughtought
1144|AAAAAAAAIHEAAAAA|1997-10-27|1999-10-27|Actually hot families make really. Real observations shall guess however rich appearances. New systems l|3.69|1.40|10014006|"edu packamalgamalg #6"|14|automotive|10|Electronics|504|esebaranti|N/A|274violet97001896840|snow|Ounce|Unknown|25|eseeseoughtought
1145|AAAAAAAAIHEAAAAA|1999-10-28|2001-10-26|Actually hot families make really. Real observations shall guess however rich appearances. New systems l|3.11|1.40|10014006|"exportiamalg #2"|14|maternity|1|Women|510|esebaranti|medium|274violet97001896840|maroon|Lb|Unknown|87|antieseoughtought
1146|AAAAAAAAIHEAAAAA|2001-10-27||||3.03|10014006||14|maternity|||510|baroughtanti|extra large|357sienna05092269292|thistle|Dram|||callyeseoughtought
1147|AAAAAAAALHEAAAAA|1997-10-27||Tiny customers support highly little criminal trends. Pictures correct well to a lives. Scientists should not accomm|0.75|0.38|1001002|"amalgamalg #2"|1|dresses|1|Women|312|ableoughtpri|petite|7maroon9752773027886|khaki|Dozen|Unknown|27|ationeseoughtought
1148|AAAAAAAAMHEAAAAA|1997-10-27|2000-10-26|Tables can dismiss moral years. Still small memories shall not bear books. Good, annual servants fight r|2.32|1.83|4004001|"edu packedu pack #1"|4|athletic|4|Shoes|262|ablecallyable|medium|115rose4284578545605|thistle|Pallet|Unknown|3|eingeseoughtought
1149|AAAAAAAAMHEAAAAA|2000-10-27||Tables can dismiss moral years. Still small memories shall not bear books. Good, annual servants fight r|4.19|1.83|2003002|"exportiimporto #2"|4|pants|2|Men|262|ablecallyable|medium|20153salmon158456784|royal|Pound|Unknown|28|n steseoughtought
1150|AAAAAAAAOHEAAAAA|1997-10-27|1999-10-27|Subsequent schools ensure more useful hours. Statistical ways may not undertake much relationships. Fa|1.83|1.53|8006001|"corpnameless #1"|6|football|8|Sports|255|antiantiable|N/A|474353418rose7134726|green|Ton|Unknown|44|barantioughtought
1151|AAAAAAAAOHEAAAAA|1999-10-28|2001-10-26|Subsequent schools ensure more useful hours. Statistical ways may not undertake much relationships. Fa|1.49|1.53|4001002|"amalgedu pack #2"|1|womens|4|Shoes|255|antiantiable|petite|8sienna0398529051935|steel|Gross|Unknown|2|oughtantioughtought
1152|AAAAAAAAOHEAAAAA|2001-10-27||All given bars would hang often areas. Sure, new terms make so local unions; organic, female matters may not reduce previously without a friends|48.00|41.28|9016001|"corpunivamalg #1"|16|mystery|9|Books|255|antiantiable|N/A|8sienna0398529051935|steel|Carton|Unknown|31|ableantioughtought
1153|AAAAAAAABIEAAAAA|1997-10-27||Specified shares must bother particularly with a attitudes. Reported|9.98|4.69|6003002|"exporticorp #2"|3|gold|6|Jewelry|175|antiationought|N/A|purple50856112118705|powder|Gram|Unknown|25|priantioughtought
1154|AAAAAAAACIEAAAAA|1997-10-27|2000-10-26|Chief dreams would not appreciate nevertheless. Long acids used to make investors. For example manufac|2.57|2.23|10013016|"exportiamalgamalg #16"|13|stereo|10|Electronics|227|ationableable|N/A|3256179rosy242443826|white|Oz|Unknown|6|eseantioughtought
1155|AAAAAAAACIEAAAAA|2000-10-27||Ea|3.30|2.23|3001002|"amalgexporti #2"|13|newborn|3|Children|227|ationableable|medium|3256179rosy242443826|gainsboro|Pallet|Unknown|13|antiantioughtought
1156|AAAAAAAAEIEAAAAA|1997-10-27|1999-10-27|Spectacular, cheap forces could not find schools|0.98|0.73|6015005|"scholarbrand #5"|15|custom|6|Jewelry|343|priesepri|N/A|21612peru71012159171|deep|Pound|Unknown|57|callyantioughtought
1157|AAAAAAAAEIEAAAAA|1999-10-28|2001-10-26|Together other drugs will not use dire|3.88|0.73|7003008|"exportibrand #8"|15|kids|7|Home|497|priesepri|N/A|312858830800074puff3|sky|Oz|Unknown|19|ationantioughtought
1158|AAAAAAAAEIEAAAAA|2001-10-27||Levels must not return organic, lovely rights. Spectacular keys would not combat dif|0.12|0.04|7003008|"univmaxi #9"|15|pools|8|Sports|28|priesepri|N/A|02seashell2336218802|snow|Oz|Unknown|9|eingantioughtought
1159|AAAAAAAAHIEAAAAA|1997-10-27||Details draft now international documents. Young, wonderfu|5.17|4.13|1001002|"amalgamalg #2"|1|dresses|1|Women|70|baration|petite|105090884603powder07|pink|Dozen|Unknown|31|n stantioughtought
1160|AAAAAAAAIIEAAAAA|1997-10-27|2000-10-26|Again broad colleagues would touch for instance things. Beautiful, national winds would not listen there fathers. Students set outside. Prices benefit right|6.30|2.39|1004001|"edu packamalg #1"|4|swimwear|1|Women|341|oughtesepri|small|3539violet9996883131|peru|Ounce|Unknown|30|barcallyoughtought
1161|AAAAAAAAIIEAAAAA|2000-10-27||Away flexible plans will speak more to the hands; expensive, young areas encourage for a years. Other patterns affect true good stairs. Important |1.85|0.99|1004001|"corpbrand #2"|4|rugs|7|Home|341|oughtesepri|N/A|5441sky0666328202372|salmon|Bunch|Unknown|99|oughtcallyoughtought
1162|AAAAAAAAKIEAAAAA|1997-10-27|1999-10-27|Papers could use members. That beautiful women should not support quietly inappropriate objectio|9.52|5.90|4002001|"importoedu pack #1"|2|mens|4|Shoes|452|ableantiese|petite|1947peru434872647784|wheat|Oz|Unknown|17|ablecallyoughtought
1163|AAAAAAAAKIEAAAAA|1999-10-28|2001-10-26|American, general shoes take in a colours. New, considerable things need there eyes. Now subject doubts come. Probable, present levels i|7.50|3.75|8007004|"brandnameless #4"|7|hockey|8|Sports|143|ableantiese|N/A|39943908salmon846632|lawn|Carton|Unknown|8|pricallyoughtought
1164|AAAAAAAAKIEAAAAA|2001-10-27||American, general shoes take in a colours. New, considerable things need there eyes. Now subject doubts come. Probable, present levels i|0.38|3.75|3002001|"importoexporti #1"|2|infants|3|Children|143|ableantiese|petite|39943908salmon846632|lime|Pallet|Unknown|18|esecallyoughtought
1165|AAAAAAAANIEAAAAA|1997-10-27||Previous breasts could not meet already opponents. Rather imperial countries could know. External ways combine families. Real models impose famous children. Quickly |6.71|2.54|4002002|"importoedu pack #2"|2|mens|4|Shoes|112|ableoughtought|extra large|45570691903778pink96|tan|Ounce|Unknown|4|anticallyoughtought
1166|AAAAAAAAOIEAAAAA|1997-10-27|2000-10-26|Solid, new resources preserve. Offences discuss a bit other, gothic cases. Long designs rule so sho|3.38|2.77|2002001|"importoimporto #1"|2|shirts|2|Men|474|eseationese|petite|210474888179yellow77|metallic|Pound|Unknown|42|callycallyoughtought
1167|AAAAAAAAOIEAAAAA|2000-10-27||Great, small children might shift sites; difficult, operational meals shall not feel regularly for a children; fields would draw cities. Also representative rules should track there societies. Briti|3.62|2.77|2002001|"edu packbrand #8"|2|curtains/drapes|7|Home|13|priought|N/A|9spring3473073544854|plum|Cup|Unknown|14|ationcallyoughtought
1168|AAAAAAAAAJEAAAAA|1997-10-27|1999-10-27|Likely talks must survive at least tables. Days used to accelerate hot, mean schools. Ameri|8.66|4.93|2002001|"importoimporto #1"|2|shirts|2|Men|609|n stbarcally|medium|1942696khaki47071833|turquoise|Tbl|Unknown|35|eingcallyoughtought
1169|AAAAAAAAAJEAAAAA|1999-10-28|2001-10-26|New, competent months inquire new, outdoor faces; significant authorities can achieve in a awards. Only alone shows|3.96|4.93|2002001|"univbrand #2"|2|jewelry boxes|6|Jewelry|609|n stbarcally|N/A|1942696khaki47071833|sandy|Ounce|Unknown|23|n stcallyoughtought
1170|AAAAAAAAAJEAAAAA|2001-10-27||Essential arts might follow onc|3.79|4.93|10003015|"exportiunivamalg #15"|2|dvd/vcr players|10|Electronics|609|n stbarcally|N/A|1942696khaki47071833|pale|Gram|Unknown|2|barationoughtought
1171|AAAAAAAADJEAAAAA|1997-10-27||Good, domestic authorities can drink only blue, old findings. Historical, |84.79|32.22|9010008|"univunivamalg #8"|10|travel|9|Books|284|eseeingable|N/A|197sienna54371550725|moccasin|Unknown|Unknown|13|oughtationoughtought
1172|AAAAAAAAEJEAAAAA|1997-10-27|2000-10-26|Children would not seem traditional, current machines. Ago theoretical decisions could not warn somewhere fascinating giant l|6.77|5.21|3004001|"edu packexporti #1"|4|school-uniforms|3|Children|180|bareingought|medium|199608aquamarine9760|wheat|Unknown|Unknown|30|ableationoughtought
1173|AAAAAAAAEJEAAAAA|2000-10-27||Children would not seem traditional, current machines. Ago theoretical decisions could not warn somewhere fascinating giant l|4.21|5.21|3004001|"exportiunivamalg #1"|3|dvd/vcr players|10|Electronics|806|bareingought|N/A|412653462347purple03|rose|Tsp|Unknown|13|priationoughtought
1174|AAAAAAAAGJEAAAAA|1997-10-27|1999-10-27|Considerable, united wheels shall not face eyes. Very contrary problems give away english, financial hands. More narrow districts assess new areas. Critical, strange effects use. Comple|2.76|2.20|5003001|"exportischolar #1"|3|pop|5|Music|295|antin stable|N/A|42424848060912smoke1|slate|Ounce|Unknown|22|eseationoughtought
1175|AAAAAAAAGJEAAAAA|1999-10-28|2001-10-26|Very prim|4.38|1.53|5003001|"exportiamalg #2"|3|maternity|1|Women|17|ationought|extra large|42424848060912smoke1|pale|Pound|Unknown|12|antiationoughtought
1176|AAAAAAAAGJEAAAAA|2001-10-27||Very prim|1.50|1.53|5003001|"corpbrand #1"|16|consignment|6|Jewelry|215|antioughtable|N/A|475023113honeydew451|khaki|Gram|Unknown|50|callyationoughtought
1177|AAAAAAAAJJEAAAAA|1997-10-27||O|0.83|0.46|2002002|"importoimporto #2"|2|shirts|2|Men|151|oughtantiought|large|006666purple79657781|spring|Tsp|Unknown|34|ationationoughtought
1178|AAAAAAAAKJEAAAAA|1997-10-27|2000-10-26|Hot seeds should ask significant, l|7.66|3.21|8016009|"corpmaxi #9"|16|golf|8|Sports|734|esepriation|N/A|6tomato6866761150677|tan|Tsp|Unknown|8|eingationoughtought
1179|AAAAAAAAKJEAAAAA|2000-10-27||Hot seeds should ask significant, l|6.99|3.21|1001002|"amalgamalg #2"|1|dresses|1|Women|734|esepriation|large|6tomato6866761150677|linen|Gross|Unknown|58|n stationoughtought
1180|AAAAAAAAMJEAAAAA|1997-10-27|1999-10-27|Advantages w|1.04|0.70|9003005|"exportimaxi #5"|3|computers|9|Books|756|callyantiation|N/A|29navajo578205732611|azure|Bundle|Unknown|4|bareingoughtought
1181|AAAAAAAAMJEAAAAA|1999-10-28|2001-10-26|Also eventual couples may talk very just guilty groups. More wrong regions would hear hitherto.|1.37|0.70|9003005|"corpmaxi #2"|16|golf|8|Sports|461|callyantiation|N/A|29navajo578205732611|gainsboro|Dram|Unknown|20|oughteingoughtought
1182|AAAAAAAAMJEAAAAA|2001-10-27||Alternative, technical methods will consider automatic, payable police. Real, open workers control before ordinary disciplines. Policies treat|5.68|0.70|5002001|"importoscholar #1"|2|country|5|Music|249|callyantiation|N/A|29navajo578205732611|puff|Gross|Unknown|23|ableeingoughtought
1183|AAAAAAAAPJEAAAAA|1997-10-27||Fat procedures should seem once again new horses. For example large children move new, re|2.39|1.81|3003002|"exportiexporti #2"|3|toddlers|3|Children|203|pribarable|small|7861mint891421076763|puff|Dozen|Unknown|3|prieingoughtought
1184|AAAAAAAAAKEAAAAA|1997-10-27|2000-10-26|Factors could get from time to time emotions. Temporary, model successe|5.70|4.04|10003012|"exportiunivamalg #12"|3|dvd/vcr players|10|Electronics|25|antiable|N/A|0182732722648peach65|rose|Ounce|Unknown|45|eseeingoughtought
1185|AAAAAAAAAKEAAAAA|2000-10-27||Factors could get from time to time emotions. Temporary, model successe|3.95|3.31|10003012|"edu packcorp #2"|4|bracelets|6|Jewelry|95|antin st|N/A|74919469809254royal2|purple|Each|Unknown|24|antieingoughtought
1186|AAAAAAAACKEAAAAA|1997-10-27|1999-10-27|Physical, local rates cannot explain; quickly lovely horses used to take. Quick, various subjects keep usually; please easy sources ought to thin|35.27|22.92|9001011|"amalgmaxi #11"|1|arts|9|Books|612|ableoughtcally|N/A|990seashell719874431|dark|Case|Unknown|30|callyeingoughtought
1187|AAAAAAAACKEAAAAA|1999-10-28|2001-10-26|Notes must develop so vehicles. There favorite months may match long busines|4.90|3.33|9001011|"scholarcorp #4"|1|earings|6|Jewelry|612|ableoughtcally|N/A|380569167855indian65|ivory|N/A|Unknown|54|ationeingoughtought
1188|AAAAAAAACKEAAAAA|2001-10-27||Notes must develop so vehicles. There favorite months may match long busines|0.81|3.33|9001011|"importoedu pack #1"|1|mens|4|Shoes|612|ableoughtcally|petite|210sky62724958440459|powder|Pound|Unknown|12|eingeingoughtought
1189|AAAAAAAAFKEAAAAA|1997-10-27||Modules could imagine. Well specific duties know successful, short figures. Boundaries shall see as etc warm prices. Here|1.25|0.43|5002002|"importoscholar #2"|2|country|5|Music|298|eingn stable|N/A|0973075seashell50198|steel|Ton|Unknown|68|n steingoughtought
1190|AAAAAAAAGKEAAAAA|1997-10-27|2000-10-26|Over rich pp. save opportunities. Further warm studies monitor most together other ch|3.98|3.34|10009001|"maxiunivamalg #1"|9|televisions|10|Electronics|325|antiablepri|N/A|801708622green784202|snow|N/A|Unknown|19|barn stoughtought
1191|AAAAAAAAGKEAAAAA|2000-10-27||Able, organic ways abolish relatively. Reasons must find; large symbols will not confuse as certainly silver services. Different g|20.69|3.34|6009008|"maxicorp #8"|9|womens watch|6|Jewelry|251|oughtantiable|N/A|misty650404880365621|sky|Tsp|Unknown|17|oughtn stoughtought
1192|AAAAAAAAIKEAAAAA|1997-10-27|1999-10-27|Complex, complete doubts say as eyes. Desperately general missiles ought |9.44|6.70|9002005|"importomaxi #5"|2|business|9|Books|507|ationbaranti|N/A|6061616971815violet9|pale|Ton|Unknown|27|ablen stoughtought
1193|AAAAAAAAIKEAAAAA|1999-10-28|2001-10-26|Complex, complete doubts say as eyes. Desperately general missiles ought |62.48|6.70|2001002|"amalgimporto #2"|2|accessories|2|Men|507|ationbaranti|medium|6061616971815violet9|smoke|Tsp|Unknown|22|prin stoughtought
1194|AAAAAAAAIKEAAAAA|2001-10-27||Complex, complete doubts say as eyes. Desperately general missiles ought |8.74|6.70|9004007|"edu packmaxi #7"|4|entertainments|9|Books|507|ationbaranti|N/A|smoke631232537043516|thistle|Case|Unknown|28|esen stoughtought
1195|AAAAAAAALKEAAAAA|1997-10-27||Inches can trace already. Strong pensions used to wish also types. Later conscious scots might cease so|2.49|1.61|3003002|"exportiexporti #2"|3|toddlers|3|Children|751|oughtantiation|medium|387963steel190668935|thistle|Unknown|Unknown|22|antin stoughtought
1196|AAAAAAAAMKEAAAAA|1997-10-27|2000-10-26|Bloody insufficient goods could deter largely capable, slow processes. Young stores shall not imply both still potentia|9.80|4.60|1002001|"importoamalg #1"|2|fragrances|1|Women|100|barbarought|small|88856550772bisque213|rosy|Pound|Unknown|52|callyn stoughtought
1197|AAAAAAAAMKEAAAAA|2000-10-27||Big, obvious police hold only blue cells. American, just records fall yesterday beautiful authorities; years used to confer severe practices. So good differences can get just upper old sou|9.06|5.97|9006010|"corpmaxi #10"|6|parenting|9|Books|100|barbarought|N/A|2841367spring5019981|wheat|Ton|Unknown|51|ationn stoughtought
1198|AAAAAAAAOKEAAAAA|1997-10-27|1999-10-27|Good titles can expect. Nuclear, attractive pupils might not tell political, dull moments. Attitudes used to grow usually chemicals. Police might not wish in a policies. Econom|4.28|2.99|8004009|"edu packnameless #9"|4|camping|8|Sports|292|ablen stable|N/A|32098563919521slate5|orange|Each|Unknown|41|eingn stoughtought
1199|AAAAAAAAOKEAAAAA|1999-10-28|2001-10-26|White feet shall not survive as. Also |4.09|2.99|8004009|"edu packscholar #2"|4|classical|5|Music|90|ablen stable|N/A|32098563919521slate5|seashell|Case|Unknown|42|n stn stoughtought
1200|AAAAAAAAOKEAAAAA|2001-10-27||White feet shall not survive as. Also |4.53|2.85|3001001|"amalgexporti #1"|4|newborn|3|Children|613|prioughtcally|extra large|32098563919521slate5|white|Pound|Unknown|25|barbarableought
1201|AAAAAAAABLEAAAAA|1997-10-27||Rather pu|2.46|1.96|2002002|"importoimporto #2"|2|shirts|2|Men|429|n stableese|medium|873525062steel867865|pale|Bunch|Unknown|9|oughtbarableought
1202|AAAAAAAACLEAAAAA|1997-10-27|2000-10-26|Almost political elements stand social ends. Special, ready patterns ought to go far on a copies; others assert in a relati|8.09|5.17|2004001|"edu packimporto #1"|4|sports-apparel|2|Men|206|callybarable|small|peach756896050193879|peru|Dram|Unknown|58|ablebarableought
1203|AAAAAAAACLEAAAAA|2000-10-27||Almost political elements stand social ends. Special, ready patterns ought to go far on a copies; others assert in a relati|59.02|20.06|2004001|"exportinameless #4"|13|wallpaper|7|Home|14|callybarable|N/A|4674165098217smoke98|salmon|Each|Unknown|100|pribarableought
1204|AAAAAAAAELEAAAAA|1997-10-27|1999-10-27|Currently young bills make general, available details. Small, magnetic officials bother etc. Professional policemen may face just much important teachers. Various, valuable figures ought to face new|0.23|0.19|4002001|"importoedu pack #1"|2|mens|4|Shoes|173|priationought|extra large|96510533sienna284579|indian|Unknown|Unknown|14|esebarableought
1205|AAAAAAAAELEAAAAA|1999-10-28|2001-10-26|Standards make still small animals. Faster important origins believe much individuals. White hours go conscious, sexual samples; little |4.40|0.19|1001002|"amalgamalg #2"|1|dresses|1|Women|411|priationought|N/A|96510533sienna284579|puff|Oz|Unknown|3|antibarableought
1206|AAAAAAAAELEAAAAA|2001-10-27||Standards make still small animals. Faster important origins believe much individuals. White hours go conscious, sexual samples; little |2.58|0.19|1001002|"brandnameless #7"|7|hockey|8|Sports|411|priationought|N/A|96510533sienna284579|powder|Carton|Unknown|24|callybarableought
1207|AAAAAAAAHLEAAAAA|1997-10-27||Then friendly specialists may work early for a rocks. Years describe enor|7.00|4.48|8007008|"brandnameless #8"|7|hockey|8|Sports|193|prin stought|N/A|8529448020694pale415|tomato|Tbl|Unknown|18|ationbarableought
1208|AAAAAAAAILEAAAAA|1997-10-27|2000-10-26|Sweet days allow theoretical, conventional events. Simple, useful offences w|0.76|0.67|7012009|"importonameless #9"|12|paint|7|Home|269|n stcallyable|N/A|962731sienna39041103|green|Bunch|Unknown|7|eingbarableought
1209|AAAAAAAAILEAAAAA|2000-10-27||Sweet days allow theoretical, conventional events. Simple, useful offences w|0.38|0.13|7012009|"exportiamalg #2"|12|maternity|1|Women|269|n stcallyable|large|962731sienna39041103|brown|Cup|Unknown|23|n stbarableought
1210|AAAAAAAAKLEAAAAA|1997-10-27|1999-10-27|Children ought to express poor pairs. Eventu|3.05|1.92|1003001|"exportiamalg #1"|3|maternity|1|Women|88|eingeing|small|012smoke927395213382|puff|Gross|Unknown|2|baroughtableought
1211|AAAAAAAAKLEAAAAA|1999-10-28|2001-10-26|Little events shall not keep as well arts. In full human variations require straight great, acute specimens. Final times would think psychia|3.97|1.92|1003001|"edu packmaxi #12"|4|entertainments|9|Books|600|eingeing|N/A|012smoke927395213382|dodger|Ounce|Unknown|43|oughtoughtableought
1212|AAAAAAAAKLEAAAAA|2001-10-27||Thus old parents shall satisfy. Open, great deputies should not jump often empty voices. New, sensitive practices must try up a developments. Acceptable chi|9.49|6.73|1004001|"edu packamalg #1"|4|swimwear|1|Women|600|barbarcally|petite|012smoke927395213382|rosy|N/A|Unknown|81|ableoughtableought
1213|AAAAAAAANLEAAAAA|1997-10-27||Well new schemes affect police. As elderly executives ought to send |7.56|6.35|3001002|"amalgexporti #2"|1|newborn|3|Children|448|eingeseese|medium|7sandy82369989814859|powder|Oz|Unknown|8|prioughtableought
1214|AAAAAAAAOLEAAAAA|1997-10-27|2000-10-26|Almost military authorities fall better again wrong parties. Other, white rounds decide anyway sad powers. Concepts should not seem almost naked, difficult areas. Necessarily little|3.37|2.39|10015008|"scholaramalgamalg #8"|15|portable|10|Electronics|113|prioughtought|N/A|sienna12255175337638|sky|Tbl|Unknown|5|eseoughtableought
1215|AAAAAAAAOLEAAAAA|2000-10-27||Almost military authorities fall better again wrong parties. Other, white rounds decide anyway sad powers. Concepts should not seem almost naked, difficult areas. Necessarily little|9.68|2.39|2004002|"edu packimporto #2"|4|sports-apparel|2|Men|264|esecallyable|economy|smoke637785522568089|lawn|Oz|Unknown|14|antioughtableought
1216|AAAAAAAAAMEAAAAA|1997-10-27|1999-10-27|Lexical, religious days would go pregnant, natural employees; lines raise v|9.64|6.26|9005005|"scholarmaxi #5"|5|history|9|Books|418|eingoughtese|N/A|890797spring09099004|linen|Bunch|Unknown|64|callyoughtableought
1217|AAAAAAAAAMEAAAAA|1999-10-28|2001-10-26|Lexical, religious days would go pregnant, natural employees; lines raise v|9.42|7.91|9005005|"amalgscholar #2"|1|rock|5|Music|656|callyantically|N/A|890797spring09099004|tan|Pallet|Unknown|41|ationoughtableought
1218|AAAAAAAAAMEAAAAA|2001-10-27||Short, large centres might wait minute islands. Incidentally foreign changes place again outer reservations. Leaders will watch for a comments. Financial decis|1.56|7.91|9005005|"edu packbrand #3"|1|estate|6|Jewelry|656|callyantically|N/A|890797spring09099004|sandy|Unknown|Unknown|23|eingoughtableought
1219|AAAAAAAADMEAAAAA|1997-10-27||Dry words make already yet costly friends; interesting courts send again. Either pleasa|5.40|2.21|8012010|"importomaxi #10"|12|guns|8|Sports|3|pri|N/A|809955382795frosted0|cornflower|Gram|Unknown|46|n stoughtableought
1220|AAAAAAAAEMEAAAAA|1997-10-27|2000-10-26|Considerable, daily molecules search ships. Children vary quite yet firm interests. Properl|1.14|0.50|2003001|"exportiimporto #1"|3|pants|2|Men|380|bareingpri|small|929700363forest44367|slate|Cup|Unknown|31|barableableought
1221|AAAAAAAAEMEAAAAA|2000-10-27||Again high resources change also at a names. Others must not maintain only romantic parents; wrong police get good criteria. Annual birds draw really other varieties. Gener|2.72|0.50|2003001|"exportiamalgamalg #15"|3|stereo|10|Electronics|84|bareingpri|N/A|20083848wheat5773166|puff|Ton|Unknown|35|oughtableableought
1222|AAAAAAAAGMEAAAAA|1997-10-27|1999-10-27|Together upper forms support even effective, advanced resources. Individual, certain assets might not |4.71|2.92|1001001|"amalgamalg #1"|1|dresses|1|Women|102|ablebarought|small|95916792414pink92199|powder|N/A|Unknown|61|ableableableought
1223|AAAAAAAAGMEAAAAA|1999-10-28|2001-10-26|Old, indi|4.05|1.66|1002002|"importoamalg #2"|1|fragrances|1|Women|102|ablebarought|medium|3235950705187lawn255|indian|Bunch|Unknown|43|priableableought
1224|AAAAAAAAGMEAAAAA|2001-10-27||Old, indi|2.22|0.66|5003001|"exportischolar #1"|1|pop|5|Music|269|n stcallyable|N/A|6papaya7716169507727|sky|Gross|Unknown|20|eseableableought
1225|AAAAAAAAJMEAAAAA|1997-10-27||Hills may not dance occasions. Concerned systems see quite only central items; games afford quietly eventually innocent orders. Resp|2.27|1.08|10012002|"importoamalgamalg #2"|12|monitors|10|Electronics|24|eseable|N/A|48royal5928642806000|sandy|Box|Unknown|55|antiableableought
1226|AAAAAAAAKMEAAAAA|1997-10-27|2000-10-26|Even existing students should put as fair religious houses. Others face here folk. New, other tables can set impossible matters. Recent men think swiftly advisory schools; results deliver faces;|5.63|2.47|6012003|"importobrand #3"|12|costume|6|Jewelry|378|eingationpri|N/A|28tan389751199220538|yellow|N/A|Unknown|59|callyableableought
1227|AAAAAAAAKMEAAAAA|2000-10-27||Even existing students should put as fair religious houses. Others face here folk. New, other tables can set impossible matters. Recent men think swiftly advisory schools; results deliver faces;|4.98|2.14|6012003|"edu packexporti #2"|4|school-uniforms|3|Children|378|eingationpri|medium|28tan389751199220538|medium|Ton|Unknown|59|ationableableought
1228|AAAAAAAAMMEAAAAA|1997-10-27|1999-10-27|Chinese aspects convince in order economic heads; left, national |5.49|2.30|4004001|"edu packedu pack #1"|4|athletic|4|Shoes|641|oughtesecally|medium|rose2662065986400398|ghost|Tbl|Unknown|43|eingableableought
1229|AAAAAAAAMMEAAAAA|1999-10-28|2001-10-26|Superior lines remind|9.57|6.60|5003002|"exportischolar #2"|4|pop|5|Music|214|oughtesecally|N/A|rose2662065986400398|turquoise|Pallet|Unknown|28|n stableableought
1230|AAAAAAAAMMEAAAAA|2001-10-27||Superior lines remind|2.57|2.13|5003002|"maxinameless #1"|9|optics|8|Sports|214|oughtesecally|N/A|rose2662065986400398|cornsilk|Case|Unknown|64|barpriableought
1231|AAAAAAAAPMEAAAAA|1997-10-27||Partly due funds substitute for a women. L|8.75|3.58|10014008|"edu packamalgamalg #8"|14|automotive|10|Electronics|377|ationationpri|N/A|096smoke373697174817|lime|Carton|Unknown|66|oughtpriableought
1232|AAAAAAAAANEAAAAA|1997-10-27|2000-10-26|Pictures see below increased pupils. Again experimental preferences will not set of course foreign unions; stones take ago negotiations. Others might not take still together wi|0.90|0.45|8005003|"scholarnameless #3"|5|fitness|8|Sports|159|n stantiought|N/A|7614505purple3389574|navy|Tbl|Unknown|7|ablepriableought
1233|AAAAAAAAANEAAAAA|2000-10-27||Pictures see below increased pupils. Again experimental preferences will not set of course foreign unions; stones take ago negotiations. Others might not take still together wi|2.00|0.45|1001002|"amalgamalg #2"|5|dresses|1|Women|159|n stantiought|petite|7614505purple3389574|lime|Dozen|Unknown|72|pripriableought
1234|AAAAAAAACNEAAAAA|1997-10-27|1999-10-27|Connections agree structures. Good minds incorporate more early, national lights; young, young p|3.45|2.55|8005005|"scholarnameless #5"|5|fitness|8|Sports|323|priablepri|N/A|6796225187spring5303|white|Pallet|Unknown|26|esepriableought
1235|AAAAAAAACNEAAAAA|1999-10-28|2001-10-26|Connections agree structures. Good minds incorporate more early, national lights; young, young p|6.48|4.66|8005005|"exportischolar #2"|5|pop|5|Music|188|priablepri|N/A|6796225187spring5303|honeydew|Tbl|Unknown|24|antipriableought
1236|AAAAAAAACNEAAAAA|2001-10-27||Connections agree structures. Good minds incorporate more early, national lights; young, young p|34.11|4.66|8005005|"amalgimporto #1"|5|accessories|2|Men|784|eseeingation|medium|803812154517red80278|royal|Case|Unknown|50|callypriableought
1237|AAAAAAAAFNEAAAAA|1997-10-27||Particular glasses would not overlook effectively beyond a au|3.78|2.23|10010014|"univamalgamalg #14"|10|memory|10|Electronics|227|ationableable|N/A|metallic887125492787|pale|Case|Unknown|27|ationpriableought
1238|AAAAAAAAGNEAAAAA|1997-10-27|2000-10-26|New, residential fields ask very with a genes. Full, short letters believe other, english lines. Books see at least financial, american servants. Rel|8.60|5.41|10005015|"scholarunivamalg #15"|5|karoke|10|Electronics|503|pribaranti|N/A|178715tomato15314946|peach|Lb|Unknown|56|eingpriableought
1239|AAAAAAAAGNEAAAAA|2000-10-27||Physical, fiscal activities say very clear ladies. Rarely distinct communities used to |9.61|5.41|10005015|"edu packexporti #2"|4|school-uniforms|3|Children|503|pribaranti|large|178715tomato15314946|spring|Gross|Unknown|15|n stpriableought
1240|AAAAAAAAINEAAAAA|1997-10-27|1999-10-27|Talks might not react now populations. Powerful effects would take more wide, dangerous seconds. Less common patients could come just |3.09|0.92|8009001|"maxinameless #1"|9|optics|8|Sports|822|ableableeing|N/A|0396522834879red8445|tan|Gram|Unknown|75|bareseableought
1241|AAAAAAAAINEAAAAA|1999-10-28|2001-10-26|Talks might not react now populations. Powerful effects would take more wide, dangerous seconds. Less common patients could come just |9.41|0.92|8009001|"maxicorp #2"|9|womens watch|6|Jewelry|822|ableableeing|N/A|0396522834879red8445|powder|Gross|Unknown|61|oughteseableought
1242|AAAAAAAAINEAAAAA|2001-10-27||Talks might not react now populations. Powerful effects would take more wide, dangerous seconds. Less common patients could come just |2.68|1.23|1002001|"importoamalg #1"|9|fragrances|1|Women|357|ableableeing|economy|105yellow65251226056|powder|Ton|Unknown|31|ableeseableought
1243|AAAAAAAALNEAAAAA|1997-10-27||Materials read however. Practical, satisfactory levels used to cover tasks. Royal others go before no scores. At first regional institutions|92.12|58.95|10016003|"corpamalgamalg #3"|16|wireless|10|Electronics|369|n stcallypri|N/A|76619firebrick582358|sienna|Carton|Unknown|57|prieseableought
1244|AAAAAAAAMNEAAAAA|1997-10-27|2000-10-26|Difficult, other words sleep too to a flowers. Services think then. Early, aware subjects rate british, political words. Railways may not c|7.05|4.23|3001001|"amalgexporti #1"|1|newborn|3|Children|128|eingableought|medium|8violet1598206724179|moccasin|Carton|Unknown|35|eseeseableought
1245|AAAAAAAAMNEAAAAA|2000-10-27||As main grounds respond for a homes. Mountains visit softly; right political thanks should go great names; then independent researchers could st|0.59|0.38|3001001|"importoscholar #2"|1|country|5|Music|128|eingableought|N/A|8violet1598206724179|orange|Carton|Unknown|44|antieseableought
1246|AAAAAAAAONEAAAAA|1997-10-27|1999-10-27|Recent models cannot make warml|2.18|1.94|7016007|"corpnameless #7"|16|furniture|7|Home|510|baroughtanti|N/A|0361949772firebrick0|pale|Cup|Unknown|24|callyeseableought
1247|AAAAAAAAONEAAAAA|1999-10-28|2001-10-26|Recent models cannot make warml|17.32|9.69|5001002|"amalgscholar #2"|1|rock|5|Music|154|baroughtanti|N/A|0361949772firebrick0|salmon|Dozen|Unknown|99|ationeseableought
1248|AAAAAAAAONEAAAAA|2001-10-27||Real, medical conditions used to know frequently probably tiny keys. Too live plans eliminate; |4.68|2.71|10009008|"maxiunivamalg #8"|1|televisions|10|Electronics|154|baroughtanti|N/A|0361949772firebrick0|green|Dozen|Unknown|75|eingeseableought
1249|AAAAAAAABOEAAAAA|1997-10-27||However old for|2.24|1.18|4004002|"edu packedu pack #2"|4|athletic|4|Shoes|98|eingn st|petite|79144296992457white1|powder|Each|Unknown|57|n steseableought
1250|AAAAAAAACOEAAAAA|1997-10-27|2000-10-26|Together blue members would identify. Apparently bottom costs begin traditional|9.70|6.20|2003001|"exportiimporto #1"|3|pants|2|Men|77|ationation|extra large|6463667560849indian4|smoke|Cup|Unknown|22|barantiableought
1251|AAAAAAAACOEAAAAA|2000-10-27||Together blue members would identify. Apparently bottom costs begin traditional|7.60|2.35|8005002|"scholarnameless #2"|5|fitness|8|Sports|77|ationation|N/A|2426658999puff993916|orchid|Gross|Unknown|30|oughtantiableought
1252|AAAAAAAAEOEAAAAA|1997-10-27|1999-10-27|Open links embarrass. Really increased tears should not start anything but necessary forms. Illegal, controversial countrie|5.18|4.24|1003001|"exportiamalg #1"|3|maternity|1|Women|58|einganti|medium|23839953810286puff13|purple|Bunch|Unknown|88|ableantiableought
1253|AAAAAAAAEOEAAAAA|1999-10-28|2001-10-26|Social women might not see important, poor others; brilliant, ann|2.39|4.24|1003002|"exportiamalg #2"|3|maternity|1|Women|308|eingbarpri|medium|23839953810286puff13|peru|Lb|Unknown|33|priantiableought
1254|AAAAAAAAEOEAAAAA|2001-10-27||Previous terms must go just eligible, preliminary employers; complex contexts happen comfortably attractive, sho|91.27|4.24|1003002|"scholarnameless #5"|15|tables|7|Home|308|eingbarpri|N/A|9240044130ivory38791|royal|Pallet|Unknown|43|eseantiableought
1255|AAAAAAAAHOEAAAAA|1997-10-27||Separate studies may not trust only. Backs push recent centres. Messages open. Magic sides ought to get fresh items; concerned partners pass as through|1.46|0.90|7008006|"namelessbrand #6"|8|lighting|7|Home|15|antiought|N/A|759607seashell142340|royal|Case|Unknown|48|antiantiableought
1256|AAAAAAAAIOEAAAAA|1997-10-27|2000-10-26|Foreign companies might not brush less secondary men. Parents focus together. Voluntary, bloody advisers shall see available men; sorry, automatic novels migh|9.56|3.25|6007001|"brandcorp #1"|7|pendants|6|Jewelry|265|anticallyable|N/A|756966010372983peru4|saddle|Bunch|Unknown|2|callyantiableought
1257|AAAAAAAAIOEAAAAA|2000-10-27||Later worthwhile children seem properly early prices. Statements shall ensure through a grounds. Smooth parts should see best irish le|9.56|4.11|6014002|"edu packbrand #2"|14|estate|6|Jewelry|265|anticallyable|N/A|756966010372983peru4|lavender|Gram|Unknown|35|ationantiableought
1258|AAAAAAAAKOEAAAAA|1997-10-27|1999-10-27|Anyway short boards share constantly examples. Now |0.46|0.20|10007001|"brandunivamalg #1"|7|personal|10|Electronics|68|eingcally|N/A|smoke593972982673594|puff|Ounce|Unknown|23|eingantiableought
1259|AAAAAAAAKOEAAAAA|1999-10-28|2001-10-26|Anyway short boards share constantly examples. Now |3.68|0.20|10007001|"exportiamalg #2"|7|maternity|1|Women|68|eingcally|large|smoke593972982673594|turquoise|Ton|Unknown|83|n stantiableought
1260|AAAAAAAAKOEAAAAA|2001-10-27||Anyway short boards share constantly examples. Now |6.34|0.20|10007001|"scholarbrand #5"|15|custom|6|Jewelry|68|eingcally|N/A|71465982476violet405|dodger|Unknown|Unknown|84|barcallyableought
1261|AAAAAAAANOEAAAAA|1997-10-27||Nasty customers pick in a considerations; surprised positions sacrifice principal players. Grounds would not offer together only individuals. Therefore glad negotiations can underst|4.83|4.34|8006002|"corpnameless #2"|6|football|8|Sports|167|ationcallyought|N/A|94576051papaya271181|sky|Pallet|Unknown|5|oughtcallyableought
1262|AAAAAAAAOOEAAAAA|1997-10-27|2000-10-26|True, sole women market far except for a depths. Dif|1.45|0.97|9004003|"edu packmaxi #3"|4|entertainments|9|Books|557|ationantianti|N/A|39022072pink39886044|thistle|Tsp|Unknown|94|ablecallyableought
1263|AAAAAAAAOOEAAAAA|2000-10-27||True, sole women market far except for a depths. Dif|2.41|1.37|9004003|"amalgexporti #2"|4|newborn|3|Children|557|ationantianti|medium|862404lime7448410804|royal|Case|Unknown|18|pricallyableought
1264|AAAAAAAAAPEAAAAA|1997-10-27|1999-10-27|Indian days should not|0.57|0.17|8002005|"importonameless #5"|2|baseball|8|Sports|107|ationbarought|N/A|6142steel05503097250|red|Case|Unknown|9|esecallyableought
1265|AAAAAAAAAPEAAAAA|1999-10-28|2001-10-26|Indian days should not|9.60|0.17|10016008|"corpamalgamalg #8"|2|wireless|10|Electronics|107|ationbarought|N/A|turquoise32990856534|medium|Bunch|Unknown|14|anticallyableought
1266|AAAAAAAAAPEAAAAA|2001-10-27||Inevitably wr|6.05|5.32|10016008|"edu packexporti #1"|2|school-uniforms|3|Children|52|ableanti|medium|464957077589yellow34|saddle|Lb|Unknown|13|callycallyableought
1267|AAAAAAAADPEAAAAA|1997-10-27||Double effects put. Long, personal keys vote national metres; other, logical residents decide especially. Materials provide different, different families. Clearly open systems take pa|0.45|0.19|9009008|"maximaxi #8"|9|science|9|Books|305|antibarpri|N/A|45358594red044494446|peach|Box|Unknown|25|ationcallyableought
1268|AAAAAAAAEPEAAAAA|1997-10-27|2000-10-26|Thinking blocks shall not use as blocks. Single demands coul|0.44|0.16|1001001|"amalgamalg #1"|1|dresses|1|Women|585|antieinganti|small|760464136almond46067|sky|Lb|Unknown|44|eingcallyableought
1269|AAAAAAAAEPEAAAAA|2000-10-27||Thinking blocks shall not use as blocks. Single demands coul|7.09|3.11|5001002|"amalgscholar #2"|1|rock|5|Music|585|antieinganti|N/A|92487steel9358100795|violet|Unknown|Unknown|5|n stcallyableought
1270|AAAAAAAAGPEAAAAA|1997-10-27|1999-10-27|Sites find. Main ho|7.17|4.23|3003001|"exportiexporti #1"|3|toddlers|3|Children|178|eingationought|medium|1857turquoise2165446|lavender|Dozen|Unknown|21|barationableought
1271|AAAAAAAAGPEAAAAA|1999-10-28|2001-10-26|Sites find. Main ho|2.68|2.03|2002002|"importoimporto #2"|3|shirts|2|Men|777|eingationought|extra large|23021632283lemon6990|lavender|N/A|Unknown|38|oughtationableought
1272|AAAAAAAAGPEAAAAA|2001-10-27||Negative stones guarantee new, considerable adults. More british studies see again very official pra|2.28|0.68|2002002|"edu packnameless #3"|14|glassware|7|Home|777|eingationought|N/A|23021632283lemon6990|chartreuse|Case|Unknown|33|ableationableought
1273|AAAAAAAAJPEAAAAA|1997-10-27||Other markets dispense more great, silent agents. More superb limitations miss common, |0.75|0.27|4001002|"amalgedu pack #2"|1|womens|4|Shoes|80|bareing|medium|303wheat030250575328|peru|Lb|Unknown|38|priationableought
1274|AAAAAAAAKPEAAAAA|1997-10-27|2000-10-26|Legal, open stairs may claim aga|3.21|1.09|5002001|"importoscholar #1"|2|country|5|Music|40|barese|N/A|3516111918red2267337|navajo|Case|Unknown|22|eseationableought
1275|AAAAAAAAKPEAAAAA|2000-10-27||Propo|8.12|6.33|5002001|"brandmaxi #4"|2|reference|9|Books|325|antiablepri|N/A|3516111918red2267337|tan|Oz|Unknown|55|antiationableought
1276|AAAAAAAAMPEAAAAA|1997-10-27|1999-10-27|Skills eat great, soviet provinces. Male, widespread months must help in public responsible cells. Widely main responses might appear |2.81|1.71|9008005|"namelessmaxi #5"|8|romance|9|Books|771|oughtationation|N/A|green785302522359031|smoke|Tsp|Unknown|21|callyationableought
1277|AAAAAAAAMPEAAAAA|1999-10-28|2001-10-26|Skills eat great, soviet provinces. Male, widespread months must help in public responsible cells. Widely main responses might appear |2.73|2.42|6002006|"importocorp #6"|8|diamonds|6|Jewelry|771|oughtationation|N/A|3112199825tomato6211|drab|Cup|Unknown|72|ationationableought
1278|AAAAAAAAMPEAAAAA|2001-10-27||Skills eat great, soviet provinces. Male, widespread months must help in public responsible cells. Widely main responses might appear |1.99|0.73|3001001|"amalgexporti #1"|8|newborn|3|Children|771|oughtationation|petite|3112199825tomato6211|thistle|Dozen|Unknown|89|eingationableought
1279|AAAAAAAAPPEAAAAA|1997-10-27||Other options can know to the authorities; fat projects cannot say also warm goods. Excellent camps feel ahead probably unknown relationships. Questions remember so. Reasonably relevant systems coul|75.77|67.43|10013005|"exportiamalgamalg #5"|13|stereo|10|Electronics|702|ablebaration|N/A|7035066387rose979073|midnight|Pound|Unknown|11|n stationableought
1280|AAAAAAAAAAFAAAAA|1997-10-27|2000-10-26|Other fingers ought to say really in a arguments. Always existing interests go also in a letters; guilty stars say sil|4.81|2.11|3001001|"amalgexporti #1"|1|newborn|3|Children|254|eseantiable|medium|495041983spring84304|blush|Bunch|Unknown|30|bareingableought
1281|AAAAAAAAAAFAAAAA|2000-10-27||Parts would cut alone conditions. Fully friendly charges get just also economic types. Possible residents would discriminate both for a rules. Designs flush presumably on a levels. |4.05|3.28|4003002|"exportiedu pack #2"|3|kids|4|Shoes|54|eseanti|medium|54011wheat9672772352|white|Pallet|Unknown|39|oughteingableought
1282|AAAAAAAACAFAAAAA|1997-10-27|1999-10-27|Western, young groups could understand more never important police; general years emerge broad talks. Findings insure so waiting problems|29.09|18.03|7005003|"scholarbrand #3"|5|blinds/shades|7|Home|198|eingn stought|N/A|69465748272858mint62|sandy|Ounce|Unknown|4|ableeingableought
1283|AAAAAAAACAFAAAAA|1999-10-28|2001-10-26|Below|2.42|18.03|1002002|"importoamalg #2"|2|fragrances|1|Women|46|callyese|economy|7965purple8858075899|burlywood|Lb|Unknown|16|prieingableought
1284|AAAAAAAACAFAAAAA|2001-10-27||Ancient, clear operations vote that is. Others would want special, popular areas. Different relation|6.42|18.03|4003001|"exportiedu pack #1"|2|kids|4|Shoes|46|callyese|large|2469676123841ivory86|peru|Ounce|Unknown|44|eseeingableought
1285|AAAAAAAAFAFAAAAA|1997-10-27||Borders try; shallow, concerned weeks ne|0.58|0.31|6012006|"importobrand #6"|12|costume|6|Jewelry|478|eingationese|N/A|781225613739832rosy4|almond|Bunch|Unknown|2|antieingableought
1286|AAAAAAAAGAFAAAAA|1997-10-27|2000-10-26|Full, big conditions lead less in a securities. Old, following minutes must not go barely human animals. Ser|5.49|2.79|10009012|"maxiunivamalg #12"|9|televisions|10|Electronics|705|antibaration|N/A|101066600orange57630|smoke|Dozen|Unknown|18|callyeingableought
1287|AAAAAAAAGAFAAAAA|2000-10-27||Cold, e|6.08|2.79|9006004|"corpmaxi #4"|9|parenting|9|Books|705|antibaration|N/A|101066600orange57630|floral|Gross|Unknown|31|ationeingableought
1288|AAAAAAAAIAFAAAAA|1997-10-27|1999-10-27|More still tests shall not lie old, valuable trends. Local, content cars|2.35|1.29|10014014|"edu packamalgamalg #14"|14|automotive|10|Electronics|391|oughtn stpri|N/A|pink3217015209938959|salmon|Carton|Unknown|12|eingeingableought
1289|AAAAAAAAIAFAAAAA|1999-10-28|2001-10-26|Figures ought to build either colleges. Miles can wait purposes. Beliefs could vote hopefully optimistic roads. Procedures would not encourage. Appropriate, other matters might no|2.94|1.29|4001002|"amalgedu pack #2"|14|womens|4|Shoes|532|ableprianti|petite|pink3217015209938959|peru|Gross|Unknown|37|n steingableought
1290|AAAAAAAAIAFAAAAA|2001-10-27||Figures ought to build either colleges. Miles can wait purposes. Beliefs could vote hopefully optimistic roads. Procedures would not encourage. Appropriate, other matters might no|3.78|3.40|7013001|"exportinameless #1"|13|wallpaper|7|Home|532|ableprianti|N/A|pink3217015209938959|maroon|Case|Unknown|11|barn stableought
1291|AAAAAAAALAFAAAAA|1997-10-27||Substantial flowers make perhaps regular negotiations. For example basic victims ought to cease below technological young troops. Citizens shall let carefully hostile, other characte|5.91|3.95|9005008|"scholarmaxi #8"|5|history|9|Books|112|ableoughtought|N/A|misty542762007395517|tomato|Carton|Unknown|27|oughtn stableought
1292|AAAAAAAAMAFAAAAA|1997-10-27|2000-10-26|Less political cases establish in the surfaces. Waiting, important games need very. Alone, academic customers may not see for a c|5.13|2.10|8015003|"scholarmaxi #3"|15|fishing|8|Sports|307|ationbarpri|N/A|1226navajo1748164647|red|Each|Unknown|26|ablen stableought
1293|AAAAAAAAMAFAAAAA|2000-10-27||Less political cases establish in the surfaces. Waiting, important games need very. Alone, academic customers may not see for a c|4.61|2.10|4004002|"edu packedu pack #2"|15|athletic|4|Shoes|191|oughtn stought|medium|1226navajo1748164647|wheat|Carton|Unknown|7|prin stableought
1294|AAAAAAAAOAFAAAAA|1997-10-27|1999-10-27|Nowadays minimum centuries speak intently shoulders. Right evident events say stiff as pink rates; corporate others indicate above states. Main, possible teachers gain only top, dull councils. Righ|95.00|36.10|10012003|"importoamalgamalg #3"|12|monitors|10|Electronics|331|oughtpripri|N/A|8plum853850863874780|gainsboro|Each|Unknown|19|esen stableought
1295|AAAAAAAAOAFAAAAA|1999-10-28|2001-10-26|Nowadays minimum centuries speak intently shoulders. Right evident events say stiff as pink rates; corporate others indicate above states. Main, possible teachers gain only top, dull councils. Righ|7.63|6.25|10012003|"importonameless #6"|12|paint|7|Home|331|oughtpripri|N/A|8plum853850863874780|saddle|Gross|Unknown|15|antin stableought
1296|AAAAAAAAOAFAAAAA|2001-10-27||Nowadays minimum centuries speak intently shoulders. Right evident events say stiff as pink rates; corporate others indicate above states. Main, possible teachers gain only top, dull councils. Righ|4.04|2.06|6005001|"scholarcorp #1"|5|earings|6|Jewelry|662|oughtpripri|N/A|08690015531sienna305|maroon|Case|Unknown|60|callyn stableought
1297|AAAAAAAABBFAAAAA|1997-10-27||Local girls will not seem almost with a men. Full years mind even average services. Weak, natural thing|2.05|0.90|4004002|"edu packedu pack #2"|4|athletic|4|Shoes|263|pricallyable|extra large|935239436076419peru7|linen|Dram|Unknown|53|ationn stableought
1298|AAAAAAAACBFAAAAA|1997-10-27|2000-10-26|Primary, front circumstances may no|1.19|0.99|8003009|"exportinameless #9"|3|basketball|8|Sports|407|ationbarese|N/A|peach843705952568737|saddle|Bunch|Unknown|29|eingn stableought
1299|AAAAAAAACBFAAAAA|2000-10-27||Primary, front circumstances may no|8.81|0.99|1002002|"importoamalg #2"|2|fragrances|1|Women|407|ationbarese|small|02649564plum72975811|lace|Bundle|Unknown|38|n stn stableought
1300|AAAAAAAAEBFAAAAA|1997-10-27|1999-10-27|Large wings used to see particul|99.89|73.91|9006005|"corpmaxi #5"|6|parenting|9|Books|176|callyationought|N/A|403160orange72299885|purple|Box|Unknown|39|barbarpriought
1301|AAAAAAAAEBFAAAAA|1999-10-28|2001-10-26|Large wings used to see particul|8.16|73.91|8014002|"edu packmaxi #2"|14|tennis|8|Sports|254|callyationought|N/A|59blue61669157542034|navajo|Oz|Unknown|13|oughtbarpriought
1302|AAAAAAAAEBFAAAAA|2001-10-27||Large wings used to see particul|3.50|3.15|8004003|"edu packnameless #3"|14|camping|8|Sports|91|callyationought|N/A|2343papaya2385309516|snow|Tbl|Unknown|30|ablebarpriought
1303|AAAAAAAAHBFAAAAA|1997-10-27||There young things should not compete small, relative problems. Sources find right dealers. Late authorities must find groups. Feet fall continually major courses. Now |7.89|4.02|7001004|"amalgbrand #4"|1|bathroom|7|Home|225|antiableable|N/A|801purple70333134270|saddle|Carton|Unknown|22|pribarpriought
1304|AAAAAAAAIBFAAAAA|1997-10-27|2000-10-26|Military eyes could sell steps. Horrible circumstances hear available patterns. Others ought to challenge young, white workers. Therefore statistical explanations could fall on a|8.00|4.88|2002001|"importoimporto #1"|2|shirts|2|Men|510|baroughtanti|medium|102917salmon26172952|wheat|Tsp|Unknown|25|esebarpriought
1305|AAAAAAAAIBFAAAAA|2000-10-27||Doors must remain that immediately new restrictions. Horses must not test by now anonymo|0.23|4.88|2002002|"importoimporto #2"|2|shirts|2|Men|488|baroughtanti|petite|102917salmon26172952|salmon|Gram|Unknown|46|antibarpriought
1306|AAAAAAAAKBFAAAAA|1997-10-27|1999-10-27|Particular, major times include. Jeans eat dark |8.26|2.97|4004001|"edu packedu pack #1"|4|athletic|4|Shoes|945|antiesen st|medium|28405839114619rose46|forest|Box|Unknown|34|callybarpriought
1307|AAAAAAAAKBFAAAAA|1999-10-28|2001-10-26|Particular, major times include. Jeans eat dark |3.14|2.97|7007008|"brandbrand #8"|7|decor|7|Home|945|antiesen st|N/A|1012378320ghost13091|tomato|Carton|Unknown|94|ationbarpriought
1308|AAAAAAAAKBFAAAAA|2001-10-27||Particular, major times include. Jeans eat dark |2.52|1.81|7007008|"edu packexporti #1"|7|school-uniforms|3|Children|945|antiesen st|N/A|1012378320ghost13091|navy|Tsp|Unknown|15|eingbarpriought
1309|AAAAAAAANBFAAAAA|1997-10-27||Matters used to order grimly mothers. Systems may get like a cities.|8.54|3.84|10003001|"exportiunivamalg #1"|3|dvd/vcr players|10|Electronics|46|callyese|N/A|774white319994450154|olive|Gram|Unknown|19|n stbarpriought
1310|AAAAAAAAOBFAAAAA|1997-10-27|2000-10-26|Even joint interests see. Things require historic, grateful member|3.25|1.33|5004001|"edu packscholar #1"|4|classical|5|Music|434|esepriese|N/A|145242129rosy2554281|thistle|Cup|Unknown|33|baroughtpriought
1311|AAAAAAAAOBFAAAAA|2000-10-27||Professional, mild details should improve; urban resources help else also effective needs. International, single places ou|0.27|1.33|5004001|"amalgedu pack #2"|1|womens|4|Shoes|1|ought|large|07694white4714916670|lavender|Tbl|Unknown|2|oughtoughtpriought
1312|AAAAAAAAACFAAAAA|1997-10-27|1999-10-27|Immense leg|2.50|1.42|4002001|"importoedu pack #1"|2|mens|4|Shoes|623|priablecally|large|52155saddle543421830|navy|Gross|Unknown|28|ableoughtpriought
1313|AAAAAAAAACFAAAAA|1999-10-28|2001-10-26|New, formidable choices might not pronounce appropriate, scottish files. Games can expand; indian, crude pictures must l|2.04|1.42|9009006|"maximaxi #6"|9|science|9|Books|313|priablecally|N/A|884936450757pink2390|midnight|Gram|Unknown|29|prioughtpriought
1314|AAAAAAAAACFAAAAA|2001-10-27||New, formidable choices might not pronounce appropriate, scottish files. Games can expand; indian, crude pictures must l|3.83|1.42|1002001|"importoamalg #1"|9|fragrances|1|Women|313|priablecally|large|884936450757pink2390|thistle|Oz|Unknown|12|eseoughtpriought
1315|AAAAAAAADCFAAAAA|1997-10-27||Police might not generate completely now personal newspapers. Levels settle widely furthermore basic f|6.79|4.48|8011006|"amalgmaxi #6"|11|archery|8|Sports|38|eingpri|N/A|6957846rosy779119905|seashell|Bundle|Unknown|16|antioughtpriought
1316|AAAAAAAAECFAAAAA|1997-10-27|2000-10-26|Even busy ships will offer widely through a themes. Major houses occupy widely vast, black words. Principal, right friends would halt probably internati|9.74|3.01|6001005|"amalgcorp #5"|1|birdal|6|Jewelry|878|eingationeing|N/A|02salmon985158450749|goldenrod|Dram|Unknown|26|callyoughtpriought
1317|AAAAAAAAECFAAAAA|2000-10-27||Even busy ships will offer widely through a themes. Major houses occupy widely vast, black words. Principal, right friends would halt probably internati|5.80|2.03|2001002|"amalgimporto #2"|1|accessories|2|Men|492|eingationeing|extra large|02salmon985158450749|royal|Lb|Unknown|47|ationoughtpriought
1318|AAAAAAAAGCFAAAAA|1997-10-27|1999-10-27|Medical, proposed friends suggest then even arbitrary years. Governments continue upon the yea|8.17|7.18|7013009|"exportinameless #9"|13|wallpaper|7|Home|138|eingpriought|N/A|2588815521orchid0959|red|Gross|Unknown|9|eingoughtpriought
1319|AAAAAAAAGCFAAAAA|1999-10-28|2001-10-26|Medical, proposed friends suggest then even arbitrary years. Governments continue upon the yea|0.09|7.18|6009008|"maxicorp #8"|13|womens watch|6|Jewelry|138|eingpriought|N/A|668258618papaya01392|pink|Bunch|Unknown|38|n stoughtpriought
1320|AAAAAAAAGCFAAAAA|2001-10-27||More various police shall not close always constantly general nations. Recent, normal stones remember annua|24.48|7.18|10011012|"amalgamalgamalg #12"|11|disk drives|10|Electronics|566|callycallyanti|N/A|668258618papaya01392|powder|Ounce|Unknown|84|barablepriought
1321|AAAAAAAAJCFAAAAA|1997-10-27||Unusual, good courses|84.32|27.82|8008002|"namelessnameless #2"|8|outdoor|8|Sports|373|priationpri|N/A|turquoise43385301884|yellow|Each|Unknown|19|oughtablepriought
1322|AAAAAAAAKCFAAAAA|1997-10-27|2000-10-26|Both arbitrary hours put unusually violent children. Now big practitioners buy obviously. Potentia|3.70|1.11|2003001|"exportiimporto #1"|3|pants|2|Men|134|esepriought|medium|7673honeydew17356994|white|Each|Unknown|6|ableablepriought
1323|AAAAAAAAKCFAAAAA|2000-10-27||Even economic years take all at a animals. Chief, straightforward parts should throw to a eyes; forward producers get old, long affairs. Essential,|9.88|5.63|2003001|"scholarbrand #4"|3|blinds/shades|7|Home|289|n steingable|N/A|7673honeydew17356994|almond|Case|Unknown|33|priablepriought
1324|AAAAAAAAMCFAAAAA|1997-10-27|1999-10-27|Of course similar designers read never. Times will eat carefully. Unusual experts introduce as on a researchers; necessar|4.22|3.16|10009016|"maxiunivamalg #16"|9|televisions|10|Electronics|928|eingablen st|N/A|82033royal9702807024|moccasin|Carton|Unknown|3|eseablepriought
1325|AAAAAAAAMCFAAAAA|1999-10-28|2001-10-26|However automatic years fulfil somewhere apart from a|2.87|2.29|1002002|"importoamalg #2"|9|fragrances|1|Women|928|eingablen st|large|0spring0267207669116|tomato|Tsp|Unknown|10|antiablepriought
1326|AAAAAAAAMCFAAAAA|2001-10-27||However automatic years fulfil somewhere apart from a|8.34|2.29|4002001|"importoedu pack #1"|9|mens|4|Shoes|928|eingablen st|extra large|0spring0267207669116|rosy|Pallet|Unknown|5|callyablepriought
1327|AAAAAAAAPCFAAAAA|1997-10-27||Standard women sit however sale|7.34|6.23|7006008|"corpbrand #8"|6|rugs|7|Home|295|antin stable|N/A|92433red289538627022|plum|Lb|Unknown|30|ationablepriought
1328|AAAAAAAAADFAAAAA|1997-10-27|2000-10-26|Good groups steal respective chapters. Components could rely needs. Men need only wide, private courts. New, sudden forms see only. Letters will not find at the faces. Just fascinating humans s|78.25|59.47|9002009|"importomaxi #9"|2|business|9|Books|168|eingcallyought|N/A|1921seashell79406625|tan|Case|Unknown|12|eingablepriought
1329|AAAAAAAAADFAAAAA|||Good groups steal respective chapters. Components could rely needs. Men need only wide, private courts. New, sudden forms see only. Letters will not find at the faces. Just fascinating humans s|0.63||||1||5||139||N/A||||||
1330|AAAAAAAACDFAAAAA|1997-10-27|1999-10-27|Narrow, basic investors matter together. Uniquely wide parents feel surely severe properties. Only huge arrangements will not last miles. Urban months enhance. Members might not stop personnel.|4.18|2.54|9009011|"maximaxi #11"|9|science|9|Books|328|eingablepri|N/A|80708608561red961966|rose|Pound|Unknown|10|barpripriought
1331|AAAAAAAACDFAAAAA|1999-10-28|2001-10-26|Public relationships might reach also. Different, alternative effects must not trip members. Important, chief sisters bring wonderful, |1.58|2.54|6008004|"namelesscorp #4"|8|mens watch|6|Jewelry|328|eingablepri|N/A|80708608561red961966|sky|Carton|Unknown|38|oughtpripriought
1332|AAAAAAAACDFAAAAA|2001-10-27||Financial, comprehensive members pay less senior, anx|2.62|2.54|6008004|"maximaxi #1"|8|science|9|Books|131|eingablepri|N/A|80708608561red961966|smoke|Oz|Unknown|40|ablepripriought
1333|AAAAAAAAFDFAAAAA|1997-10-27||Import|7.18|4.30|9012002|"importounivamalg #2"|12|home repair|9|Books|622|ableablecally|N/A|1440378saddle6241890|plum|Tsp|Unknown|98|pripripriought
1334|AAAAAAAAGDFAAAAA|1997-10-27|2000-10-26|Much poor companies must offer equal powers; parliamentary terms seek so. Social men beat british clothes. Under |1.75|0.75|8008005|"namelessnameless #5"|8|outdoor|8|Sports|645|antiesecally|N/A|0035purple8641859325|gainsboro|Ounce|Unknown|50|esepripriought
1335|AAAAAAAAGDFAAAAA|2000-10-27||Much poor companies must offer equal powers; parliamentary terms seek so. Social men beat british clothes. Under |2.57|2.15|8008005|"amalgamalgamalg #10"|11|disk drives|10|Electronics|181|antiesecally|N/A|0035purple8641859325|antique|Unknown|Unknown|40|antipripriought
1336|AAAAAAAAIDFAAAAA|1997-10-27|1999-10-27|Popul|1.15|0.64|4001001|"amalgedu pack #1"|1|womens|4|Shoes|217|ationoughtable|large|96purple338400120286|slate|Lb|Unknown|17|callypripriought
1337|AAAAAAAAIDFAAAAA|1999-10-28|2001-10-26|Popul|6.75|2.43|4001001|"corpnameless #8"|6|football|8|Sports|217|ationoughtable|N/A|96purple338400120286|sienna|Tbl|Unknown|35|ationpripriought
1338|AAAAAAAAIDFAAAAA|2001-10-27||Popul|7.09|2.43|4004001|"edu packedu pack #1"|6|athletic|4|Shoes|627|ationablecally|N/A|890960violet54873227|sienna|Gross|Unknown|4|eingpripriought
1339|AAAAAAAALDFAAAAA|1997-10-27||Dramatically particular charts used to boost unusually false organisers. I|3.68|2.68|9002008|"importomaxi #8"|2|business|9|Books|256|callyantiable|N/A|0466303976733294red3|peru|Cup|Unknown|40|n stpripriought
1340|AAAAAAAAMDFAAAAA|1997-10-27|2000-10-26|Really evil methods see abroad present diseases. Here good police will not sit now alternatively strong markets. Then fascinating years mean|1.79|1.28|7002001|"importobrand #1"|2|bedding|7|Home|233|pripriable|N/A|3474927402958powder7|saddle|Pound|Unknown|45|baresepriought
1341|AAAAAAAAMDFAAAAA|2000-10-27||Most national reasons could not fix much dual huge police. Ago young lines go with a contents. Devices might exist in a years. Sectors mean still s|5.49|1.70|7002001|"exportiexporti #2"|3|toddlers|3|Children|233|pripriable|extra large|642322930406sky49638|honeydew|Pound|Unknown|4|oughtesepriought
1342|AAAAAAAAODFAAAAA|1997-10-27|1999-10-27|Domestic years refuse strictly more selective years. Studies become schools. Almost clear countries end unknown, special images; further little men may no|9.22|4.79|7010003|"univnameless #3"|10|flatware|7|Home|97|ationn st|N/A|959942149white732510|seashell|Lb|Unknown|12|ableesepriought
1343|AAAAAAAAODFAAAAA|1999-10-28|2001-10-26|Rather existing years may not review low lads. Important, huge rules will not find necessary, fe|4.21|4.79|7010003|"maxinameless #4"|10|optics|8|Sports|97|ationn st|N/A|202349634094tomato99|mint|N/A|Unknown|56|priesepriought
1344|AAAAAAAAODFAAAAA|2001-10-27||Conditions shall react for a weeks. Basic words can afford much severe needs. Owner|5.87|2.52|7010003|"edu packedu pack #1"|10|athletic|4|Shoes|97|ationn st|small|7370302798576peru718|olive|Unknown|Unknown|4|eseesepriought
1345|AAAAAAAABEFAAAAA|1997-10-27||New ways derive quick, following hills. Strategic, moving years cover too laws. Right rules envisage almost new children. Again |34.69|24.28|4004002|"edu packedu pack #2"|4|athletic|4|Shoes|668|eingcallycally|medium|21609salmon762067330|ghost|Oz|Unknown|5|antiesepriought
1346|AAAAAAAACEFAAAAA|1997-10-27|2000-10-26|Bottom, national fea|4.25|1.74|9015003|"scholarunivamalg #3"|15|fiction|9|Books|234|esepriable|N/A|415rose6090248508712|smoke|Carton|Unknown|15|callyesepriought
1347|AAAAAAAACEFAAAAA|2000-10-27||Bottom, national fea|5.69|4.66|9013004|"exportiunivamalg #4"|13|self-help|9|Books|204|esebarable|N/A|415rose6090248508712|turquoise|Tbl|Unknown|3|ationesepriought
1348|AAAAAAAAEEFAAAAA|1997-10-27|1999-10-27|Most eastern individuals begin already japanese heads. Ha|3.69|1.73|4004001|"edu packedu pack #1"|4|athletic|4|Shoes|286|callyeingable|large|218059steel805176259|turquoise|N/A|Unknown|5|eingesepriought
1349|AAAAAAAAEEFAAAAA|1999-10-28|2001-10-26|Most eastern individuals begin already japanese heads. Ha|8.78|1.73|6010006|"univbrand #6"|10|jewelry boxes|6|Jewelry|83|prieing|N/A|218059steel805176259|peach|Tbl|Unknown|8|n stesepriought
1350|AAAAAAAAEEFAAAAA|2001-10-27||Most eastern individuals begin already japanese heads. Ha|6.24|3.43|6010006|"importoamalg #1"|2|fragrances|1|Women|957|ationantin st|large|249972rose9944122399|royal|Dozen|Unknown|52|barantipriought
1351|AAAAAAAAHEFAAAAA|1997-10-27||Bonds add particular tenants. Heavy children prevent often despite a spots. Royal arguments could tur|2.01|0.76|5003002|"exportischolar #2"|3|pop|5|Music|27|ationable|N/A|5418899233735829sky1|rosy|Dram|Unknown|40|oughtantipriought
1352|AAAAAAAAIEFAAAAA|1997-10-27|2000-10-26|Even social changes used to take long double square signs; anxious techniques should not happen by a metres. Loca|8.10|2.43|1003001|"exportiamalg #1"|3|maternity|1|Women|213|prioughtable|N/A|84peach1292363599639|deep|Bunch|Unknown|31|ableantipriought
1353|AAAAAAAAIEFAAAAA|2000-10-27||Eggs review social doctors. Concerned, respective skills must not go european, magic |5.23|2.43|9006010|"corpmaxi #10"|3|parenting|9|Books|99|prioughtable|N/A|39226sienna915095933|wheat|Gram|Unknown|5|priantipriought
1354|AAAAAAAAKEFAAAAA|1997-10-27|1999-10-27|Important, awful changes shall determine then awful, possible respondents. Children clear especially. Really saf|0.75|0.23|7013005|"exportinameless #5"|13|wallpaper|7|Home|147|ationeseought|N/A|7553indian4344794292|sienna|Cup|Unknown|37|eseantipriought
1355|AAAAAAAAKEFAAAAA|1999-10-28|2001-10-26|Important, awful changes shall determine then awful, possible respondents. Children clear especially. Really saf|2.48|0.96|4002002|"importoedu pack #2"|13|mens|4|Shoes|147|ationeseought|small|7553indian4344794292|pale|Cup|Unknown|18|antiantipriought
1356|AAAAAAAAKEFAAAAA|2001-10-27||Royal years know only in a reservations. More only ye|3.59|2.36|4002001|"importoedu pack #1"|13|mens|4|Shoes|621|ationeseought|medium|755280wheat259028340|goldenrod|Oz|Unknown|34|callyantipriought
1357|AAAAAAAANEFAAAAA|1997-10-27||Minds beat arrangements. More strong contributions administer extreme, particular accountants. Well other voices might not write also in a |1.08|0.56|10010015|"univamalgamalg #15"|10|memory|10|Electronics|154|eseantiought|N/A|81428184103tomato771|slate|Oz|Unknown|9|ationantipriought
1358|AAAAAAAAOEFAAAAA|1997-10-27|2000-10-26|Women work. Men appreciate much other sums. Young motives walk here with a revenues. Suspiciously popular features consult however systems. Thus scottis|2.36|1.55|2004001|"edu packimporto #1"|4|sports-apparel|2|Men|126|callyableought|large|9917058peach19131401|saddle|Lb|Unknown|9|eingantipriought
1359|AAAAAAAAOEFAAAAA|2000-10-27||Women work. Men appreciate much other sums. Young motives walk here with a revenues. Suspiciously popular features consult however systems. Thus scottis|9.77|8.59|2004001|"amalgamalg #2"|1|dresses|1|Women|644|callyableought|petite|28177floral232087850|red|Cup|Unknown|1|n stantipriought
1360|AAAAAAAAAFFAAAAA|1997-10-27|1999-10-27|Patients mean in a aspects; ready, other solicitors reduce really unlike, great resour|1.54|1.26|5001001|"amalgscholar #1"|1|rock|5|Music|443|prieseese|N/A|7rose619287934532633|orange|Cup|Unknown|20|barcallypriought
1361|AAAAAAAAAFFAAAAA|1999-10-28|2001-10-26|Patients mean in a aspects; ready, other solicitors reduce really unlike, great resour|4.59|2.29|5001001|"amalgscholar #2"|1|rock|5|Music|443|prieseese|N/A|7rose619287934532633|papaya|Carton|Unknown|58|oughtcallypriought
1362|AAAAAAAAAFFAAAAA|2001-10-27||Patients mean in a aspects; ready, other solicitors reduce really unlike, great resour|6.51|2.29|5001001|"edu packscholar #1"|4|classical|5|Music|443|prieseese|N/A|058841131purple77791|orchid|Bunch|Unknown|7|ablecallypriought
1363|AAAAAAAADFFAAAAA|1997-10-27||Gastric ends go personal, official years; concentrat|1.51|1.31|8009004|"maxinameless #4"|9|optics|8|Sports|582|ableeinganti|N/A|1086803741peach95697|aquamarine|N/A|Unknown|33|pricallypriought
1364|AAAAAAAAEFFAAAAA|1997-10-27|2000-10-26|Co|1.07|0.84|10009005|"maxiunivamalg #5"|9|televisions|10|Electronics|149|n steseought|N/A|sky04579872199463151|sienna|Each|Unknown|59|esecallypriought
1365|AAAAAAAAEFFAAAAA|2000-10-27||Co|6.87|0.84|10009005|"scholarmaxi #10"|9|history|9|Books|149|n steseought|N/A|sky04579872199463151|goldenrod|Case|Unknown|28|anticallypriought
1366|AAAAAAAAGFFAAAAA|1997-10-27|1999-10-27|Regional, responsible buildings give; edges may bring somewhere nervous institutions. Demands will not bear deep eyes. Scottish, marr|1.60|1.12|10016007|"corpamalgamalg #7"|16|wireless|10|Electronics|747|ationeseation|N/A|30258royal7942347144|red|Bundle|Unknown|38|callycallypriought
1367|AAAAAAAAGFFAAAAA|1999-10-28|2001-10-26|Interested, broken councils might find very local neighbours. S|3.62|1.12|10016007|"edu packunivamalg #12"|16|sports|9|Books|19|n stought|N/A|30258royal7942347144|snow|Ton|Unknown|11|ationcallypriought
1368|AAAAAAAAGFFAAAAA|2001-10-27||Great troubles enjoy elections. Different feelings shall live up to the years. Distinctly considerable companies will not provide different circumstances; also magnetic decisions could help. Act|2.98|1.12|10016007|"edu packscholar #1"|16|classical|5|Music|19|n stought|N/A|30258royal7942347144|peru|Each|Unknown|9|eingcallypriought
1369|AAAAAAAAJFFAAAAA|1997-10-27||Close, small reports will expand seriously men. Serious, a|0.82|0.27|7014010|"edu packnameless #10"|14|glassware|7|Home|46|callyese|N/A|60675900392hot359866|sienna|Lb|Unknown|71|n stcallypriought
1370|AAAAAAAAKFFAAAAA|1997-10-27|2000-10-26|Numerous, specific courts top even on a machines. Children could not endure too payable acc|51.70|29.46|8004001|"edu packnameless #1"|4|camping|8|Sports|481|oughteingese|N/A|521870803890papaya74|midnight|Lb|Unknown|29|barationpriought
1371|AAAAAAAAKFFAAAAA|2000-10-27||International matters go more aware, marvellous children. Plans could tell poor, various areas. Previous, occasional rights may smell at least monetary knees. Econo|18.18|12.72|7008002|"namelessbrand #2"|4|lighting|7|Home|481|oughteingese|N/A|247121373seashell993|metallic|N/A|Unknown|20|oughtationpriought
1372|AAAAAAAAMFFAAAAA|1997-10-27|1999-10-27|So tiny sales obtain as ill tons. Constant others increase women. New|8.22|4.11|9001005|"amalgmaxi #5"|1|arts|9|Books|183|prieingought|N/A|30486turquoise078919|thistle|Gram|Unknown|44|ableationpriought
1373|AAAAAAAAMFFAAAAA|1999-10-28|2001-10-26|So tiny sales obtain as ill tons. Constant others increase women. New|4.11|4.11|9001005|"amalgunivamalg #14"|1|cameras|10|Electronics|183|prieingought|N/A|30486turquoise078919|violet|Gross|Unknown|5|priationpriought
1374|AAAAAAAAMFFAAAAA|2001-10-27||So tiny sales obtain as ill tons. Constant others increase women. New|0.16|0.11|9001005|"amalgscholar #1"|1|rock|5|Music|183|prieingought|N/A|629steel554550333308|rose|Ounce|Unknown|63|eseationpriought
1375|AAAAAAAAPFFAAAAA|1997-10-27||Similar origins used to know barely ever traditional lads. Funds reduce specifically in the|7.56|6.72|1001002|"amalgamalg #2"|1|dresses|1|Women|21|oughtable|economy|086957maroon53363972|rose|Oz|Unknown|7|antiationpriought
1376|AAAAAAAAAGFAAAAA|1997-10-27|2000-10-26|Actively eventual years speak special, other men. Users could dictate dull, silent assessments. Germans travel right animals. Levels wi|2.69|1.58|6012001|"importobrand #1"|12|costume|6|Jewelry|113|prioughtought|N/A|96389443681pale70617|puff|Dozen|Unknown|34|callyationpriought
1377|AAAAAAAAAGFAAAAA|2000-10-27||Firm, wild methods shall find|4.52|3.57|6012001|"exportischolar #2"|12|pop|5|Music|113|prioughtought|N/A|96389443681pale70617|red|Ton|Unknown|27|ationationpriought
1378|AAAAAAAACGFAAAAA|1997-10-27|1999-10-27|Simply substantial pubs miss much never mean units. Evolutionary, good pieces seem more common arms. General studies would not waste even certainly particular ac|18.31|5.85|4004001|"edu packedu pack #1"|4|athletic|4|Shoes|629|n stablecally|medium|1565goldenrod6410285|red|Bundle|Unknown|99|eingationpriought
1379|AAAAAAAACGFAAAAA|1999-10-28|2001-10-26|Simply substantial pubs miss much never mean units. Evolutionary, good pieces seem more common arms. General studies would not waste even certainly particular ac|9.29|5.85|4004001|"exportiunivamalg #3"|3|dvd/vcr players|10|Electronics|963|pricallyn st|N/A|642538825687pink1029|dim|Carton|Unknown|3|n stationpriought
1380|AAAAAAAACGFAAAAA|2001-10-27||Multiple, urban products shall not explore. High considerations might look. Private, clever problems ca|6.66|5.99|3003001|"exportiexporti #1"|3|toddlers|3|Children|963|pricallyn st|N/A|642538825687pink1029|yellow|Dram|Unknown|5|bareingpriought
1381|AAAAAAAAFGFAAAAA|1997-10-27||Well technical chains could justify later current, different jews.|5.87|4.51|4002002|"importoedu pack #2"|2|mens|4|Shoes|181|oughteingought|large|92snow97214084010713|snow|Bunch|Unknown|3|oughteingpriought
1382|AAAAAAAAGGFAAAAA|1997-10-27|2000-10-26|Other questions must |1.79|0.68|4001001|"amalgedu pack #1"|1|womens|4|Shoes|69|n stcally|small|647396linen674694741|slate|Dozen|Unknown|84|ableeingpriought
1383|AAAAAAAAGGFAAAAA|2000-10-27||Private, basic pieces will pay to the ideas; societies steer sure; more top muscles believe. Usual lands used to tell no doubt. Present,|3.41|0.68|6009008|"maxicorp #8"|9|womens watch|6|Jewelry|401|oughtbarese|N/A|87110641019papaya069|orchid|N/A|Unknown|24|prieingpriought
1384|AAAAAAAAIGFAAAAA|1997-10-27|1999-10-27|Recently speci|1.53|1.17|6005001|"scholarcorp #1"|5|earings|6|Jewelry|204|esebarable|N/A|67073280spring699084|light|Pound|Unknown|1|eseeingpriought
1385|AAAAAAAAIGFAAAAA|1999-10-28|2001-10-26|Recently speci|9.59|6.71|6005001|"edu packscholar #2"|5|classical|5|Music|204|esebarable|N/A|20222545thistle75807|tomato|Cup|Unknown|39|antieingpriought
1386|AAAAAAAAIGFAAAAA|2001-10-27||Red objects shall remove there for a schools. White awards may adopt yet famous, visual users. Small, alone reports would help approximately f|8.80|6.71|9014007|"edu packunivamalg #7"|14|sports|9|Books|242|ableeseable|N/A|20222545thistle75807|smoke|Case|Unknown|25|callyeingpriought
1387|AAAAAAAALGFAAAAA|1997-10-27||Later european drawings might know brilliantly female british persons. Single, significant allegations m|97.23|46.67|6010004|"univbrand #4"|10|jewelry boxes|6|Jewelry|160|barcallyought|N/A|powder70017649719514|white|Cup|Unknown|86|ationeingpriought
1388|AAAAAAAAMGFAAAAA|1997-10-27|2000-10-26|Resources could not provide ai|7.56|2.79|7012009|"importonameless #9"|12|paint|7|Home|169|n stcallyought|N/A|1781304642smoke27437|sandy|Bunch|Unknown|24|eingeingpriought
1389|AAAAAAAAMGFAAAAA|2000-10-27||Resources could not provide ai|8.52|2.79|7004010|"edu packbrand #10"|4|curtains/drapes|7|Home|810|baroughteing|N/A|4489872231179white44|snow|Lb|Unknown|16|n steingpriought
1390|AAAAAAAAOGFAAAAA|1997-10-27|1999-10-27|Similar months should want available, normal points; powers make. Soviet books will not enter indepe|99.41|59.64|9003011|"exportimaxi #11"|3|computers|9|Books|890|barn steing|N/A|8016672401turquoise7|peru|Each|Unknown|55|barn stpriought
1391|AAAAAAAAOGFAAAAA|1999-10-28|2001-10-26|Similar months should want available, normal points; powers make. Soviet books will not enter indepe|2.93|59.64|9003011|"exportischolar #2"|3|pop|5|Music|443|barn steing|N/A|0turquoise5082809751|hot|Bunch|Unknown|61|oughtn stpriought
1392|AAAAAAAAOGFAAAAA|2001-10-27||Particles go undoubtedly large, growing feet. Strong payments break at present multiple, loyal concepts. At firs|3.90|1.32|5003001|"exportischolar #1"|3|pop|5|Music|443|prieseese|N/A|0turquoise5082809751|plum|Oz|Unknown|9|ablen stpriought
1393|AAAAAAAABHFAAAAA|1997-10-27||Parents see rath|2.59|0.90|2004002|"edu packimporto #2"|4|sports-apparel|2|Men|800|barbareing|extra large|5salmon5623740152703|thistle|Bunch|Unknown|11|prin stpriought
1394|AAAAAAAACHFAAAAA|1997-10-27|2000-10-26|Almost significant decisions must say already up to a letters; just communist lands happen les|11.66|6.99|3003001|"exportiexporti #1"|3|toddlers|3|Children|162|ablecallyought|small|4peru871438983688288|rose|Ounce|Unknown|33|esen stpriought
1395|AAAAAAAACHFAAAAA|2000-10-27||Almost significant decisions must say already up to a letters; just communist lands happen les|1.10|0.97|3003001|"edu packimporto #2"|3|sports-apparel|2|Men|358|ablecallyought|extra large|4peru871438983688288|spring|Box|Unknown|15|antin stpriought
1396|AAAAAAAAEHFAAAAA|1997-10-27|1999-10-27|Kids used to know even. Homes require i|3.14|2.51|7003007|"exportibrand #7"|3|kids|7|Home|206|callybarable|N/A|7982tomato2607043870|medium|Pallet|Unknown|21|callyn stpriought
1397|AAAAAAAAEHFAAAAA|1999-10-28|2001-10-26|As constant futures cannot examine here still parental things. Deaths share quickly possible waters. Significant backs would let local eyes. Permanent, free loans move never members. Neve|4.08|2.20|10009004|"maxiunivamalg #4"|9|televisions|10|Electronics|179|callybarable|N/A|7982tomato2607043870|drab|Cup|Unknown|12|ationn stpriought
1398|AAAAAAAAEHFAAAAA|2001-10-27||Differences see british weeks. Probably fit orders might improve for an projects. Others would monitor even heavily wrong sales; single, western women want so at the |6.92|2.20|3002001|"importoexporti #1"|2|infants|3|Children|118|eingoughtought|medium|056rose6179452413924|linen|Bunch|Unknown|36|eingn stpriought
1399|AAAAAAAAHHFAAAAA|1997-10-27||Hard, tender cars might see home. Big, large stories may know progressive, important youngsters. Now different friends put neutral, japanese feelings. More russian studies think vital examination|0.23|0.18|4002002|"importoedu pack #2"|2|mens|4|Shoes|726|callyableation|medium|1146peach56762282214|violet|Case|Unknown|30|n stn stpriought
1400|AAAAAAAAIHFAAAAA|1997-10-27|2000-10-26|Permanent cards act again. Christian cases should not include positions. Quite multiple films should locate physical risks; by now negative leaders shall give duties. Victor|4.64|1.57|9006009|"corpmaxi #9"|6|parenting|9|Books|626|callyablecally|N/A|356445goldenrod95990|lemon|N/A|Unknown|13|barbareseought
1401|AAAAAAAAIHFAAAAA|2000-10-27||Permanent cards act again. Christian cases should not include positions. Quite multiple films should locate physical risks; by now negative leaders shall give duties. Victor|3.24|1.57|9006009|"edu packexporti #2"|6|school-uniforms|3|Children|131|callyablecally|large|9958136sandy13642875|sky|N/A|Unknown|26|oughtbareseought
1402|AAAAAAAAKHFAAAAA|1997-10-27|1999-10-27|Usually artistic shapes would not|4.93|3.84|7016003|"corpnameless #3"|16|furniture|7|Home|453|priantiese|N/A|004365lavender197078|sky|Bundle|Unknown|65|ablebareseought
1403|AAAAAAAAKHFAAAAA|1999-10-28|2001-10-26|High political men must say again appropriate beliefs. Private figures could cost reasonably familiar, current police. Sk|8.11|7.29|2003002|"exportiimporto #2"|3|pants|2|Men|453|priantiese|medium|80khaki0307253422004|rose|Bunch|Unknown|32|pribareseought
1404|AAAAAAAAKHFAAAAA|2001-10-27||High political men must say again appropriate beliefs. Private figures could cost reasonably familiar, current police. Sk|0.64|0.57|2003002|"exportischolar #1"|3|pop|5|Music|38|priantiese|N/A|80khaki0307253422004|sandy|Case|Unknown|65|esebareseought
1405|AAAAAAAANHFAAAAA|1997-10-27||Then middle objects might not study; none the less retail roads co|8.58|4.89|6014006|"edu packbrand #6"|14|estate|6|Jewelry|329|n stablepri|N/A|38232777299plum98574|rosy|Bundle|Unknown|25|antibareseought
1406|AAAAAAAAOHFAAAAA|1997-10-27|2000-10-26|Human men go more explicit, brok|8.66|5.28|4001001|"amalgedu pack #1"|1|womens|4|Shoes|572|ableationanti|medium|0040919422steel71213|peach|Tbl|Unknown|29|callybareseought
1407|AAAAAAAAOHFAAAAA|2000-10-27||Human men go more explicit, brok|2.96|1.27|4001001|"univmaxi #8"|10|pools|8|Sports|572|ableationanti|N/A|0040919422steel71213|plum|N/A|Unknown|56|ationbareseought
1408|AAAAAAAAAIFAAAAA|1997-10-27|1999-10-27|Visitors combine only somewhat happy a|1.77|1.52|2003001|"exportiimporto #1"|3|pants|2|Men|228|eingableable|large|56yellow097574055441|white|Tsp|Unknown|26|eingbareseought
1409|AAAAAAAAAIFAAAAA|1999-10-28|2001-10-26|Men return for a studies; years prise furthermore. Heavy brothers could persuade on a ki|9.75|3.51|4003002|"exportiedu pack #2"|3|kids|4|Shoes|387|eingableable|medium|31015274snow09694995|spring|Box|Unknown|33|n stbareseought
1410|AAAAAAAAAIFAAAAA|2001-10-27||Men return for a studies; years prise furthermore. Heavy brothers could persuade on a ki|1.09|3.51|9014007|"edu packunivamalg #7"|14|sports|9|Books|22|eingableable|N/A|043sandy686703762930|pink|Ton|Unknown|63|baroughteseought
1411|AAAAAAAADIFAAAAA|1997-10-27||Consequences agree owners; immediately sure cards record. Again scottish variations think specifically. Extraordinarily different taxes develop enough about a surroundings. Forward, public clothes es|8.30|3.32|6012004|"importobrand #4"|12|costume|6|Jewelry|870|barationeing|N/A|817aquamarine7050483|smoke|Tbl|Unknown|35|oughtoughteseought
1412|AAAAAAAAEIFAAAAA|1997-10-27|2000-10-26|Police could no|3.94|2.75|8013003|"exportimaxi #3"|13|sailing|8|Sports|95|antin st|N/A|889445seashell054637|pale|Oz|Unknown|6|ableoughteseought
1413|AAAAAAAAEIFAAAAA|2000-10-27||Police could no|4.39|2.75|8013003|"exportischolar #2"|13|pop|5|Music|102|antin st|N/A|889445seashell054637|spring|Each|Unknown|49|prioughteseought
1414|AAAAAAAAGIFAAAAA|1997-10-27|1999-10-27|Most keen words used to operate more. Able men must license also. Too specialist amounts b|5.79|3.12|5003001|"exportischolar #1"|3|pop|5|Music|270|barationable|N/A|944768341775wheat996|burnished|Tsp|Unknown|61|eseoughteseought
1415|AAAAAAAAGIFAAAAA|1999-10-28|2001-10-26|Only existing years ought to drop now for the funds. Other changes make necessarily chief, keen stories. Only, successful blocks undergo rather. Cities deter|18.92|3.12|5003001|"edu packbrand #6"|4|curtains/drapes|7|Home|270|barationable|N/A|944768341775wheat996|honeydew|N/A|Unknown|19|antioughteseought
1416|AAAAAAAAGIFAAAAA|2001-10-27||Only existing years ought to drop now for the funds. Other changes make necessarily chief, keen stories. Only, successful blocks undergo rather. Cities deter|47.95|26.85|5003001|"brandbrand #7"|4|decor|7|Home|232|ablepriable|N/A|ghost203960992533445|sienna|Pallet|Unknown|42|callyoughteseought
1417|AAAAAAAAJIFAAAAA|1997-10-27||Great, aware guidelines will risk really with a i|9.20|5.88|3001002|"amalgexporti #2"|1|newborn|3|Children|140|bareseought|medium|87482gainsboro101373|orange|Dram|Unknown|20|ationoughteseought
1418|AAAAAAAAKIFAAAAA|1997-10-27|2000-10-26|Level, natural pages tell relevant stones. Strange events must not throw twice. High subjects s|0.13|0.06|2001001|"amalgimporto #1"|1|accessories|2|Men|921|oughtablen st|small|seashell910195428608|aquamarine|Ounce|Unknown|55|eingoughteseought
1419|AAAAAAAAKIFAAAAA|2000-10-27||Level, natural pages tell relevant stones. Strange events must not throw twice. High subjects s|2.55|1.07|2001001|"univunivamalg #4"|1|travel|9|Books|2|able|N/A|seashell910195428608|papaya|Unknown|Unknown|94|n stoughteseought
1420|AAAAAAAAMIFAAAAA|1997-10-27|1999-10-27|Different for|4.71|2.11|1002001|"importoamalg #1"|2|fragrances|1|Women|250|barantiable|small|77253slate0664084965|goldenrod|Oz|Unknown|20|barableeseought
1421|AAAAAAAAMIFAAAAA|1999-10-28|2001-10-26|Different for|7.38|2.11|1002001|"importoscholar #2"|2|country|5|Music|250|barantiable|N/A|77253slate0664084965|spring|Tbl|Unknown|7|oughtableeseought
1422|AAAAAAAAMIFAAAAA|2001-10-27||Different for|3.72|2.11|3001001|"amalgexporti #1"|2|newborn|3|Children|335|barantiable|petite|990706burnished68052|sienna|Pallet|Unknown|59|ableableeseought
1423|AAAAAAAAPIFAAAAA|1997-10-27||Trials shall opt now main ba|4.72|1.88|8011004|"amalgmaxi #4"|11|archery|8|Sports|116|callyoughtought|N/A|0372476sienna2285806|saddle|Bunch|Unknown|9|priableeseought
1424|AAAAAAAAAJFAAAAA|1997-10-27|2000-10-26|Prayers wait exactly at a rules.|2.50|1.65|9005009|"scholarmaxi #9"|5|history|9|Books|101|oughtbarought|N/A|779531indian27278886|dodger|Case|Unknown|32|eseableeseought
1425|AAAAAAAAAJFAAAAA|2000-10-27||Open tears provide then unusual, common commitments; surprised|6.54|1.65|9005009|"edu packexporti #2"|5|school-uniforms|3|Children|101|oughtbarought|small|779531indian27278886|honeydew|Ounce|Unknown|24|antiableeseought
1426|AAAAAAAACJFAAAAA|1997-10-27|1999-10-27|Already impressive words shall not hear even besides following studies. Alternative places might reflect most local, proper collections. Even local teachers pull s|2.38|2.04|10004016|"edu packunivamalg #16"|4|audio|10|Electronics|147|ationeseought|N/A|29188tan942334156291|peach|Cup|Unknown|74|callyableeseought
1427|AAAAAAAACJFAAAAA|1999-10-28|2001-10-26|Times may believe; trying proceedings preserve always with the cases. Neither foreign visitors win now famous, other terms. High, young defences work hidden, likely towns. Common, legal arms ser|2.98|1.54|10004016|"exportimaxi #12"|3|computers|9|Books|147|ationeseought|N/A|336273180554steel901|yellow|Tbl|Unknown|11|ationableeseought
1428|AAAAAAAACJFAAAAA|2001-10-27||Businesses might call investors. Here personal readers must make members. Women ma|2.15|1.65|5003001|"exportischolar #1"|3|pop|5|Music|129|n stableought|N/A|71317554820papaya173|rose|Gross|Unknown|12|eingableeseought
1429|AAAAAAAAFJFAAAAA|1997-10-27||Police spare local costs; social peasants proceed afterwards thin bases. British, obvious occasions shall produce very c|1.45|0.76|5003002|"exportischolar #2"|3|pop|5|Music|411|oughtoughtese|N/A|95misty1491495840441|dim|Bundle|Unknown|29|n stableeseought
1430|AAAAAAAAGJFAAAAA|1997-10-27|2000-10-26|Today economi|1.29|0.94|4002001|"importoedu pack #1"|2|mens|4|Shoes|287|ationeingable|small|4sky6961520612071873|smoke|Bundle|Unknown|25|barprieseought
1431|AAAAAAAAGJFAAAAA|2000-10-27||Today economi|4.48|0.94|5004002|"edu packscholar #2"|4|classical|5|Music|47|ationese|N/A|8830505033789820tan9|thistle|Bundle|Unknown|29|oughtprieseought
1432|AAAAAAAAIJFAAAAA|1997-10-27|1999-10-27|Ty|1.08|0.62|7005003|"scholarbrand #3"|5|blinds/shades|7|Home|303|pribarpri|N/A|865almond99041881950|floral|Dozen|Unknown|10|ableprieseought
1433|AAAAAAAAIJFAAAAA|1999-10-28|2001-10-26|Compl|2.65|0.62|7005003|"edu packamalg #2"|5|swimwear|1|Women|303|pribarpri|medium|865almond99041881950|tomato|Dozen|Unknown|15|priprieseought
1434|AAAAAAAAIJFAAAAA|2001-10-27||Old, british futures would call so genuine eyes; pregnant, written decisions wear at least alive, vital cattle. Theories hold brief, secondary units; etc mental losses might create c|3.83|0.62|4002001|"importoedu pack #1"|2|mens|4|Shoes|303|pribarpri|small|865almond99041881950|chartreuse|Cup|Unknown|6|eseprieseought
1435|AAAAAAAALJFAAAAA|1997-10-27||Added concepts stop. Quiet lands take ideologic|6.67|3.80|10009008|"maxiunivamalg #8"|9|televisions|10|Electronics|328|eingablepri|N/A|8288824beige84619251|tomato|Unknown|Unknown|86|antiprieseought
1436|AAAAAAAAMJFAAAAA|1997-10-27|2000-10-26|Primary, part-time properties intend above mode|6.03|4.94|10002009|"importounivamalg #9"|2|camcorders|10|Electronics|285|antieingable|N/A|2298328985slate94377|yellow|Dozen|Unknown|52|callyprieseought
1437|AAAAAAAAMJFAAAAA|2000-10-27||Universal trusts could serve about strict contacts. Involved, significant signs used to declare late investigatio|4.66|4.94|10002009|"exportiimporto #2"|3|pants|2|Men|162|ablecallyought|medium|14087violet888283832|metallic|Tsp|Unknown|9|ationprieseought
1438|AAAAAAAAOJFAAAAA|1997-10-27|1999-10-27|At |2.84|1.05|10007011|"brandunivamalg #11"|7|personal|10|Electronics|100|barbarought|N/A|29169529010884sandy7|green|Bunch|Unknown|48|eingprieseought
1439|AAAAAAAAOJFAAAAA|1999-10-28|2001-10-26|New babies ought to stick. Swiss patients argue somewhere. Abilities used to make studies. Machines happen. Sure, expert speakers may appear to a|4.28|1.36|5001002|"amalgscholar #2"|1|rock|5|Music|100|barbarought|N/A|376716steel726083849|smoke|N/A|Unknown|13|n stprieseought
1440|AAAAAAAAOJFAAAAA|2001-10-27||Attractive, financial hands should link so other, high characteristics. Parents block there leading things. Conditions could become more now good miles. Mostly gre|3.63|1.27|4003001|"exportiedu pack #1"|3|kids|4|Shoes|100|barbarought|medium|376716steel726083849|violet|Pound|Unknown|17|bareseeseought
1441|AAAAAAAABKFAAAAA|1997-10-27||Valuable, rural paintings develop always quiet plants. Junior, magic industries consider. Years might not try right. As civil soldiers come. Hands should include for|1.01|0.63|5001002|"amalgscholar #2"|1|rock|5|Music|481|oughteingese|N/A|51716salmon103254458|forest|Carton|Unknown|55|oughteseeseought
1442|AAAAAAAACKFAAAAA|1997-10-27|2000-10-26|Only tired mechanisms should know always ladies; very houses stimulate. New schemes migh|3.03|2.69|3004001|"edu packexporti #1"|4|school-uniforms|3|Children|60|barcally|large|137208peru7308654260|plum|Pound|Unknown|28|ableeseeseought
1443|AAAAAAAACKFAAAAA|2000-10-27||Different proposals explain new, new patients. Churches tell ideological bits. Normal processes take now personal c|4.62|2.69|3004001|"amalgexporti #2"|1|newborn|3|Children|60|barcally|large|137208peru7308654260|spring|Dram|Unknown|24|prieseeseought
1444|AAAAAAAAEKFAAAAA|1997-10-27|1999-10-27|Sure schools might fit as essential organisations; feelings average lazily modest aspects. British difficulties should enable |0.14|0.05|8011005|"amalgmaxi #5"|11|archery|8|Sports|636|callyprically|N/A|0962732522929rose860|peru|Bunch|Unknown|16|eseeseeseought
1445|AAAAAAAAEKFAAAAA|1999-10-28|2001-10-26|Capable, considerable games speak already expected, religious ages. Principles must design at all grey items. Various crops may not en|0.78|0.05|4004002|"edu packedu pack #2"|4|athletic|4|Shoes|23|callyprically|medium|0962732522929rose860|steel|Oz|Unknown|15|antieseeseought
1446|AAAAAAAAEKFAAAAA|2001-10-27||Capable, considerable games speak already expected, religious ages. Principles must design at all grey items. Various crops may not en|7.70|0.05|3001001|"amalgexporti #1"|4|newborn|3|Children|23|priable|small|365steel724237083662|navajo|Case|Unknown|19|callyeseeseought
1447|AAAAAAAAHKFAAAAA|1997-10-27||Relevant farmers can become various, fresh methods. Genuinely special women take british experienc|4.43|1.63|7006008|"corpbrand #8"|6|rugs|7|Home|652|ableantically|N/A|8605528328powder6614|orchid|Carton|Unknown|5|ationeseeseought
1448|AAAAAAAAIKFAAAAA|1997-10-27|2000-10-26|Normal wo|4.93|3.89|1004001|"edu packamalg #1"|4|swimwear|1|Women|243|prieseable|small|0443wheat16499937652|slate|Gram|Unknown|32|eingeseeseought
1449|AAAAAAAAIKFAAAAA|2000-10-27||Normal wo|2.16|3.89|1004001|"importoimporto #2"|2|shirts|2|Men|243|prieseable|economy|519256124lace6726706|blue|Dram|Unknown|51|n steseeseought
1450|AAAAAAAAKKFAAAAA|1997-10-27|1999-10-27|Wonderful, fixed sentences should not ensure by a views. Paths think more new un|4.21|2.86|5001001|"amalgscholar #1"|1|rock|5|Music|14|eseought|N/A|580steel069329242555|purple|Cup|Unknown|30|barantieseought
1451|AAAAAAAAKKFAAAAA|1999-10-28|2001-10-26|Special patterns could believe very in a chil|9.61|3.74|6010004|"univbrand #4"|10|jewelry boxes|6|Jewelry|14|eseought|N/A|80309146273046lawn18|seashell|Tbl|Unknown|15|oughtantieseought
1452|AAAAAAAAKKFAAAAA|2001-10-27||Special patterns could believe very in a chil|3.04|3.74|6010004|"maxicorp #5"|9|womens watch|6|Jewelry|285|antieingable|N/A|80309146273046lawn18|gainsboro|Pallet|Unknown|57|ableantieseought
1453|AAAAAAAANKFAAAAA|1997-10-27||Eyes find polite, attractive types. Functions may not argue full-time attitudes; syste|0.90|0.72|1004002|"edu packamalg #2"|4|swimwear|1|Women|338|eingpripri|small|35wheat1530815230251|turquoise|Lb|Unknown|3|priantieseought
1454|AAAAAAAAOKFAAAAA|1997-10-27|2000-10-26|English, modern rights offer. Limited values help just thin options. British days used to benefit both odd things. Different, go|48.70|25.81|5002001|"importoscholar #1"|2|country|5|Music|20|barable|N/A|rose5820116398780632|rose|Tsp|Unknown|16|eseantieseought
1455|AAAAAAAAOKFAAAAA|2000-10-27||About part-time others could expect quite ethical computers. Local stories might argue popularly students; ite|5.49|25.81|5002001|"amalgexporti #2"|1|newborn|3|Children|20|barable|medium|8882175489676tomato0|rosy|Dozen|Unknown|33|antiantieseought
1456|AAAAAAAAALFAAAAA|1997-10-27|1999-10-27|Dir|5.85|4.73|8002007|"importonameless #7"|2|baseball|8|Sports|594|esen stanti|N/A|78629peach2753302216|peach|Case|Unknown|39|callyantieseought
1457|AAAAAAAAALFAAAAA|1999-10-28|2001-10-26|Dir|3.09|4.73|8002007|"univmaxi #8"|2|pools|8|Sports|594|esen stanti|N/A|78629peach2753302216|orchid|Bundle|Unknown|69|ationantieseought
1458|AAAAAAAAALFAAAAA|2001-10-27||New points might discuss always to a products. Later relative p|7.90|4.81|8002007|"namelessunivamalg #14"|8|scanners|10|Electronics|594|esen stanti|N/A|78629peach2753302216|steel|Carton|Unknown|91|eingantieseought
1459|AAAAAAAADLFAAAAA|1997-10-27||Available problems could keep late, great risks. Supreme situations ought to follow once even beautiful systems. Narrow, late authorities should tell e|3.04|2.18|8016010|"corpmaxi #10"|16|golf|8|Sports|328|eingablepri|N/A|97053705207945sandy6|beige|Pallet|Unknown|12|n stantieseought
1460|AAAAAAAAELFAAAAA|1997-10-27|2000-10-26|Like, scottish adults might attend as subsequent t|4.18|1.42|6008005|"namelesscorp #5"|8|mens watch|6|Jewelry|654|eseantically|N/A|05633014537white0186|peru|Pound|Unknown|29|barcallyeseought
1461|AAAAAAAAELFAAAAA|2000-10-27||Like, scottish adults might attend as subsequent t|2.63|1.42|6008005|"exportiedu pack #2"|8|kids|4|Shoes|596|eseantically|N/A|05633014537white0186|dim|Gram|Unknown|10|oughtcallyeseought
1462|AAAAAAAAGLFAAAAA|1997-10-27|1999-10-27|As available thoughts satisfy even both criminal courses. Sure ways could not construct everywhere residents. Points could not ask downstairs pres|2.84|1.87|7014003|"edu packnameless #3"|14|glassware|7|Home|209|n stbarable|N/A|4spring1060566892248|linen|Carton|Unknown|18|ablecallyeseought
1463|AAAAAAAAGLFAAAAA|1999-10-28|2001-10-26|Necessary, probable things consider probably competitive forces. Interests may produce particularly metres. Bacteria should not help necessarily public, social hundreds. British methods could thin|96.82|34.85|3004002|"edu packexporti #2"|4|school-uniforms|3|Children|209|n stbarable|medium|3puff955799564069094|sky|Ounce|Unknown|47|pricallyeseought
1464|AAAAAAAAGLFAAAAA|2001-10-27||New, massive companies should |4.25|2.93|3004002|"edu packamalg #1"|4|swimwear|1|Women|209|n stbarable|small|3puff955799564069094|beige|Box|Unknown|30|esecallyeseought
1465|AAAAAAAAJLFAAAAA|1997-10-27||Stones sign about about a things; marvellous, other conditions sell regularly then tiny years; very sheets could occur open. Predominantl|8.94|3.48|10001004|"amalgunivamalg #4"|1|cameras|10|Electronics|57|ationanti|N/A|10107166yellow231162|sandy|Pound|Unknown|12|anticallyeseought
1466|AAAAAAAAKLFAAAAA|1997-10-27|2000-10-26|Enough previous defences might put th|0.82|0.50|2001001|"amalgimporto #1"|1|accessories|2|Men|198|eingn stought|medium|30873625lawn20816200|gainsboro|Each|Unknown|6|callycallyeseought
1467|AAAAAAAAKLFAAAAA|2000-10-27||Intermediate, wild owners take from an lands. Political, long planes persuade over agencies. So endless firms begin stores. True events ma|8.92|5.88|2001001|"importomaxi #4"|1|business|9|Books|495|antin stese|N/A|4orchid7692844685742|lime|Bunch|Unknown|56|ationcallyeseought
1468|AAAAAAAAMLFAAAAA|1997-10-27|1999-10-27|Types continue wild, annual humans. British, urban hands make further. Additional, likely women play meanwhile |2.66|1.59|6016005|"corpbrand #5"|16|consignment|6|Jewelry|272|ableationable|N/A|571030135881powder72|lawn|Unknown|Unknown|24|eingcallyeseought
1469|AAAAAAAAMLFAAAAA|1999-10-28|2001-10-26|Roles may not|3.63|1.59|6016005|"corpunivamalg #8"|6|musical|10|Electronics|173|priationought|N/A|64206418668peru04247|coral|Oz|Unknown|12|n stcallyeseought
1470|AAAAAAAAMLFAAAAA|2001-10-27||Definitely exciting sanctions take terms. Rights will not deal by the months. Blank, available holes restore also cells. Real, just words could not finish patients. F|8.18|5.48|6016005|"edu packcorp #7"|6|bracelets|6|Jewelry|176|priationought|N/A|277684888358papaya15|white|N/A|Unknown|26|barationeseought
1471|AAAAAAAAPLFAAAAA|1997-10-27||For instance main estates might not state; financial days tell from time to time lives. There indian committees can |9.40|4.04|6002008|"importocorp #8"|2|diamonds|6|Jewelry|720|barableation|N/A|907blush693915101851|puff|Ton|Unknown|21|oughtationeseought
1472|AAAAAAAAAMFAAAAA|1997-10-27|2000-10-26|Lines should prove only easy groups. Obvious years can follow quite deeply clear criteria. National plans could leave.|3.14|2.29|4001001|"amalgedu pack #1"|1|womens|4|Shoes|727|ationableation|extra large|770puff1065603324738|ivory|Ounce|Unknown|24|ableationeseought
1473|AAAAAAAAAMFAAAAA|2000-10-27||Lines should prove only easy groups. Obvious years can follow quite deeply clear criteria. National plans could leave.|6.35|1.96|4001001|"edu packamalg #2"|4|swimwear|1|Women|727|ationableation|large|770puff1065603324738|sandy|Gram|Unknown|31|priationeseought
1474|AAAAAAAACMFAAAAA|1997-10-27|1999-10-27|Literally available ages stand never unusual bo|42.98|22.77|7004005|"edu packbrand #5"|4|curtains/drapes|7|Home|360|barcallypri|N/A|pink9397331829337293|sky|Each|Unknown|3|eseationeseought
1475|AAAAAAAACMFAAAAA|1999-10-28|2001-10-26|Months shall not surrender at least full, literary poets. White businesses should not go always. Conservative numb|79.91|22.77|3004002|"edu packexporti #2"|4|school-uniforms|3|Children|360|barcallypri|large|3722yellow1330193374|spring|Unknown|Unknown|82|antiationeseought
1476|AAAAAAAACMFAAAAA|2001-10-27||Simple things ought to tu|0.14|0.04|3004002|"amalgedu pack #1"|4|womens|4|Shoes|201|oughtbarable|extra large|738446pale6124860207|wheat|Oz|Unknown|10|callyationeseought
1477|AAAAAAAAFMFAAAAA|1997-10-27||Unfortunately local grounds co|7.05|6.27|1004002|"edu packamalg #2"|4|swimwear|1|Women|131|oughtpriought|economy|802349026308rose3831|lawn|Gram|Unknown|31|ationationeseought
1478|AAAAAAAAGMFAAAAA|1997-10-27|2000-10-26|Present, individual substances take so at a appointments. True aut|1.76|1.53|8010009|"univmaxi #9"|10|pools|8|Sports|904|esebarn st|N/A|502928slate604651503|salmon|Bunch|Unknown|42|eingationeseought
1479|AAAAAAAAGMFAAAAA|2000-10-27||Present, individual substances take so at a appointments. True aut|67.79|27.79|2004002|"edu packimporto #2"|4|sports-apparel|2|Men|904|esebarn st|petite|502928slate604651503|dim|Tbl|Unknown|41|n stationeseought
1480|AAAAAAAAIMFAAAAA|1997-10-27|1999-10-27|Different pounds love by the telecommunications. Units cannot use better organic feet. Hours know items. Difficult, following drivers pursue more always full patients. Here preci|6.64|3.98|3003001|"exportiexporti #1"|3|toddlers|3|Children|115|antioughtought|medium|652908311539768pale8|tan|Ton|Unknown|37|bareingeseought
1481|AAAAAAAAIMFAAAAA|1999-10-28|2001-10-26|Different pounds love by the telecommunications. Units cannot use better organic feet. Hours know items. Difficult, following drivers pursue more always full patients. Here preci|1.91|3.98|3003001|"corpbrand #2"|3|rugs|7|Home|22|antioughtought|N/A|2536rosy361246344235|purple|Bunch|Unknown|55|oughteingeseought
1482|AAAAAAAAIMFAAAAA|2001-10-27||Different pounds love by the telecommunications. Units cannot use better organic feet. Hours know items. Difficult, following drivers pursue more always full patients. Here preci|2.79|3.98|10001004|"amalgunivamalg #4"|3|cameras|10|Electronics|22|ableable|N/A|2peru682099951860138|sky|N/A|Unknown|68|ableeingeseought
1483|AAAAAAAALMFAAAAA|1997-10-27|||0.74|0.56||"exportischolar #2"|3||5||||N/A|26tan511941295461511|||||prieingeseought
1484|AAAAAAAAMMFAAAAA|1997-10-27|2000-10-26|Joint, static directors procure. Buildings should date surprisi|4.17|3.29|2004001|"edu packimporto #1"|4|sports-apparel|2|Men|315|antioughtpri|extra large|04139lemon2875570840|rosy|Oz|Unknown|54|eseeingeseought
1485|AAAAAAAAMMFAAAAA|2000-10-27||Joint, static directors procure. Buildings should date surprisi|4.07|3.29|2004001|"amalgscholar #2"|1|rock|5|Music|322|ableablepri|N/A|04139lemon2875570840|tomato|Carton|Unknown|42|antieingeseought
1486|AAAAAAAAOMFAAAAA|1997-10-27|1999-10-27|Limited muse|3.24|1.23|5002001|"importoscholar #1"|2|country|5|Music|622|ableablecally|N/A|922180peru1308024954|sienna|Dram|Unknown|28|callyeingeseought
1487|AAAAAAAAOMFAAAAA|1999-10-28|2001-10-26|Above, available processes come slightly foreign shares. Now major funds let regular, recent pressures; very available questions lie once les|0.49|1.23|6007008|"brandcorp #8"|7|pendants|6|Jewelry|622|ableablecally|N/A|7048848472641651tan6|orange|Carton|Unknown|13|ationeingeseought
1488|AAAAAAAAOMFAAAAA|2001-10-27||Above, available processes come slightly foreign shares. Now major funds let regular, recent pressures; very available questions lie once les|0.61|1.23|9005001|"scholarmaxi #1"|7|history|9|Books|622|ableablecally|N/A|7048848472641651tan6|tomato|Case|Unknown|21|eingeingeseought
1489|AAAAAAAABNFAAAAA|1997-10-27||Social minutes try and so on |1.97|1.02|4003002|"exportiedu pack #2"|3|kids|4|Shoes|611|oughtoughtcally|extra large|6thistle254381695353|salmon|Pound|Unknown|49|n steingeseought
1490|AAAAAAAACNFAAAAA|1997-10-27|2000-10-26|Local supporters ask just clear birds. Exact rates balance including the methods. Alone, long-term characters cannot place none the less forms. Happy states will convert common skills. Secondly avail|1.00|0.34|10013012|"exportiamalgamalg #12"|13|stereo|10|Electronics|83|prieing|N/A|5228971479409tomato6|royal|N/A|Unknown|76|barn steseought
1491|AAAAAAAACNFAAAAA|2000-10-27||Alone specimens shall enjoy at a conditions. Common arts could not enter |8.25|5.28|7002002|"importobrand #2"|2|bedding|7|Home|125|antiableought|N/A|7417358522398snow038|aquamarine|Ounce|Unknown|27|oughtn steseought
1492|AAAAAAAAENFAAAAA|1997-10-27|1999-10-27|Quite clean scores write well lesser, important acti|1.51|1.23|9009005|"maximaxi #5"|9|science|9|Books|42|ableese|N/A|7966420tomato3426681|seashell|Cup|Unknown|95|ablen steseought
1493|AAAAAAAAENFAAAAA|1999-10-28|2001-10-26|Quite clean scores write well lesser, important acti|3.49|1.23|5002002|"importoscholar #2"|2|country|5|Music|42|ableese|N/A|424peru1630268636949|sandy|Case|Unknown|51|prin steseought
1494|AAAAAAAAENFAAAAA|2001-10-27||Quite clean scores write well lesser, important acti|6.37|5.03|5002002|"exportiexporti #1"|3|toddlers|3|Children|42|ableese|large|424peru1630268636949|tan|Tsp|Unknown|65|esen steseought
1495|AAAAAAAAHNFAAAAA|1997-10-27||Religious lines play much. Intentions want even with a shares. National, intense events must not regain medical, level ideas; afterwards other authorities could|7.85|6.43|5001002|"amalgscholar #2"|1|rock|5|Music|480|bareingese|N/A|53926338navajo737932|papaya|Cup|Unknown|75|antin steseought
1496|AAAAAAAAINFAAAAA|1997-10-27|2000-10-26|Happy products provide mediterranean figures. |5.48|2.30|7004007|"edu packbrand #7"|4|curtains/drapes|7|Home|248|eingeseable|N/A|921652saddle66852274|misty|Pound|Unknown|12|callyn steseought
1497|AAAAAAAAINFAAAAA|2000-10-27||Then provincial councils used to prevent still local, sensible roles. Private colleges must hide normally produ|9.83|2.94|7004007|"importomaxi #10"|2|business|9|Books|248|eingeseable|N/A|52618turquoise037775|plum|Tbl|Unknown|55|ationn steseought
1498|AAAAAAAAKNFAAAAA|1997-10-27|1999-10-27|Limited countries come musical, recent funds. Equal styles see all fashionable st|5.90|4.72|1002001|"importoamalg #1"|2|fragrances|1|Women|484|eseeingese|petite|96133salmon462049401|sandy|Pallet|Unknown|75|eingn steseought
1499|AAAAAAAAKNFAAAAA|1999-10-28|2001-10-26|Other magistrates will not |4.95|2.27|1002001|"amalgimporto #2"|1|accessories|2|Men|90|eseeingese|medium|0611562636rose380963|sky|Ton|Unknown|53|n stn steseought
1500|AAAAAAAAKNFAAAAA|2001-10-27||Detailed, human plates will produce fat, tiny roads. Early, new words try always c|8.15|2.27|9003001|"exportimaxi #1"|3|computers|9|Books|90|eseeingese|N/A|011202932peach209561|white|Carton|Unknown|54|barbarantiought
1501|AAAAAAAANNFAAAAA|1997-10-27||A bit red farms handle exclusively significant years. Slow vast pupils sho|7.40|3.55|5003002|"exportischolar #2"|3|pop|5|Music|4|ese|N/A|1457magenta883734948|magenta|Carton|Unknown|6|oughtbarantiought
1502|AAAAAAAAONFAAAAA|1997-10-27|2000-10-26|Quite classic members should not obtain then for instance particular rates. Enough wide agencies shall show even rather than a districts. Double voters shall involve even eventually main miles. Also l|5.70|4.44|6007007|"brandcorp #7"|7|pendants|6|Jewelry|513|prioughtanti|N/A|47789748825peru63711|rosy|Carton|Unknown|92|ablebarantiought
1503|AAAAAAAAONFAAAAA|2000-10-27||Patient, diverse hands want for example able marks. Present, full circumstances provide also explicit, famous projects. Actions could avoid already wide it|8.22|4.44|6007007|"edu packedu pack #2"|7|athletic|4|Shoes|152|ableantiought|medium|40664509seashell1882|misty|Lb|Unknown|33|pribarantiought
1504|AAAAAAAAAOFAAAAA|1997-10-27|1999-10-27|Growing, major pupils might not supply often later large feet. Guns should know also other structures. Social records take remarkably|4.31|2.15|1003001|"exportiamalg #1"|3|maternity|1|Women|639|n stprically|extra large|58746972deep41693369|salmon|Cup|Unknown|21|esebarantiought
1505|AAAAAAAAAOFAAAAA|1999-10-28|2001-10-26|Growing, major pupils might not supply often later large feet. Guns should know also other structures. Social records take remarkably|2.66|2.15|1003001|"brandcorp #2"|7|pendants|6|Jewelry|639|n stprically|N/A|58746972deep41693369|peach|Dozen|Unknown|17|antibarantiought
1506|AAAAAAAAAOFAAAAA|2001-10-27||Thus ultimate writings reckon old, reasonable decisions; |40.10|2.15|1003001|"exportiamalg #1"|7|maternity|1|Women|639|n stprically|economy|58746972deep41693369|snow|Dozen|Unknown|18|callybarantiought
1507|AAAAAAAADOFAAAAA|1997-10-27||New needs write as. Back drivers like but for a years. Times perform soon economic odds. Very cold windows used to know occasionally. Cases must take |2.08|1.76|7005008|"scholarbrand #8"|5|blinds/shades|7|Home|276|callyationable|N/A|2584880620moccasin64|papaya|Tsp|Unknown|51|ationbarantiought
1508|AAAAAAAAEOFAAAAA|1997-10-27|2000-10-26|Obvious, other clients can tr|66.66|20.66|1002001|"importoamalg #1"|2|fragrances|1|Women|546|callyeseanti|small|4660638tan4575800800|royal|Ounce|Unknown|61|eingbarantiought
1509|AAAAAAAAEOFAAAAA|2000-10-27||Obvious, other clients can tr|6.15|20.66|1002001|"edu packmaxi #10"|4|entertainments|9|Books|546|callyeseanti|N/A|4660638tan4575800800|steel|Each|Unknown|39|n stbarantiought
1510|AAAAAAAAGOFAAAAA|1997-10-27|1999-10-27|Clear heads can marry quite to a books. Patients may see perfect hopes; red police embody no longer philosophical teachers. Long rules could ask familiar patterns. Tasks react. Pla|8.21|3.69|5004001|"edu packscholar #1"|4|classical|5|Music|352|ableantipri|N/A|powder53167049156554|saddle|Dram|Unknown|23|baroughtantiought
1511|AAAAAAAAGOFAAAAA|1999-10-28|2001-10-26|Clear heads can marry quite to a books. Patients may see perfect hopes; red police embody no longer philosophical teachers. Long rules could ask familiar patterns. Tasks react. Pla|4.89|3.69|9010012|"univunivamalg #12"|4|travel|9|Books|289|n steingable|N/A|611turquoise66889657|tan|Box|Unknown|38|oughtoughtantiought
1512|AAAAAAAAGOFAAAAA|2001-10-27||Clear heads can marry quite to a books. Patients may see perfect hopes; red police embody no longer philosophical teachers. Long rules could ask familiar patterns. Tasks react. Pla|3.23|0.96|9010012|"corpunivamalg #17"|4|musical|10|Electronics|289|n steingable|N/A|611turquoise66889657|smoke|Bundle|Unknown|33|ableoughtantiought
1513|AAAAAAAAJOFAAAAA|1997-10-27||Now english acres will dance more. Only classical birds go cheap, political incentives. Other, full texts could save certain, national numbers. Old clubs would make just warm|5.05|1.51|5004002|"edu packscholar #2"|4|classical|5|Music|111|oughtoughtought|N/A|102seashell936740657|rose|Ton|Unknown|42|prioughtantiought
1514|AAAAAAAAKOFAAAAA|1997-10-27|2000-10-26|Days will live unusually known bones. Just alone hours would trade in a days. Hours specify groups. Other, powerful files remember co|1.96|1.25|1002001|"importoamalg #1"|2|fragrances|1|Women|860|barcallyeing|extra large|9azure08275367671623|sky|Oz|Unknown|28|eseoughtantiought
1515|AAAAAAAAKOFAAAAA|2000-10-27||There major concessions see. Reasonable words would understand. Precise options may k|4.74|1.25|1003002|"exportiamalg #2"|3|maternity|1|Women|461|oughtcallyese|large|9azure08275367671623|purple|Bundle|Unknown|61|antioughtantiought
1516|AAAAAAAAMOFAAAAA|1997-10-27|1999-10-27|Certainly only priorities help definitely top arguments. Full years need abroad. Local functions get e|1.89|0.90|7007007|"brandbrand #7"|7|decor|7|Home|158|eingantiought|N/A|85blue97538395312384|sky|Cup|Unknown|63|callyoughtantiought
1517|AAAAAAAAMOFAAAAA|1999-10-28|2001-10-26|Certainly only priorities help definitely top arguments. Full years need abroad. Local functions get e|85.05|0.90|3002002|"importoexporti #2"|2|infants|3|Children|158|eingantiought|medium|7395258125640spring5|gainsboro|Dozen|Unknown|68|ationoughtantiought
1518|AAAAAAAAMOFAAAAA|2001-10-27||Designs must not serve admittedly recent seats. Real, possible entries tra|3.16|1.86|2003001|"exportiimporto #1"|2|pants|2|Men|158|eingantiought|small|43327papaya029046047|snow|Ounce|Unknown|20|eingoughtantiought
1519|AAAAAAAAPOFAAAAA|1997-10-27||Sudden, wide effects like below. Whole, poor miles might make |7.61|2.66|5002002|"importoscholar #2"|2|country|5|Music|498|eingn stese|N/A|3348turquoise0913604|plum|Tsp|Unknown|51|n stoughtantiought
1520|AAAAAAAAAPFAAAAA|1997-10-27|2000-10-26|So-called plans may go aside american bodies. Either public minutes could give. Simple departments might|4.23|3.46|10011008|"amalgamalgamalg #8"|11|disk drives|10|Electronics|118|eingoughtought|N/A|80220452firebrick593|khaki|Pallet|Unknown|13|barableantiought
1521|AAAAAAAAAPFAAAAA|2000-10-27||Services extend in the charges. Available, emotional camps must not encourage generally on a criteria. Fundamental, dead measures should not determine to a rights|70.80|3.46|7002002|"importobrand #2"|11|bedding|7|Home|232|ablepriable|N/A|80220452firebrick593|powder|Ounce|Unknown|11|oughtableantiought
1522|AAAAAAAACPFAAAAA|1997-10-27|1999-10-27|Differences include quickly for a employees. Signs evaluate also hours. Political, clear jobs would consider altogether as everyday doctors. Political things mind bars. More long word|0.10|0.08|10012010|"importoamalgamalg #10"|12|monitors|10|Electronics|140|bareseought|N/A|7peach61329502934440|white|Cup|Unknown|29|ableableantiought
1523|AAAAAAAACPFAAAAA|1999-10-28|2001-10-26|Only communist obligations decide behind proper cells. Fields should not adjust visits; long doors shall not mean children. Rooms could intensi|3.58|0.08|10012010|"exportiimporto #2"|12|pants|2|Men|140|bareseought|small|7peach61329502934440|violet|Ton|Unknown|27|priableantiought
1524|AAAAAAAACPFAAAAA|2001-10-27||Only communist obligations decide behind proper cells. Fields should not adjust visits; long doors shall not mean children. Rooms could intensi|6.13|0.08|10012010|"corpunivamalg #1"|12|mystery|9|Books|267|bareseought|N/A|7peach61329502934440|lawn|Dram|Unknown|12|eseableantiought
1525|AAAAAAAAFPFAAAAA|1997-10-27||Groups hurt children. Organisms would not pick somehow too square examples. Environmental years counteract further into a arguments. Nuclear, unawa|4.01|1.96|8005006|"scholarnameless #6"|5|fitness|8|Sports|182|ableeingought|N/A|02tan296082114335230|sienna|Dozen|Unknown|4|antiableantiought
1526|AAAAAAAAGPFAAAAA|1997-10-27|2000-10-26|Potential, late services could hide. Feet take enough arms; running degrees diagnose especially persons. Close types should not re|3.20|1.28|7011007|"amalgnameless #7"|11|accent|7|Home|444|eseeseese|N/A|2487032snow720355659|salmon|Lb|Unknown|26|callyableantiought
1527|AAAAAAAAGPFAAAAA|2000-10-27||Societies draw specifically ahead of a films. Historic, external objections may approve clear, foreign procedures. Alone incentives wil|2.96|1.28|7011007|"univmaxi #8"|11|pools|8|Sports|444|eseeseese|N/A|2487032snow720355659|steel|Dram|Unknown|54|ationableantiought
1528|AAAAAAAAIPFAAAAA|1997-10-27|1999-10-27|Babies might attend open problems. Just private sections should mean truly industrial alone factors. Others suggest yet terms. Able, small properties would not know moreover diff|2.51|2.15|9009005|"maximaxi #5"|9|science|9|Books|318|eingoughtpri|N/A|16aquamarine79724590|gainsboro|Case|Unknown|23|eingableantiought
1529|AAAAAAAAIPFAAAAA|1999-10-28|2001-10-26|Ultimately written co|15.09|5.13|1004002|"edu packamalg #2"|9|swimwear|1|Women|633|eingoughtpri|small|592mint5916076170948|white|Pound|Unknown|66|n stableantiought
1530|AAAAAAAAIPFAAAAA|2001-10-27||At least labour votes love by the dealers. Waters hope effectively historical, small qualifications. |1.60|5.13|1004002|"importoscholar #1"|2|country|5|Music|633|priprically|N/A|0purple5113520928277|plum|Pound|Unknown|35|barpriantiought
1531|AAAAAAAALPFAAAAA|1997-10-27||Outstanding curtains should exert low aware arrangements. Small, recent patients recogni|2.20|0.68|3001002|"amalgexporti #2"|1|newborn|3|Children|372|ableationpri|large|169960537355magenta0|seashell|Cup|Unknown|23|oughtpriantiought
1532|AAAAAAAAMPFAAAAA|1997-10-27|2000-10-26|Issues go new banks. Significant, ordina|79.19|45.13|7002003|"importobrand #3"|2|bedding|7|Home|647|ationesecally|N/A|4931461042olive27120|pale|Cup|Unknown|48|ablepriantiought
1533|AAAAAAAAMPFAAAAA|2000-10-27||Particular years think prices. More poor issues face grounds. Unions could not embark to no men; completely dark records sound largely parliamentary too|2.12|45.13|2004002|"edu packimporto #2"|2|sports-apparel|2|Men|545|antieseanti|N/A|0787yellow6834560358|smoke|Gross|Unknown|44|pripriantiought
1534|AAAAAAAAOPFAAAAA|1997-10-27|1999-10-27|Limited ey|4.92|3.24|7004005|"edu packbrand #5"|4|curtains/drapes|7|Home|185|antieingought|N/A|423563811sandy803061|hot|Box|Unknown|13|esepriantiought
1535|AAAAAAAAOPFAAAAA|1999-10-28|2001-10-26|Certainly financial memories can twist elec|7.45|3.94|8012006|"importomaxi #6"|4|guns|8|Sports|326|antieingought|N/A|423563811sandy803061|sky|Oz|Unknown|91|antipriantiought
1536|AAAAAAAAOPFAAAAA|2001-10-27||As japanese figures coul|1.65|1.07|4001001|"amalgedu pack #1"|4|womens|4|Shoes|27|ationable|small|88pale28361592434450|gainsboro|Unknown|Unknown|25|callypriantiought
1537|AAAAAAAABAGAAAAA|1997-10-27||Occasions may not turn too simple costs. Positive heads will come very old rules. Pupils leave in bet|9.11|2.91|6015002|"scholarbrand #2"|15|custom|6|Jewelry|21|oughtable|N/A|45052papaya280799722|smoke|Unknown|Unknown|7|ationpriantiought
1538|AAAAAAAACAGAAAAA|1997-10-27|2000-10-26|Objects join just fascinati|39.43|35.09|10004009|"edu packunivamalg #9"|4|audio|10|Electronics|559|n stantianti|N/A|415royal828261437335|honeydew|Cup|Unknown|14|eingpriantiought
1539|AAAAAAAACAGAAAAA|2000-10-27||Objects join just fascinati|9.23|35.09|10004009|"edu packamalg #2"|4|swimwear|1|Women|217|n stantianti|large|48234antique43977843|red|Each|Unknown|14|n stpriantiought
1540|AAAAAAAAEAGAAAAA|1997-10-27|1999-10-27|Over other countries cannot remai|9.45|8.41|7011001|"amalgnameless #1"|11|accent|7|Home|495|antin stese|N/A|9248412819slate74522|rosy|Gross|Unknown|45|bareseantiought
1541|AAAAAAAAEAGAAAAA|1999-10-28|2001-10-26|Over other countries cannot remai|8.91|4.27|7011001|"brandnameless #2"|11|hockey|8|Sports|495|antin stese|N/A|724461407sienna94997|lemon|Dram|Unknown|17|oughteseantiought
1542|AAAAAAAAEAGAAAAA|2001-10-27||Over other countries cannot remai|24.19|4.27|7011001|"namelesscorp #7"|11|mens watch|6|Jewelry|37|ationpri|N/A|724461407sienna94997|medium|Case|Unknown|13|ableeseantiought
1543|AAAAAAAAHAGAAAAA|1997-10-27||Great tons expect so ever continuous doubts. Old, initial vehicles ought to die more laboratories. Elected, useful girls be|2.75|1.70|7009004|"maxibrand #4"|9|mattresses|7|Home|171|oughtationought|N/A|583pink5336553100149|salmon|Gross|Unknown|57|prieseantiought
1544|AAAAAAAAIAGAAAAA|1997-10-27|2000-10-26|Full, japanese pages must admit; fixed farms|0.79|0.66|7004005|"edu packbrand #5"|4|curtains/drapes|7|Home|20|barable|N/A|08829smoke8145591239|saddle|Bunch|Unknown|16|eseeseantiought
1545|AAAAAAAAIAGAAAAA|2000-10-27||Tor|5.96|2.20|7004005|"scholarmaxi #10"|4|history|9|Books|156|callyantiought|N/A|powder64558521893190|snow|Gross|Unknown|36|antieseantiought
1546|AAAAAAAAKAGAAAAA|1997-10-27|1999-10-27|Select att|4.52|2.80|10005017|"scholarunivamalg #17"|5|karoke|10|Electronics|7|ation|N/A|8802649361561papaya9|gainsboro|Box|Unknown|4|callyeseantiought
1547|AAAAAAAAKAGAAAAA|1999-10-28|2001-10-26|Various police grab always. Deposits understand only. Resources come international, public banks; basic|6.76|2.80|10005017|"exportiexporti #2"|5|toddlers|3|Children|7|ation|large|8802649361561papaya9|mint|Oz|Unknown|41|ationeseantiought
1548|AAAAAAAAKAGAAAAA|2001-10-27||Various police grab always. Deposits understand only. Resources come international, public banks; basic|4.01|2.80|10005017|"exportiunivamalg #2"|5|dvd/vcr players|10|Electronics|278|eingationable|N/A|8802649361561papaya9|sky|Tsp|Unknown|15|eingeseantiought
1549|AAAAAAAANAGAAAAA|1997-10-27||Light suggestions lie human, educational employees. Strong wounds might come new words. Important scenes will affect like a columns. Then principal farmers could not worry exceptio|7.24|3.18|7012010|"importonameless #10"|12|paint|7|Home|300|barbarpri|N/A|387700moccasin350826|wheat|Ounce|Unknown|23|n steseantiought
1550|AAAAAAAAOAGAAAAA|1997-10-27|2000-10-26|Pp. see even good, wonderful cel|8.95|3.58|3004001|"edu packexporti #1"|4|school-uniforms|3|Children|40|barese|medium|5703orange2800610155|saddle|Ounce|Unknown|56|barantiantiought
1551|AAAAAAAAOAGAAAAA|2000-10-27||Pp. see even good, wonderful cel|4.70|1.64|3004001|"edu packimporto #2"|4|sports-apparel|2|Men|40|barese|large|5703orange2800610155|seashell|Case|Unknown|10|oughtantiantiought
1552|AAAAAAAAABGAAAAA|1997-10-27|1999-10-27|Extra millions should condemn. Uncomfortable nurses should not joi|4.64|3.15|7016003|"corpnameless #3"|16|furniture|7|Home|873|priationeing|N/A|01667790peru56944712|metallic|Ton|Unknown|55|ableantiantiought
1553|AAAAAAAAABGAAAAA|1999-10-28|2001-10-26|American women must achieve inevitably ethnic problems. Units send in a towns. Effectively traditional farms could not cause furthermore great stages. Wonderful machines|4.63|1.48|10009007|"maxiunivamalg #7"|9|televisions|10|Electronics|778|priationeing|N/A|4863107440254sandy26|royal|Unknown|Unknown|76|priantiantiought
1554|AAAAAAAAABGAAAAA|2001-10-27||Lips meet today in a conservatives. Developments would accept great, ultimate meals. Technical refugees challenge however whole even|2.16|1.66|10004008|"edu packunivamalg #8"|9|audio|10|Electronics|778|priationeing|N/A|57598263puff79045924|steel|Box|Unknown|5|eseantiantiought
1555|AAAAAAAADBGAAAAA|1997-10-27||Unfair years may survive then against a pictures. Previous stars write sure, new boys. Complete holidays shall not send at all barely growing stands. Early centres help economic concentrations. For|4.32|3.15|8002006|"importonameless #6"|2|baseball|8|Sports|643|priesecally|N/A|473706wheat346065881|sky|Unknown|Unknown|5|antiantiantiought
1556|AAAAAAAAEBGAAAAA|1997-10-27|2000-10-26|Relations shall know head, decent weaknesses. Systematic implications might not keep in a managers. Much great others |6.97|5.22|7010007|"univnameless #7"|10|flatware|7|Home|111|oughtoughtought|N/A|526floral49342663164|pink|Dram|Unknown|21|callyantiantiought
1557|AAAAAAAAEBGAAAAA|2000-10-27||Relations shall know head, decent weaknesses. Systematic implications might not keep in a managers. Much great others |4.53|2.49|5002002|"importoscholar #2"|2|country|5|Music|627|oughtoughtought|N/A|49363098023spring254|maroon|Gross|Unknown|44|ationantiantiought
1558|AAAAAAAAGBGAAAAA|1997-10-27|1999-10-27|Social, great vehicles could save |2.47|2.19|6010007|"univbrand #7"|10|jewelry boxes|6|Jewelry|380|bareingpri|N/A|88030530linen9035524|sky|Case|Unknown|40|eingantiantiought
1559|AAAAAAAAGBGAAAAA|1999-10-28|2001-10-26|English, economic sources can need final, lucky chi|6.78|2.19|6010007|"importoamalg #2"|10|fragrances|1|Women|380|bareingpri|small|360736478thistle1654|steel|Dozen|Unknown|35|n stantiantiought
1560|AAAAAAAAGBGAAAAA|2001-10-27||Effective groups kill relative parts. Blue, public restaurants go quite. Schools could take social users; various, good days might not get hot, wonderful others; communiti|1.03|0.78|4002001|"importoedu pack #1"|10|mens|4|Shoes|380|bareingpri|economy|34044662466194khaki1|tomato|Ounce|Unknown|44|barcallyantiought
1561|AAAAAAAAJBGAAAAA|1997-10-27||Interested, international options will not prove; military, beautiful movements would commemorate most under the families. Singl|2.20|1.69|1001002|"amalgamalg #2"|1|dresses|1|Women|222|ableableable|medium|3royal23394836245449|sienna|Unknown|Unknown|82|oughtcallyantiought
1562|AAAAAAAAKBGAAAAA|1997-10-27|2000-10-26|Secondly unexpected animals read. Small circumstances would not grow only interests. Natural photogr|0.79|0.70|6014003|"edu packbrand #3"|14|estate|6|Jewelry|275|antiationable|N/A|13550655551azure7187|papaya|Bundle|Unknown|40|ablecallyantiought
1563|AAAAAAAAKBGAAAAA|2000-10-27||Secondly unexpected animals read. Small circumstances would not grow only interests. Natural photogr|1.74|1.42|3001002|"amalgexporti #2"|1|newborn|3|Children|275|antiationable|medium|13550655551azure7187|honeydew|Lb|Unknown|13|pricallyantiought
1564|AAAAAAAAMBGAAAAA|1997-10-27|1999-10-27|More available quantities fit also in a interests. As foreign representations reflect darling sides|3.33|2.09|9012005|"importounivamalg #5"|12|home repair|9|Books|62|ablecally|N/A|01779741seashell7350|honeydew|Unknown|Unknown|12|esecallyantiought
1565|AAAAAAAAMBGAAAAA|1999-10-28|2001-10-26|Secret, foreign products may feel post-war teeth. Actually ancient criteria would reach under way other bodies. Users used to work only. Recent years come then american women. Only|60.25|2.09|8013006|"exportimaxi #6"|13|sailing|8|Sports|62|ablecally|N/A|63803593sienna659680|slate|Dram|Unknown|28|anticallyantiought
1566|AAAAAAAAMBGAAAAA|2001-10-27||Secret, foreign products may feel post-war teeth. Actually ancient criteria would reach under way other bodies. Users used to work only. Recent years come then american women. Only|1.15|2.09|8013006|"amalgbrand #7"|13|semi-precious|6|Jewelry|863|pricallyeing|N/A|988049187almond83484|tomato|N/A|Unknown|20|callycallyantiought
1567|AAAAAAAAPBGAAAAA|1997-10-27||Now empty authorities shall not|0.58|0.33|8002008|"importonameless #8"|2|baseball|8|Sports|368|eingcallypri|N/A|29507289689purple400|papaya|Tbl|Unknown|48|ationcallyantiought
1568|AAAAAAAAACGAAAAA|1997-10-27|2000-10-26|Other, likely eyes call thoroughly english others. Grounds think more initially friendly forms. Responsible minutes would use as. Present, individual sit|6.86|2.33|2001001|"amalgimporto #1"|1|accessories|2|Men|732|ablepriation|small|988814169422247puff3|saddle|Bundle|Unknown|28|eingcallyantiought
1569|AAAAAAAAACGAAAAA|2000-10-27||Other, likely eyes call thoroughly english others. Grounds think more initially friendly forms. Responsible minutes would use as. Present, individual sit|2.17|1.77|6010002|"univbrand #2"|1|jewelry boxes|6|Jewelry|25|ablepriation|N/A|988814169422247puff3|purple|N/A|Unknown|53|n stcallyantiought
1570|AAAAAAAACCGAAAAA|1997-10-27|1999-10-27|Weeks must not deal too front streets. Typical|7.78|3.96|8009001|"maxinameless #1"|9|optics|8|Sports|737|ationpriation|N/A|3362854625turquoise9|peru|Bundle|Unknown|4|barationantiought
1571|AAAAAAAACCGAAAAA|1999-10-28|2001-10-26|Weeks must not deal too front streets. Typical|5.61|3.96|1003002|"exportiamalg #2"|9|maternity|1|Women|737|ationpriation|medium|32864orchid964793222|lawn|Tbl|Unknown|21|oughtationantiought
1572|AAAAAAAACCGAAAAA|2001-10-27||Weeks must not deal too front streets. Typical|81.03|48.61|10011009|"amalgamalgamalg #9"|11|disk drives|10|Electronics|886|callyeingeing|N/A|32864orchid964793222|royal|Carton|Unknown|9|ableationantiought
1573|AAAAAAAAFCGAAAAA|1997-10-27||Aware deals stop instead trees; musical police aid mainly theoretical, h|1.40|0.78|10016010|"corpamalgamalg #10"|16|wireless|10|Electronics|334|esepripri|N/A|900385682787479snow5|burnished|Tbl|Unknown|19|priationantiought
1574|AAAAAAAAGCGAAAAA|1997-10-27|2000-10-26|Different articles say p|6.14|1.84|2003001|"exportiimporto #1"|3|pants|2|Men|775|antiationation|small|928685864ivory928235|violet|Oz|Unknown|73|eseationantiought
1575|AAAAAAAAGCGAAAAA|2000-10-27||Titles shall exist techniques.|4.43|3.63|5003002|"exportischolar #2"|3|pop|5|Music|532|antiationation|N/A|928685864ivory928235|snow|Ton|Unknown|20|antiationantiought
1576|AAAAAAAAICGAAAAA|1997-10-27|1999-10-27|Etc low pieces carry shortly m|4.48|3.80|10003013|"exportiunivamalg #13"|3|dvd/vcr players|10|Electronics|201|oughtbarable|N/A|9791612burlywood6037|turquoise|Bundle|Unknown|5|callyationantiought
1577|AAAAAAAAICGAAAAA|1999-10-28|2001-10-26|Etc low pieces carry shortly m|2.58|2.08|9008006|"namelessmaxi #6"|8|romance|9|Books|198|oughtbarable|N/A|9791612burlywood6037|tan|Oz|Unknown|2|ationationantiought
1578|AAAAAAAAICGAAAAA|2001-10-27||However economic children get to a candidates. Central, |2.26|2.08|9008006|"edu packamalgamalg #15"|14|automotive|10|Electronics|198|eingn stought|N/A|9791612burlywood6037|mint|Bundle|Unknown|52|eingationantiought
1579|AAAAAAAALCGAAAAA|1997-10-27||Hours influence in a interests. Years should choo|3.18|2.41|7008010|"namelessbrand #10"|8|lighting|7|Home|406|callybarese|N/A|7007973pink286642912|misty|Dram|Unknown|3|n stationantiought
1580|AAAAAAAAMCGAAAAA|1997-10-27|2000-10-26|Carefully new others would not prevent chiefly a little open men. Today common ministers will not tackle both total, exact children. National, significant elements might imagine here |4.07|2.36|3003001|"exportiexporti #1"|3|toddlers|3|Children|96|callyn st|medium|145134peach350060241|seashell|Pound|Unknown|33|bareingantiought
1581|AAAAAAAAMCGAAAAA|2000-10-27||Carefully new others would not prevent chiefly a little open men. Today common ministers will not tackle both total, exact children. National, significant elements might imagine here |46.35|2.36|3003001|"scholarmaxi #2"|3|fishing|8|Sports|96|callyn st|N/A|145134peach350060241|orange|Bundle|Unknown|93|oughteingantiought
1582|AAAAAAAAOCGAAAAA|1997-10-27|1999-10-27|National, suitable weeks tax yet personal, subjective groups. White, likely boys drive states; de|8.69|4.43|9015011|"scholarunivamalg #11"|15|fiction|9|Books|53|prianti|N/A|550941683223cyan0346|grey|Bundle|Unknown|47|ableeingantiought
1583|AAAAAAAAOCGAAAAA|1999-10-28|2001-10-26|Still likely breasts avoid advisory lessons. Various rights like|0.34|0.27|9012012|"importounivamalg #12"|15|home repair|9|Books|268|eingcallyable|N/A|550941683223cyan0346|tan|Ounce|Unknown|25|prieingantiought
1584|AAAAAAAAOCGAAAAA|2001-10-27||Profits borrow even indeed intel|2.13|0.27|9012012|"exportischolar #1"|15|pop|5|Music|268|eingcallyable|N/A|550941683223cyan0346|light|Pallet|Unknown|2|eseeingantiought
1585|AAAAAAAABDGAAAAA|1997-10-27||New sites shou|4.83|3.38|7012006|"importonameless #6"|12|paint|7|Home|88|eingeing|N/A|sky90656518096630027|olive|Bunch|Unknown|15|antieingantiought
1586|AAAAAAAACDGAAAAA|1997-10-27|2000-10-26|Brothers mean ends. Various links might get carers. Stands play perhaps old humans; likely, poor relations look others. Once industrial functions reduce currently large images. Really|3.45|2.44|5002001|"importoscholar #1"|2|country|5|Music|601|oughtbarcally|N/A|29075peru70945779279|olive|Carton|Unknown|19|callyeingantiought
1587|AAAAAAAACDGAAAAA|2000-10-27||Common, similar times will come only under a weeks; pressures would not conform in the mechanisms. Gross, clinical pupils should create alt|3.62|2.44|3003002|"exportiexporti #2"|3|toddlers|3|Children|601|oughtbarcally|petite|7dodger7336736040044|steel|Unknown|Unknown|12|ationeingantiought
1588|AAAAAAAAEDGAAAAA|1997-10-27|1999-10-27|Modern numbers stop various, old programs; children must not reinstate always in a tanks; passive, financia|2.45|1.34|8015009|"scholarmaxi #9"|15|fishing|8|Sports|854|eseantieing|N/A|7242371powder6022305|peach|Carton|Unknown|33|eingeingantiought
1589|AAAAAAAAEDGAAAAA|1999-10-28|2001-10-26|Modern numbers stop various, old programs; children must not reinstate always in a tanks; passive, financia|0.90|1.34|5001002|"amalgscholar #2"|1|rock|5|Music|38|eseantieing|N/A|7242371powder6022305|spring|Tsp|Unknown|24|n steingantiought
1590|AAAAAAAAEDGAAAAA|2001-10-27||Scottish, previous interests see inc governments. Also liable questions continue too in a years. Constant crews send yet imperial, sp|9.53|1.34|3002001|"importoexporti #1"|1|infants|3|Children|301|eseantieing|medium|7242371powder6022305|peach|N/A|Unknown|15|barn stantiought
1591|AAAAAAAAHDGAAAAA|1997-10-27||Old, similar types avoid all literary, external forces. Financial approaches rotate almost now |2.65|1.37|6001008|"amalgcorp #8"|1|birdal|6|Jewelry|114|eseoughtought|N/A|356snow7420730972263|hot|Case|Unknown|53|oughtn stantiought
1592|AAAAAAAAIDGAAAAA|1997-10-27|2000-10-26|Broad, adequate stations work good big agencies. Likely men write only green excha|61.43|33.78|6005001|"scholarcorp #1"|5|earings|6|Jewelry|83|prieing|N/A|43030604859orchid083|tomato|Lb|Unknown|52|ablen stantiought
1593|AAAAAAAAIDGAAAAA|2000-10-27||Fast, |0.52|33.78|6005001|"maxicorp #2"|9|womens watch|6|Jewelry|46|callyese|N/A|1538878forest3164339|seashell|Cup|Unknown|22|prin stantiought
1594|AAAAAAAAKDGAAAAA|1997-10-27|1999-10-27|Things used to support yet early conditions; minutes must make halfway critical masters. Open trials m|36.48|19.33|7012005|"importonameless #5"|12|paint|7|Home|277|ationationable|N/A|2451297840saddle8007|misty|Each|Unknown|65|esen stantiought
1595|AAAAAAAAKDGAAAAA|1999-10-28|2001-10-26|Things used to support yet early conditions; minutes must make halfway critical masters. Open trials m|0.84|0.36|2002002|"importoimporto #2"|12|shirts|2|Men|161|ationationable|medium|2451297840saddle8007|rose|Gram|Unknown|3|antin stantiought
1596|AAAAAAAAKDGAAAAA|2001-10-27||National foundations allow temporarily red trousers. Things leave in a hearts. Particular sales hear elements. Alone, essential changes gain virtually newly little things. Most s|9.06|4.34|2002002|"exportiedu pack #1"|3|kids|4|Shoes|161|oughtcallyought|extra large|2451297840saddle8007|misty|Pound|Unknown|61|callyn stantiought
1597|AAAAAAAANDGAAAAA|1997-10-27||Here foreign factors mus|5.61|4.71|1004002|"edu packamalg #2"|4|swimwear|1|Women|48|eingese|large|white163269844325412|light|N/A|Unknown|18|ationn stantiought
1598|AAAAAAAAODGAAAAA|1997-10-27|2000-10-26|Long men would provide well scottish, key women. Proud, male windows must know away soci|9.31|8.00|4001001|"amalgedu pack #1"|1|womens|4|Shoes|402|ablebarese|small|901maroon09091267908|medium|N/A|Unknown|14|eingn stantiought
1599|AAAAAAAAODGAAAAA|2000-10-27||Long men would provide well scottish, key women. Proud, male windows must know away soci|9.71|8.00|10006002|"corpunivamalg #2"|1|musical|10|Electronics|971|ablebarese|N/A|4120374193wheat59731|sandy|Ton|Unknown|70|n stn stantiought
1600|AAAAAAAAAEGAAAAA|1997-10-27|1999-10-27|Strange years e|47.15|41.96|4001001|"amalgedu pack #1"|1|womens|4|Shoes|255|antiantiable|medium|5smoke21081830230750|slate|Gross|Unknown|29|barbarcallyought
1601|AAAAAAAAAEGAAAAA|1999-10-28|2001-10-26|Days eat detailed, national things. Somewhere|3.55|3.01|4001001|"importonameless #2"|12|paint|7|Home|255|antiantiable|N/A|14royal8746846155231|salmon|Case|Unknown|24|oughtbarcallyought
1602|AAAAAAAAAEGAAAAA|2001-10-27||New stores can restrict. Windows can fight various measures. Essential, big co|2.47|3.01|10011005|"amalgamalgamalg #5"|11|disk drives|10|Electronics|255|antiantiable|N/A|14royal8746846155231|yellow|N/A|Unknown|56|ablebarcallyought
1603|AAAAAAAADEGAAAAA|1997-10-27||Able bodies would not find. Primary, capable million|79.14|64.89|10003006|"exportiunivamalg #6"|3|dvd/vcr players|10|Electronics|394|esen stpri|N/A|28879865955798sandy1|moccasin|Tbl|Unknown|32|pribarcallyought
1604|AAAAAAAAEEGAAAAA|1997-10-27|2000-10-26|Favorite needs will not see only. Very new lines must discus|6.70|4.02|2001001|"amalgimporto #1"|1|accessories|2|Men|336|callypripri|medium|51934378469040puff96|puff|Pound|Unknown|31|esebarcallyought
1605|AAAAAAAAEEGAAAAA|2000-10-27||Apparent, great buildings apply active, conventional ministers. Games may put |7.08|4.02|2001001|"edu packexporti #2"|4|school-uniforms|3|Children|336|callypripri|small|78938614thistle85920|sandy|Cup|Unknown|44|antibarcallyought
1606|AAAAAAAAGEGAAAAA|1997-10-27|1999-10-27|Ideological, great beans think churches. Far marvellous minutes incorporate less than; all deep authorities take left, developing shareholders; toxic, overall departments|89.59|76.15|2003001|"exportiimporto #1"|3|pants|2|Men|126|callyableought|petite|953080759green120593|tan|Pound|Unknown|48|callybarcallyought
1607|AAAAAAAAGEGAAAAA|1999-10-28|2001-10-26|Ideological, great beans think churches. Far marvellous minutes incorporate less than; all deep authorities take left, developing shareholders; toxic, overall departments|2.53|1.69|2003001|"exportibrand #8"|13|loose stones|6|Jewelry|182|callyableought|N/A|826687052sky93074845|blanched|Bundle|Unknown|21|ationbarcallyought
1608|AAAAAAAAGEGAAAAA|2001-10-27||Respectively contemporary fields ought to put beneath. Familiar guests work. Independent, dead voices might not say downstairs usual, future feelings. New, isolated functions may take yet r|4.29|1.41|2003001|"brandnameless #9"|13|hockey|8|Sports|173|callyableought|N/A|17475075slate2541898|medium|Tbl|Unknown|38|eingbarcallyought
1609|AAAAAAAAJEGAAAAA|1997-10-27||Patients ought to protest simply eye|5.81|3.54|3003002|"exportiexporti #2"|3|toddlers|3|Children|36|callypri|extra large|78saddle528141510593|dodger|Tsp|Unknown|92|n stbarcallyought
1610|AAAAAAAAKEGAAAAA|1997-10-27|2000-10-26|Though rich areas can rely. Hard ela|1.78|1.26|5001001|"amalgscholar #1"|1|rock|5|Music|684|eseeingcally|N/A|4277666996326pale203|grey|Pallet|Unknown|7|baroughtcallyought
1611|AAAAAAAAKEGAAAAA|2000-10-27||Professional, british sounds express automatic interests. International officers participate consistently used authorities; imperial parties used to cost necessarily different, selective amounts. Are|4.54|1.99|5001001|"exportiedu pack #2"|1|kids|4|Shoes|181|eseeingcally|medium|4277666996326pale203|medium|Ounce|Unknown|13|oughtoughtcallyought
1612|AAAAAAAAMEGAAAAA|1997-10-27|1999-10-27|Short owners may become further obvious markets. Important, various thoughts might meet below so educational resources. Other, modern games determine slightly inside a benefits. Long likely instrument|76.51|60.44|8010003|"univmaxi #3"|10|pools|8|Sports|553|priantianti|N/A|5073152023852salmon7|indian|Tbl|Unknown|19|ableoughtcallyought
1613|AAAAAAAAMEGAAAAA|1999-10-28|2001-10-26|Sometimes guilty connections shall make. Financial, importa|2.44|2.19|7005004|"scholarbrand #4"|5|blinds/shades|7|Home|553|priantianti|N/A|5073152023852salmon7|tan|Gross|Unknown|20|prioughtcallyought
1614|AAAAAAAAMEGAAAAA|2001-10-27||Sometimes guilty connections shall make. Financial, importa|7.52|3.15|7005004|"importoscholar #1"|5|country|5|Music|553|priantianti|N/A|5073152023852salmon7|snow|Dozen|Unknown|61|eseoughtcallyought
1615|AAAAAAAAPEGAAAAA|1997-10-27||Towns track specifica|4.13|3.18|5002002|"importoscholar #2"|2|country|5|Music|248|eingeseable|N/A|5firebrick3875468733|midnight|Ton|Unknown|29|antioughtcallyought
1616|AAAAAAAAAFGAAAAA|1997-10-27|2000-10-26|Particular|4.20|1.51|1002001|"importoamalg #1"|2|fragrances|1|Women|24|eseable|extra large|626709peach919453868|salmon|Ounce|Unknown|66|callyoughtcallyought
1617|AAAAAAAAAFGAAAAA|2000-10-27||Independent secrets would miss |8.51|1.51|7012008|"importonameless #8"|12|paint|7|Home|24|eseable|N/A|626709peach919453868|thistle|Lb|Unknown|58|ationoughtcallyought
1618|AAAAAAAACFGAAAAA|1997-10-27|1999-10-27|Following modules protect now brothers. Everywhere commercial relations will cover easily towards a orders. Far local payments would not|8.07|6.29|5004001|"edu packscholar #1"|4|classical|5|Music|517|ationoughtanti|N/A|3peach98149546594356|seashell|Gram|Unknown|3|eingoughtcallyought
1619|AAAAAAAACFGAAAAA|1999-10-28|2001-10-26|Even major types used to perceive always |4.03|6.29|2003002|"exportiimporto #2"|3|pants|2|Men|158|ationoughtanti|N/A|3peach98149546594356|sky|N/A|Unknown|56|n stoughtcallyought
1620|AAAAAAAACFGAAAAA|2001-10-27||Even major types used to perceive always |9.62|7.21|8003001|"exportinameless #1"|3|basketball|8|Sports|158|eingantiought|N/A|ivory384047527340539|white|Oz|Unknown|5|barablecallyought
1621|AAAAAAAAFFGAAAAA|1997-10-27||Small evenings must ask as it were full patterns. Inter|7.73|3.01|1004002|"edu packamalg #2"|4|swimwear|1|Women|48|eingese|medium|19110sky959344026344|red|Carton|Unknown|27|oughtablecallyought
1622|AAAAAAAAGFGAAAAA|1997-10-27|2000-10-26|Heads ought to show necessary, large travellers. Loosely known children |8.15|2.77|2003001|"exportiimporto #1"|3|pants|2|Men|201|oughtbarable|economy|0477828steel83334289|tomato|Gross|Unknown|20|ableablecallyought
1623|AAAAAAAAGFGAAAAA|2000-10-27||Arrangements slip now. Happy, beautiful keys differ big, possible countries.|2.76|2.77|6006008|"corpcorp #8"|6|rings|6|Jewelry|23|priable|N/A|0477828steel83334289|slate|Pound|Unknown|10|priablecallyought
1624|AAAAAAAAIFGAAAAA|1997-10-27|1999-10-27|Children recog|89.74|48.45|5002001|"importoscholar #1"|2|country|5|Music|894|esen steing|N/A|08522388153202sky170|plum|Cup|Unknown|34|eseablecallyought
1625|AAAAAAAAIFGAAAAA|1999-10-28|2001-10-26|Children recog|9.66|8.40|5002001|"exportiamalg #2"|3|maternity|1|Women|894|esen steing|extra large|24070481598657navy10|sky|Gross|Unknown|11|antiablecallyought
1626|AAAAAAAAIFGAAAAA|2001-10-27||Children recog|2.12|8.40|7011007|"amalgnameless #7"|11|accent|7|Home|894|esen steing|N/A|6732326sandy79393168|medium|Ounce|Unknown|67|callyablecallyought
1627|AAAAAAAALFGAAAAA|1997-10-27||Poor,|3.95|3.31|9010008|"univunivamalg #8"|10|travel|9|Books|621|oughtablecally|N/A|449982pale6434712327|puff|Pallet|Unknown|56|ationablecallyought
1628|AAAAAAAAMFGAAAAA|1997-10-27|2000-10-26|Here local services prosper more previous bodies. Final factors listen chemical businesses. Years revive; private, american factors should break; ahead wro|0.42|0.27|1003001|"exportiamalg #1"|3|maternity|1|Women|170|barationought|medium|990537papaya69116582|salmon|Tsp|Unknown|90|eingablecallyought
1629|AAAAAAAAMFGAAAAA|2000-10-27||Friends allow skills. Personal, old villages try ar|1.89|0.27|5003002|"exportischolar #2"|3|pop|5|Music|618|barationought|N/A|990537papaya69116582|smoke|Box|Unknown|31|n stablecallyought
1630|AAAAAAAAOFGAAAAA|1997-10-27|1999-10-27|Real, sure elections tell as en route british services. Fi|2.14|1.73|8001001|"amalgnameless #1"|1|athletic shoes|8|Sports|505|antibaranti|N/A|1404790982slate85448|rosy|Tsp|Unknown|2|barpricallyought
1631|AAAAAAAAOFGAAAAA|1999-10-28|2001-10-26|Far, military authorities see divine arrangements; sets see in a pare|65.42|1.73|8001001|"importoamalgamalg #17"|1|monitors|10|Electronics|288|antibaranti|N/A|1404790982slate85448|gainsboro|Tbl|Unknown|21|oughtpricallyought
1632|AAAAAAAAOFGAAAAA|2001-10-27||Far, military authorities see divine arrangements; sets see in a pare|1.82|0.94|8001001|"importoexporti #1"|2|infants|3|Children|288|antibaranti|economy|45plum03441573155462|almond|Case|Unknown|17|ablepricallyought
1633|AAAAAAAABGGAAAAA|1997-10-27||Proposals go recently visually black years; junior, continuing games absorb never abstract, small reasons. Us|3.58|2.64|2004002|"edu packimporto #2"|4|sports-apparel|2|Men|219|n stoughtable|economy|5salmon8270020458015|smoke|Bunch|Unknown|11|pripricallyought
1634|AAAAAAAACGGAAAAA|1997-10-27|2000-10-26|Roads get particular, standard pupils. Separate|4.14|3.60|10005003|"scholarunivamalg #3"|5|karoke|10|Electronics|329|n stablepri|N/A|66sky713020093571228|dodger|Box|Unknown|13|esepricallyought
1635|AAAAAAAACGGAAAAA|2000-10-27||Mothers will mean absolutely preparations. Instruments ought to issue other, sma|3.72|3.60|10006004|"corpunivamalg #4"|5|musical|10|Electronics|303|n stablepri|N/A|77811933613sienna889|papaya|Gram|Unknown|61|antipricallyought
1636|AAAAAAAAEGGAAAAA|1997-10-27|1999-10-27|He|8.68|2.60|10004005|"edu packunivamalg #5"|4|audio|10|Electronics|313|prioughtpri|N/A|5187728817539lime074|red|Tsp|Unknown|66|callypricallyought
1637|AAAAAAAAEGGAAAAA|1999-10-28|2001-10-26|About international thousands hear officially. Little, curious sessions would not penetrate between a men. Patterns should find then various plants; vulnerable re|8.51|7.31|10004005|"importounivamalg #6"|2|camcorders|10|Electronics|313|prioughtpri|N/A|01123524012rose12777|powder|Carton|Unknown|1|ationpricallyought
1638|AAAAAAAAEGGAAAAA|2001-10-27||There black letters used to assist low tall hours. Also adult estimates see alive, round sessions. Members contain sometimes truly economic changes. Most c|3.74|7.31|10004005|"amalgscholar #1"|1|rock|5|Music|76|callyation|N/A|01123524012rose12777|lawn|Each|Unknown|32|eingpricallyought
1639|AAAAAAAAHGGAAAAA|1997-10-27||At first quick issues shore single architects. Even final activities inherit certainly white, irish days; exciting, primary institutions get. Lively actions can trust much in the trends. Comfortab|6.15|2.82|6005008|"scholarcorp #8"|5|earings|6|Jewelry|398|eingn stpri|N/A|1848867peach57769666|moccasin|Bunch|Unknown|73|n stpricallyought
1640|AAAAAAAAIGGAAAAA|1997-10-27|2000-10-26|Bad, original councils ought to let human, new procedures. Fingers must take ordinary relations; traditional, english services like too particular, various responsibilities. Possible, responsi|82.99|43.15|10009009|"maxiunivamalg #9"|9|televisions|10|Electronics|159|n stantiought|N/A|2burnished3604646579|orange|Box|Unknown|37|baresecallyought
1641|AAAAAAAAIGGAAAAA|2000-10-27||Bad, original councils ought to let human, new procedures. Fingers must take ordinary relations; traditional, english services like too particular, various responsibilities. Possible, responsi|4.76|3.66|2002002|"importoimporto #2"|2|shirts|2|Men|352|n stantiought|N/A|2burnished3604646579|slate|N/A|Unknown|32|oughtesecallyought
1642|AAAAAAAAKGGAAAAA|1997-10-27|1999-10-27|Real delegates restrict very. Existing, wooden clothes help buyers; services may know much forms. Doubtful, keen cattle will obtain great s|2.56|1.51|3004001|"edu packexporti #1"|4|school-uniforms|3|Children|626|callyablecally|petite|96669rose58974484173|violet|Ounce|Unknown|12|ableesecallyought
1643|AAAAAAAAKGGAAAAA|1999-10-28|2001-10-26|Real delegates restrict very. Existing, wooden clothes help buyers; services may know much forms. Doubtful, keen cattle will obtain great s|9.97|1.51|3004001|"exportiexporti #2"|4|toddlers|3|Children|491|callyablecally|economy|96669rose58974484173|midnight|Ton|Unknown|28|priesecallyought
1644|AAAAAAAAKGGAAAAA|2001-10-27||Real delegates restrict very. Existing, wooden clothes help buyers; services may know much forms. Doubtful, keen cattle will obtain great s|7.83|5.40|3004001|"brandnameless #5"|7|hockey|8|Sports|491|callyablecally|N/A|96669rose58974484173|thistle|Gram|Unknown|27|eseesecallyought
1645|AAAAAAAANGGAAAAA|1997-10-27||Conditions take other, short roots. British, existing artists ought to supplement directly. All internal legs speak usually dead, comprehensive origins; rough, so|2.90|1.76|6011006|"amalgbrand #6"|11|semi-precious|6|Jewelry|943|priesen st|N/A|1234763yellow6799249|peach|Tsp|Unknown|74|antiesecallyought
1646|AAAAAAAAOGGAAAAA|1997-10-27|2000-10-26|Inner friends used to love. New, european tables must not choose long, present pp.; about |0.66|0.43|9005003|"scholarmaxi #3"|5|history|9|Books|175|antiationought|N/A|6779slate04260826100|smoke|Oz|Unknown|57|callyesecallyought
1647|AAAAAAAAOGGAAAAA|2000-10-27||Often international courts will not offer more able, impossible earnings. However particular women might not give substantially clea|5.95|0.43|8014008|"edu packmaxi #8"|5|tennis|8|Sports|142|antiationought|N/A|6779slate04260826100|spring|Bunch|Unknown|49|ationesecallyought
1648|AAAAAAAAAHGAAAAA|1997-10-27|1999-10-27|Developments remember as brief stages. Black, strong years involve members. Causes realise. Routine prices may help attractive, legal fingers. Current, christian |6.41|2.30|2002001|"importoimporto #1"|2|shirts|2|Men|382|ableeingpri|large|56385frosted87280498|seashell|Gross|Unknown|22|eingesecallyought
1649|AAAAAAAAAHGAAAAA|1999-10-28|2001-10-26|Developments remember as brief stages. Black, strong years involve members. Causes realise. Routine prices may help attractive, legal fingers. Current, christian |1.98|2.30|4004002|"edu packedu pack #2"|4|athletic|4|Shoes|313|ableeingpri|medium|179371powder59763116|wheat|Tsp|Unknown|60|n stesecallyought
1650|AAAAAAAAAHGAAAAA|2001-10-27||Possible acres cannot complain for a shares. Feet argue further. There tall traditions compensate to the hours.|1.52|2.30|4004002|"scholaramalgamalg #2"|4|portable|10|Electronics|313|ableeingpri|N/A|972393hot58693614044|lime|N/A|Unknown|28|baranticallyought
1651|AAAAAAAADHGAAAAA|1997-10-27||Previous details must walk only schools. Sometimes little reasons used to reflect often running categories. Expenses lie surprisingly boys; just roman friends must include never |4.73|3.45|1002002|"importoamalg #2"|2|fragrances|1|Women|858|eingantieing|medium|puff7091488908881250|orchid|Dram|Unknown|1|oughtanticallyought
1652|AAAAAAAAEHGAAAAA|1997-10-27|2000-10-26|Years must|4.55|1.54|2003001|"exportiimporto #1"|3|pants|2|Men|182|ableeingought|large|burlywood66679400268|sandy|Unknown|Unknown|58|ableanticallyought
1653|AAAAAAAAEHGAAAAA|2000-10-27||Other, adjacent years act|2.12|1.54|7011004|"amalgnameless #4"|11|accent|7|Home|4|ableeingought|N/A|1577786snow439223200|rosy|Lb|Unknown|37|prianticallyought
1654|AAAAAAAAGHGAAAAA|1997-10-27|1999-10-27|Long, happy earnings rely responsible, crazy rates. Only pink stations know finally wonderful answers. Old details cope so southern quantities. Actions c|4.30|2.62|6008007|"namelesscorp #7"|8|mens watch|6|Jewelry|517|ationoughtanti|N/A|354882wheat348310277|seashell|Carton|Unknown|19|eseanticallyought
1655|AAAAAAAAGHGAAAAA|1999-10-28|2001-10-26|Long, happy earnings rely responsible, crazy rates. Only pink stations know finally wonderful answers. Old details cope so southern quantities. Actions c|9.90|3.76|8001006|"amalgnameless #6"|8|athletic shoes|8|Sports|245|ationoughtanti|N/A|rosy4786763862313325|tan|Box|Unknown|50|antianticallyought
1656|AAAAAAAAGHGAAAAA|2001-10-27||Long, happy earnings rely responsible, crazy rates. Only pink stations know finally wonderful answers. Old details cope so southern quantities. Actions c|74.76|33.64|7004007|"edu packbrand #7"|8|curtains/drapes|7|Home|188|ationoughtanti|N/A|rosy4786763862313325|goldenrod|Bunch|Unknown|3|callyanticallyought
1657|AAAAAAAAJHGAAAAA|1997-10-27||Sure methods impose for instance spare feet. Special, clear problems would allow distinguished word|20.16|15.12|9011002|"amalgunivamalg #2"|11|cooking|9|Books|390|barn stpri|N/A|103236388violet20621|peru|Pallet|Unknown|25|ationanticallyought
1658|AAAAAAAAKHGAAAAA|1997-10-27|2000-10-26|Direct, secure difficulties could not produce strong, sexual conditions. Offices take too environmental sites. Inc parties shall pay big international, necessary missiles. Increasing, convention|4.13|2.47|10011010|"amalgamalgamalg #10"|11|disk drives|10|Electronics|306|callybarpri|N/A|02280074109193peach1|sandy|Lb|Unknown|19|einganticallyought
1659|AAAAAAAAKHGAAAAA|2000-10-27||Direct, secure difficulties could not produce strong, sexual conditions. Offices take too environmental sites. Inc parties shall pay big international, necessary missiles. Increasing, convention|6.86|3.91|8011010|"amalgmaxi #10"|11|archery|8|Sports|306|callybarpri|N/A|1puff359843844722915|pale|Cup|Unknown|33|n stanticallyought
1660|AAAAAAAAMHGAAAAA|1997-10-27|1999-10-27|Purposes diagnose just here eastern masters; subsequent agencies talk now over silly pp.; expenses will not nod financially significant hopes. Poor revenues shore fully monthly, sma|3.39|1.62|4001001|"amalgedu pack #1"|1|womens|4|Shoes|370|barationpri|medium|816373754103purple56|tan|Lb|Unknown|4|barcallycallyought
1661|AAAAAAAAMHGAAAAA|1999-10-28|2001-10-26|Columns might not make goods. Difficult, lovely programmes would say ex|8.81|1.62|4001001|"importoscholar #2"|2|country|5|Music|370|barationpri|N/A|1dodger7250713162679|peru|Cup|Unknown|24|oughtcallycallyought
1662|AAAAAAAAMHGAAAAA|2001-10-27||Remains may place freely from a terms. Then ultimate actions avoid separately|2.00|1.60|9008007|"namelessmaxi #7"|2|romance|9|Books|370|barationpri|N/A|1dodger7250713162679|orchid|Bunch|Unknown|61|ablecallycallyought
1663|AAAAAAAAPHGAAAAA|1997-10-27||Miles oug|4.40|2.68|1002002|"importoamalg #2"|2|fragrances|1|Women|576|callyationanti|large|72857misty8292506621|moccasin|Box|Unknown|47|pricallycallyought
1664|AAAAAAAAAIGAAAAA|1997-10-27|2000-10-26|Concer|50.89|17.30|4001001|"amalgedu pack #1"|1|womens|4|Shoes|42|ableese|medium|080252linen479049442|thistle|Cup|Unknown|28|esecallycallyought
1665|AAAAAAAAAIGAAAAA|2000-10-27||Concer|0.85|0.31|4001001|"scholarunivamalg #10"|15|fiction|9|Books|42|ableese|N/A|3646858wheat55449916|papaya|Ounce|Unknown|8|anticallycallyought
1666|AAAAAAAACIGAAAAA|1997-10-27|1999-10-27|Total, sorry things could not mean actively gay, stable numbers. As minor authorities doubt afterwards mainly senior magistrates. New, nuclear pressures may abolish f|0.75|0.49|5002001|"importoscholar #1"|2|country|5|Music|730|barpriation|N/A|25197241226steel1587|steel|Case|Unknown|33|callycallycallyought
1667|AAAAAAAACIGAAAAA|1999-10-28|2001-10-26|Loyal eyes apply major laws. |12.77|0.49|5002001|"corpnameless #8"|16|furniture|7|Home|49|barpriation|N/A|25197241226steel1587|hot|Pallet|Unknown|81|ationcallycallyought
1668|AAAAAAAACIGAAAAA|2001-10-27||Loyal eyes apply major laws. |7.74|6.34|5002001|"exportiexporti #1"|16|toddlers|3|Children|261|barpriation|medium|25197241226steel1587|orange|Carton|Unknown|6|eingcallycallyought
1669|AAAAAAAAFIGAAAAA|1997-10-27||Bloody instruments must not sing nowadays strangely valuable groups. Standards would allow much forests. Criminal, important days might allow very from a applicatio|3.57|1.96|5003002|"exportischolar #2"|3|pop|5|Music|920|barablen st|N/A|11424643tomato231187|olive|Oz|Unknown|20|n stcallycallyought
1670|AAAAAAAAGIGAAAAA|1997-10-27|2000-10-26|Actually keen visitors shall inject just to|1.24|1.05|7006001|"corpbrand #1"|6|rugs|7|Home|857|ationantieing|N/A|plum7968536707986415|steel|Gross|Unknown|33|barationcallyought
1671|AAAAAAAAGIGAAAAA|2000-10-27||Actually keen visitors shall inject just to|1.29|1.05|5004002|"edu packscholar #2"|6|classical|5|Music|857|ationantieing|N/A|plum7968536707986415|lavender|Ton|Unknown|31|oughtationcallyought
1672|AAAAAAAAIIGAAAAA|1997-10-27|1999-10-27|Natural, public documents service here in a years. Front, prospective names say as clea|8.13|6.17|6008001|"namelesscorp #1"|8|mens watch|6|Jewelry|168|eingcallyought|N/A|4168753880ivory02885|tan|N/A|Unknown|34|ableationcallyought
1673|AAAAAAAAIIGAAAAA|1999-10-28|2001-10-26|At once legal police include here religious members; problems accommodate then among a states. Usual, precise feelings examine certain words. Just, romantic homes return organisational sites. |5.38|6.17|8011004|"amalgmaxi #4"|8|archery|8|Sports|25|antiable|N/A|4168753880ivory02885|sky|Cup|Unknown|73|priationcallyought
1674|AAAAAAAAIIGAAAAA|2001-10-27||English services can use then members. Giant, equal rounds begin however local, special artists; international pounds used to a|8.12|6.17|4002001|"importoedu pack #1"|8|mens|4|Shoes|13|priought|large|4168753880ivory02885|medium|Cup|Unknown|25|eseationcallyought
1675|AAAAAAAALIGAAAAA|1997-10-27||Visitors will determine reluctant forms. Laws could not need fresh paths. Social, critical police must not thin|0.88|0.61|9011008|"amalgunivamalg #8"|11|cooking|9|Books|269|n stcallyable|N/A|721070476700440rosy1|snow|N/A|Unknown|85|antiationcallyought
1676|AAAAAAAAMIGAAAAA|1997-10-27|2000-10-26|So other men will borrow still; then good bottles could tear more financial times. New years drive also. Products know out of the eyes. Close processes can pay ironica|5.09|1.88|2001001|"amalgimporto #1"|1|accessories|2|Men|451|oughtantiese|medium|7927454225mint309673|violet|Case|Unknown|28|callyationcallyought
1677|AAAAAAAAMIGAAAAA|2000-10-27||So other men will borrow still; then good bottles could tear more financial times. New years drive also. Products know out of the eyes. Close processes can pay ironica|0.71|0.55|6012006|"importobrand #6"|1|costume|6|Jewelry|451|oughtantiese|N/A|7927454225mint309673|sienna|Box|Unknown|58|ationationcallyought
1678|AAAAAAAAOIGAAAAA|1997-10-27|1999-10-27|Identical |9.57|4.49|6005007|"scholarcorp #7"|5|earings|6|Jewelry|73|priation|N/A|8violet7878069906906|grey|Pound|Unknown|11|eingationcallyought
1679|AAAAAAAAOIGAAAAA|1999-10-28|2001-10-26|Women allow most; new voters hope most. Secondly symbolic games become. There beautiful worke|3.54|4.49|6005007|"amalgnameless #10"|5|accent|7|Home|73|priation|N/A|8violet7878069906906|magenta|Oz|Unknown|39|n stationcallyought
1680|AAAAAAAAOIGAAAAA|2001-10-27||Women allow most; new voters hope most. Secondly symbolic games become. There beautiful worke|6.80|2.58|9013001|"exportiunivamalg #1"|13|self-help|9|Books|73|priation|N/A|8violet7878069906906|salmon|Each|Unknown|24|bareingcallyought
1681|AAAAAAAABJGAAAAA|1997-10-27||Objectives ignore today never responsible sites. Academic, |2.87|1.34|7007002|"brandbrand #2"|7|decor|7|Home|321|oughtablepri|N/A|888539040slate457698|sandy|Bundle|Unknown|30|oughteingcallyought
1682|AAAAAAAACJGAAAAA|1997-10-27|2000-10-26|Apparently literary pounds ought to come welsh, large d|7.02|4.84|8012003|"importomaxi #3"|12|guns|8|Sports|189|n steingought|N/A|691524134544780lawn4|violet|Box|Unknown|51|ableeingcallyought
1683|AAAAAAAACJGAAAAA|2000-10-27||Seriously universal elements drop at last things. Slight, national days should not restart both new husbands; civil, old reports could exceed stairs. Above usual children owe eve|5.94|4.84|8012003|"importoimporto #2"|12|shirts|2|Men|124|n steingought|medium|77445108royal7279653|powder|Carton|Unknown|6|prieingcallyought
1684|AAAAAAAAEJGAAAAA|1997-10-27|1999-10-27|Th|5.49|1.92|7005005|"scholarbrand #5"|5|blinds/shades|7|Home|34|esepri|N/A|8483047981yellow7836|beige|Pound|Unknown|47|eseeingcallyought
1685|AAAAAAAAEJGAAAAA|1999-10-28|2001-10-26|Th|2.78|1.80|7005005|"importonameless #6"|5|paint|7|Home|34|esepri|N/A|8217389460smoke75283|khaki|Gross|Unknown|37|antieingcallyought
1686|AAAAAAAAEJGAAAAA|2001-10-27||Th|4.45|1.55|7005005|"amalgnameless #7"|5|accent|7|Home|34|esepri|N/A|8217389460smoke75283|red|Gross|Unknown|67|callyeingcallyought
1687|AAAAAAAAHJGAAAAA|1997-10-27||Troops need in the cups; added areas improve s|4.20|1.26|6003008|"exporticorp #8"|3|gold|6|Jewelry|320|barablepri|N/A|37886507549magenta15|orange|Cup|Unknown|39|ationeingcallyought
1688|AAAAAAAAIJGAAAAA|1997-10-27|2000-10-26|Industrial figures shall not meet still. Live, civil years ought to spend tiny groups. Brief years know again unfortunately present texts. So as prime terms become. Effective sets get other oth|4.10|3.48|9001009|"amalgmaxi #9"|1|arts|9|Books|978|eingationn st|N/A|182545lawn5597871467|sandy|Pallet|Unknown|11|eingeingcallyought
1689|AAAAAAAAIJGAAAAA|2000-10-27||Industrial figures shall not meet still. Live, civil years ought to spend tiny groups. Brief years know again unfortunately present texts. So as prime terms become. Effective sets get other oth|3.45|3.48|9001009|"brandmaxi #10"|1|reference|9|Books|117|eingationn st|N/A|34261439thistle42360|purple|Carton|Unknown|12|n steingcallyought
1690|AAAAAAAAKJGAAAAA|1997-10-27|1999-10-27|Tensions should not let within a services. Long other vessels care models. Sufficient rooms sign old leve|88.79|32.85|3003001|"exportiexporti #1"|3|toddlers|3|Children|301|oughtbarpri|medium|44411rose35394893829|seashell|Lb|Unknown|19|barn stcallyought
1691|AAAAAAAAKJGAAAAA|1999-10-28|2001-10-26|Tensions should not let within a services. Long other vessels care models. Sufficient rooms sign old leve|2.64|32.85|9007012|"brandmaxi #12"|7|reference|9|Books|301|oughtbarpri|N/A|08201491332antique94|sandy|Lb|Unknown|16|oughtn stcallyought
1692|AAAAAAAAKJGAAAAA|2001-10-27||Tensions should not let within a services. Long other vessels care models. Sufficient rooms sign old leve|6.85|32.85|9007012|"importoedu pack #1"|7|mens|4|Shoes|331|oughtbarpri|large|08201491332antique94|wheat|Tbl|Unknown|32|ablen stcallyought
1693|AAAAAAAANJGAAAAA|1997-10-27||Soon british groups run only english cars; major tables would go |1.44|1.22|6004006|"edu packcorp #6"|4|bracelets|6|Jewelry|81|oughteing|N/A|04987midnight1579337|royal|Oz|Unknown|19|prin stcallyought
1694|AAAAAAAAOJGAAAAA|1997-10-27|2000-10-26|||0.33||"corpunivamalg #3"|16||9|Books|||N/A|||||30|esen stcallyought
1695|AAAAAAAAOJGAAAAA|2000-10-27||Peculiar sections can find also by a skills. Regular references will |8.34|3.33|2004002|"edu packimporto #2"|4|sports-apparel|2|Men|62|ationoughtable|petite|564powder92908327779|peach|Gross|Unknown|5|antin stcallyought
1696|AAAAAAAAAKGAAAAA|1997-10-27|1999-10-27|American, urban children can sleep new houses. New owners shall not make in a obj|1.73|0.70|8009007|"maxinameless #7"|9|optics|8|Sports|158|eingantiought|N/A|24turquoise976039482|sky|Ton|Unknown|29|callyn stcallyought
1697|AAAAAAAAAKGAAAAA|1999-10-28|2001-10-26|Contributions ought to struggle both in a men. Procedures dismiss troubles. Civil cigarettes shall restrain costs; able lines occur. Deaths can go. Friend|5.89|4.77|4002002|"importoedu pack #2"|9|mens|4|Shoes|987|ationeingn st|petite|24turquoise976039482|seashell|Gross|Unknown|25|ationn stcallyought
1698|AAAAAAAAAKGAAAAA|2001-10-27||Contributions ought to struggle both in a men. Procedures dismiss troubles. Civil cigarettes shall restrain costs; able lines occur. Deaths can go. Friend|42.23|4.77|6014003|"edu packbrand #3"|14|estate|6|Jewelry|987|ationeingn st|N/A|24turquoise976039482|powder|Oz|Unknown|34|eingn stcallyought
1699|AAAAAAAADKGAAAAA|1997-10-27||Characters should hook different, possible m|9.65|8.29|2004002|"edu packimporto #2"|4|sports-apparel|2|Men|214|eseoughtable|small|plum0881804030239254|pink|Oz|Unknown|4|n stn stcallyought
1700|AAAAAAAAEKGAAAAA|1997-10-27|2000-10-26|Minerals used to leave american flowers; so wrong questions activate rigid dishes. Records should involve teachers. Significant, difficult cri|1.58|1.01|8013001|"exportimaxi #1"|13|sailing|8|Sports|768|eingcallyation|N/A|94802papaya974932507|lavender|Bundle|Unknown|36|barbarationought
1701|AAAAAAAAEKGAAAAA|2000-10-27||For instance white |3.26|1.01|5003002|"exportischolar #2"|13|pop|5|Music|768|eingcallyation|N/A|440129383753spring68|thistle|N/A|Unknown|42|oughtbarationought
1702|AAAAAAAAGKGAAAAA|1997-10-27|1999-10-27|Available, furious directors shall denote then in an plans. Yea|4.78|4.06|3002001|"importoexporti #1"|2|infants|3|Children|79|n station|medium|08404purple724821988|honeydew|Pallet|Unknown|48|ablebarationought
1703|AAAAAAAAGKGAAAAA|1999-10-28|2001-10-26|Active, odd taxes ignore. Po|1.19|4.06|3002001|"exportiimporto #2"|3|pants|2|Men|79|n station|petite|08404purple724821988|beige|Ton|Unknown|11|pribarationought
1704|AAAAAAAAGKGAAAAA|2001-10-27||Current rises find extremely solid, important managers. Standards could modernise likely levels. Left units come other, reduced situations. Just military applications meet then teachers; social, pe|5.86|3.86|3002001|"exportiimporto #1"|3|pants|2|Men|649|n stesecally|large|08404purple724821988|navajo|Cup|Unknown|39|esebarationought
1705|AAAAAAAAJKGAAAAA|1997-10-27||Most final departments will attempt also other customers. Severe units put increased years; flights |4.92|1.57|9004002|"edu packmaxi #2"|4|entertainments|9|Books|55|antianti|N/A|saddle35252935814830|lace|Unknown|Unknown|63|antibarationought
1706|AAAAAAAAKKGAAAAA|1997-10-27|2000-10-26|Voluntary instructions look then for a seconds. Central complaints will encourage then new forms. Good plans use|0.54|0.48|1004001|"edu packamalg #1"|4|swimwear|1|Women|161|oughtcallyought|large|543247158447peru0638|lavender|Ton|Unknown|57|callybarationought
1707|AAAAAAAAKKGAAAAA|2000-10-27||Weeks must establish far discussions. Early, dead opponents form num|89.69|0.48|4004002|"edu packedu pack #2"|4|athletic|4|Shoes|161|oughtcallyought|medium|lime2535754878953344|spring|Unknown|Unknown|2|ationbarationought
1708|AAAAAAAAMKGAAAAA|1997-10-27|1999-10-27|Forthcoming members help most inner, female qualifications. Concrete, crucial expenses lie also alone, italian respondents. Previous courses shall not improve again judicial, new areas. Domestic,|58.43|39.73|10002009|"importounivamalg #9"|2|camcorders|10|Electronics|9|n st|N/A|8379283578rosy433887|pale|Each|Unknown|14|eingbarationought
1709|AAAAAAAAMKGAAAAA|1999-10-28|2001-10-26|Forthcoming members help most inner, female qualifications. Concrete, crucial expenses lie also alone, italian respondents. Previous courses shall not improve again judicial, new areas. Domestic,|5.74|39.73|10002009|"amalgunivamalg #10"|2|cameras|10|Electronics|9|n st|N/A|40799903979968wheat4|snow|Each|Unknown|27|n stbarationought
1710|AAAAAAAAMKGAAAAA|2001-10-27||Forthcoming members help most inner, female qualifications. Concrete, crucial expenses lie also alone, italian respondents. Previous courses shall not improve again judicial, new areas. Domestic,|9.35|8.32|3001001|"amalgexporti #1"|1|newborn|3|Children|9|n st|extra large|271368070saddle15186|lace|Dram|Unknown|25|baroughtationought
1711|AAAAAAAAPKGAAAAA|1997-10-27||Ancient, real studies could work never app|2.23|0.89|3002002|"importoexporti #2"|2|infants|3|Children|65|antically|medium|1027969chartreuse574|lawn|Dram|Unknown|22|oughtoughtationought
1712|AAAAAAAAALGAAAAA|1997-10-27|2000-10-26|Big, western sentences could use; prices bring average board|4.48|2.82|7009003|"maxibrand #3"|9|mattresses|7|Home|229|n stableable|N/A|801752913714sienna42|steel|Lb|Unknown|87|ableoughtationought
1713|AAAAAAAAALGAAAAA|2000-10-27||Young, improved weapons play dangerous representations. Clear comm|0.92|2.82|9008010|"namelessmaxi #10"|9|romance|9|Books|229|n stableable|N/A|801752913714sienna42|royal|Pound|Unknown|20|prioughtationought
1714|AAAAAAAACLGAAAAA|1997-10-27|1999-10-27|Failures think just eventually top factors. Animals ought to lose nearly terrible, necessary books. Public principles must not go sometimes else commercial wages. Serious oth|2.23|1.49|9007011|"brandmaxi #11"|7|reference|9|Books|105|antibarought|N/A|76salmon088985972861|red|Cup|Unknown|16|eseoughtationought
1715|AAAAAAAACLGAAAAA|1999-10-28|2001-10-26|Failures think just eventually top factors. Animals ought to lose nearly terrible, necessary books. Public principles must not go sometimes else commercial wages. Serious oth|1.40|1.14|9007011|"importoedu pack #2"|2|mens|4|Shoes|105|antibarought|medium|76salmon088985972861|light|Lb|Unknown|54|antioughtationought
1716|AAAAAAAACLGAAAAA|2001-10-27||Failures think just eventually top factors. Animals ought to lose nearly terrible, necessary books. Public principles must not go sometimes else commercial wages. Serious oth|1.71|1.26|7014007|"edu packnameless #7"|14|glassware|7|Home|105|antibarought|N/A|76salmon088985972861|salmon|Bundle|Unknown|8|callyoughtationought
1717|AAAAAAAAFLGAAAAA|1997-10-27||Immediate co|5.38|4.78|8004008|"edu packnameless #8"|4|camping|8|Sports|185|antieingought|N/A|371900purple96849397|smoke|Dram|Unknown|27|ationoughtationought
1718|AAAAAAAAGLGAAAAA|1997-10-27|2000-10-26|Full, indian gr|9.90|4.55|6014007|"edu packbrand #7"|14|estate|6|Jewelry|160|barcallyought|N/A|78slate9065029088843|saddle|Ton|Unknown|58|eingoughtationought
1719|AAAAAAAAGLGAAAAA|2000-10-27||Questi|0.31|0.14|6014007|"edu packedu pack #2"|4|athletic|4|Shoes|160|barcallyought|petite|11sienna485162495095|tan|Gross|Unknown|31|n stoughtationought
1720|AAAAAAAAILGAAAAA|1997-10-27|1999-10-27|Positive reasons|5.25|1.62|8008001|"namelessnameless #1"|8|outdoor|8|Sports|440|bareseese|N/A|4300896676958peach37|spring|Tsp|Unknown|49|barableationought
1721|AAAAAAAAILGAAAAA|1999-10-28|2001-10-26|Neve|1.98|0.69|1001002|"amalgamalg #2"|8|dresses|1|Women|440|bareseese|petite|4300896676958peach37|lace|Tbl|Unknown|53|oughtableationought
1722|AAAAAAAAILGAAAAA|2001-10-27||Central papers turn equally small y|46.81|0.69|3002001|"importoexporti #1"|8|infants|3|Children|440|bareseese|economy|4300896676958peach37|olive|Lb|Unknown|30|ableableationought
1723|AAAAAAAALLGAAAAA|1997-10-27||Aspects acc|3.23|2.13|7007004|"brandbrand #4"|7|decor|7|Home|110|baroughtought|N/A|92076011861powder649|violet|Cup|Unknown|60|priableationought
1724|AAAAAAAAMLGAAAAA|1997-10-27|2000-10-26|Ago civil materials find fully final sports. Liberal, relevant plans shall feel from a critics. Very dead things talk for a samples. Old-fashioned, static thi|9.66|8.59|4003001|"exportiedu pack #1"|3|kids|4|Shoes|246|callyeseable|medium|34984spring707152182|powder|Bunch|Unknown|12|eseableationought
1725|AAAAAAAAMLGAAAAA|2000-10-27||Quite attractive games produce critical, simple groups. However full women might not exist strong, willing rule|8.48|6.78|4003001|"amalgamalg #2"|3|dresses|1|Women|136|callyeseable|extra large|1peach24304294203658|yellow|Bundle|Unknown|33|antiableationought
1726|AAAAAAAAOLGAAAAA|1997-10-27|1999-10-27|Individuals get now new, contemporary increases; kinds will define more than. More|2.35|1.12|10002010|"importounivamalg #10"|2|camcorders|10|Electronics|82|ableeing|N/A|775thistle3986516407|sandy|Ounce|Unknown|44|callyableationought
1727|AAAAAAAAOLGAAAAA|1999-10-28|2001-10-26|Individuals get now new, contemporary increases; kinds will define more than. More|5.55|1.12|4002002|"importoedu pack #2"|2|mens|4|Shoes|82|ableeing|extra large|7seashell77103684917|white|Ton|Unknown|14|ationableationought
1728|AAAAAAAAOLGAAAAA|2001-10-27||Individuals get now new, contemporary increases; kinds will define more than. More|9.72|1.12|4003001|"exportiedu pack #1"|3|kids|4|Shoes|82|ableeing|medium|7seashell77103684917|peach|N/A|Unknown|2|eingableationought
1729|AAAAAAAABMGAAAAA|1997-10-27||Teachers keep in public growing, religious stories. Also traditional governments hurt for the women; also red women fix almost so french cases; commerci|1.83|1.48|2004002|"edu packimporto #2"|4|sports-apparel|2|Men|316|callyoughtpri|small|765143spring41009288|wheat|Pallet|Unknown|79|n stableationought
1730|AAAAAAAACMGAAAAA|1997-10-27|2000-10-26|Personal enemies might apply contributions. Numbers could work at a directions. Other,|0.68|0.45|3003001|"exportiexporti #1"|3|toddlers|3|Children|531|oughtprianti|small|7760417410924peach19|chartreuse|Cup|Unknown|45|barpriationought
1731|AAAAAAAACMGAAAAA|2000-10-27||Main words damage early. Then contemporary costs ought to rele|4.82|0.45|7015002|"scholarnameless #2"|3|tables|7|Home|379|n stationpri|N/A|7760417410924peach19|salmon|Tsp|Unknown|9|oughtpriationought
1732|AAAAAAAAEMGAAAAA|1997-10-27|1999-10-27|Changes would not go especially |27.81|10.01|9013005|"exportiunivamalg #5"|13|self-help|9|Books|143|prieseought|N/A|seashell527695078782|peru|Cup|Unknown|86|ablepriationought
1733|AAAAAAAAEMGAAAAA|1999-10-28|2001-10-26|Changes would not go especially |3.94|2.52|9013005|"edu packamalg #2"|13|swimwear|1|Women|143|prieseought|N/A|3506tomato9932621859|violet|Lb|Unknown|4|pripriationought
1734|AAAAAAAAEMGAAAAA|2001-10-27||Buildings show nevertheless hotels. As firm relations spot by a weeks. Directions will obtain now at a plants. Cheap, large pupils derive really. Available particles shall raise |0.82|0.59|2002001|"importoimporto #1"|2|shirts|2|Men|143|prieseought|medium|sienna58979990530579|wheat|Oz|Unknown|47|esepriationought
1735|AAAAAAAAHMGAAAAA|1997-10-27||White, international others ought to agree economic objects. Maps continue naturally in a boards. Joint feet should|4.95|4.25|9007008|"brandmaxi #8"|7|reference|9|Books|461|oughtcallyese|N/A|013slate102430179818|steel|N/A|Unknown|52|antipriationought
1736|AAAAAAAAIMGAAAAA|1997-10-27|2000-10-26|Togeth|77.09|32.37|4002001|"importoedu pack #1"|2|mens|4|Shoes|70|baration|petite|98707rose47473137141|spring|Gross|Unknown|45|callypriationought
1737|AAAAAAAAIMGAAAAA|2000-10-27||Past, revolutionary transactions provide members; complete, sexual accounts clear public boundaries. Top babies explain more at a losses|3.15|1.48|4002002|"importoedu pack #2"|2|mens|4|Shoes|546|baration|large|70spring958233177302|violet|N/A|Unknown|40|ationpriationought
1738|AAAAAAAAKMGAAAAA|1997-10-27|1999-10-27|Amazing, slight things used to establish never as a whole urban sources. Then full hours used to turn questions; well only children make soon devices; conditions|3.05|1.49|5003001|"exportischolar #1"|3|pop|5|Music|604|esebarcally|N/A|4370414white83269982|green|Ounce|Unknown|27|eingpriationought
1739|AAAAAAAAKMGAAAAA|1999-10-28|2001-10-26|Amazing, slight things used to establish never as a whole urban sources. Then full hours used to turn questions; well only children make soon devices; conditions|2.93|1.25|1001002|"amalgamalg #2"|3|dresses|1|Women|604|esebarcally|N/A|4370414white83269982|linen|Tsp|Unknown|12|n stpriationought
1740|AAAAAAAAKMGAAAAA|2001-10-27||Great, important pieces like high others. There special members|9.08|7.35|3001001|"amalgexporti #1"|3|newborn|3|Children|604|esebarcally|medium|4370414white83269982|snow|Cup|Unknown|75|bareseationought
1741|AAAAAAAANMGAAAAA|1997-10-27||Very thorough days must not think only public difficult relatives; well|2.62|1.91|4003002|"exportiedu pack #2"|3|kids|4|Shoes|252|ableantiable|extra large|9254278smoke27878175|saddle|Unknown|Unknown|31|oughteseationought
1742|AAAAAAAAOMGAAAAA|1997-10-27|2000-10-26|Spec|6.59|5.27|2003001|"exportiimporto #1"|3|pants|2|Men|466|callycallyese|medium|8violet4551251220696|snow|Each|Unknown|25|ableeseationought
1743|AAAAAAAAOMGAAAAA|2000-10-27||Spec|7.64|5.27|8012004|"importomaxi #4"|12|guns|8|Sports|167|callycallyese|N/A|4lavender35733154981|orchid|N/A|Unknown|45|prieseationought
1744|AAAAAAAAANGAAAAA|1997-10-27|1999-10-27|Eager, broad|84.62|76.15|10001011|"amalgunivamalg #11"|1|cameras|10|Electronics|456|callyantiese|N/A|9349turquoise3498922|snow|Pound|Unknown|31|eseeseationought
1745|AAAAAAAAANGAAAAA|1999-10-28|2001-10-26|Successful, christian years must not give with a methods. Prices provide still. New banks would dig broken, previous areas. Things used to see additional views. Earnings may not sig|58.41|42.05|10001011|"exportiamalg #2"|3|maternity|1|Women|456|callyantiese|petite|65438yellow839897588|pink|Tbl|Unknown|8|antieseationought
1746|AAAAAAAAANGAAAAA|2001-10-27||Successful, christian years must not give with a methods. Prices provide still. New banks would dig broken, previous areas. Things used to see additional views. Earnings may not sig|2.42|42.05|10001011|"edu packamalg #1"|4|swimwear|1|Women|456|callyantiese|small|65438yellow839897588|papaya|Gram|Unknown|27|callyeseationought
1747|AAAAAAAADNGAAAAA|1997-10-27||Scientific allegations used to get immediately in the processes. Endless, open hands must fly costs. Also obvious kinds could transmit even on a clients. Interesting reser|7.82|2.97|5001002|"amalgscholar #2"|1|rock|5|Music|734|esepriation|N/A|753699168pale1316455|metallic|Dozen|Unknown|43|ationeseationought
1748|AAAAAAAAENGAAAAA|1997-10-27|2000-10-26|Very common issues take daily images. Both handsome years like literary mechanisms. Raw, safe lives happen uncomfortably severe fires. Formally primary cards contain rare, religious areas; b|4.10|3.52|1004001|"edu packamalg #1"|4|swimwear|1|Women|404|esebarese|medium|2powder0892585917513|smoke|Tsp|Unknown|55|eingeseationought
1749|AAAAAAAAENGAAAAA|2000-10-27||Very common issues take daily images. Both handsome years like literary mechanisms. Raw, safe lives happen uncomfortably severe fires. Formally primary cards contain rare, religious areas; b|2.89|3.52|3002002|"importoexporti #2"|4|infants|3|Children|155|esebarese|large|118797143439yellow52|powder|Box|Unknown|18|n steseationought
1750|AAAAAAAAGNGAAAAA|1997-10-27|1999-10-27|Files hear later in a flowers. Other conditions shall make fires. Available, special novels would move in a services. Western, top fears fit even universities. Then recent days promote very traditi|1.51|0.45|2004001|"edu packimporto #1"|4|sports-apparel|2|Men|26|callyable|extra large|860350lemon170692330|wheat|Pound|Unknown|15|barantiationought
1751|AAAAAAAAGNGAAAAA|1999-10-28|2001-10-26|Assets like as semantic children. At least accused elements shall force noisily years. So final payment|3.64|0.45|10003001|"exportiunivamalg #1"|3|dvd/vcr players|10|Electronics|26|callyable|N/A|49429233829seashell7|olive|Ton|Unknown|84|oughtantiationought
1752|AAAAAAAAGNGAAAAA|2001-10-27||Assets like as semantic children. At least accused elements shall force noisily years. So final payment|3.18|0.45|10003001|"univunivamalg #1"|3|travel|9|Books|26|callyable|N/A|25284514770sky240854|wheat|Ounce|Unknown|5|ableantiationought
1753|AAAAAAAAJNGAAAAA|1997-10-27||Financial, clear nations ought to come. As private men imply; arbitrary, past days should colour quiet, financial men. Lips come by a questions. Deep years must not connec|4.49|3.18|7007004|"brandbrand #4"|7|decor|7|Home|63|prically|N/A|87386366midnight4418|navy|Gross|Unknown|43|priantiationought
1754|AAAAAAAAKNGAAAAA|1997-10-27|2000-10-26|Great firms|2.60|1.74|10015004|"scholaramalgamalg #4"|15|portable|10|Electronics|545|antieseanti|N/A|692light247383413820|sky|Bunch|Unknown|7|eseantiationought
1755|AAAAAAAAKNGAAAAA|2000-10-27||Great firms|6.78|5.89|9010004|"univunivamalg #4"|10|travel|9|Books|545|antieseanti|N/A|692light247383413820|papaya|Unknown|Unknown|6|antiantiationought
1756|AAAAAAAAMNGAAAAA|1997-10-27|1999-10-27|Conscious, c|4.80|3.79|8011007|"amalgmaxi #7"|11|archery|8|Sports|147|ationeseought|N/A|46004398738lemon0516|indian|N/A|Unknown|15|callyantiationought
1757|AAAAAAAAMNGAAAAA|1999-10-28|2001-10-26|Forward, ancient styles will stop yet years. Public, fine things may know therefore as involved applicants; strangely social ways isolate on a pieces. Defe|8.81|3.79|7007008|"brandbrand #8"|7|decor|7|Home|147|ationeseought|N/A|1413olive89105928816|tan|Bundle|Unknown|8|ationantiationought
1758|AAAAAAAAMNGAAAAA|2001-10-27||Forward, ancient styles will stop yet years. Public, fine things may know therefore as involved applicants; strangely social ways isolate on a pieces. Defe|8.22|7.06|7007008|"importoimporto #1"|2|shirts|2|Men|390|ationeseought|small|1413olive89105928816|sky|Dozen|Unknown|1|eingantiationought
1759|AAAAAAAAPNGAAAAA|1997-10-27||Ancient firms shall not show all thence emotional affairs. Ever annual revenues used to sta|1.73|0.64|9012008|"importounivamalg #8"|12|home repair|9|Books|474|eseationese|N/A|26873brown0101103154|grey|Box|Unknown|64|n stantiationought
1760|AAAAAAAAAOGAAAAA|1997-10-27|2000-10-26|As prime legs proceed probably orange, historic experiments. Here different skills may not appease usually continental terms. Cheerful daughters take on a shops. Far|3.51|1.26|7002001|"importobrand #1"|2|bedding|7|Home|404|esebarese|N/A|papaya92760251432919|hot|Unknown|Unknown|16|barcallyationought
1761|AAAAAAAAAOGAAAAA|2000-10-27||There wonderful parts might mean important, terrible eyes. Level, general woods generate also proposed goods. Funds reclaim much extra borders. Easier other year|54.12|35.17|7002001|"exportiamalgamalg #11"|2|stereo|10|Electronics|11|oughtought|N/A|papaya92760251432919|sky|Dram|Unknown|39|oughtcallyationought
1762|AAAAAAAACOGAAAAA|1997-10-27|1999-10-27|Universities cannot link notes. Possible brothers could not ask joint strategies. Above negative days should not prevail successful, ugly relationships. |2.88|1.35|6014003|"edu packbrand #3"|14|estate|6|Jewelry|524|eseableanti|N/A|759504669papaya09983|olive|Pound|Unknown|58|ablecallyationought
1763|AAAAAAAACOGAAAAA|1999-10-28|2001-10-26|Universities cannot link notes. Possible brothers could not ask joint strategies. Above negative days should not prevail successful, ugly relationships. |9.09|1.35|4004002|"edu packedu pack #2"|14|athletic|4|Shoes|524|eseableanti|large|759504669papaya09983|mint|Dram|Unknown|33|pricallyationought
1764|AAAAAAAACOGAAAAA|2001-10-27||Good measurements go far, wide accidents; much satisfactory ways change sometimes however complete drugs|4.80|2.92|4004002|"importocorp #5"|2|diamonds|6|Jewelry|524|eseableanti|N/A|546676red33260632671|thistle|Dram|Unknown|3|esecallyationought
1765|AAAAAAAAFOGAAAAA|1997-10-27||Together elderly voices see hard available officers. Soon local women depend clearly in the places; dead agen|4.51|3.83|6015006|"scholarbrand #6"|15|custom|6|Jewelry|509|n stbaranti|N/A|92083cornflower62809|saddle|Bunch|Unknown|27|anticallyationought
1766|AAAAAAAAGOGAAAAA|1997-10-27|2000-10-26|Fears justify together nevertheless past connections. Perfect, hard weeks could not feel again with the minerals. New, dark p|27.91|20.37|1004001|"edu packamalg #1"|4|swimwear|1|Women|23|priable|petite|599707medium03762635|slate|Ton|Unknown|2|callycallyationought
1767|AAAAAAAAGOGAAAAA|2000-10-27||Proposed, national bills lead oddly detailed, difficult adults. Potential, male days allow heads. Russian, modern functio|8.20|20.37|1004001|"importoimporto #2"|4|shirts|2|Men|218|eingoughtable|petite|55804102876rose53008|rose|Pallet|Unknown|19|ationcallyationought
1768|AAAAAAAAIOGAAAAA|1997-10-27|1999-10-27|Exactly possible affairs compensate then increases. A little general women keep perfectly often british others; strange, nasty drivers may fa|5.77|4.38|1001001|"amalgamalg #1"|1|dresses|1|Women|721|oughtableation|large|3188seashell05520454|peach|Box|Unknown|2|eingcallyationought
1769|AAAAAAAAIOGAAAAA|1999-10-28|2001-10-26|Exactly possible affairs compensate then increases. A little general women keep perfectly often british others; strange, nasty drivers may fa|0.21|4.38|1001001|"exportiimporto #2"|3|pants|2|Men|608|eingbarcally|petite|pale7679658790667610|sandy|Case|Unknown|17|n stcallyationought
1770|AAAAAAAAIOGAAAAA|2001-10-27||Criminal boys hear therefor|4.02|3.13|5004001|"edu packscholar #1"|4|classical|5|Music|201|oughtbarable|N/A|86169971483chiffon48|purple|Gram|Unknown|6|barationationought
1771|AAAAAAAALOGAAAAA|1997-10-27||Irrelevant, good steps ought to control so eyes; bloody, working brot|3.83|1.87|10006004|"corpunivamalg #4"|6|musical|10|Electronics|223|priableable|N/A|5993sky7672076878447|orange|Carton|Unknown|20|oughtationationought
1772|AAAAAAAAMOGAAAAA|1997-10-27|2000-10-26|Commercial, obvious women explain thus leading signals. Modern sections stay either to a sounds. Unlikely men cannot get skills. Western, catholic ways will offer eyes. Ne|0.57|0.50|3004001|"edu packexporti #1"|4|school-uniforms|3|Children|591|oughtn stanti|small|3231921943994spring9|navy|N/A|Unknown|21|ableationationought
1773|AAAAAAAAMOGAAAAA|2000-10-27||Commercial, obvious women explain thus leading signals. Modern sections stay either to a sounds. Unlikely men cannot get skills. Western, catholic ways will offer eyes. Ne|2.87|0.50|5003002|"exportischolar #2"|4|pop|5|Music|805|antibareing|N/A|411660pink7150373127|puff|Tbl|Unknown|32|priationationought
1774|AAAAAAAAOOGAAAAA|1997-10-27|1999-10-27|Linear responsibilities used to lead sectors. Shots may pull then also outside observati|3.16|1.67|4002001|"importoedu pack #1"|2|mens|4|Shoes|337|ationpripri|small|76745584071255mint24|yellow|Lb|Unknown|12|eseationationought
1775|AAAAAAAAOOGAAAAA|1999-10-28|2001-10-26|Linear responsibilities used to lead sectors. Shots may pull then also outside observati|2.43|1.87|4002001|"univbrand #8"|2|jewelry boxes|6|Jewelry|337|ationpripri|N/A|5977peru747414217144|snow|Ounce|Unknown|15|antiationationought
1776|AAAAAAAAOOGAAAAA|2001-10-27||Arms think somewhat likely patterns. Clothes could come later; libraries look never. Actual, video-taped ap|3.30|1.87|2002001|"importoimporto #1"|2|shirts|2|Men|337|ationpripri|large|5977peru747414217144|violet|Tsp|Unknown|2|callyationationought
1777|AAAAAAAABPGAAAAA|1997-10-27||Beneficial patients work possible |0.40|0.33|6013002|"exportibrand #2"|13|loose stones|6|Jewelry|880|bareingeing|N/A|0601dim5292908359453|turquoise|Lb|Unknown|18|ationationationought
1778|AAAAAAAACPGAAAAA|1997-10-27|2000-10-26|Results ensure only models. Masses sail. Late only stars may please straight large mothers; combined, impossible details shall not find; ever close years want again |61.81|33.37|4002001|"importoedu pack #1"|2|mens|4|Shoes|115|antioughtought|medium|93359royal5160136738|sienna|N/A|Unknown|5|eingationationought
1779|AAAAAAAACPGAAAAA|2000-10-27||Conditions run just various, social positions. Generally variable links run firmly. Small, english customers cannot stop highly. Ce|26.02|33.37|4002001|"exportibrand #4"|2|loose stones|6|Jewelry|115|antioughtought|N/A|93359royal5160136738|puff|Pound|Unknown|12|n stationationought
1780|AAAAAAAAEPGAAAAA|1997-10-27|1999-10-27|Tories could land however minutes. Buildings should not tempt central, successful goods. Bad solutions dip then acts. Unlikely right|8.00|3.60|10001013|"amalgunivamalg #13"|1|cameras|10|Electronics|48|eingese|N/A|109587powder00444478|khaki|Carton|Unknown|29|bareingationought
1781|AAAAAAAAEPGAAAAA|1999-10-28|2001-10-26|Rooms hang perhaps for a possibilities. Afraid, different regions shall place secondly other, only years. European, eastern newspapers arres|5.22|3.60|2002002|"importoimporto #2"|2|shirts|2|Men|48|eingese|large|109587powder00444478|turquoise|Ounce|Unknown|62|oughteingationought
1782|AAAAAAAAEPGAAAAA|2001-10-27||Social, bad camps remember close changes; units compare about in a events. Standards will not buy often for|3.82|3.60|2002002|"amalgscholar #1"|1|rock|5|Music|48|eingese|N/A|109587powder00444478|rose|Cup|Unknown|43|ableeingationought
1783|AAAAAAAAHPGAAAAA|1997-10-27||Here certain duties reach then in a volunteers. Else dynamic police shall seem simply growing services. Yellow effects may not use there important artists. Contemporary, willing e|3.43|2.50|3004002|"edu packexporti #2"|4|school-uniforms|3|Children|202|ablebarable|large|3018121lime261095178|dim|Bunch|Unknown|26|prieingationought
1784|AAAAAAAAIPGAAAAA|1997-10-27|2000-10-26|Lights arrange on the events. Prime, similar advisers can attack homes. Forces cure to the farmers.|3.80|2.50|3004001|"edu packexporti #1"|4|school-uniforms|3|Children|359|n stantipri|N/A|045167934plum3285347|khaki|Ounce|Unknown|35|eseeingationought
1785|AAAAAAAAIPGAAAAA|2000-10-27||Political, british doors improve again ahead sharp sentences. Just large patients should happen clearly ears; famous children |7.60|2.50|3004001|"exportiexporti #2"|4|toddlers|3|Children|164|n stantipri|small|24005light4235091861|lawn|N/A|Unknown|5|antieingationought
1786|AAAAAAAAKPGAAAAA|1997-10-27|1999-10-27|Hours afford together days. Future, important hundreds may hope overall for a services. Black breasts stop wives. Numbers s|4.76|3.76|7007007|"brandbrand #7"|7|decor|7|Home|231|oughtpriable|N/A|65powder492301150878|violet|Lb|Unknown|60|callyeingationought
1787|AAAAAAAAKPGAAAAA|1999-10-28|2001-10-26|Hours afford together days. Future, important hundreds may hope overall for a services. Black breasts stop wives. Numbers s|0.61|0.28|7007007|"amalgamalg #2"|7|dresses|1|Women|538|oughtpriable|medium|855545611pale8542046|red|Cup|Unknown|9|ationeingationought
1788|AAAAAAAAKPGAAAAA|2001-10-27||Minor, able items must stay only fully wide stories; calculations prove slow individual, geographical problems; below individual waters could not|3.66|2.08|7007007|"edu packmaxi #9"|7|tennis|8|Sports|18|eingought|N/A|576187deep3934629872|violet|Box|Unknown|93|eingeingationought
1789|AAAAAAAANPGAAAAA|1997-10-27||Close shoulders control just families. Ideas register then ready years. Together regular attempts want dramati|6.44|3.60|2002002|"importoimporto #2"|2|shirts|2|Men|257|ationantiable|small|3522506plum496876113|peach|Lb|Unknown|5|n steingationought
1790|AAAAAAAAOPGAAAAA|1997-10-27|2000-10-26|Local children should not cut p|12.63|10.60|3004001|"edu packexporti #1"|4|school-uniforms|3|Children|201|oughtbarable|large|51526red336979974829|papaya|Unknown|Unknown|30|barn stationought
1791|AAAAAAAAOPGAAAAA|2000-10-27||Local children should not cut p|1.49|10.60|3004001|"edu packedu pack #2"|4|athletic|4|Shoes|728|oughtbarable|petite|7purple9265002668063|sienna|Ton|Unknown|5|oughtn stationought
1792|AAAAAAAAAAHAAAAA|1997-10-27|1999-10-27|Then sensible months would go other, profitable systems. For instance easy cigarettes accommodate perhaps holy changes. Persistent schools should eat. Away white schools would give under. Able grou|2.16|1.38|8003003|"exportinameless #3"|3|basketball|8|Sports|68|eingcally|N/A|06steel2724953103945|wheat|Pallet|Unknown|18|ablen stationought
1793|AAAAAAAAAAHAAAAA|1999-10-28|2001-10-26|Then sensible months would go other, profitable systems. For instance easy cigarettes accommodate perhaps holy changes. Persistent schools should eat. Away white schools would give under. Able grou|4.00|2.92|5003002|"exportischolar #2"|3|pop|5|Music|461|eingcally|N/A|06steel2724953103945|peach|Dram|Unknown|68|prin stationought
1794|AAAAAAAAAAHAAAAA|2001-10-27||Then sensible months would go other, profitable systems. For instance easy cigarettes accommodate perhaps holy changes. Persistent schools should eat. Away white schools would give under. Able grou|3.65|2.92|5003002|"importoimporto #1"|2|shirts|2|Men|461|oughtcallyese|large|96369658rose07025458|white|Box|Unknown|38|esen stationought
1795|AAAAAAAADAHAAAAA|1997-10-27||Similar fields run old cities. Golden, warm opportunities compare by a wives. Initial, regular libraries touch sometimes. Still unemployed stations contribute below |2.33|1.25|9009008|"maximaxi #8"|9|science|9|Books|453|priantiese|N/A|1olive26557414664553|sienna|Bundle|Unknown|9|antin stationought
1796|AAAAAAAAEAHAAAAA|1997-10-27|2000-10-26|Physical minutes must sound absolutely early times. Marine cases will not become able years. C|4.08|2.61|5002001|"importoscholar #1"|2|country|5|Music|198|eingn stought|N/A|0152thistle945219531|sandy|Each|Unknown|3|callyn stationought
1797|AAAAAAAAEAHAAAAA|2000-10-27||Precisely alive members shall dare further upper, insufficient clients; home essent|18.28|8.77|5002001|"importoamalg #2"|2|fragrances|1|Women|198|eingn stought|N/A|85165143brown0786877|plum|Oz|Unknown|17|ationn stationought
1798|AAAAAAAAGAHAAAAA|1997-10-27|1999-10-27|Rights must not fall there common, usual councils. Over lexical clouds would not shoot up to a troubles. I|7.94|4.68|10007014|"brandunivamalg #14"|7|personal|10|Electronics|461|oughtcallyese|N/A|6798170713772sandy86|sky|Tbl|Unknown|24|eingn stationought
1799|AAAAAAAAGAHAAAAA|1999-10-28|2001-10-26|Rights must not fall there common, usual councils. Over lexical clouds would not shoot up to a troubles. I|3.22|1.86|10007014|"exportischolar #2"|7|pop|5|Music|11|oughtcallyese|N/A|732seashell054019046|slate|Cup|Unknown|2|n stn stationought
1800|AAAAAAAAGAHAAAAA|2001-10-27||Professional, biological models would not talk just. Parts identify companies. Pack|0.54|0.17|9001001|"amalgmaxi #1"|1|arts|9|Books|486|callyeingese|N/A|9158tomato3862724024|ivory|N/A|Unknown|73|barbareingought
