wr_returned_date_sk|wr_returned_time_sk|wr_item_sk|wr_refunded_customer_sk|wr_refunded_cdemo_sk|wr_refunded_hdemo_sk|wr_refunded_addr_sk|wr_returning_customer_sk|wr_returning_cdemo_sk|wr_returning_hdemo_sk|wr_returning_addr_sk|wr_web_page_sk|wr_reason_sk|wr_order_number|wr_return_quantity|wr_return_amt|wr_return_tax|wr_return_amt_inc_tax|wr_fee|wr_return_ship_cost|wr_refunded_cash|wr_reversed_charge|wr_account_credit|wr_net_loss
2451653|7022|1402|6224|51235|3446|4057|6224|51235|3446|4057|2|1|1|10|698.20|13.96|712.16|18.63|820.30|300.22|382.06|15.92|852.89
2451627|64915|758|3811|18405|199|3793|3811|18405|199|3793|1|3|1|47|1248.79|49.95|1298.74|61.81|709.23|262.24|128.25|858.30|820.99
2452719|11945|439|7625|84830|5475|1200|7625|84830|5475|1200|6|3|2|8|298.48|26.86|325.34|40.26|192.24|5.96|187.21|105.31|259.36
2451785|62343|728|4060|158225|6357|4329|4060|158225|6357|4329|5|2|3|14|406.00|32.48|438.48|92.32|256.34|406.00|0.00|0.00|381.14
2452169|79965|677|1502|38440|6898|2196|1502|38440|6898|2196|1|1|5|38|637.64|6.37|644.01|43.95|392.16|76.51|448.90|112.23|442.48
2451654|76763|181|3762|44757|6825|533|3762|44757|6825|533|4|1|6|30|1655.40|49.66|1705.06|34.63|93.00|993.24|79.45|582.71|177.29
2451403|66912|1327|3748|162383|6585|2780|3748|162383|6585|2780|1|1|7|59|269.04|24.21|293.25|89.19|807.71|247.51|15.71|5.82|921.11
2451071|47660|812|7492|115346|1393|4567|7492|115346|1393|4567|1|1|9|12|1467.00|117.36|1584.36|31.38|589.80|850.86|314.23|301.91|738.54
2451025|41738|1786|4119|105016|1240|1377|4119|105016|1240|1377|4|3|9|2|89.60|0.00|89.60|59.44|83.20|46.59|3.44|39.57|142.64
2450970|56150|1564|2393|165150|3267|1104|2393|165150|3267|1104|2|2|9|40|484.00|19.36|503.36|55.27|3710.40|411.40|50.09|22.51|3785.03
2452410|51583|41|3077|163229|3061|3453|3077|163229|3061|3453|1|1|14|4|79.68|2.39|82.07|63.26|32.12|69.32|0.82|9.54|97.77
2451500|23720|574|7942|81338|3567|3203|7942|81338|3567|3203|1|2|15|26|656.50|26.26|682.76|81.95|585.52|45.95|348.01|262.54|693.73
||1204||167177|5032|1320||167177|||4|1|15||708.66|||||687.40|3.82||
2451619|69877|476|5171|167177|5032|1320|5171|167177|5032|1320|4|1|15|18|1970.64|177.35|2147.99|23.54|223.92|1694.75|110.35|165.54|424.81
2452569|42371|1549|4470|44758|5093|981|4470|44758|5093|981|3|3|16|3|61.02|4.27|65.29|47.13|10.50|38.44|15.12|7.46|61.90
2452558|29896|61|3483|105242|3114|2113|3483|105242|3114|2113|6|3|17|78|1538.94|107.72|1646.66|60.99|1230.84|538.62|540.17|460.15|1399.55
2452800||894||31639||3790||31639|2038|3790||2|19|6||9.39|||6.48||8.03|81.24|
2452901|75507|621|6244|108473|3949|2178|6244|108473|3949|2178|6|3|19|18|905.04|45.25|950.29|77.90|23.76|380.11|136.48|388.45|146.91
2452762|60447|1527|9797|7413|3236|1932|9797|7413|3236|1932|1|3|19|13|35.49|0.35|35.84|95.21|9.62|11.71|11.41|12.37|105.18
2451704|73535|781|7505|43342|6506|4583|7505|43342|6506|4583|5|1|20|6|263.82|18.46|282.28|94.56|275.04|184.67|56.19|22.96|388.06
2452765|33955|324|4236|167197|3518|4159|4236|167197|3518|4159|1|1|21|1|13.68|1.09|14.77|92.57|2.82|9.84|2.38|1.46|96.48
2451351|43967|98|7155|65049|5977|4618|7155|65049|5977|4618|4|1|22|42|1553.58|108.75|1662.33|99.33|735.84|46.60|301.39|1205.59|943.92
2451300|3039|1660|7972|25831|5977|4356|7972|25831|5977|4356|4|2|23|10|9.20|0.00|9.20|29.60|74.20|0.09|8.56|0.55|103.80
2451188|18945|1702|8099|16488|2877|3819|8099|16488|2877|3819|4|1|23|32|220.80|19.87|240.67|82.32|1325.76|13.24|95.47|112.09|1427.95
2452204|65672|861|4949|134964|1106|2161|4949|134964|1106|2161|5|3|24|28|3418.24|102.54|3520.78|70.42|1882.44|3281.51|101.18|35.55|2055.40
2452505|30869|325|3191|190442|5566|2130|3191|190442|5566|2130|6|2|25|10|1480.60|29.61|1510.21|76.59|460.20|814.33|359.78|306.49|566.40
||1146|6355|||||156576|2830||6|3|25|||44.36|1153.58||915.42|288.39|295.49|525.34|1040.43
||267|||4610|593||827|||6||25|||26.05||71.10||286.55|396.22|619.73|1118.15
2452512|31466|937|2159|124054|829|3164|2159|124054|829|3164|5|1|29|3|93.15|0.00|93.15|65.08|47.31|19.56|25.75|47.84|112.39
2452447|46016|1243|5599|96309|4779|4569|5599|96309|4779|4569|5|1|29|43|354.32|14.17|368.49|13.48|1737.20|336.60|6.37|11.35|1764.85
2451329|44968|128|1730|136607|4891|3095|1730|136607|4891|3095|4|1|30|53|0.00|0.00|0.00|79.31|2608.66|0.00|0.00|0.00|2687.97
2451691|58507|1417|9445|87732|6546|720|9445|87732|6546|720|4|3|32|6|71.64|2.14|73.78|79.21|124.02|8.59|18.28|44.77|205.37
|73659|1346|||4952|3014|||||1|3|33|||17.01|300.60|13.60|139.95||129.23|134.51|
2451536|69696|1418|3131|20016|1023|4797|3131|20016|1023|4797|1|2|34|82|1159.48|46.37|1205.85|38.55|3334.12|962.36|179.37|17.75|3419.04
2452198|43497|767|4480|126941|75|449|4480|126941|75|449|1|3|35|24|870.00|8.70|878.70|75.86|126.48|234.90|349.30|285.80|211.04
2452126|18038|983|3079|47761|4203|765|3079|47761|4203|765|1|3|35|39|379.08|15.16|394.24|69.38|2401.23|322.21|4.54|52.33|2485.77
2452027|38566|1221|3034|173296|1605|1467|3034|173296|1605|1467|3|2|36|11|52.80|4.75|57.55|0.57|203.17|29.56|9.52|13.72|208.49
2452267|59870|551|9810|140131|4372|3853|9810|140131|4372|3853|3|1|36|5|172.95|6.91|179.86|61.44|137.65|8.64|96.94|67.37|206.00
2451814|44894|985|6447|126158|5309|1540|6447|126158|5309|1540|1|1|38|36|1311.84|65.59|1377.43|42.09|451.44|1206.89|1.04|103.91|559.12
2451893|58036|1403|3280|121759|5471|143|3280|121759|5471|143|5|1|39|75|663.75|13.27|677.02|94.62|398.25|351.78|81.11|230.86|506.14
2452010|58220|1166|5225|61513|3721|4769|5225|61513|3721|4769|2|3|39|3|10.92|0.32|11.24|66.56|4.95|4.58|5.64|0.70|71.83
2451251|82390|967|4656|106766|6109|1459|4656|106766|6109|1459|2|3|42|18|1209.24|36.27|1245.51|59.99|323.46|0.00|544.15|665.09|419.72
2451370|20532|1178|1526|160873|6907|2974|1526|160873|6907|2974|4|3|42|27|1328.40|119.55|1447.95|20.62|2804.76|398.52|111.58|818.30|2944.93
2451165|33170|746|906|43695|1044|3113|906|43695|1044|3113|2|2|42|49|5007.31|350.51|5357.82|94.28|180.81|3004.38|741.08|1261.85|625.60
2451388|67116|151|7004|164942|1407|3185|7004|164942|1407|3185|1|1|42|23|618.24|18.54|636.78|15.84|843.18|562.59|38.95|16.70|877.56
2452068|55230|575|6754|92611|3715|372|6754|92611|3715|372|3|1|43|17|4186.08|83.72|4269.80|57.31|481.10|2093.04|879.07|1213.97|622.13
2451992|35722|1205|9968|112942|5723|2577|9968|112942|5723|2577|3|1|43|40|504.80|30.28|535.08|26.21|624.40|237.25|192.63|74.92|680.89
2452039|37419|477|4180|100385|1776|207|4180|100385|1776|207|1|3|43|5|274.75|2.74|277.49|87.11|31.70|16.48|10.33|247.94|121.55
2451372|26900|1616|3751|23985|4779|3646|3751|23985|4779|3646|2|3|44|9|228.06|4.56|232.62|42.00|40.50|166.48|4.31|57.27|87.06
2451406||1081|4663|61158|6053||4663|61158|6053|3348|||45|||149.11||75.19|2042.56||397.39|1131.05|2266.86
2451581|38768|1612|5912|123633|554|722|5912|123633|554|722|1|1|48|4|124.24|8.69|132.93|21.48|269.20|45.96|50.09|28.19|299.37
2451641|31818|830|9143|5103|3416|3576|9143|5103|3416|3576|2|1|48|52|2459.08|0.00|2459.08|78.29|1844.44|2237.76|146.07|75.25|1922.73
2451532|19806|130|6224|47926|4715|1537|6224|47926|4715|1537|2|2|48|31|5386.87|215.47|5602.34|93.90|3287.86|2477.96|1309.00|1599.91|3597.23
2452741|63455|1563|1502|17461|2860|3939|1502|17461|2860|3939|1|2|50|59|2451.45|196.11|2647.56|66.26|973.50|1176.69|318.69|956.07|1235.87
2452119|63575|997|6110|30055|273|2131|6110|30055|273|2131|1|1|51|33|45.54|0.00|45.54|76.29|10.56|14.57|15.17|15.80|86.85
2452099|67052|199|8437|111356|6148|3580|8437|111356|6148|3580|2|2|51|7|1127.84|0.00|1127.84|89.54|375.90|676.70|81.20|369.94|465.44
2452456|44308|1027|9163|168119|4755|2998|9163|168119|4755|2998|1|2|52|5|570.10|5.70|575.80|53.91|186.35|142.52|260.82|166.76|245.96
2451830|23653|467|466|92189|2312|4588|466|92189|2312|4588|2|2|53|36|3561.84|142.47|3704.31|46.34|1758.96|2564.52|937.48|59.84|1947.77
2452767|76905|504|6083|155506|6722|2465|6083|155506|6722|2465|1|1|54|5|57.40|0.57|57.97|70.72|19.40|19.51|35.99|1.90|90.69
2452733|61712|1362|1596|47496|2151|4446|1596|47496|2151|4446|6|2|54|60|4770.00|333.90|5103.90|28.00|644.40|906.30|1931.85|1931.85|1006.30
2451974|44355|727|2201|182486|4611|1216|2201|182486|4611|1216|5|1|55|28|1339.52|66.97|1406.49|18.33|570.92|910.87|60.01|368.64|656.22
2451032|51071|986|9995|15021|3374|3687|9995|15021|3374|3687|1|1|56|4|173.96|6.95|180.91|21.36|98.72|41.75|10.57|121.64|127.03
2451290|46952|1315|4605|16996|5947|2971|4605|16996|5947|2971|1|2|57|4|293.60|5.87|299.47|65.83|100.92|0.00|49.91|243.69|172.62
2451507|41331|445|2247|124340|5633|1679|2247|124340|5633|1679|4|1|58|5|396.30|11.88|408.18|43.45|117.05|210.03|139.70|46.57|172.38
2451793|23325|1142|7687|86797|1234|1984|7687|86797|1234|1984|2|2|59|22|77.22|6.17|83.39|70.16|334.84|76.44|0.62|0.16|411.17
2451353|73981|1706|2552|144598|2244|4090|2552|144598|2244|4090|2|2|60|75|7742.25|232.26|7974.51|35.63|4992.00|3638.85|1805.49|2297.91|5259.89
2451759|17440|1081|7512|101970|1388|2479|7512|101970|1388|2479|1|3|62|62|716.10|50.12|766.22|44.58|1042.22|694.61|6.44|15.05|1136.92
2451279|26601|320|2305|85849|3313|2217|2305|85849|3313|2217|4|1|64|36|446.76|17.87|464.63|79.24|213.48|8.93|8.75|429.08|310.59
2451342|1686|451|3243|151195|5594|4793|3243|151195|5594|4793|2|2|65|1|5.03|0.40|5.43|37.12|40.28|4.17|0.27|0.59|77.80
2451285|72998|766|7871|191394|2644|2454|7871|191394|2644|2454|2|3|65|20|481.80|38.54|520.34|99.89|38.00|433.62|43.36|4.82|176.43
2452022|57045|1601|5052|175598|591|384|5052|175598|591|384|2|3|67|45|6054.30|423.80|6478.10|93.96|1943.10|5388.32|19.97|646.01|2460.86
2451295|38736|1220|8135|151042|5113|4184|8135|151042|5113|4184|2|3|68|12|114.84|5.74|120.58|79.31|785.40|44.78|69.35|0.71|870.45
2452071|52702|1286|3363|128534|1592|4483|3363|128534|1592|4483|1|3|69|24|947.52|28.42|975.94|25.81|839.76|559.03|174.82|213.67|893.99
2452177||1357||152693|||4811|152693|2655|4024|1||69|19|2153.84|150.76|2304.60|38.07|839.99||667.69||1028.82
2451564|52809|74|4089|8716|6063|3|4089|8716|6063|3|1|2|71|32|661.76|59.55|721.31|65.85|220.48|46.32|30.77|584.67|345.88
2451505|63032|704|1498|133615|7125|962|1498|133615|7125|962|2|1|71|33|1615.02|32.30|1647.32|17.99|1239.48|242.25|315.73|1057.04|1289.77
2451597|66858|1660|9317|58624|1691|1278|9317|58624|1691|1278|4|2|71|16|1684.64|101.07|1785.71|70.18|921.28|1364.55|64.01|256.08|1092.53
2452153|46738|445|7222|178809|5949|1736|7222|178809|5949|1736|1|2|72|3|181.95|0.00|181.95|85.56|67.02|109.17|3.63|69.15|152.58
2452491|82372|987|9805|50091|5450|1049|9805|50091|5450|1049|1|2|73|1|7.78|0.07|7.85|22.87|38.92|3.11|0.79|3.88|61.86
2452746|68773|1003|8156|98272|1475|1111|8156|98272|1475|1111|6|3|75|12|121.20|8.48|129.68|0.63|29.76|107.86|6.00|7.34|38.87
2451977|46782|56|2897|50495|3933|3804|2897|50495|3933|3804|2|3|76|63|4153.59|249.21|4402.80|84.68|2010.96|3821.30|212.66|119.63|2344.85
2451558|41425|1231|2329|106936|6390|2844|2329|106936|6390|2844|1|2|77|11|699.60|62.96|762.56|87.39|118.80|6.99|450.19|242.42|269.15
|52520|691|3798||3145||3798|24215|3145|||2|78|8||||||800.81|||633.71
2452844|26226|873|9745|119742|699|1776|9745|119742|699|1776|1|1|78|5|18.65|0.37|19.02|17.40|14.90|9.51|6.48|2.66|32.67
2452647|64514|918|3488|24746|6964|2302|3488|24746|6964|2302|6|1|78|25|767.75|61.42|829.17|77.29|0.00|406.90|57.73|303.12|138.71
2451730|28598|1792||79827|5773||2835|79827|||2||79|19|||1609.82||499.13|||487.65|
||1036||||442|9633||2839|442||2|80|||||9.43||236.80|26.83|1315.09|608.07
2451646|56549|476|7820|57529|4978|500|7820|57529|4978|500|2|3|81|42|230.16|6.90|237.06|37.43|119.28|80.55|8.97|140.64|163.61
2452216|36435|1523|8944|86679|6814|1149|8944|86679|6814|1149|1|1|82|2|78.08|3.90|81.98|77.96|2.00|63.24|14.69|0.15|83.86
2452257|34782|667|1629|154885|541|3397|1629|154885|541|3397|1|1|82|5|131.55|3.94|135.49|24.08|70.85|59.19|62.95|9.41|98.87
2452700|51986|661|1787|48252|7070|735|1787|48252|7070|735|1|3|85|23|142.14|2.84|144.98|21.40|629.97|56.85|61.40|23.89|654.21
2451522|15505|808|4558|116125|3885|4372|4558|116125|3885|4372|1|1|86|47|1417.99|42.53|1460.52|87.34|54.52|1162.75|48.49|206.75|184.39
|46434|1304|9588||1649||9588|143002|1649||2||89||2846.34||2846.34|||||206.65|1205.32
2452509|50871|415|7564|187741|4558|255|7564|187741|4558|255|1|2|90|30|660.60|19.81|680.41|95.98|315.90|257.63|225.66|177.31|431.69
2452392|43620|1131|1754|36707|4027|4787|1754|36707|4027|4787|3|1|92|2|157.70|11.03|168.73|65.97|23.48|64.65|52.10|40.95|100.48
2451192|82266|374|5357|103829|5741|2686|5357|103829|5741|2686|2|3|94|39|4095.39|245.72|4341.11|66.32|421.59|3112.49|540.59|442.31|733.63
2451105|74891|410|6650|156709|128|420|6650|156709|128|420|1|2|94|16|1731.20|0.00|1731.20|22.56|328.32|190.43|446.82|1093.95|350.88
2452713|44242|24|5377|139135|653|1891|5377|139135|653|1891|3|1|97|2|375.00|18.75|393.75|78.06|132.80|303.75|42.03|29.22|229.61
2452046|48347|19|8887|52443|3486|762|8887|52443|3486|762|3|3|98|7|253.05|15.18|268.23|54.02|142.52|245.45|6.99|0.61|211.72
2451812|71972|1717|6745|90717|524|3764|6745|90717|524|3764|4|1|99|11|574.31|0.00|574.31|48.74|557.37|126.34|443.49|4.48|606.11
2451695|80622|920|6875|156669|270|4744|6875|156669|270|4744|2|3|99|53|1808.36|162.75|1971.11|2.02|3164.63|1175.43|506.34|126.59|3329.40
2451477|33819|1729|1853|111195|2537|279|1853|111195|2537|279|2|3|102|79|6022.17|180.66|6202.83|78.89|2760.26|5841.50|43.36|137.31|3019.81
2451499|26274|50|8226|18345|6384|4310|8226|18345|6384|4310|1|3|102|6|471.60|0.00|471.60|26.56|46.08|179.20|8.77|283.63|72.64
2451409|35833|907|2167|64828|1762|1736|2167|64828|1762|1736|1|1|102|8|17.76|0.88|18.64|14.72|106.56|11.54|4.41|1.81|122.16
2451940|28527|1064|3530|151183|6949|3482|3530|151183|6949|3482|1|2|103|19|681.34|20.44|701.78|94.69|1557.43|442.87|238.47|0.00|1672.56
2451674|17177|1753|4801|149545|242|1539|4801|149545|242|1539|1|2|104|19|60.04|1.80|61.84|40.15|290.70|48.63|5.81|5.60|332.65
2451523|77631|868|4742|98661|2020|1459|4742|98661|2020|1459|4|2|104|84|3066.00|245.28|3311.28|15.02|31.08|643.86|193.77|2228.37|291.38
2451517|75876|922|4401|29553|1455|2957|4401|29553|1455|2957|1|3|108|18|788.22|15.76|803.98|49.26|408.24|204.93|87.49|495.80|473.26
2451577|57144|608|2042|135782|5362|3575|2042|135782|5362|3575|2|1|108|31|570.09|34.20|604.29|87.41|427.49|188.12|362.87|19.10|549.10
2451943|4558|200|1120|29532|6664|36|1120|29532|6664|36|1|2|109|21|147.21|13.24|160.45|36.57|474.81|135.43|0.82|10.96|524.62
2452174|59261|182|9696|105690|6117|1951|9696|105690|6117|1951|1|1|110|49|1070.16|85.61|1155.77|46.57|1399.44|609.99|41.41|418.76|1531.62
2451332|18296|1102|8850|183005|3800|3922|8850|183005|3800|3922|2|3|112|1|5.20|0.00|5.20|2.11|20.82|4.36|0.82|0.02|22.93
2452104|10921|1177|8630|47659|2368|2637|8630|47659|2368|2637|1|3|113|8|82.80|0.00|82.80|0.95|434.80|34.77|43.22|4.81|435.75
2452378|30563|229|2897|101678|732|3873|2897|101678|732|3873|1|3|114|6|289.08|11.56|300.64|76.57|76.20|271.73|2.94|14.41|164.33
2452313|70254|1383|8391|103749|3267|4105|8391|103749|3267|4105|1|3|114|1|14.75|0.14|14.89|91.54|3.34|6.63|0.16|7.96|95.02
2452319|78853|39|4417|153135|2380|938|4417|153135|2380|938|3|3|114|11|164.01|13.12|177.13|33.38|89.43|16.40|17.71|129.90|135.93
2451264|57895|1291|6477|128075|2360|1125|6477|128075|2360|1125|2|3|115|35|141.40|12.72|154.12|96.89|70.70|15.55|91.87|33.98|180.31
2451302|70578|1531|4421|137642|5183|164|4421|137642|5183|164|4|2|115|40|668.00|6.68|674.68|19.14|1425.20|146.96|323.04|198.00|1451.02
2451809|41394|643|5486|38646|6606|166|5486|38646|6606|166|5|1|116|11|38.83|0.00|38.83|26.01|15.51|21.35|5.41|12.07|41.52
2451741|25206|1022|1008|155999|3950|2021|1008|155999|3950|2021|1|1|116|10|1790.40|71.61|1862.01|88.22|801.00|1020.52|138.57|631.31|960.83
2451595|25208|229|6657|69445|4473|1381|6657|69445|4473|1381|5|1|116|12|378.48|11.35|389.83|63.19|320.28|166.53|110.21|101.74|394.82
2451534|5920|1009|5189|94829|2822|1462|5189|94829|2822|1462|4|2|117|6|1078.14|21.56|1099.70|33.31|292.80|75.46|521.39|481.29|347.67
2452007|74735|20|258|128500|4662|2264|258|128500|4662|2264|1|2|118|72|2674.08|240.66|2914.74|42.52|772.56|80.22|1867.57|726.29|1055.74
2452727|66027|73|5308|172986|5944|4709|5308|172986|5944|4709|1|1|119|66|3679.50|36.79|3716.29|80.03|2060.52|183.97|1922.54|1572.99|2177.34
2452304|62353|527|4623|118161|4946|2284|4623|118161|4946|2284|5|3|121|2|30.06|1.20|31.26|75.97|18.54|28.85|1.14|0.07|95.71
2452632|14610|588|809|133657|3865|4993|809|133657|3865|4993|1|2|123|9|594.27|53.48|647.75|66.00|101.79|481.35|7.90|105.02|221.27
2451789|58207|866|5146|149868|6557|4039|5146|149868|6557|4039|5|3|124|37|133.94|4.01|137.95|21.03|80.29|66.97|8.03|58.94|105.33
2451846|31526|1115|691|80867|3|4506|691|80867|3|4506|2|1|124|38|2751.96|247.67|2999.63|75.74|152.76|1678.69|987.40|85.87|476.17
2451710|17785|421|6826|13404|1665|646|6826|13404|1665|646|2|2|126|21|1923.81|115.42|2039.23|39.80|1082.13|307.80|500.96|1115.05|1237.35
2451687|8140|1321|4245|110888|6764|2047|4245|110888|6764|2047|2|2|126|2|262.90|2.62|265.52|78.26|16.08|102.53|83.39|76.98|96.96
2451725|58553|400|9125|116954|5216|1885|9125|116954|5216|1885|1|3|128|64|9039.36|723.14|9762.50|86.98|3083.52|6779.52|1988.65|271.19|3893.64
2451401|80760|1508|184|97125|7139|1640|184|97125|7139|1640|1|2|129|3|114.33|10.28|124.61|75.87|81.00|57.16|46.30|10.87|167.15
2451407||1390|2401|122063|5692|4114|2401|122063|5692|4114|4|2|132|44|96.80|6.77|103.57||290.84|67.76|4.06|24.98|
2451294|72851|1162|8481|53321|7168|2688|8481|53321|7168|2688|1|3|132|35|1403.15|0.00|1403.15|49.71|1068.90|280.63|987.81|134.71|1118.61
2451570|51002|410|1702|28420|7185|903|1702|28420|7185|903|4|1|135|37|4192.10|83.84|4275.94|65.97|509.86|2054.12|1539.34|598.64|659.67
2452378|38449|1597|1307|89316|365|494|1307|89316|365|494|3|3|136|26|1308.84|26.17|1335.01|52.75|888.16|746.03|22.51|540.30|967.08
2451549|39283|862|6227|151050|6400|4063|6227|151050|6400|4063|2|3|137|10|125.90|1.25|127.15|37.59|17.70|85.61|36.26|4.03|56.54
2451512|66828|1795|7732|189891|6177|4576|7732|189891|6177|4576|1|3|137|37|2204.83|22.04|2226.87|61.35|319.31|0.00|1785.91|418.92|402.70
2451690|16982|1166|4313|77157|2688|452|4313|77157|2688|452|4|1|137|44|766.92|38.34|805.26|21.48|496.32|53.68|135.51|577.73|556.14
2451550|40133|2|3870|27889|6341|1400|3870|27889|6341|1400|1|2|138|16|101.12|3.03|104.15|64.93|151.68|4.04|50.48|46.60|219.64
2451263|3252|524|9688|88927|5366|3005|9688|88927|5366|3005|1|2|139|30|583.20|40.82|624.02|32.63|205.80|519.04|21.81|42.35|279.25
2451848|33220|940|9110|10749|5221|4853|9110|10749|5221|4853|4|2|141|60|556.80|44.54|601.34|31.69|487.20|200.44|42.76|313.60|563.43
2451629|81126|562|4815|95853|2251|569|4815|95853|2251|569|4|1|141|7|230.30|4.60|234.90|70.97|148.05|168.11|46.02|16.17|223.62
2451611|29573|1484|9167|45182|4397|3412|9167|45182|4397|3412|1|3|142|11|403.37|28.23|431.60|79.27|479.05|96.80|79.70|226.87|586.55
2451690|72741|98|7559|49809|2812|3415|7559|49809|2812|3415|4|2|142|57|10771.86|107.71|10879.57|11.40|4720.17|7863.45|203.58|2704.83|4839.28
2451030|54640|670|1111|87515|7119|3523|1111|87515|7119|3523|1|1|143|2|81.78|1.63|83.41|88.13|44.88|64.60|7.73|9.45|134.64
2452474|73509|1158|7999|150562|292|615|7999|150562|292|615|6|2|144|46|4451.42|222.57|4673.99|14.98|1963.74|979.31|312.48|3159.63|2201.29
2452674|17830|549|3236|13600|5564|4528|3236|13600|5564|4528|1|2|144|14|207.48|4.14|211.62|46.93|691.60|22.82|42.47|142.19|742.67
2452522|77572|283|7245|134887|289|4458|7245|134887|289|4458|1|1|144|28|309.40|3.09|312.49|45.55|647.08|293.93|4.64|10.83|695.72
2451325|60880|1174|7353|157568|6343|791|7353|157568|6343|791|2|2|145|10|451.50|27.09|478.59|54.36|685.10|442.47|4.24|4.79|766.55
2451941|31339|122|9021|135042|4376|1077|9021|135042|4376|1077|1|1|146|9|102.06|9.18|111.24|14.00|97.56|1.02|10.10|90.94|120.74
2451857|17349|1663|7371|151180|909|4078|7371|151180|909|4078|2|1|146|59|2067.36|103.36|2170.72|94.96|585.28|0.00|661.55|1405.81|783.60
2452092|34287|937|5087|96892|6057|1942|5087|96892|6057|1942|2|3|147|25|4158.50|249.51|4408.01|86.14|2100.25|998.04|2876.01|284.45|2435.90
2452388|59897|97|3484|161220|2156|2292|3484|161220|2156|2292|3|2|148|3|149.46|4.48|153.94|66.52|46.32|98.64|17.78|33.04|117.32
2452232|31304|1437|2066|172498|1090|2602|2066|172498|1090|2602|3|2|149|34|1485.12|103.95|1589.07|89.70|1242.02|876.22|194.84|414.06|1435.67
2452187|34018|1411|8206|102236|4026|2983|8206|102236|4026|2983|1|1|149|28|1792.84|107.57|1900.41|50.02|1394.40|932.27|103.26|757.31|1551.99
2452529|8617|1603|5687|35631|3975|119|5687|35631|3975|119|1|2|150|61|4390.78|87.81|4478.59|28.66|46.97|4039.51|179.14|172.13|163.44
2451641|21898|1226|1557|100629|4788|3780|1557|100629|4788|3780|2|1|153|24|1560.72|124.85|1685.57|27.37|267.36|842.78|344.61|373.33|419.58
2451308|2377|931|5167|174152|1504|4049|5167|174152|1504|4049|4|3|156|1|220.17|8.80|228.97|32.03|37.59|145.31|67.37|7.49|78.42
2451379||64|6635|159062||||159062||4603|4||156|||142.40||||||170.90|1291.15
2451755|46137|716|6204|25330|1416|3222|6204|25330|1416|3222|1|3|158|28|522.20|36.55|558.75|16.84|454.16|313.32|183.81|25.07|507.55
2451619|25850|13|1623|10156|816|389|1623|10156|816|389|2|3|158|6|768.00|30.72|798.72|25.19|274.26|514.56|157.13|96.31|330.17
2451685|34954|148|5644|6131|698|625|5644|6131|698|625|4|1|160|61|115.90|3.47|119.37|22.40|90.89|37.08|40.19|38.63|116.76
2451373|77164|1388|9207|144674|2941|2008|9207|144674|2941|2008|2|1|163|21|70.56|5.64|76.20|23.19|15.12|50.09|1.43|19.04|43.95
2452915|75429|852|2173|156947|843|2779|2173|156947|843|2779|3|1|164|63|3491.46|279.31|3770.77|50.65|1963.71|558.63|322.61|2610.22|2293.67
2452840|49547|1603|946|59342|6971|3607|946|59342|6971|3607|1|3|165|31|5564.19|222.56|5786.75|13.43|133.92|3338.51|89.02|2136.66|369.91
2452689|45788|1320|9498|106577|6776|1615|9498|106577|6776|1615|1|1|165|52|1832.48|73.29|1905.77|33.17|2228.72|678.01|669.59|484.88|2335.18
2452857|17695|1554|7731|188923|6835|2587|7731|188923|6835|2587|6|2|165|21|261.66|10.46|272.12|43.95|805.14|196.24|65.42|0.00|859.55
2452843|50266|744|308|56734|2247|1793|308|56734|2247|1793|3|3|165|74|3732.56|74.65|3807.21|94.56|1111.48|3620.58|68.30|43.68|1280.69
2452719|70312|1398|8244|46532|5220|2508|8244|46532|5220|2508|3|1|165|8|1029.28|82.34|1111.62|23.00|418.48|771.96|120.94|136.38|523.82
2451143|34451|475|9405|671|1341|2698|9405|671|1341|2698|1|2|167|93|1644.24|49.32|1693.56|58.56|961.62|279.52|982.59|382.13|1069.50
2451248|69696|43|4851|82824|350|1923|4851|82824|350|1923|1|1|167|13|283.53|5.67|289.20|63.43|462.67|204.14|64.30|15.09|531.77
2451290|61906|808|4225|66415|2605|3548|4225|66415|2605|3548|4|1|167|32|879.68|0.00|879.68|76.33|1539.52|580.58|158.52|140.58|1615.85
2452481|25366|121|7763|57208|592|3936|7763|57208|592|3936|1|1|168|12|2992.56|209.47|3202.03|29.90|1323.00|1256.87|277.71|1457.98|1562.37
2451116|66014|835|4931|10481|3504|3014|4931|10481|3504|3014|1|1|169|45|567.45|34.04|601.49|63.11|215.10|505.03|53.05|9.37|312.25
2451086|53133|1478|4332|132943|3314|2805|4332|132943|3314|2805|2|3|169|4|379.60|18.98|398.58|86.08|136.16|277.10|22.55|79.95|241.22
2452714|71077|661|10|53208|6933|1371|10|53208|6933|1371|6|1|171|23|1526.74|137.40|1664.14|90.97|287.50|1297.72|66.41|162.61|515.87
2452747|25956|1002|5151|32812|1466|1047|5151|32812|1466|1047|1|3|171|3|162.87|6.51|169.38|62.17|22.74|156.35|1.04|5.48|91.42
2452754|72303|27|6935|186160|1898|4603|6935|186160|1898|4603|6|1|171|3|147.36|13.26|160.62|77.17|51.12|113.46|1.01|32.89|141.55
2451682|70115|1001|9962|182648|4694|2860|9962|182648|4694|2860|5|1|172|81|2551.50|76.54|2628.04|12.67|2916.00|1581.93|639.91|329.66|3005.21
2451648|63656|1726|5759|52462|1565|4268|5759|52462|1565|4268|1|1|173|6|425.58|25.53|451.11|83.16|135.12|80.86|234.40|110.32|243.81
2451002|54157|28|4034|110874|481|3081|4034|110874|481|3081|2|3|174|51|4283.49|128.50|4411.99|73.81|1167.90|3812.30|61.25|409.94|1370.21
2452228|62704|145|8043|14047|1331|2822|8043|14047|1331|2822|1|2|177|24|339.36|13.57|352.93|42.93|130.56|207.00|6.61|125.75|187.06
2452291|65272|315|3842|118723|4131|99|3842|118723|4131|99|3|3|177|2|133.70|4.01|137.71|30.54|157.10|4.01|62.25|67.44|191.65
2451792|66043|1141|5589|98961|2333|2858|5589|98961|2333|2858|4|2|178|5|545.65|49.10|594.75|3.29|70.85|545.65|0.00|0.00|123.24
2451704|9804|553|1171|26259|2707|3228|1171|26259|2707|3228|4|3|178|22|559.24|39.14|598.38|42.04|50.82|229.28|36.29|293.67|132.00
2451733|61713|116|440|73774|1428|1322|440|73774|1428|1322|2|3|178|8|345.92|20.75|366.67|19.58|13.28|162.58|135.67|47.67|53.61
||718|1184|59940|6296||1184||6296|252||3|178||||167.84|||138.03|1.12||241.77
2451701|31980|392|9686|133566|326|4846|9686|133566|326|4846|2|2|178|29|3064.14|30.64|3094.78|84.04|1446.81|2481.95|29.10|553.09|1561.49
2452134|69448|1796|2551|128016|1481|2146|2551|128016|1481|2146|1|2|179|39|3687.06|73.74|3760.80|24.85|1010.10|884.89|1961.51|840.66|1108.69
2451998|74763|632|792|106962|3485|3055|792|106962|3485|3055|2|1|180|2|32.82|1.64|34.46|95.93|20.78|6.56|4.72|21.54|118.35
2451865|44976|1277|108|150805|1149|4246|108|150805|1149|4246|2|2|180|51|4394.16|175.76|4569.92|59.80|1028.16|790.94|1765.57|1837.65|1263.72
2452077|30553|1109|8036|32377|2285|1586|8036|32377|2285|1586|1|1|180|2|175.62|0.00|175.62|22.13|92.28|21.07|54.09|100.46|114.41
2451841|74636|1103|4191|77984|5890|2363|4191|77984|5890|2363|1|1|181|58|4315.78|0.00|4315.78|51.39|1100.84|2157.89|1898.94|258.95|1152.23
2451854|54484|1447|6887|113420|5186|959|6887|113420|5186|959|1|2|181|12|227.16|13.62|240.78|10.89|348.36|170.37|40.88|15.91|372.87
2452885|70359|589|840|14722|7084|4559|840|14722|7084|4559|1|2|182|15|112.95|10.16|123.11|49.07|53.85|96.00|0.67|16.28|113.08
2451007|31613|1180|7049|117896|296|2543|7049|117896|296|2543|1|2|183|16|228.48|20.56|249.04|8.49|45.60|226.19|1.85|0.44|74.65
2452411|29517|1633|1682|90756|6663|2530|1682|90756|6663|2530|1|1|184|37|3887.96|272.15|4160.11|55.40|157.62|622.07|1698.26|1567.63|485.17
2452337|80759|465|1613|15381|5389|877|1613|15381|5389|877|5|2|184|56|404.32|36.38|440.70|91.31|243.60|92.99|155.66|155.67|371.29
2452320||437|1282|157033|3744|1022||157033||||1|184|||69.55||||||19.33|
2452353|43649|791|8380|187228|3963|4931|8380|187228|3963|4931|5|1|184|45|2251.35|67.54|2318.89|90.62|2462.40|1418.35|799.68|33.32|2620.56
2452422|73729|1231|16|108449|1362|1082|16|108449|1362|1082|1|1|185|36|1175.40|11.75|1187.15|71.07|83.88|681.73|246.83|246.84|166.70
2452461|49889|887|9521|185298|2915|1059|9521|185298|2915|1059|1|1|185|16|249.92|2.49|252.41|68.56|78.88|192.43|1.72|55.77|149.93
2452351|59609|355|3472|79091|5477|1503|3472|79091|5477|1503|1|2|187|51|232.56|16.27|248.83|59.24|13.26|32.55|172.00|28.01|88.77
2452538|68572|385|161|175019|2404|949|161|175019|2404|949|1|3|187|15|1301.10|78.06|1379.16|83.50|1266.90|1053.89|37.08|210.13|1428.46
2452365|76186|709|189|49146|503|3613|189|49146|503|3613|5|1|187|43|428.71|30.00|458.71|73.13|974.81|261.51|115.36|51.84|1077.94
2452509|59303|205|9403|191048|1333|1145|9403|191048|1333|1145|5|1|188|24|70.32|6.32|76.64|42.65|5.04|6.32|38.40|25.60|54.01
2452528|50298|261|2376|121687|4471|942|2376|121687|4471|942|5|3|188|26|2777.06|27.77|2804.83|43.31|1208.74|583.18|1469.89|723.99|1279.82
2452440||901|9758||2243||9758|160184|||1||188|10||||11.84||19.26|||
2452671|67292|633|4337|9665|593|4321|4337|9665|593|4321|6|3|189|26|1139.84|22.79|1162.63|28.94|814.06|763.69|221.92|154.23|865.79
2451203|25851|1282|5988|60600|5819|3111|5988|60600|5819|3111|4|2|190|6|751.38|60.11|811.49|23.91|274.86|608.61|72.81|69.96|358.88
2452122|43309|1151|8642|43214|2506|838|8642|43214|2506|838|5|3|191|72|388.80|23.32|412.12|21.64|77.76|128.30|46.89|213.61|122.72
2451423|8162|974|8082|135886|3370|1414|8082|135886|3370|1414|4|2|192|4|83.52|0.83|84.35|35.22|17.56|63.47|16.24|3.81|53.61
2452131|23883|1343|7530|86199|628|1177|7530|86199|628|1177|5|1|193|41|77.08|6.16|83.24|36.27|29.93|0.00|70.91|6.17|72.36
|58993|1477|3274||||3274|114898||||1|193|24|673.68|26.94|700.62|33.58||586.10|44.66||
||554||154637|597|||154637|||5||193|||78.55||46.85||179.54|556.15|386.48|
2451935|48655|635|1124|77727|2843|4526|1124|77727|2843|4526|1|1|195|22|619.52|18.58|638.10|95.92|659.78|384.10|204.81|30.61|774.28
2451139|32833|1702|7944|186127|7143|3766|7944|186127|7143|3766|1|2|197|28|1052.80|0.00|1052.80|89.70|676.76|1021.21|8.84|22.75|766.46
2451232|29601|62|7031|106345|3259|1126|7031|106345|3259|1126|2|2|197|6|381.84|7.63|389.47|69.25|0.00|38.18|240.56|103.10|76.88
2451098|72639|1760|1849|118894|5939|1831|1849|118894|5939|1831|1|3|197|44|1012.88|50.64|1063.52|97.51|810.48|901.46|85.79|25.63|958.63
2451951|39898|200|829|187153|6950|3234|829|187153|6950|3234|5|2|199|11|63.58|0.00|63.58|68.00|241.67|13.98|43.64|5.96|309.67
2452184|44934|1175|5662|131742|2462|3862|5662|131742|2462|3862|1|1|199|7|37.24|1.48|38.72|88.49|11.90|33.88|0.13|3.23|101.87
2452876|67562|531|3945|94782|1779|1696|3945|94782|1779|1696|3|1|201|19|508.63|10.17|518.80|71.87|716.87|40.69|56.15|411.79|798.91
2452728|45330|120|1110|95453|723|2106|1110|95453|723|2106|3|1|201|27|166.86|10.01|176.87|83.29|578.07|66.74|44.05|56.07|671.37
||1224|||2358||4932|34485|||||201|44||||54.71|178.20||398.26|187.43|293.49
2452884|67328|1387|7061|45362|5638|4994|7061|45362|5638|4994|6|3|201|19|1414.17|42.42|1456.59|8.57|299.06|42.42|576.13|795.62|350.05
2452752|42879|697|1374|82693|1179|458|1374|82693|1179|458|3|3|202|5|75.55|0.00|75.55|15.69|40.00|61.19|12.49|1.87|55.69
2452743|68917|246|6897|31800|4783|2926|6897|31800|4783|2926|1|1|202|94|1074.42|53.72|1128.14|78.71|1342.32|526.46|547.96|0.00|1474.75
2452659|76923|1123|2974|113216|2818|3340|2974|113216|2818|3340|1|1|202|20|2013.00|0.00|2013.00|17.70|955.60|241.56|230.28|1541.16|973.30
2452255|75139|99|5383|434|158|2122|5383|434|158|2122|3|1|204|7|577.15|11.54|588.69|95.40|320.67|150.05|256.26|170.84|427.61
2452173|45807|1139|7479|64452|5265|758|7479|64452|5265|758|1|1|204|9|957.69|76.61|1034.30|16.00|661.68|402.22|399.93|155.54|754.29
2451549|47777|296|8877|95665|4100|888|8877|95665|4100|888|2|2|206|3|81.12|0.81|81.93|91.25|40.56|38.93|24.04|18.15|132.62
2452245|70976|39|785|111789|2495|1768|785|111789|2495|1768|1|1|207|25|123.50|3.70|127.20|53.13|1605.50|119.79|0.37|3.34|1662.33
2452441|54655|1473|144|47381|4745|1069|144|47381|4745|1069|3|3|207|43|694.45|27.77|722.22|51.53|1006.20|48.61|335.83|310.01|1085.50
2451044|68849|829|7847|151602|1917|4952|7847|151602|1917|4952|4|2|208|18|18.18|1.27|19.45|84.76|1.44|2.54|5.16|10.48|87.47
2452353|44752|1283|8862|62427|1592|2510|8862|62427|1592|2510|1|1|209|80|3636.00|145.44|3781.44|75.47|612.80|72.72|1282.78|2280.50|833.71
2452380|42456|741|6360|148175|4037|3499|6360|148175|4037|3499|1|2|209|22|184.36|0.00|184.36|58.99|36.74|46.09|30.41|107.86|95.73
2451084|25626|842|9166|58475|3337|3846|9166|58475|3337|3846|2|3|210|79|144.57|4.33|148.90|95.76|82.95|111.31|25.61|7.65|183.04
||760||54460|||||5660|||2|210|||||67.80||186.51|||
2451958|22508|1730|3934|32714|6661|2001|3934|32714|6661|2001|5|3|211|29|67.28|2.01|69.29|67.28|348.29|5.38|53.23|8.67|417.58
2452112|26030|146|2543|157806|6669|2732|2543|157806|6669|2732|2|2|211|9|294.57|5.89|300.46|4.99|216.00|132.55|43.74|118.28|226.88
2452084|39630|398|5238|13269|2420|2058|5238|13269|2420|2058|5|1|211|1|13.63|0.00|13.63|87.51|30.91|12.94|0.49|0.20|118.42
2451444|76420|562|8941|50827|2633|4279|8941|50827|2633|4279|2|1|212|12|831.72|49.90|881.62|97.23|254.88|83.17|142.22|606.33|402.01
2452577|15383|339|353|34962|1938|1154|353|34962|1938|1154|3|3|213|59|1184.72|0.00|1184.72|95.70|219.48|841.15|209.57|134.00|315.18
2451973|18527|578|4244|104619|801|1303|4244|104619|801|1303|5|1|216|11|243.65|17.05|260.70|12.10|266.53|2.43|84.42|156.80|295.68
2452363|27724|307|357|26071|5578|4612|357|26071|5578|4612|3|1|217|2|70.80|4.95|75.75|14.87|49.20|24.07|43.92|2.81|69.02
2452352|57673|1113|1941|102792|956|1640|1941|102792|956|1640|5|3|217|24|2190.72|43.81|2234.53|90.10|494.64|1204.89|857.67|128.16|628.55
2450996|34388|28|8422|57339|5616|1613|8422|57339|5616|1613|1|3|218|3|26.67|2.13|28.80|76.82|93.36|16.53|9.63|0.51|172.31
2451265|45993|1214|5325|104267|2729|1431|5325|104267|2729|1431|1|3|220|12|389.16|7.78|396.94|35.81|153.96|159.55|140.06|89.55|197.55
2451249|26080|490|3913|25756|672|4075|3913|25756|672|4075|4|3|221|35|477.40|38.19|515.59|9.10|2507.05|81.15|170.38|225.87|2554.34
2451125|81504|1123|2887|51070|2566|429|2887|51070|2566|429|1|2|221|16|1529.12|91.74|1620.86|49.87|24.16|1146.84|252.30|129.98|165.77
2451797|13099|155|6800|144871|2189|460|6800|144871|2189|460|5|1|224|69|5344.05|0.00|5344.05|62.96|3234.72|2725.46|314.23|2304.36|3297.68
2451890|46184|853|8980|82889|5998|3107|8980|82889|5998|3107|2|2|226|50|1671.00|133.68|1804.68|80.13|293.50|1253.25|20.88|396.87|507.31
2451930|77479|497|2685|141580|2762|177|2685|141580|2762|177|2|1|226|27|1584.63|79.23|1663.86|93.08|1966.95|1283.55|150.54|150.54|2139.26
2452818|49483|990|2900|78428|5876|4964|2900|78428|5876|4964|1|3|227|22|1033.56|62.01|1095.57|3.85|143.88|330.73|105.42|597.41|209.74
2452858|36189|765|6831|145603|535|987|6831|145603|535|987|6|3|227|26|330.72|6.61|337.33|60.83|223.34|66.14|52.91|211.67|290.78
2451341|29129|1228|888|25500|5919|2658|888|25500|5919|2658|1|2|228|8|1275.68|63.78|1339.46|60.35|31.04|574.05|210.48|491.15|155.17
2451694|51081|404|990|182392|5794|1996|990|182392|5794|1996|4|3|229|58|1287.60|64.38|1351.98|67.46|119.48|553.66|212.84|521.10|251.32
2451630|78366|541|1682|130574|4713|2852|1682|130574|4713|2852|1|2|229|8|6.16|0.55|6.71|88.80|22.24|5.11|0.49|0.56|111.59
2451670|66876|1681|7528|173885|6962|2232|7528|173885|6962|2232|4|3|230|33|0.00|0.00|0.00|61.33|275.88|0.00|0.00|0.00|337.21
2451943|44485|581|7896|63150|2484|578|7896|63150|2484|578|1|1|231|70|15633.80|0.00|15633.80|18.76|2779.00|2814.08|897.38|11922.34|2797.76
2452557|43479|1575|9034|169114|1114|3554|9034|169114|1114|3554|3|3|232|27|807.57|24.22|831.79|42.16|1130.49|428.01|299.85|79.71|1196.87
2452418|44013|381|6869|134975|4841|2227|6869|134975|4841|2227|3|3|232|20|140.40|8.42|148.82|63.78|0.00|105.30|5.61|29.49|72.20
2452805|40662|81|6376|33927|2838|2822|6376|33927|2838|2822|1|3|233|10|931.60|55.89|987.49|53.02|474.60|885.02|10.71|35.87|583.51
2452751|59838|768|843|139680|1364|2601|843|139680|1364|2601|1|2|233|30|877.20|17.54|894.74|43.44|350.70|728.07|90.96|58.17|411.68
2452346|34488|348|5027|111166|425|1124|5027|111166|425|1124|1|3|234|6|165.78|14.92|180.70|19.20|13.98|8.28|59.85|97.65|48.10
2452617||291|7889|87907|5492|1870|7889|87907|5492|1870||3|235|||56.28||18.64||268.93||192.52|425.32
2452495|26111|1579|997|91006|5095|2791|997|91006|5095|2791|3|3|235|17|3602.64|180.13|3782.77|57.81|701.76|432.31|1331.53|1838.80|939.70
2452518|61393|522|7998|169293|5195|3217|7998|169293|5195|3217|6|2|235|7|368.48|29.47|397.95|89.63|45.43|29.47|179.67|159.34|164.53
2452555|17434|1609|9701|67857|6680|456|9701|67857|6680|456|6|3|235|12|1095.12|10.95|1106.07|90.01|498.84|10.95|791.44|292.73|599.80
2452653|77774|564|9701|67857|6680|456|9701|67857|6680|456|1|2|235|35|530.25|21.21|551.46|21.69|1355.55|185.58|261.94|82.73|1398.45
2451332|41643|314|9130|8703|2563|1103|9130|8703|2563|1103|1|3|236|25|2090.75|125.44|2216.19|46.98|1275.75|1191.72|404.56|494.47|1448.17
2451387|37442|1784|4623|23638|1613|2108|4623|23638|1613|2108|2|2|237|77|3069.99|245.59|3315.58|13.11|1569.26|2333.19|670.48|66.32|1827.96
2451312|70505|1306|7084|15824|4437|4537|7084|15824|4437|4537|2|1|240|47|0.00|0.00|0.00|30.56|200.69|0.00|0.00|0.00|231.25
2451206|6147|1280|2128|105400|3232|4984|2128|105400|3232|4984|1|2|240|36|1270.08|25.40|1295.48|97.84|520.20|1143.07|12.70|114.31|643.44
2452805|74637|91|8075|153298|5721|4744|8075|153298|5721|4744|3|3|241|9|40.14|0.80|40.94|44.05|8.19|14.45|5.65|20.04|53.04
2452737|78271|931|9364|161645|5366|967|9364|161645|5366|967|3|2|241|12|42.12|2.10|44.22|69.12|139.20|1.26|33.50|7.36|210.42
2451409|18745|754|978|124599|220|4794|978|124599|220|4794|4|2|242|34|637.84|57.40|695.24|56.15|376.04|465.62|37.88|134.34|489.59
2452855|68983|913|6696|133039|2502|405|6696|133039|2502|405|6|1|243|12|79.08|3.16|82.24|8.28|20.16|72.75|5.25|1.08|31.60
2452782|64986|1341|9058|152993|3135|597|9058|152993|3135|597|6|2|244|29|205.61|10.28|215.89|19.37|537.08|43.17|102.33|60.11|566.73
2452084|77610|1681|4203|161084|6605|3559|4203|161084|6605|3559|2|2|245|20|101.40|6.08|107.48|23.16|13.40|8.11|66.23|27.06|42.64
2451909|55973|1169|3379|153289|3152|3015|3379|153289|3152|3015|2|3|245|14|341.18|10.23|351.41|40.25|194.32|129.64|122.69|88.85|244.80
2452378|77159|255|1849|15596|6416|2676|1849|15596|6416|2676|3|1|246|23|545.56|38.18|583.74|25.96|444.13|491.00|6.00|48.56|508.27
2452514|81457|1299|6826|79332|6431|3410|6826|79332|6431|3410|1|3|246|39|156.39|10.94|167.33|14.38|591.24|103.21|7.44|45.74|616.56
2452539|75612|1721|8198|34338|1998|3698|8198|34338|1998|3698|5|3|246|30|319.20|25.53|344.73|8.97|1500.30|57.45|164.90|96.85|1534.80
2451166|34280|1544|7782|74053|4037|1388|7782|74053|4037|1388|4|3|248|72|359.28|21.55|380.83|28.15|66.24|79.04|168.14|112.10|115.94
2451311|72038|976|4125|77733|2381|3709|4125|77733|2381|3709|2|3|248|15|704.10|14.08|718.18|88.76|124.65|154.90|32.95|516.25|227.49
2451384|84881|838|8523|185341|5072|2770|8523|185341|5072|2770|4|1|248|4|76.12|0.76|76.88|38.72|60.04|50.23|6.99|18.90|99.52
2451259|38117|781|8585|68796|5327|2851|8585|68796|5327|2851|2|2|248|20|384.80|23.08|407.88|38.50|136.80|384.80|0.00|0.00|198.38
2452312|78130|1163|9338|185196|||9338|185196|||||249|40||169.68||37.20|1101.60||29.08||1308.48
2452428|33575|607|1641|171047|726|3445|1641|171047|726|3445|5|3|249|33|1081.41|64.88|1146.29|25.77|864.93|562.33|352.97|166.11|955.58
2452451|29574|775|9669|71336|7050|2564|9669|71336|7050|2564|1|3|250|2|192.82|13.49|206.31|75.21|97.52|119.54|27.84|45.44|186.22
|30119|811||103683|4514||||4514||||253|61||120.10|12130.39|32.03||6245.35|922.39||
2452363|34736|1079|1610|103260|4157|2407|1610|103260|4157|2407|1|3|253|18|1590.84|127.26|1718.10|77.61|454.50|1002.22|47.08|541.54|659.37
2452454|33198|839|4561|131543|4765|4067|4561|131543|4765|4067|1|1|254|44|443.52|17.74|461.26|94.63|157.08|62.09|183.08|198.35|269.45
2452437|46179|445|7259|142606|6240|3954|7259|142606|6240|3954|5|1|254|17|345.95|17.29|363.24|7.90|499.63|335.57|4.87|5.51|524.82
2451454|48589|1634|4215|91106|2190|4401|4215|91106|2190|4401|1|1|256|16|728.80|29.15|757.95|38.91|364.32|699.64|14.28|14.88|432.38
2451360|65305|826|3570|151785|1920|1695|3570|151785|1920|1695|1|3|256|23|979.11|29.37|1008.48|84.66|489.44|293.73|514.03|171.35|603.47
2451186|25500|1363|8460|68987|1961|3888|8460|68987|1961|3888|4|1|257|2|123.42|3.70|127.12|75.93|25.24|22.21|67.81|33.40|104.87
2451398|43545|850|5493|149526|5352|3858|5493|149526|5352|3858|1|3|257|17|446.59|40.19|486.78|98.45|169.83|165.23|272.91|8.45|308.47
2451072|9045|769|2666|33241|4009|2657|2666|33241|4009|2657|4|1|258|67|4452.82|133.58|4586.40|75.23|3094.06|3651.31|216.40|585.11|3302.87
2451291|34667|1016|2893|37653|2046|1646|2893|37653|2046|1646|4|3|258|23|140.53|0.00|140.53|64.38|1209.80|94.15|37.56|8.82|1274.18
2452740|39951|405|8729|66749|6049|509|8729|66749|6049|509|1|1|260|2|88.20|4.41|92.61|36.08|6.52|65.26|6.65|16.29|47.01
||1102|||||619||3088||1|3|261|||2.13|44.79||45.36|0.42|21.54|20.70|
2451231|77039|1064|5401|82122|1930|3971|5401|82122|1930|3971|4|3|264|4|31.28|0.00|31.28|40.26|0.00|20.33|2.08|8.87|40.26
2452109|61300|1413|1783|27034|2925|4096|1783|27034|2925|4096|1|1|265|36|1223.28|36.69|1259.97|68.65|1048.68|978.62|242.21|2.45|1154.02
2451068|75944|1789|9314|162810|3666|1289|9314|162810|3666|1289|4|2|266|10|26.40|2.37|28.77|43.96|114.50|7.12|7.90|11.38|160.83
2451481|32564|766|2429|136471|3713|4155|2429|136471|3713|4155|2|2|267|4|163.76|4.91|168.67|59.72|170.32|1.63|24.31|137.82|234.95
2451411|29460|409|39|191577|60|3416|39|191577|60|3416|4|2|267|8|101.20|6.07|107.27|17.69|455.68|60.72|36.02|4.46|479.44
|30744|763|6563|10433||1559|6563||1096|1559|||268|1|||173.96|||95.18|64.11||52.90
2451414|41043|68|3498|173844|2670|4256|3498|173844|2670|4256|1|1|268|13|29.90|2.09|31.99|41.48|169.39|28.40|0.85|0.65|212.96
2451239|70222|1063|7857|68816|6895|3814|7857|68816|6895|3814|1|1|268|16|543.04|10.86|553.90|97.31|70.40|184.63|336.90|21.51|178.57
2451931|38296|727|4630|22036|6609|2622|4630|22036|6609|2622|2|3|270|44|247.28|19.78|267.06|35.54|216.48|84.07|53.85|109.36|271.80
2452418|5544|1695|1022|26024|2226|2228|1022|26024|2226|2228|5|3|272|14|1666.56|116.65|1783.21|39.23|508.34|166.65|134.99|1364.92|664.22
2452129|37446|1430|6093|182802|2871|4260|6093|182802|2871|4260|2|2|273|28|1040.20|83.21|1123.41|85.20|824.32|738.54|283.56|18.10|992.73
2451981|73045|797|9704|117783|4709|1788|9704|117783|4709|1788|2|3|273|24|1358.16|27.16|1385.32|33.78|126.00|1154.43|146.68|57.05|186.94
2451899|78484|422|8134|179297|4220|910|8134|179297|4220|910|2|2|273|15|2341.50|93.66|2435.16|27.90|925.65|1990.27|168.59|182.64|1047.21
2452090|56585|1519|859|177363|2587|2804|859|177363|2587|2804|5|2|274|47|0.00|0.00|0.00|5.33|26.79|0.00|0.00|0.00|32.12
2452407|60376|439|5583|51530|2757|97|5583|51530|2757|97|6|2|275|37|3098.75|154.93|3253.68|38.36|880.60|2664.92|117.13|316.70|1073.89
2452313|20910|846|8411|153200|5349|665|8411|153200|5349|665|3|2|275|63|420.84|29.45|450.29|3.58|280.35|92.58|249.47|78.79|313.38
2451260|61109|784|4075|117941|2378|4448|4075|117941|2378|4448|1|3|278|14|71.82|5.74|77.56|86.92|56.70|15.08|0.56|56.18|149.36
2451102|61750|1414|6317|151750|1296|3609|6317|151750|1296|3609|2|2|278|26|1466.40|73.32|1539.72|55.51|314.08|337.27|304.86|824.27|442.91
2451266|63380|1738|7962|181127|1205|3650|7962|181127|1205|3650|1|1|280|56|10470.88|209.41|10680.29|48.94|3489.92|9737.91|381.14|351.83|3748.27
2451366|34294|961|4921|162529|5144|2079|4921|162529|5144|2079|4|3|282|37|301.55|12.06|313.61|46.77|35.15|117.60|136.12|47.83|93.98
||1417||132086||||132086|6861||1||284||31.86|||92.16||15.93|7.32||206.01
2451151|79488|332|4713|130039|518|4844|4713|130039|518|4844|1|1|284|22|797.28|63.78|861.06|82.84|474.54|733.49|59.32|4.47|621.16
2451138|56104|494|7626|148388|2447|2146|7626|148388|2447|2146|2|2|285|4|131.32|9.19|140.51|25.11|25.88|17.07|90.25|24.00|60.18
2451265|59956|434|257|45603|6949|1295|257|45603|6949|1295|1|3|285|50|815.00|8.15|823.15|56.64|452.50|431.95|172.37|210.68|517.29
2451136|36055|1294|7567|171674|4148|4815|7567|171674|4148|4815|4|3|285|35|3113.60|93.40|3207.00|5.65|1638.70|2210.65|478.56|424.39|1737.75
2451234|30576|553|6270|34097|757|4177|6270|34097|757|4177|2|3|286|12|402.12|32.16|434.28|10.20|201.00|325.71|22.15|54.26|243.36
2451145|38044|116|8310|85264|3625|1306|8310|85264|3625|1306|1|1|286|3|237.15|11.85|249.00|87.99|42.06|0.00|199.20|37.95|141.90
2451365|27910|1016|634|134988|1237|4486|634|134988|1237|4486|2|3|287|3|96.36|7.70|104.06|18.10|67.11|9.63|38.16|48.57|92.91
2451508|67854|196|5712|162904|3729|4714|5712|162904|3729|4714|1|2|287|16|736.32|22.08|758.40|55.95|22.24|257.71|239.30|239.31|100.27
2452106|47771|55|5789|118389|2989|3789|5789|118389|2989|3789|1|3|289|3|26.07|2.34|28.41|84.75|16.08|19.55|4.75|1.77|103.17
2452103|49782|1593|5370|89271|3732|513|5370|89271|3732|513|3|1|289|79|1393.56|27.87|1421.43|82.50|616.20|278.71|111.48|1003.37|726.57
2452095|14935|121|8870|80370|3197|3337|8870|80370|3197|3337|1|3|290|11|658.57|6.58|665.15|50.81|11.66|0.00|507.09|151.48|69.05
2451740|74839|19|||||6767||3439|2775||1|292|||11.28|||47.52|400.46|||
2452780|72837|223|5141|141891|2368|405|5141|141891|2368|405|3|1|295|41|0.00|0.00|0.00|23.57|1036.48|0.00|0.00|0.00|1060.05
2452893||1098|8764||||8764|100354|5497|||3|295|36||33.02|1133.90|92.68|||374.51|87.86|
|70776|1788|6802|119790|891||6802|119790|891|359|3|3|296|7||2.46||6.28|158.27|7.99|18.73||167.01
2452659|73254|73|10000|53852|1624|1083|10000|53852|1624|1083|3|3|296|68|6592.60|65.92|6658.52|8.59|2739.72|6197.04|383.69|11.87|2814.23
2452203|43306|1097|1731|2754|257|4073|1731|2754|257|4073|2|1|297|27|3082.32|0.00|3082.32|5.90|932.85|1571.98|740.06|770.28|938.75
2451666|28628|271|9452|136004|4476|1588|9452|136004|4476|1588|4|3|300|55|579.15|11.58|590.73|76.01|342.10|492.27|79.92|6.96|429.69
2451617|50568|643|3231|82678|6365|4932|3231|82678|6365|4932|4|1|300|21|1337.07|13.37|1350.44|15.54|976.29|989.43|90.38|257.26|1005.20
2451263|60893|1720|3516|180148|4620|1572|3516|180148|4620|1572|1|3|301|42|3694.74|0.00|3694.74|3.91|953.40|3473.05|157.39|64.30|957.31
2451182|71068|1322|8621|24771|4888|398|8621|24771|4888|398|1|1|301|26|569.14|0.00|569.14|79.34|316.16|392.70|24.70|151.74|395.50
2451225|69938|1435|2658|120544|3343|3462|2658|120544|3343|3462|1|3|301|39|4780.23|191.20|4971.43|58.22|3325.14|430.22|957.00|3393.01|3574.56
2451284|76610|331|8882|110456|2797|1531|8882|110456|2797|1531|1|1|303|45|3829.95|306.39|4136.34|28.34|1074.15|574.49|2213.71|1041.75|1408.88
2451397|70493|475|3871|113307|470|1946|3871|113307|470|1946|4|3|305|18|119.88|1.19|121.07|83.90|36.90|45.55|62.43|11.90|121.99
2451925|21526|589|601|116007|740|2386|601|116007|740|2386|1|2|306|2|7.90|0.47|8.37|97.74|10.54|0.15|6.58|1.17|108.75
2452045|51216|350|2099|155528|6797|193|2099|155528|6797|193|5|2|306|12|1006.68|80.53|1087.21|66.91|246.48|241.60|443.74|321.34|393.92
2451934|42828|391|5683|183014|5432|730|5683|183014|5432|730|2|2|307|13|107.38|9.66|117.04|83.80|102.31|16.10|20.99|70.29|195.77
2452893|74574|1789|6056|21574|4532|970|6056|21574|4532|970|3|1|309|30|4894.20|195.76|5089.96|98.38|428.10|2789.69|1851.96|252.55|722.24
2452398|68909|489|74|133445|1423|2921|74|133445|1423|2921|1|2|312|19|554.61|49.91|604.52|94.23|20.90|543.51|10.32|0.78|165.04
2452375|62226|253|7553|55330|1987|3604|7553|55330|1987|3604|1|3|312|44|1960.20|0.00|1960.20|66.00|1487.20|19.60|1668.91|271.69|1553.20
2451478|65256|1282|3554|60747|5626|3792|3554|60747|5626|3792|2|3|313|19|0.00|0.00|0.00|66.91|698.44|0.00|0.00|0.00|765.35
2451443|66491|1567|4631|121658|4525|4272|4631|121658|4525|4272|4|1|313|4|113.04|6.78|119.82|17.44|276.36|16.95|3.84|92.25|300.58
2451280|2073|1288|7435|7504|4213|2402|7435|7504|4213|2402|1|3|314|96|20374.08|1833.66|22207.74|7.87|7771.20|7334.66|651.97|12387.45|9612.73
2451324|79698|1669|5567|89019|2151|1843|5567|89019|2151|1843|2|1|317|3|652.32|19.56|671.88|72.13|189.15|32.61|359.43|260.28|280.84
2452405|60286|1769|7931|124622|2146|2030|7931|124622|2146|2030|1|3|318|8|690.32|0.00|690.32|50.25|281.76|614.38|40.24|35.70|332.01
2452237|31296|1379|5420||2273||5420|74070||3323|3|1|318|14|63.00|1.89||||41.58|||
2452679|10632|1008|7311|132178|5412|1239|7311|132178|5412|1239|1|3|320|39|1125.93|78.81|1204.74|67.02|954.72|416.59|78.02|631.32|1100.55
2451138|46359|1765|6167|27126|3525|4557|6167|27126|3525|4557|4|3|321|2|76.14|6.09|82.23|56.85|8.94|3.04|29.97|43.13|71.88
2451146|75006|1294|520|158414|3235|1616|520|158414|3235|1616|4|1|321|39|3440.97|0.00|3440.97|30.09|2234.31|1135.52|1083.56|1221.89|2264.40
2451077|72412|1297|4752|98985|3938|3931|4752|98985|3938|3931|1|3|322|43|4213.14|294.91|4508.05|87.31|336.69|2949.19|37.91|1226.04|718.91
2451690|45291|1454|4456|173100|555|2603|4456|173100|555|2603|1|3|323|34|2712.86|0.00|2712.86|84.00|1575.22|2305.93|333.68|73.25|1659.22
2451387|70444|974|2721|37499|6917|3368|2721|37499|6917|3368|1|2|324|30|1167.00|35.01|1202.01|88.92|753.00|548.49|86.59|531.92|876.93
2451288|65909|1090|6948|65762|6223|1437|6948|65762|6223|1437|2|1|324|61|420.29|12.60|432.89|95.69|653.92|88.26|242.38|89.65|762.21
2451181|23926|196|618|8492|4766|4440|618|8492|4766|4440|4|3|325|8|527.36|42.18|569.54|54.67|50.16|163.48|334.76|29.12|147.01
2451311|38436|1310|7760|146249|3709|569|7760|146249|3709|569|1|1|325|78|549.12|49.42|598.54|62.43|128.70|291.03|64.52|193.57|240.55
2451714|251|1690|8623|24826|3989|672|8623|24826|3989|672|4|1|326|4|467.28|32.70|499.98|22.23|104.60|74.76|219.81|172.71|159.53
2451704|70282|1753|1469|157581|380|2612|1469|157581|380|2612|1|2|326|17|23.97|1.19|25.16|83.20|1204.96|11.26|3.17|9.54|1289.35
2451811|45854|1154|7569|55056|6223|397|7569|55056|6223|397|2|1|326|21|1251.60|62.58|1314.18|57.48|658.77|988.76|23.65|239.19|778.83
2451770|70846|19|4571|153896|2581|2833|4571|153896|2581|2833|4|3|328|7|31.71|1.58|33.29|7.26|253.68|8.56|7.40|15.75|262.52
2451636|48241|490|8589|140531|1117|2056|8589|140531|1117|2056|1|3|331|19|1953.01|175.77|2128.78|22.39|24.70|78.12|656.21|1218.68|222.86
||1771||||842|5650|31176|4829|842|||332|15||108.68|1316.33||||589.81|207.24|157.27
2451676|37026|967|3547|144106|472|1511|3547|144106|472|1511|1|3|333|5|101.65|9.14|110.79|46.46|65.60|53.87|1.91|45.87|121.20
2452089|68108|17|6228|97535|2075|1622|6228|97535|2075|1622|1|3|334|17|1803.87|36.07|1839.94|64.08|131.92|234.50|1302.57|266.80|232.07
2452087|25591|869|3137|38199|1548|4330|3137|38199|1548|4330|1|2|334|36|2207.52|110.37|2317.89|85.42|343.08|419.42|411.26|1376.84|538.87
2451087|74187|758|5487|123759|441|2396|5487|123759|441|2396|2|1|336|2|3.34|0.26|3.60|5.95|1.10|1.90|0.64|0.80|7.31
2450873|58809|673|1429|32732|5315|4058|1429|32732|5315|4058|1|3|336|3|319.98|25.59|345.57|35.18|175.08|156.79|141.97|21.22|235.85
2451257|42390|1498|717|177870|2223|2423|717|177870|2223|2423|4|1|337|16|8.16|0.08|8.24|9.32|50.56|2.52|3.38|2.26|59.96
2451160|47161|1795|9647|173856|3298|4300|9647|173856|3298|4300|2|1|338|26|810.16|48.60|858.76|85.60|53.82|413.18|19.84|377.14|188.02
2451314|73878|340|239|70183|1454|4438|239|70183|1454|4438|4|3|338|65|2122.25|84.89|2207.14|5.33|1459.25|1485.57|19.10|617.58|1549.47
2452489|47695|546|1403|61943|6483|2023|1403|61943|6483|2023|1|3|340|66|7434.24|223.02|7657.26|95.33|4272.84|1040.79|191.80|6201.65|4591.19
2451721|47050|725|8073|178016|439|1775|8073|178016|439|1775|2|1|341|5|56.85|5.11|61.96|23.57|108.30|43.20|6.82|6.83|136.98
2451802|37402|349|1284|89239|5227|2375|1284|89239|5227|2375|4|1|342|53|1526.40|106.84|1633.24|93.26|1285.25|595.29|595.91|335.20|1485.35
2451549||586|2685|137869||||137869|3180|3004|||343|14|||816.31|1.19|25.48|285.31|||50.44
2452069|36966|905|8945|177700|2888|4683|8945|177700|2888|4683|1|2|344|9|904.68|54.28|958.96|98.17|207.63|199.02|663.32|42.34|360.08
2452475|68845|1173|4388|82683|2338|3666|4388|82683|2338|3666|3|2|345|5|414.60|8.29|422.89|13.65|13.35|20.73|51.20|342.67|35.29
2452373|43183|1743|208||6186|||67797|||||346||72.59||||148.24||4.52|60.09|
2452762|49146|897|6744|71416|6328|4120|6744|71416|6328|4120|6|1|347|6|70.08|6.30|76.38|32.22|70.08|4.90|5.86|59.32|108.60
2452752|60697|315|5680|69233|4739|4692|5680|69233|4739|4692|3|1|347|2|11.48|0.11|11.59|19.89|73.86|5.05|2.63|3.80|93.86
||882||52843|2248|1446|7975||2248||1|1|347||305.52|||94.05|9.68|143.59|123.06||
2452039|46836|800|||2863|983||31510|2863||||348|3|||125.03|45.92||10.61||63.34|83.65
2452045|68146|1579|7002|141671|5733|2075|7002|141671|5733|2075|3|3|349|3|38.85|0.38|39.23|73.04|0.00|35.35|1.82|1.68|73.42
||1715|4775||1753|4242||144984|1753|4242|1|1|349||1434.40|86.06|1520.46||119.24|1319.64|100.98|13.78|
2451625|26889|1628|8487|47734|6614|1101|8487|47734|6614|1101|2|3|351|67|824.10|16.48|840.58|0.70|381.90|379.08|293.71|151.31|399.08
2451188|30484|133|883|129889|6048|4054|883|129889|6048|4054|2|3|352|50|647.00|51.76|698.76|1.71|264.00|51.76|178.57|416.67|317.47
2451156|28450|562|6292|158335|1785|1755|6292|158335|1785|1755|4|2|352|16|1154.24|57.71|1211.95|22.81|302.24|230.84|55.40|868.00|382.76
2451256|50248|392|691|44771|5891|2091|691|44771|5891|2091|2|2|353|22|72.16|5.05|77.21|1.05|80.74|10.82|26.37|34.97|86.84
2452386|46416|1686|970|85710|2690|2550|970|85710|2690|2550|6|3|355|49|721.77|7.21|728.98|68.99|1127.49|577.41|119.81|24.55|1203.69
2451804|45968|320|943|58420|2297|1421|943|58420|2297|1421|2|1|356|30|2897.40|57.94|2955.34|50.62|330.90|2868.42|19.12|9.86|439.46
2451673|66789|271|9712|162743|4141|1332|9712|162743|4141|1332|1|2|357|35|1115.80|89.26|1205.06|69.66|380.45|200.84|914.96|0.00|539.37
2451356|39922|274|9184|132388|4919|4163|9184|132388|4919|4163|4|1|359|1|121.29|0.00|121.29|53.80|37.42|20.61|4.02|96.66|91.22
2451335|69728|1412|1471|106758|2652|466|1471|106758|2652|466|2|2|359|69|77.97|3.11|81.08|86.10|198.72|16.37|13.55|48.05|287.93
2452474|33667|1343|8539|37417|168|3006|8539|37417|168|3006|3|2|360|1|111.27|4.45|115.72|79.58|48.95|33.38|40.50|37.39|132.98
2452432|42483|1477|8321|86563|2430|2770|8321|86563|2430|2770|3|1|360|25|1277.75|0.00|1277.75|50.52|52.50|1047.75|41.40|188.60|103.02
2452420|17491|942|7773|37098|6663|1108|7773|37098|6663|1108|6|1|362|45|3559.05|284.72|3843.77|18.39|898.65|2882.83|608.59|67.63|1201.76
2451654|16918|266|387|123367|4954|3814|387|123367|4954|3814|4|1|363|8|13.84|0.55|14.39|7.70|13.84|8.58|3.26|2.00|22.09
2451665|48870|1789|2187|46499|2778|1097|2187|46499|2778|1097|1|3|363|2|7.06|0.21|7.27|38.07|120.14|0.28|1.22|5.56|158.42
2451512|79379|1352|4890|153825|793|3768|4890|153825|793|3768|4|2|365|23|1097.10|98.73|1195.83|84.76|421.82|285.24|625.13|186.73|605.31
2451489|78706|1604|6774|145456|585|267|6774|145456|585|267|2|3|365|6|30.06|2.40|32.46|25.05|132.48|12.92|10.28|6.86|159.93
2451673|28513|115|1472|7469|5593|4630|1472|7469|5593|4630|2|3|366|1|13.03|0.91|13.94|78.92|8.90|4.43|5.24|3.36|88.73
2451783|46761|181|6418|119529|2687|4198|6418|119529|2687|4198|2|2|366|55|4100.80|287.05|4387.85|37.63|2380.95|82.01|3938.41|80.38|2705.63
2451396|66575|1135|162|80357|425|133|162|80357|425|133|1|1|367|36|360.36|7.20|367.56|32.80|128.52|136.93|118.41|105.02|168.52
2451293|37442|658|4331|29102|5600|2258|4331|29102|5600|2258|1|3|367|3|2.40|0.21|2.61|63.20|5.61|0.57|1.28|0.55|69.02
2452591|42382|1551|3968|169725|1529|3286|3968|169725|1529|3286|3|1|368|26|616.20|24.64|640.84|76.70|125.58|234.15|19.10|362.95|226.92
2452648|44814|108|8870|132924|6818|2992|8870|132924|6818|2992|1|2|368|16|343.04|13.72|356.76|71.19|771.84|257.28|18.86|66.90|856.75
2452759|43287|507|8378|54137|6663|982|8378|54137|6663|982|6|2|371|57|98.61|7.88|106.49|81.77|211.47|50.29|44.93|3.39|301.12
2452379|69972|791|6034|132895|349|4330|6034|132895|349|4330|5|2|372|5|533.95|26.69|560.64|93.37|5.50|373.76|107.32|52.87|125.56
2452404|42886|961|5335|127980|6865|583|5335|127980|6865|583|3|2|372|43|2138.82|64.16|2202.98|76.05|138.89|577.48|156.13|1405.21|279.10
2452408|36139|1515|9403|3467|6011|1068|9403|3467|6011|1068|5|1|372|16|440.80|30.85|471.65|66.52|275.52|193.95|244.38|2.47|372.89
2452458|49583|69|4531|127445|5352|2586|4531|127445|5352|2586|5|1|372|58|739.50|14.79|754.29|92.89|3944.58|658.15|50.43|30.92|4052.26
2452047|58382|541|4165|117129|4173|730|4165|117129|4173|730|5|1|373|33|363.66|10.90|374.56|43.09|138.93|98.18|177.87|87.61|192.92
2452500|34595|1027|5560|133682|957|79|5560|133682|957|79|3|2|374|62|716.72|64.50|781.22|65.11|443.92|594.87|24.37|97.48|573.53
2452339|44819|1419|4998|34933|3381|4596|4998|34933|3381|4596|1|2|374|34|2819.96|56.39|2876.35|18.74|1979.82|1691.97|485.03|642.96|2054.95
2451756|12502|1114|570|100561|1484|3760|570|100561|1484|3760|2|1|376|35|984.20|88.57|1072.77|58.87|178.85|757.83|226.37|0.00|326.29
2451731|40780|1208|5576|145818|2940|175|5576|145818|2940|175|4|2|376|48|3978.24|278.47|4256.71|24.53|3536.16|2466.50|1133.80|377.94|3839.16
2452382|38398|1073|5407|123437|3820|1403|5407|123437|3820|1403|5|3|377|2|17.02|1.36|18.38|43.36|5.28|5.61|6.50|4.91|50.00
2451462|43294|1675|6108|122410|3039|635|6108|122410|3039|635|2|2|378|6|127.44|0.00|127.44|97.87|52.74|71.36|13.45|42.63|150.61
2452299|28665|311|2621|19494|3120|2793|2621|19494|3120|2793|5|2|379|17|1083.58|54.17|1137.75|16.25|541.79|270.89|186.91|625.78|612.21
2452317|81788|177|7650|22281|2752|2903|7650|22281|2752|2903|5|3|379|39|356.85|32.11|388.96|24.84|988.26|149.87|53.81|153.17|1045.21
2451193|73165|211|6150|47250|397|4944|6150|47250|397|4944|4|3|380|10|82.60|4.13|86.73|74.52|38.70|41.30|36.75|4.55|117.35
2451020|58189|1478|2364|129270|6656|1449|2364|129270|6656|1449|1|2|380|42|1231.86|49.27|1281.13|23.20|1042.44|936.21|186.25|109.40|1114.91
2451117|61435|578|8583|88434|3932|3983|8583|88434|3932|3983|1|2|380|82|274.70|8.24|282.94|19.26|1078.30|173.06|90.45|11.19|1105.80
2451225|54769|446||||917||85399|||4|2|382|||||58.55|||61.26||353.00
2451954|68809|872|460|64729|518|4147|460|64729|518|4147|2|2|383|52|96.72|1.93|98.65|87.34|26.52|9.67|17.41|69.64|115.79
2451836|47979|17|9885|52296|4580|751|9885|52296|4580|751|1|3|384|2|114.68|6.88|121.56|9.95|64.88|27.52|35.73|51.43|81.71
2451830|30740|800|6651|100633|215|4444|6651|100633|215|4444|5|1|384|27|241.65|16.91|258.56|0.86|181.17|24.16|202.26|15.23|198.94
2452399|69408|1785|803|68008|4620|2552|803|68008|4620|2552|3|3|385|63|1958.67|117.52|2076.19|25.22|941.22|1958.67|0.00|0.00|1083.96
2452734|45756|1503|3730|4062|3514|53|3730|4062|3514|53|3|1|387|55|503.25|5.03|508.28|70.59|251.35|115.74|178.25|209.26|326.97
2452637|61755|99|6757|128152|2427|3509|6757|128152|2427|3509|1|2|387|28|1902.32|76.09|1978.41|64.11|699.72|1084.32|531.70|286.30|839.92
2452816|49486|853|7203|185537|2718|3052|7203|185537|2718|3052|6|3|387|4|50.32|4.52|54.84|15.09|0.00|32.20|2.89|15.23|19.61
2451625|66627|880|5341|104110|1312|4121|5341|104110|1312|4121|1|2|388|10|798.70|23.96|822.66|26.93|528.20|463.24|103.99|231.47|579.09
2451515|41615|836|6594|120253|6825|1564|6594|120253|6825|1564|2|2|388|60|1066.80|10.66|1077.46|42.65|3840.00|53.34|709.42|304.04|3893.31
2451211|71666|700|5573|40675|5104|246|5573|40675|5104|246|1|3|389|54|3053.16|0.00|3053.16|12.28|872.10|152.65|1885.33|1015.18|884.38
2452410|70607|1129|7630|24403|5129|4502|7630|24403|5129|4502|5|2|390|58|638.58|19.15|657.73|77.71|2265.48|389.53|196.74|52.31|2362.34
2452484|36787|893|2839|99869|5299|82|2839|99869|5299|82|3|1|390|6|298.68|17.92|316.60|16.27|180.78|229.98|13.74|54.96|214.97
2452389|70557|163|5412|83988|3684|20|5412|83988|3684|20|5|1|390|2|213.16|12.78|225.94|70.50|161.48|119.36|67.53|26.27|244.76
2452199|68683|489|9411|70869|5447|2112|9411|70869|5447|2112|3|3|391|19|884.45|44.22|928.67|79.57|18.05|831.38|46.17|6.90|141.84
2452468|54426|253|4856|34403|383|3570|4856|34403|383|3570|3|1|391|17|94.69|0.00|94.69|21.95|35.87|19.88|71.06|3.75|57.82
2452261|56647|1341|6526|173714|6869|264|6526|173714|6869|264|1|2|391|69|812.82|0.00|812.82|34.49|2438.46|341.38|301.72|169.72|2472.95
2452464|43736|15|3820|55097|4807|4877|3820|55097|4807|4877|5|2|391|11|1037.74|41.50|1079.24|19.65|303.27|892.45|53.75|91.54|364.42
2450988|62728|706|635|137133|5344|1922|635|137133|5344|1922|4|1|392|47|61.10|0.00|61.10|6.99|1965.07|42.77|10.44|7.89|1972.06
2451495|50374|1456|7053|159337|2788|3032|7053|159337|2788|3032|4|1|396|7|25.97|2.07|28.04|60.21|286.37|19.47|5.00|1.50|348.65
2451433|9592|52|4593|164609|2945|4768|4593|164609|2945|4768|2|2|396|2|155.96|3.11|159.07|57.31|38.98|93.57|62.39|0.00|99.40
2452357|4292|1517|8236|107172|7148|2804|8236|107172|7148|2804|1|2|397|13|1340.04|13.40|1353.44|57.84|1098.76|1179.23|101.31|59.50|1170.00
2452178|25285|1111|8905|3171|1774|2257|8905|3171|1774|2257|1|1|398|2|79.90|6.39|86.29|17.74|6.58|59.92|3.99|15.99|30.71
2452482|43071|1679|9007|7404|474|431|9007|7404|474|431|3|3|399|72|4019.76|321.58|4341.34|44.12|3684.96|120.59|584.87|3314.30|4050.66
2452469|36927|737|233|33224|6022|693|233|33224|6022|693|5|3|399|3|283.53|5.67|289.20|47.33|60.12|127.58|106.04|49.91|113.12
2452754|67351|717|8678|113480|795|2230|8678|113480|795|2230|1|3|400|1|0.43|0.03|0.46|27.32|2.82|0.09|0.03|0.31|30.17
2452708|79861|1431|597|183618|992|3766|597|183618|992|3766|6|1|400|19|2040.79|81.63|2122.42|6.43|1197.95|938.76|958.76|143.27|1286.01
2452473|79196|1343|6757|137063|6489|2802|6757|137063|6489|2802|3|1|401|59|13607.17|544.28|14151.45|45.41|3847.98|13471.09|97.97|38.11|4437.67
2452464|75368|1575|4553|150974|2228|2289|4553|150974|2228|2289|3|1|401|8|57.36|5.16|62.52|94.69|65.60|40.15|14.62|2.59|165.45
2452842|48229|306|1962|12631|2900|2369|1962|12631|2900|2369|6|1|402|43|1105.53|66.33|1171.86|11.66|460.53|154.77|351.78|598.98|538.52
2452726|14178|399|5960|85749|211|4513|5960|85749|211|4513|3|1|402|25|707.75|28.31|736.06|52.34|92.75|28.31|101.91|577.53|173.40
2451676|49629|1526|7490|150067|324|3541|7490|150067|324|3541|2|1|406|14|1402.24|42.06|1444.30|89.88|1073.52|1219.94|3.64|178.66|1205.46
2452612|46554|1257|1234|114587|5733|3959|1234|114587|5733|3959|1|2|408|39|1786.98|125.08|1912.06|67.34|525.33|929.22|42.88|814.88|717.75
2452593|45286|474|4061|65883|3672|854|4061|65883|3672|854|1|1|408|39|2307.63|161.53|2469.16|94.29|2570.10|46.15|1944.87|316.61|2825.92
2452865|22260|543|8408|62226|3324|1229|8408|62226|3324|1229|6|1|409|29|1601.09|112.07|1713.16|41.92|617.70|1024.69|219.03|357.37|771.69
2452845|80293|798|2901|31135|3049|4923|2901|31135|3049|4923|3|1|409|10|195.50|7.82|203.32|66.14|183.70|84.06|105.86|5.58|257.66
2452825|81872|1047|4667|80199|4098|790|4667|80199|4098|790|1|2|409|32|853.76|76.83|930.59|97.73|1024.64|717.15|61.47|75.14|1199.20
2450947|50664|1468|3394|33119|5931|776|3394|33119|5931|776|1|1|410|52|270.40|8.11|278.51|4.39|355.68|246.06|13.63|10.71|368.18
2452650|43458|609|6827|32108|1836|3364|6827|32108|1836|3364|3|1|411|7|19.11|1.33|20.44|78.23|7.63|9.93|4.13|5.05|87.19
2452746|18809|175|8975|160649|2323|3197|8975|160649|2323|3197|3|1|411|14|52.92|2.11|55.03|79.68|270.90|4.23|36.03|12.66|352.69
2452680|64509|126|2813|119185|5797|2489|2813|119185|5797|2489|1|2|411|28|2586.36|206.90|2793.26|89.68|1072.96|801.77|214.15|1570.44|1369.54
2452799|42324|1641|6869|92820|2004|995|6869|92820|2004|995|1|1|411|60|1027.80|30.83|1058.63|50.08|293.40|185.00|193.84|648.96|374.31
2451499|49562|1699|6731|81689|1047|805|6731|81689|1047|805|4|3|413|20|463.20|32.42|495.62|93.48|540.40|333.50|84.30|45.40|666.30
2451252|70754|976|1921|112507|4933|4839|1921|112507|4933|4839|2|2|414|17|1958.06|78.32|2036.38|62.74|1091.91|1586.02|55.80|316.24|1232.97
2451422|26699|445|7570|87022|1674|326|7570|87022|1674|326|2|3|414|27|267.03|18.69|285.72|5.90|211.95|104.14|154.74|8.15|236.54
2451194|45749|1606|4752|46296|720|1904|4752|46296|720|1904|2|2|415|39|584.22|29.21|613.43|74.35|168.09|525.79|44.40|14.03|271.65
2451320|38267|686|3083|159536|182|3155|3083|159536|182|3155|1|2|415|16|230.88|18.47|249.35|17.37|137.12|34.63|70.65|125.60|172.96
2451213|25880|529|6639|109743|7200|4904|6639|109743|7200|4904|2|3|417|19|1984.17|138.89|2123.06|66.10|220.40|1488.12|74.40|421.65|425.39
2451041|76080|637|3307|16953|3319|478|3307|16953|3319|478|2|1|417|58|1202.34|24.04|1226.38|10.36|23.78|1166.26|28.14|7.94|58.18
2452354|66007|257|6128|53398|5835|2265|6128|53398|5835|2265|1|1|418|39|914.16|54.84|969.00|93.77|1371.63|575.92|267.20|71.04|1520.24
2452218|65629|1471|2945|155460|4935|1530|2945|155460|4935|1530|3|3|419|38|4404.96|132.14|4537.10|30.28|1835.40|1894.13|477.05|2033.78|1997.82
2451989|71684|1244|2028|44910|319|4641|2028|44910|319|4641|5|2|422|36|576.72|34.60|611.32|6.34|337.32|363.33|164.31|49.08|378.26
2451298|11772|217|7918|118735|1425|3202|7918|118735|1425|3202|4|3|424|34|4289.44|343.15|4632.59|28.42|836.74|3688.91|468.41|132.12|1208.31
2451352|43861|488|909|23196|6090|3057|909|23196|6090|3057|1|3|424|32|319.04|15.95|334.99|73.33|191.36|95.71|91.56|131.77|280.64
2451330|80370|272|683|139656|4149|682|683|139656|4149|682|2|2|425|6|315.30|18.91|334.21|80.88|101.82|135.57|39.54|140.19|201.61
2452681|55731|672|3545|121415|2965|2275|3545|121415|2965|2275|6|2|427|2|282.38|11.29|293.67|50.47|76.68|124.24|11.06|147.08|138.44
2452873|54217|1089|5876|107328|4493|4625|5876|107328|4493|4625|3|2|427|3|161.46|1.61|163.07|59.53|179.91|80.73|75.07|5.66|241.05
2452061|60114|1061|5360|183250|2293|2736|5360|183250|2293|2736|1|1|428|2|36.60|2.56|39.16|6.20|27.06|5.12|22.98|8.50|35.82
2451890|72774|385|958|169171|937|1903|958|169171|937|1903|5|1|429|45|171.45|1.71|173.16|29.68|213.30|142.30|1.74|27.41|244.69
2452054|33530|155|4788|20364|3140|4563|4788|20364|3140|4563|1|2|429|56|376.88|0.00|376.88|21.31|1670.48|60.30|250.09|66.49|1691.79
|43497|979||46029|3340|1251|318|46029|3340||||429|7|587.30||610.79|99.14||587.30|0.00||
2451919|253|709|5754|38387|3867|2347|5754|38387|3867|2347|5|1|429|15|1958.55|137.09|2095.64|16.33|559.50|1018.44|554.66|385.45|712.92
2452387|61938|483|5841|80135|5916|4330|5841|80135|5916|4330|6|2|431|23|361.10|32.49|393.59|5.38|135.93|346.65|12.13|2.32|173.80
2452519|59627|1231|6975|105462|2669|4516|6975|105462|2669|4516|3|2|431|13|1040.13|62.40|1102.53|57.47|628.03|20.80|448.50|570.83|747.90
2452622|43920|1488|2291|169394|7184|207|2291|169394|7184|207|1|1|432|57|6463.80|258.55|6722.35|4.06|1785.81|4847.85|597.90|1018.05|2048.42
2451996|73567|833|964|174430|7176|4682|964|174430|7176|4682|5|3|436|12|316.56|6.33|322.89|95.92|156.12|224.75|81.71|10.10|258.37
2452040|56177|23|8813|92540|5820|3547|8813|92540|5820|3547|1|1|436|12|210.12|14.70|224.82|94.60|162.96|96.65|40.84|72.63|272.26
2451535|76243|1129|2311|129173|3475|3257|2311|129173|3475|3257|1|2|437|47|2733.99|109.35|2843.34|27.53|176.25|2405.91|13.12|314.96|313.13
2452352|38812|3|9029|169545|3614|3130|9029|169545|3614|3130|3|2|438|2|28.08|0.56|28.64|13.16|56.18|20.77|4.02|3.29|69.90
2452271|25509|873|7616|18748|6600|3892|7616|18748|6600|3892|5|1|438|49|5262.60|210.50|5473.10|99.92|2826.32|4631.08|498.90|132.62|3136.74
2452302|67704|1539|6987|3448|2982|4603|6987|3448|2982|4603|1|1|439|86|774.86|0.00|774.86|65.52|410.22|395.17|167.06|212.63|475.74
2452355|17838|1311|1338|140587|5196|2325|1338|140587|5196|2325|3|1|441|1|44.00|1.32|45.32|69.21|8.20|18.04|8.30|17.66|78.73
2452186|22519|944|8743|174110|84|731|8743|174110|84|731|5|1|444|15|1442.85|86.57|1529.42|84.35|91.05|807.99|304.73|330.13|261.97
2452028|28149|1316|751|157728|5265|1522|751|157728|5265|1522|5|3|444|34|2228.02|0.00|2228.02|11.73|981.92|334.20|1458.24|435.58|993.65
2452298|46699|365|8204|141824|4324|784|8204|141824|4324|784|1|2|445|25|4670.50|420.34|5090.84|42.71|129.50|3456.17|400.72|813.61|592.55
2451881|64583|73|7599|144000|6961|3642|7599|144000|6961|3642|5|3|446|20|989.60|89.06|1078.66|31.45|487.20|524.48|465.12|0.00|607.71
2452366|68694|1017|6758|132743|5095|3440|6758|132743|5095|3440|5|2|449|36|972.72|9.72|982.44|13.24|2099.16|233.45|650.55|88.72|2122.12
2452492|55182|659|2341|146650|5999|1428|2341|146650|5999|1428|5|2|449|3|9.09|0.63|9.72|24.45|213.66|0.63|0.67|7.79|238.74
2451769|47575|302|8237|129305|4773|1841|8237|129305|4773|1841|2|3|452|6|760.32|60.82|821.14|3.49|336.48|30.41|635.02|94.89|400.79
2451343|45784|775|273|83405|5017|4789|273|83405|5017|4789|1|2|454|3|62.46|2.49|64.95|6.84|8.67|31.85|29.38|1.23|18.00
|12686|1730||178482|1878|2387||178482|1878||||455||590.08|41.30|||||||253.64
2452191|24444|1593|6148|162982|4729|3043|6148|162982|4729|3043|3|3|456|2|329.78|0.00|329.78|52.75|123.24|270.41|13.65|45.72|175.99
2452365|68975|641|2099|96927|3228|216|2099|96927|3228|216|1|2|456|11|12.98|0.51|13.49|81.39|18.70|8.43|2.82|1.73|100.60
2451863||421||120049|1922||1423|120049||4795|2|3|457||1248.74|||||1211.27|28.47|9.00|
2452797|2690|961|6594|26143|1499|1775|6594|26143|1499|1775|6|3|458|74|1047.84|73.34|1121.18|84.27|475.08|303.87|602.61|141.36|632.69
2451783|71852|752|9365|89228|1444|3660|9365|89228|1444|3660|1|1|459|30|1999.50|139.96|2139.46|99.81|448.80|659.83|549.26|790.41|688.57
2452684|26928|1509|6409|133722|5275|308|6409|133722|5275|308|1|1|460|36|2849.76|56.99|2906.75|93.25|2199.60|398.96|1151.87|1298.93|2349.84
2452696|54088|139|6782|182353|6884|4935|6782|182353|6884|4935|6|3|460|25|97.25|0.97|98.22|77.46|286.50|37.92|52.80|6.53|364.93
2452561|62868|1363|4878|5304|4210|3923|4878|5304|4210|3923|3|1|460|67|3739.94|261.79|4001.73|91.20|1402.31|2730.15|40.39|969.40|1755.30
|85059|1071|2420|||||186663|1226|2029|1||460||10573.98|422.95||90.40||845.91|6712.36||4742.42
2452620|46167|535|5838|59049|5540|3191|5838|59049|5540|3191|6|3|462|10|284.40|17.06|301.46|96.61|45.30|233.20|36.86|14.34|158.97
2452776|70378|1740|2157|22278|5707|4296|2157|22278|5707|4296|6|1|464|4|69.56|1.39|70.95|95.02|51.40|19.47|49.08|1.01|147.81
2452911|73881|585|7870|128884|5978|3032|7870|128884|5978|3032|3|2|464|8|651.44|0.00|651.44|51.92|335.60|130.28|500.31|20.85|387.52
2452819|69221|1131|5242|122080|998|4876|5242|122080|998|4876|6|3|464|1|83.16|1.66|84.82|75.17|58.33|42.41|22.82|17.93|135.16
2452022|18967|343|8805|96574|2230|3119|8805|96574|2230|3119|5|1|465|19|229.71|0.00|229.71|49.48|153.14|147.01|74.43|8.27|202.62
2452106|62895|1463|4175|180545|1908|1351|4175|180545|1908|1351|5|1|466|47|341.22|6.82|348.04|33.78|837.54|255.91|20.47|64.84|878.14
2451587|42668|1448|5987|130837|2920|4363|5987|130837|2920|4363|4|3|469|4|69.60|1.39|70.99|72.41|77.32|60.55|5.70|3.35|151.12
||1027|2649|21082|5035|628||||628|2||469|54|2574.18|51.48||89.60|||||449.96
2451985|72442|1277|1503|125149|235|801|1503|125149|235|801|5|3|470|7|172.27|8.61|180.88|14.06|0.00|1.72|134.73|35.82|22.67
2451555|21789|1540|4950|80536|1035|1654|4950|80536|1035|1654|2|3|471|5|128.10|2.56|130.66|3.46|5.55|3.84|64.61|59.65|11.57
2451581|50136|158|6493|23946|5366|4379|6493|23946|5366|4379|2|2|471|25|253.00|7.59|260.59|66.23|826.75|235.29|2.30|15.41|900.57
2451894|16912|1220|3662|81556|1130|4017|3662|81556|1130|4017|1|1|472|9|309.60|15.48|325.08|11.42|138.15|0.00|86.68|222.92|165.05
2452597|77254|1669|2724|48699|6787|3642|2724|48699|6787|3642|3|3|473|42|34.44|3.09|37.53|14.59|1728.72|17.90|0.49|16.05|1746.40
2452730|74813|1770|2627|4383|2666|662|2627|4383|2666|662|1|2|475|33|832.26|16.64|848.90|63.35|1331.88|657.48|78.65|96.13|1411.87
2451238|13358|664|958|94049|20|351|958|94049|20|351|4|1|476|68|7531.68|301.26|7832.94|39.76|3043.00|4970.90|2355.91|204.87|3384.02
2451344|60116|350|7877|142408|1226|477|7877|142408|1226|477|1|1|476|21|1336.65|93.56|1430.21|3.13|497.28|213.86|190.87|931.92|593.97
2451514|66068|502|926|135608|770|1939|926|135608|770|1939|2|1|477|7|449.19|26.95|476.14|10.33|310.17|49.41|307.83|91.95|347.45
2451777|34619|1514|363|127179|5082|1818|363|127179|5082|1818|2|2|479|27|3628.80|145.15|3773.95|1.44|2545.56|2140.99|1264.63|223.18|2692.15
2452379|80041|1343|2027|150478|6176|4027|2027|150478|6176|4027|1|2|480|19|1438.49|14.38|1452.87|30.40|1236.71|143.84|1178.13|116.52|1281.49
2452344|36395|79|5677|12977|3629|2568|5677|12977|3629|2568|5|1|480|10|80.90|4.85|85.75|79.73|384.50|7.28|68.46|5.16|469.08
2451747|74727|949|745|26106|1307|4588|745|26106|1307|4588|2|3|481|94|0.00|0.00|0.00|87.63|366.60|0.00|0.00|0.00|454.23
2451813|75327|517|491|75820|476|1845|491|75820|476|1845|2|2|481|1|50.06|3.50|53.56|53.57|9.31|39.54|8.73|1.79|66.38
2451987|65115|97|3305|190290|908|533|3305|190290|908|533|1|3|482|47|5749.04|57.49|5806.53|39.15|2907.42|2127.14|2788.86|833.04|3004.06
2452146|74931|1049|9835|80375|7075|942|9835|80375|7075|942|2|2|482|23|726.34|14.52|740.86|89.49|864.80|472.12|106.77|147.45|968.81
2452367|70324|653|3977|90590|5316|4962|3977|90590|5316|4962|5|3|483|60|14108.40|705.42|14813.82|52.76|4140.00|5643.36|6094.82|2370.22|4898.18
2452778||1117|2991||4544||||4544||6||484|5|71.25||||7.50|42.75||3.99|
2452774|77043|733|869|82079|842|2405|869|82079|842|2405|1|3|484|5|108.25|2.16|110.41|88.86|150.35|107.16|0.30|0.79|241.37
2451780|68415|1327|1732|171902|792|2322|1732|171902|792|2322|2|2|485|3|7.83|0.39|8.22|89.42|4.11|1.87|1.37|4.59|93.92
2451676|53332|178|6257|174232|654|3229|6257|174232|654|3229|2|2|486|25|80.00|0.80|80.80|35.73|174.25|63.20|11.42|5.38|210.78
2452481|20944|795|9556|6594|719|4924|9556|6594|719|4924|5|1|487|50|5266.50|157.99|5424.49|85.57|1790.50|1000.63|2132.93|2132.94|2034.06
2452325|74613|229|6063|162583|1696|1736|6063|162583|1696|1736|3|1|487|6|801.90|64.15|866.05|51.31|182.22|449.06|183.47|169.37|297.68
2451829|67845|664|4921|58073|6858|4250|4921|58073|6858|4250|4|3|489|19|3186.87|159.34|3346.21|96.08|1577.38|1784.64|1093.73|308.50|1832.80
2452078|16373|1021|478|191936|3634|4059|478|191936|3634|4059|1|2|492|33|2872.65|0.00|2872.65|88.54|957.33|2470.47|317.72|84.46|1045.87
2452261|64867|815|7598|125207|1456|1185|7598|125207|1456|1185|1|3|492|1|65.45|2.61|68.06|62.18|2.55|34.03|6.59|24.83|67.34
2452119|67792|1055|5039|63969|4132|1502|5039|63969|4132|1502|3|1|492|24|1254.72|87.83|1342.55|71.96|418.08|338.77|659.48|256.47|577.87
2452453|32975|1051|8233|104104|3655|3766|8233|104104|3655|3766|3|2|493|47|10298.17|411.92|10710.09|73.33|3077.56|7929.59|2155.40|213.18|3562.81
2452284|60285|781|6096|79116|6936|2109|6096|79116|6936|2109|1|3|493|34|2310.64|0.00|2310.64|65.73|2002.60|1964.04|197.56|149.04|2068.33
2452167|82621|1127|9913|48786|699|645|9913|48786|699|645|3|1|494|4|123.16|7.38|130.54|34.81|111.60|12.31|47.66|63.19|153.79
2452521|73440|731|2362|183045|6928|1411|2362|183045|6928|1411|1|2|495|1|4.26|0.00|4.26|78.69|34.08|3.15|0.42|0.69|112.77
2452503|58481|137|2321|19005|3129|2733|2321|19005|3129|2733|5|1|495|51|534.48|26.72|561.20|8.96|1959.93|224.48|15.50|294.50|1995.61
2452708|46675|972|7133|118357|6814|631|7133|118357|6814|631|6|1|497|3|166.71|13.33|180.04|91.23|3.60|21.67|78.32|66.72|108.16
2452837|5919|1674|1773|162287|4668|4042|1773|162287|4668|4042|6|1|498|20|2333.80|163.36|2497.16|6.15|25.80|2053.74|72.81|207.25|195.31
2452858|57819|637||109089|5421||6357|109089|5421|||2|498|5||5.71|69.26|||7.62|40.82|15.11|
2451281|31753|34|7155|64413|6744|3915|7155|64413|6744|3915|1|3|499|21|366.03|25.62|391.65|82.23|13.44|263.54|91.21|11.28|121.29
2451645|74905|97|6172|77707||1057||||1057|2||500|||0.49||68.18|3.05||3.29|6.39|71.72
2452061|21481|821|9412|163474|2496|2485|9412|163474|2496|2485|2|1|502|37|173.90|10.43|184.33|45.53|104.34|161.72|1.46|10.72|160.30
2451976|61069|752||81878|||880|81878||4496|||502|34||78.91|4024.61||699.04|236.74||890.16|
2452147|77855|992|1733|108500|5474|4721|1733|108500|5474|4721|1|2|503|36|87.48|0.00|87.48|89.11|4.32|49.86|18.43|19.19|93.43
2452845|67398|697|3845|186881|4898|4715|3845|186881|4898|4715|1|2|504|21|1866.69|149.33|2016.02|60.92|1001.07|1082.68|540.96|243.05|1211.32
2452783|58201|1123|8707|140796|3285|1774|8707|140796|3285|1774|3|3|504|29|563.18|11.26|574.44|15.24|722.39|382.96|75.69|104.53|748.89
2451558|21858|511|9810|127086|4842|4558|9810|127086|4842|4558|4|2|505|85|5640.60|225.62|5866.22|44.73|1964.35|5527.78|12.41|100.41|2234.70
2451546|29524|613|7507|163505|4143|3214|7507|163505|4143|3214|4|1|505|3|114.99|8.04|123.03|65.36|27.75|32.19|19.87|62.93|101.15
2452083|69738|1075|4700|65290|5960|4237|4700|65290|5960|4237|1|3|506|24|4453.92|356.31|4810.23|2.06|1807.44|4364.84|10.68|78.40|2165.81
2451334|61614|1693|9911|22081|1691|3981|9911|22081|1691|3981|2|2|507|1|48.14|2.88|51.02|15.19|66.20|38.99|2.01|7.14|84.27
2451303|74446|220|7810|174446|2442|4358|7810|174446|2442|4358|2|3|507|27|171.45|8.57|180.02|99.65|364.50|94.29|33.95|43.21|472.72
2452423|41274|1523|3875|126281|6174|1900|3875|126281|6174|1900|5|2|509|4|153.68|6.14|159.82|81.70|74.08|150.60|0.52|2.56|161.92
2452047|37368|973|8853|43292|338|704|8853|43292|338|704|5|3|510|52|3352.44|33.52|3385.96|89.28|2736.76|167.62|2961.88|222.94|2859.56
2452121|44233|1087|9338|179203|5501|2206|9338|179203|5501|2206|3|2|510|7|497.98|39.83|537.81|20.41|180.39|139.43|7.17|351.38|240.63
2452093|70435|347|6348|90471|721|3084|6348|90471|721|3084|3|2|510|5|301.30|18.07|319.37|50.38|136.95|225.97|27.87|47.46|205.40
2452209|77571|1259|994|185798|6315|752|994|185798|6315|752|5|3|511|23|3211.03|0.00|3211.03|41.24|453.56|0.00|545.87|2665.16|494.80
2451397|38481|274|5882|179992|5335|1685|5882|179992|5335|1685|1|1|512|2|9.26|0.27|9.53|50.11|27.82|5.74|1.68|1.84|78.20
2451104|31064|439|5710|153517|449|4141|5710|153517|449|4141|1|2|513|17|2067.88|103.39|2171.27|56.66|511.02|1633.62|195.41|238.85|671.07
2452460|75074|323|8167|125751|6008|1552|8167|125751|6008|1552|5|1|514|26|3865.68|0.00|3865.68|99.20|2684.50|2010.15|1354.53|501.00|2783.70
2452260|81268|1173|2475|55273|4151|2589|2475|55273|4151|2589|5|1|514|1|33.90|2.03|35.93|91.22|6.96|5.76|14.63|13.51|100.21
2452004|78513|710|7693|111029|6845|3021|7693|111029|6845|3021|5|2|516|21|730.17|29.20|759.37|34.23|213.57|649.85|34.53|45.79|277.00
2452101|77846|239|1228|187752|4229|2953|1228|187752|4229|2953|1|3|516|3|355.74|17.78|373.52|59.03|175.35|128.06|20.49|207.19|252.16
2452036|61736|656|2984|186104|7017|2257|2984|186104|7017|2257|5|2|516|13|1013.87|10.13|1024.00|60.32|669.50|283.88|620.49|109.50|739.95
2452226|17353|825|5013|115608|1836|1624|5013|115608|1836|1624|5|2|518|15|2143.35|64.30|2207.65|42.63|630.30|1371.74|216.05|555.56|737.23
2452672|23016|775|6918|60064|4763|2309|6918|60064|4763|2309|3|1|521|9|94.23|2.82|97.05|8.05|2.70|38.63|53.93|1.67|13.57
2452666|37936|1218|360|189000|4167|3294|360|189000|4167|3294|3|1|521|2|166.70|6.66|173.36|28.15|7.74|96.68|22.40|47.62|42.55
2452602|63178|241|6578|117861|2584|1540|6578|117861|2584|1540|1|3|522|1|23.17|0.92|24.09|22.48|0.58|14.13|3.43|5.61|23.98
2452508|34101|1797|7467|158210|586|3969|7467|158210|586|3969|1|1|522|73|278.13|0.00|278.13|35.15|132.13|250.31|20.86|6.96|167.28
2451430|66474|1238|267|170034|1594|1481|267|170034|1594|1481|1|3|523|2|306.28|27.56|333.84|73.53|77.58|284.84|10.72|10.72|178.67
2452002|17811|1250|7412|9785|478|1811|7412|9785|478|1811|5|1|524|22|238.48|21.46|259.94|22.14|322.74|162.16|22.13|54.19|366.34
2451859|42616|1277|799|45876|393|3190|799|45876|393|3190|2|1|524|6|640.62|0.00|640.62|46.03|36.24|390.77|219.86|29.99|82.27
2452220|34391|1799|622|183923|1351|3739|622|183923|1351|3739|3|3|525|19|1449.51|72.47|1521.98|7.08|304.38|681.26|399.49|368.76|383.93
2452442|72089|1223|9034|181960|1093|4746|9034|181960|1093|4746|3|1|525|40|2318.00|92.72|2410.72|42.87|1141.60|1900.76|50.06|367.18|1277.19
2452280|58975|1387|9839|35368|2610|4819|9839|35368|2610|4819|3|3|525|56|1496.88|14.96|1511.84|46.52|199.36|493.97|120.34|882.57|260.84
2452456|27238|149|6298|166312|3159|13|6298|166312|3159|13|3|3|525|25|476.75|38.14|514.89|74.06|1362.50|214.53|167.82|94.40|1474.70
2451623|58567|724|9525|87815|2698|1708||87815|2698||1||526|4|590.76||632.11||100.84|||13.00|179.56
2451736|18413|946|539|191242|585|3608|539|191242|585|3608|4|1|526|35|182.70|7.30|190.00|42.88|75.60|84.04|15.78|82.88|125.78
2451747|22842|1586|2040|83933|2913|1126|2040|83933|2913|1126|2|2|527|3|346.83|10.40|357.23|9.69|57.78|253.18|79.60|14.05|77.87
2451921|39091|1367|7582|164183|2624|2392|7582|164183|2624|2392|1|3|529|1|0.20|0.01|0.21|79.71|6.42|0.06|0.03|0.11|86.14
2451294|43753|67|6954|63678|1715|3672|6954|63678|1715|3672|4|1|530|71|6869.25|480.84|7350.09|8.81|4678.90|2953.77|2936.61|978.87|5168.55
2451993|41325|169|8958|143187|3096|1565|8958|143187|3096|1565|1|2|533|23|948.75|56.92|1005.67|72.94|431.25|322.57|281.78|344.40|561.11
2452060|60613|308|9621|48308|6388|1148|9621|48308|6388|1148|2|3|533|5|116.70|9.33|126.03|52.48|191.75|87.52|9.04|20.14|253.56
2451879|23145|1441|8402|131220|4758|489|8402|131220|4758|489|2|3|533|87|4397.85|175.91|4573.76|5.31|1677.36|4397.85|0.00|0.00|1858.58
2451266|68259|562|2800|12324|8|3012|2800|12324|8|3012|1|2|534|7|17.29|1.03|18.32|58.81|5.74|2.93|6.03|8.33|65.58
2452821|57860|1176|3539|37059|1299|179|3539|37059|1299|179|3|1|536|43|570.61|28.53|599.14|40.60|1193.25|97.00|123.13|350.48|1262.38
2451790|18137|1375|1681|127359|1150|4308|1681|127359|1150|4308|4|3|537|3|0.00|0.00|0.00|63.26|204.96|0.00|0.00|0.00|268.22
2451713|63579|376|7059|65898|4097|2416|7059|65898|4097|2416|4|1|537|8|248.48|4.96|253.44|77.02|128.80|116.78|59.26|72.44|210.78
|67197|1121|8970|16021|2432|1810||16021|2432|||1|538||1065.28|95.87|1161.15|51.49|453.44|607.20||187.82|
2452476|56056|1395|4840|150748|2256|964|4840|150748|2256|964|1|3|538|29|27.26|1.90|29.16|50.97|1018.77|3.27|1.67|22.32|1071.64
||589||107830||4322||107830|5856|4322|1|3|539|1|116.87|||8.29|14.94||0.63|9.89|
2451868|41065|1774|250|101772|2861|1743|250|101772|2861|1743|2|3|539|3|85.50|3.42|88.92|80.50|29.19|58.14|6.84|20.52|113.11
2451341|62450|1232|4507|135782|6817|2772|4507|135782|6817|2772|1|1|540|44|6018.32|180.54|6198.86|44.49|1138.28|3731.35|1074.87|1212.10|1363.31
2451440|61856|592|4908|111214|2433|4019|4908|111214|2433|4019|2|2|540|48|1618.08|16.18|1634.26|8.16|539.04|1504.81|4.53|108.74|563.38
2451358|73982|1258|3927|65066|78|2130|3927|65066|78|2130|4|3|546|10|8.20|0.65|8.85|51.91|180.40|3.44|2.52|2.24|232.96
2451373|27263|1057|9073|58666|4795|2524|9073|58666|4795|2524|2|1|546|27|893.16|35.72|928.88|97.11|157.41|294.74|11.96|586.46|290.24
2451610|28293|56|5777|35397|3657|150|5777|35397|3657|150|4|3|547|45|3285.45|32.85|3318.30|31.68|109.35|2431.23|230.63|623.59|173.88
2451445|61362|920|50|70571|3845|1319|50|70571|3845|1319|4|3|547|14|256.34|10.25|266.59|17.70|164.78|66.64|176.42|13.28|192.73
2451514|41628|1453|2701|160279|257|35|2701|160279|257|35|1|1|547|23|571.55|28.57|600.12|92.16|371.45|474.38|1.94|95.23|492.18
2452733|51752|987|2934|165372|2690|615|2934|165372|2690|615|3|1|549|5|204.30|4.08|208.38|87.14|168.95|138.92|22.22|43.16|260.17
2451018||304|||3269|||5770||401|1||550|||23.85||49.01|913.68|||30.54|986.54
2451079|66366|398|4531|105986|1474|169|4531|105986|1474|169|2|2|550|33|57.42|0.00|57.42|49.87|516.78|44.78|11.88|0.76|566.65
2451507|77566|523|2155|22453|6064|4995|2155|22453|6064|4995|2|1|551|34|3269.78|163.48|3433.26|65.45|1462.68|1634.89|1111.72|523.17|1691.61
2451699|51027|742|1011|181584|2877|4810|1011|181584|2877|4810|4|2|552|14|205.52|14.38|219.90|41.11|411.04|63.71|124.79|17.02|466.53
2451691|61540|1486|8850|78889|6768|3774|8850|78889|6768|3774|1|1|552|2|0.00|0.00|0.00|52.57|5.84|0.00|0.00|0.00|58.41
2451697|83312|1604|9736|123683|317|3784|9736|123683|317|3784|2|2|552|74|729.64|21.88|751.52|75.59|76.96|65.66|577.66|86.32|174.43
2452881|24265|870|2024|177270|709|4875|2024|177270|709|4875|6|1|553|21|4580.52|366.44|4946.96|96.71|532.56|2931.53|1269.72|379.27|995.71
2452248|50842|33|1792|117437|3322|2487|1792|117437|3322|2487|1|2|555|2|196.70|7.86|204.56|49.89|120.82|43.27|105.86|47.57|178.57
2452305|66222|1551|4177|126990|1130|3030|4177|126990|1130|3030|5|2|555|19|74.48|3.72|78.20|40.18|4.75|23.83|24.81|25.84|48.65
|36346|843|555||6851|1446||85783|6851||5||555|48|||402.86||||||
2451774|41691|595|6525|52572|6539|3146|6525|52572|6539|3146|2|3|556|6|511.44|46.02|557.46|11.04|274.68|92.05|8.38|411.01|331.74
2451634|55597|134|1775|2309|43|3624|1775|2309|43|3624|1|2|556|77|2545.62|203.64|2749.26|63.92|1875.72|1120.07|456.17|969.38|2143.28
2451499|42388|307|9546|46451|5229|1847|9546|46451|5229|1847|4|1|558|11|1664.41|66.57|1730.98|14.34|907.83|233.01|730.01|701.39|988.74
2451267|46719|751|404|101933|3142|1711|404|101933|3142|1711|2|1|559|29|729.64|51.07|780.71|48.35|95.12|51.07|339.28|339.29|194.54
2451748|45054|236|292|130386|6480|3374|292|130386|6480|3374|2|3|560|2|3.64|0.14|3.78|81.27|54.78|3.56|0.02|0.06|136.19
2451275|73735|56|7047|85549|4578|4967|7047|85549|4578|4967|4|3|561|30|1692.90|67.71|1760.61|0.92|510.60|575.58|748.60|368.72|579.23
2451378|62074|1112|5016|187655|3198|1414|5016|187655|3198|1414|1|1|561|43|469.99|9.39|479.38|77.10|1623.68|46.99|181.89|241.11|1710.17
2452076|68857|1358|3812|45474|2449|3391|3812|45474|2449|3391|1|1|562|1|6.54|0.06|6.60|19.29|21.64|0.58|1.84|4.12|40.99
2451313|28465|944|2780|128926|512|2378|2780|128926|512|2378|4|2|564|11|568.15|45.45|613.60|67.74|378.73|130.67|69.99|367.49|491.92
|71323|401||||4205||6879|6522|4205|||565|||||26.60||||217.90|466.88
2452114|81978|97|6883|119891|3939|2820|6883|119891|3939|2820|1|3|567|33|274.56|21.96|296.52|99.36|189.42|230.63|0.43|43.50|310.74
2452082|45501|548|2171|93407|7043|3679|2171|93407|7043|3679|1|1|567|42|3257.52|97.72|3355.24|69.10|2049.18|1661.33|1133.29|462.90|2216.00
2452049|44877|1100|9310|||||126804|3578|712|2||570|||635.07|9707.60|51.15|5234.41||789.31||
2452557|68361|1717|854|53436|2612|4501|854|53436|2612|4501|3|3|571|62|1966.02|19.66|1985.68|77.35|2948.72|0.00|589.80|1376.22|3045.73
2452047|54568|709|1058|98758|3611|1111|1058|98758|3611|1111|5|1|573|90|3486.60|104.59|3591.19|54.36|670.50|2440.62|606.66|439.32|829.45
2452154|70510|217|6538|137974||1752|6538||163|1752||1|573|6|160.44|9.62|||42.42|112.30|||
2452359|67978|951|7679|188453|5754|415|7679|188453|5754|415|6|3|574|9|154.98|9.29|164.27|6.75|247.95|63.54|88.69|2.75|263.99
2452755|73439|951||||1964||||1964|1||575|||||58.60|1007.50|282.61|192.42|139.35|
2451596|68923|704|5829|92779|4002|1512|5829|92779|4002|1512|4|1|576|6|511.08|35.77|546.85|46.01|34.02|321.98|143.71|45.39|115.80
2452583|54433|1723|4737|93432|6400|4808|4737|93432|6400|4808|6|3|578|26|177.06|0.00|177.06|35.77|563.42|173.51|0.74|2.81|599.19
2452747|38883|1009|1205|63319|1033|347|1205|63319|1033|347|6|2|578|11|347.93|3.47|351.40|95.71|632.61|250.50|93.53|3.90|731.79
2452348|69464|1185|4623|96818|3813|3208|4623|96818|3813|3208|1|3|583|9|70.29|6.32|76.61|81.83|21.33|45.68|11.56|13.05|109.48
2452518|84686|595|7521|174626|6244|1829|7521|174626|6244|1829|3|2|584|51|424.83|33.98|458.81|23.24|144.33|114.70|207.78|102.35|201.55
2452370|23109|251|9458|20901|744|4587|9458|20901|744|4587|5|3|584|10|59.60|1.78|61.38|60.89|13.30|24.43|22.50|12.67|75.97
2452376|78101|637|5478|63678|645|2605|5478|63678|645|2605|5|1|584|32|616.32|12.32|628.64|34.99|1704.00|67.79|197.47|351.06|1751.31
2452767|44561|949|407|180610|493|2383|407|180610|493|2383|3|2|587|43|2414.45|193.15|2607.60|37.95|1920.38|2366.16|29.45|18.84|2151.48
2452422|35613|21|7293|65485|7084|3556|7293|65485|7084|3556|5|2|588|38|53.58|3.21|56.79|52.60|215.46|23.03|15.58|14.97|271.27
2452048|69616|1787|4819|94733|6487|1121|4819|94733|6487|1121|1|3|589|30|1516.20|0.00|1516.20|37.63|1271.70|682.29|275.19|558.72|1309.33
2451311|24899|1429|6596|79921|4573|4385|6596|79921|4573|4385|2|1|590|28|1657.88|33.15|1691.03|50.70|457.24|580.25|571.14|506.49|541.09
2451841|76172|862|2707|76270|1913|4069|2707|76270|1913|4069|2|1|591|13|195.52|1.95|197.47|46.17|5.98|187.69|1.09|6.74|54.10
2452641|72313|606|7900|186719|5365|3611|7900|186719|5365|3611|1|3|592|68|2592.16|181.45|2773.61|60.93|1074.40|1814.51|155.53|622.12|1316.78
2452536|24852|715|25|29956|4494|2752|25|29956|4494|2752|1|1|592|65|4288.70|257.32|4546.02|19.59|0.00|3216.52|32.16|1040.02|276.91
2451800|62654|1105|8299|138444|6109|3814|8299|138444|6109|3814|1|3|593|14|239.54|16.76|256.30|40.20|0.00|232.35|1.58|5.61|56.96
2451171|22372|1147|4386|51399|2685|3258|4386|51399|2685|3258|2|2|594|33|2377.98|71.33|2449.31|99.74|581.79|1379.22|898.88|99.88|752.86
||271|1874|46911||425|1874|46911|508||||595|36|952.20|||59.33||19.04|522.56|410.60|1156.98
2451332|52206|398|3373|105694|1455|4296|3373|105694|1455|4296|1|2|595|34|4087.82|204.39|4292.21|56.84|281.86|204.39|1864.04|2019.39|543.09
2452745|40981|873|1494|151186|5916|4046|1494|151186|5916|4046|1|2|596|27|2293.11|45.86|2338.97|72.87|1965.60|779.65|1089.69|423.77|2084.33
2452072|46490|445|1647|170465|6883|1654|1647|170465|6883|1654|1|3|598|13|814.97|32.59|847.56|14.76|232.83|334.13|466.41|14.43|280.18
2451115|68302|1370|9527|80659|5311|756|9527|80659|5311|756|4|1|600|77|1399.86|69.99|1469.85|41.69|3920.07|153.98|485.89|759.99|4031.75
|62766|1450|3727|||4596|3727|||4596||1|600|20|1443.80|||17.47|1004.40||443.82|393.59|
2451127|28700|1586|557|115414|1184|3474|557|115414|1184|3474|2|2|601|43|5327.27|159.81|5487.08|40.69|1289.57|5060.90|29.30|237.07|1490.07
2452188|75753|219|2453|190362|7071|4780|2453|190362|7071|4780|1|2|602|9|150.03|3.00|153.03|72.06|462.78|96.01|20.52|33.50|537.84
2452233|58429|1241|3626|78075|6797|3006|3626|78075|6797|3006|5|2|602|6|567.90|39.75|607.65|33.28|89.64|0.00|295.30|272.60|162.67
2452285|33955|553|9123|117183|6650|3790|9123|117183|6650|3790|5|2|602|67|11218.48|336.55|11555.03|17.08|3790.19|9760.07|1064.63|393.78|4143.82
2452748|56339|1158|9859|38135|6458|3334|9859|38135|6458|3334|3|2|604|43|4909.31|98.18|5007.49|93.26|2541.30|2012.81|2462.02|434.48|2732.74
2452680|58301|1507|8024|70714|6331|61|8024|70714|6331|61|1|3|605|5|738.10|7.38|745.48|89.27|429.45|273.09|413.85|51.16|526.10
2452508|84563|1227|937|171467|3710|3120|937|171467|3710|3120|1|2|606|16|2409.92|0.00|2409.92|19.00|1317.44|530.18|1165.43|714.31|1336.44
2452334|42947|1311|1860|65970|3120|3950|1860|65970|3120|3950|1|3|608|8|832.32|0.00|832.32|95.25|114.40|24.96|104.95|702.41|209.65
2451712|58632|370|837|76051|1505|686|837|76051|1505|686|4|1|609|16|465.60|4.65|470.25|25.95|180.96|428.35|4.09|33.16|211.56
2451764|79473|787|6442|87897|2425|2840|6442|87897|2425|2840|1|2|610|1|5.30|0.47|5.77|49.66|0.00|4.55|0.18|0.57|50.13
2452891|66516|99|2255|183719|1663|3520|2255|183719|1663|3520|6|3|612|75|1020.00|0.00|1020.00|44.71|102.75|387.60|113.83|518.57|147.46
2451818|14886|1052|7070|100401|3205|249|7070|100401|3205|249|5|2|614|8|463.44|13.90|477.34|31.30|113.76|222.45|216.89|24.10|158.96
2451996|67888|1663|9003|109563|3290|2257|9003|109563|3290|2257|5|2|615|13|0.00|0.00|0.00|9.63|648.70|0.00|0.00|0.00|658.33
2451893|36359|185|9434|139715|2189|2790|9434|139715|2189|2790|1|3|616|7|472.43|18.89|491.32|0.50|177.80|396.84|70.29|5.30|197.19
2451202|57006|895|8571|87727|4803|1472|8571|87727|4803|1472|1|1|619|7|26.25|0.00|26.25|36.92|141.33|8.40|9.46|8.39|178.25
2451239|69177|1060|925|162860|1002|4017|925|162860|1002|4017|1|3|619|81|2475.36|74.26|2549.62|14.83|1649.97|1163.41|1206.99|104.96|1739.06
2452436|79155|1521|9864|133827|5470|3320|9864|133827|5470|3320|1|1|621|20|1805.80|72.23|1878.03|83.48|1289.80|1137.65|374.16|293.99|1445.51
2452396|62275|333|8275|60408|2621|3841|8275|60408|2621|3841|5|2|621|15|354.45|7.08|361.53|46.18|104.25|145.32|158.93|50.20|157.51
2452380|38911|1497|9754|184871|3061|1891|9754|184871|3061|1891|3|3|622|13|9.23|0.00|9.23|24.34|417.56|8.58|0.64|0.01|441.90
2452406|23217|631|9987|89951|6108|1345|9987|89951|6108|1345|1|2|622|2|77.82|0.77|78.59|19.27|75.54|66.14|9.81|1.87|95.58
2452360|78515|847|300|58150|4720|1330|300|58150|4720|1330|3|3|623|53|4466.84|312.67|4779.51|22.07|502.97|3394.79|32.16|1039.89|837.71
2452297|65124|1355|9036|118221|5773|765|9036|118221|5773|765|3|2|623|1|78.58|1.57|80.15|22.46|41.77|47.14|25.78|5.66|65.80
2452479|70465|979|5385|20509|706|1990|5385|20509|706|1990|3|2|623|74|346.32|6.92|353.24|23.34|1117.40|322.07|15.03|9.22|1147.66
2452202|35722|515|8380|93395|4970|1218|8380|93395|4970|1218|1|2|625|41|763.42|53.43|816.85|89.23|403.85|633.63|58.40|71.39|546.51
2452117|37929|217|4366|108631|256|848|4366|108631|256|848|5|3|625|56|2287.60|91.50|2379.10|86.90|249.20|1235.30|852.36|199.94|427.60
2451369|11487|98|5405|17430|4975|2407|5405|17430|4975|2407|1|3|626|5|533.10|10.66|543.76|83.51|43.05|63.97|262.71|206.42|137.22
2451251|46664|482|7758|157406|941|4509|7758|157406|941|4509|1|3|626|46|4322.62|259.35|4581.97|79.21|1235.10|2247.76|1307.16|767.70|1573.66
|49325|121|3167||1907||||||1|3|626|3||6.40|134.41||24.69|69.12|||
2451192|9823|988|4284|138091|5705|3992|4284|138091|5705|3992|2|1|626|9|695.16|41.70|736.86|3.69|156.33|312.82|3.82|378.52|201.72
2451863|71302|1712|9626|147777|1335|2966|9626|147777|1335|2966|5|1|627|34|57.80|2.31|60.11|83.84|166.94|50.86|4.78|2.16|253.09
2451954|66390|85|766|99612|6858|1151|766|99612|6858|1151|1|3|627|75|3687.00|294.96|3981.96|75.30|2120.25|2396.55|541.98|748.47|2490.51
2451316||1622|||4355|2900||180450|4355|2900|||630|48|||2477.28|||767.95|358.95||
|43036|1711|2653||3032|805||||805|4|1|631||||15.28||14.70|2.35|2.22|10.13|
2451644|45717|1738|2653|75346|3032|805|2653|75346|3032|805|1|3|631|51|259.59|15.57|275.16|21.11|157.08|194.69|1.29|63.61|193.76
2452276||551|||7116|||166200|7116|872|5|1|632|39||75.95|919.91|||||269.74|2245.15
2452276|61516|603|5986|116022|3771|3087|5986|116022|3771|3087|5|1|632|70|294.00|11.76|305.76|24.61|2415.00|129.36|83.96|80.68|2451.37
2452711|40675|951|5327|64777|3780|3383|5327|64777|3780|3383|1|3|633|39|4613.70|369.09|4982.79|81.11|3460.08|1845.48|2712.85|55.37|3910.28
2451739|75499|1087|4002|189821|553|405|4002|189821|553|405|2|1|634|3|137.01|8.22|145.23|76.15|78.75|38.36|80.89|17.76|163.12
2452823|31176|297|3591|134264|3130|3676|3591|134264|3130|3676|3|2|636|1|15.33|0.91|16.24|99.26|0.47|2.14|0.52|12.67|100.64
2452574|9491|1374|7863|110107|1311|4835|7863|110107|1311|4835|3|1|636|81|6651.72|532.13|7183.85|81.79|5244.75|864.72|752.31|5034.69|5858.67
2452045|64041|1124|9984|55369|481|4153|9984|55369|481|4153|5|2|637|30|1742.10|34.84|1776.94|22.46|2121.00|818.78|507.82|415.50|2178.30
2452042|59457|1070|5913|79424|4102|4373|5913|79424|4102|4373|5|1|637|45|6864.30|205.92|7070.22|33.45|3258.90|2883.00|2946.16|1035.14|3498.27
2452616|30178|510|2694|63529|891|2366|2694|63529|891|2366|1|2|638|39|2465.58|98.62|2564.20|77.63|2076.36|887.60|710.09|867.89|2252.61
2452666|27156|1471|4610|55486|6315|3391|4610|55486|6315|3391|3|3|638|5|58.40|2.92|61.32|26.15|19.70|37.96|7.97|12.47|48.77
2452656|41858|1074|2288|188812|1896|4700|2288|188812|1896|4700|1|3|638|6|6.54|0.00|6.54|32.56|0.36|5.88|0.40|0.26|32.92
2452083|72438|1307|5311|128451|1078|2338|5311|128451|1078|2338|1|2|639|5|251.30|5.02|256.32|7.39|167.50|190.98|8.44|51.88|179.91
2452098|71874|1507|3198|96850|6789|3608|3198|96850|6789|3608|5|2|639|3|17.43|0.00|17.43|25.23|135.06|9.41|1.12|6.90|160.29
2451960|64942|1070|3248|123839|4510|1341|3248|123839|4510|1341|5|3|639|4|15.08|0.60|15.68|12.61|1.36|13.72|1.12|0.24|14.57
2452102|74766|1627|792|61068|6224|1893|792|61068|6224|1893|2|2|641|7|200.69|0.00|200.69|24.45|13.65|184.63|3.05|13.01|38.10
2451319|75497|13|2347|119306|5842|4018|2347|119306|5842|4018|2|1|642|26|66.82|2.67|69.49|28.47|758.68|56.79|2.00|8.03|789.82
2451473|36061|1430|6630|138235|4047|532|6630|138235|4047|532|1|1|642|41|3430.47|68.60|3499.07|26.73|1456.73|411.65|1901.85|1116.97|1552.06
2451990|56548|181|6179|87186|5713|1833|6179|87186|5713|1833|5|3|643|8|312.32|28.10|340.42|6.44|197.20|96.81|191.80|23.71|231.74
2451937|14087|986|4904|174790|1716|1522|4904|174790|1716|1522|5|3|643|16|461.60|0.00|461.60|41.51|97.92|83.08|378.52|0.00|139.43
2452195|40014|752|8398|184552|4113|2947|8398|184552|4113|2947|2|1|643|22|694.54|41.67|736.21|24.92|416.68|458.39|198.36|37.79|483.27
2451454|63572|1376|382|135847|3872|4664|382|135847|3872|4664|1|3|644|5|289.70|0.00|289.70|70.76|163.90|144.85|55.04|89.81|234.66
2452031|7076|295|7939|110607|1355|63|7939|110607|1355|63|2|2|647|9|139.95|12.59|152.54|65.36|1.80|120.35|4.31|15.29|79.75
2452059|36234|1681|3801|82829|1516|1396|3801|82829|1516|1396|5|3|647|10|837.30|58.61|895.91|48.39|241.90|803.80|3.68|29.82|348.90
2452023|57888|1331|3801|82829|1516|1396|3801|82829|1516|1396|1|2|647|74|2140.82|192.67|2333.49|41.24|283.42|1969.55|123.31|47.96|517.33
2451660|34436|878|1289|182803|1804|4085|1289|182803|1804|4085|2|3|648|58|5594.68|335.68|5930.36|92.31|111.36|5538.73|42.52|13.43|539.35
2451628|63792|481|702|113711|2127|2863|702|113711|2127|2863|1|1|649|20|3191.00|287.19|3478.19|11.83|71.60|2520.89|13.40|656.71|370.62
2452352|63284|1793|8759|130913|7034|3595|8759|130913|7034|3595|5|3|650|26|3196.44|127.85|3324.29|45.53|248.56|1182.68|1067.29|946.47|421.94
2451467|83040|1220|1225|116590|1202|3214|1225|116590|1202|3214|1|3|651|49|2955.19|0.00|2955.19|7.50|1719.90|797.90|862.91|1294.38|1727.40
2452539|41465|299|314|110105|376|1807|314|110105|376|1807|5|1|652|14|1798.44|71.93|1870.37|35.79|68.18|557.51|434.32|806.61|175.90
2451793|35552|590|225|167258|324|4797|225|167258|324|4797|5|2|653|18|337.50|30.37|367.87|64.31|99.90|232.87|11.50|93.13|194.58
2452752|51909|1419|3418|59042|906|4250|3418|59042|906|4250|3|1|655|13|800.28|0.00|800.28|14.95|614.12|56.01|163.73|580.54|629.07
2452146|60604|959|3372|29240|755|1470|3372|29240|755|1470|5|1|656|23|1459.12|29.18|1488.30|92.15|41.63|218.86|607.72|632.54|162.96
2452242|17988|1793|9565|178020|5228|2083|9565|178020|5228|2083|3|1|656|8|172.40|3.44|175.84|19.34|200.48|99.99|11.58|60.83|223.26
2452721||1651|||2493||3409|||||1|657|32|||||||23.02|10.35|
2452844|45084|1251|4950|136258|2653|2681|4950|136258|2653|2681|3|1|657|53|120.31|3.60|123.91|44.01|25.97|40.90|13.49|65.92|73.58
2452797|26832|90|1406|99132|11|3890|1406|99132|11|3890|3|2|657|16|448.80|35.90|484.70|35.05|118.08|242.35|47.48|158.97|189.03
2452826|20520|1080|4016|30790|1437|3124|4016|30790|1437|3124|1|2|657|5|104.30|6.25|110.55|50.35|53.25|76.13|12.39|15.78|109.85
2451456|64015|1352|9678|65551|1184|2937|9678|65551|1184|2937|1|1|658|7|525.63|31.53|557.16|64.94|49.21|504.60|6.72|14.31|145.68
2451487|80093|1759|9224|89166|6148|410|9224|89166|6148|410|4|1|659|69|6314.19|505.13|6819.32|2.88|2136.93|0.00|4988.21|1325.98|2644.94
2452455|33194|141|8918|22274|2750|3819|8918|22274|2750|3819|5|3|660|8|2104.00|42.08|2146.08|19.81|170.00|210.40|340.84|1552.76|231.89
2452452|17791|713|2381|78818|5688|3965|2381|78818|5688|3965|1|2|660|5|202.35|18.21|220.56|72.80|133.05|2.02|138.22|62.11|224.06
|68533|920|288|168899|5957|3015|288|||3015|2||661|||0.00||||138.09||441.54|496.96
2452593|45733|253|7087|56629|1107|4865|7087|56629|1107|4865|3|2|667|4|814.40|40.72|855.12|23.34|362.92|317.61|392.46|104.33|426.98
2452504|60460|1341|2548|150433|2078|1243|2548|150433|2078|1243|3|1|667|21|397.32|27.81|425.13|23.84|144.48|23.83|358.55|14.94|196.13
2452614|57999|1561|4584|54967|823|519|4584|54967|823|519|3|3|667|10|522.40|47.01|569.41|58.07|483.20|10.44|71.67|440.29|588.28
2452863|68532|1201|5454|148759|7198|1517|5454|148759|7198|1517|3|1|668|14|374.92|11.24|386.16|79.77|395.78|236.19|91.56|47.17|486.79
2452802|63487|708|7849|62983|6357|211|7849|62983|6357|211|6|2|668|16|449.92|22.49|472.41|46.25|675.04|310.44|20.92|118.56|743.78
2452256|73308|669|3787|96734|2914|2701|3787|96734|2914|2701|5|2|669|4|229.60|2.29|231.89|75.80|48.32|55.10|69.80|104.70|126.41
2451359|68032|172|7985|18236|7|3818|7985|18236|7|3818|4|1|670|46|1546.06|61.84|1607.90|9.96|713.46|525.66|979.58|40.82|785.26
2451930|73911|1754|3505|110775|1918|1701|3505|110775|1918|1701|1|2|671|29|1669.53|83.47|1753.00|19.17|1036.17|267.12|1079.85|322.56|1138.81
2451300|45928|997|8503|11759|3368|3824|8503|11759|3368|3824|1|3|672|13|1409.07|14.09|1423.16|84.01|550.42|873.62|342.68|192.77|648.52
2451174|50073|388|8776|126539|6461|4190|8776|126539|6461|4190|1|2|672|37|2548.19|101.92|2650.11|9.77|477.67|1758.25|323.87|466.07|589.36
|49980|235|4356|181073|3150||4356||3150|1147|||673|21|128.73|||51.65|||||
2452426|30390|1453|6418|186278|1545|4685|6418|186278|1545|4685|3|3|673|47|2013.48|100.67|2114.15|94.57|203.98|60.40|468.73|1484.35|399.22
2451740||61|2920||5114|3211|||||2||674|24|||0.00||1006.32||||1059.99
2452604|35610|1281|3081|20328|5815|4582|3081|20328|5815|4582|3|2|675|2|53.10|0.53|53.63|88.50|10.86|42.48|8.28|2.34|99.89
2452388|35436|900|7447|156539|351|803|7447|156539|351|803|1|1|675|7|105.91|8.47|114.38|3.64|17.43|63.54|22.45|19.92|29.54
2452481|74263|1686|577|155857|1104|3544|577|155857|1104|3544|1|3|675|2|52.30|2.61|54.91|51.37|5.56|20.39|20.74|11.17|59.54
2452424|35577|89|7311|133488|4818|3148|7311|133488|4818|3148|1|2|676|13|1512.94|75.64|1588.58|8.28|1320.41|983.41|344.19|185.34|1404.33
2452509|49748|103|802|63856|2270|2804|802|63856|2270|2804|5|2|676|1|64.60|0.64|65.24|21.84|30.68|40.05|15.46|9.09|53.16
2452724||1483|3094||785|607|3094|145196||607|||680||50.37||52.88|||47.34|0.21||
2452300|30570|169|785|29746|1954|715|785|29746|1954|715|1|1|681|9|503.19|30.19|533.38|19.61|215.64|447.83|7.75|47.61|265.44
2451807|55691|1075|889|140634|6586|1811|889|140634|6586|1811|5|3|682|23|500.25|5.00|505.25|63.06|13.80|445.22|29.71|25.32|81.86
2452059|74798|554|1220|121585|6510|1555|1220|121585|6510|1555|2|2|682|19|217.74|6.53|224.27|56.39|178.22|91.45|70.72|55.57|241.14
2452031|60160|806|6550|66485|2580|4995|6550|66485|2580|4995|2|1|682|45|3381.30|169.06|3550.36|19.04|329.85|338.13|2282.37|760.80|517.95
2452079|71974|527|7411|38427|2196|4812|7411|38427|2196|4812|5|2|684|58|4002.58|160.10|4162.68|72.28|3261.34|400.25|1657.07|1945.26|3493.72
2451927|31139|685|1146|187256|199|2149|1146|187256|199|2149|1|3|685|60|151.20|10.58|161.78|78.14|132.00|96.76|7.07|47.37|220.72
2451956|24923|761|4877|133890|5416|1509|4877|133890|5416|1509|5|1|685|45|1566.45|125.31|1691.76|7.14|566.55|1080.85|237.94|247.66|699.00
2451999|26921|361|1353|109134|5875|736|1353|109134|5875|736|2|3|686|19|2272.21|68.16|2340.37|94.01|270.37|227.22|490.79|1554.20|432.54
2451386|18484|970|6384|45199|5374|3069|6384|45199|5374|3069|2|1|688|1|135.73|9.50|145.23|24.96|51.71|42.07|60.87|32.79|86.17
2451705|76625|908|9621|4858|895|4532|9621|4858|895|4532|2|1|689|1|3.57|0.28|3.85|51.33|3.14|0.14|2.40|1.03|54.75
2451287|67414|1408|6999|173405|884|3203|6999|173405|884|3203|1|3|690|1|52.62|0.00|52.62|9.33|53.93|48.41|2.27|1.94|63.26
2452329|70592|1005|922|77674|1899|3611|922|77674|1899|3611|3|1|691|35|3515.40|281.23|3796.63|70.70|2481.50|3515.40|0.00|0.00|2833.43
2452709|64981|601|1573|104246|4267|1201|1573|104246|4267|1201|3|2|692|36|1763.64|105.81|1869.45|30.53|1200.24|864.18|701.57|197.89|1336.58
2451672|42973|1654|3443|108427|6931|1722|3443|108427|6931|1722|4|3|693|45|135.00|6.75|141.75|81.95|270.45|130.95|2.71|1.34|359.15
2451530|75263|628|4346|172052|6191|737|4346|172052|6191|737|1|2|694|2|7.90|0.31|8.21|6.92|8.38|2.68|3.54|1.68|15.61
2451224|68697|1274|1240|49244|5418|2712|1240|49244|5418|2712|4|1|695|28|642.04|12.84|654.88|61.88|1541.12|436.58|117.11|88.35|1615.84
2451426|27695|1120|6909|131040|4098|1116|6909|131040|4098|1116|2|3|695|4|206.72|0.00|206.72|2.13|8.48|136.43|7.73|62.56|10.61
||1499|931|153123||3154|931|153123|562||||697||||559.48|65.60||46.62|||
2452089|30699|961|9649|171961|2306|1611|9649|171961|2306|1611|2|3|697|18|456.30|18.25|474.55|33.56|488.16|141.45|116.49|198.36|539.97
2452148|68548|763|9612|171117|1662|4087|9612|171117|1662|4087|2|3|697|9|146.97|1.46|148.43|69.88|11.25|52.90|76.19|17.88|82.59
2451142|62924|1064|4641|45796|4664|299|4641|45796|4664|299|4|2|698|9|406.26|24.37|430.63|96.52|76.14|394.07|8.89|3.30|197.03
2451474|12561|1027|7326|77824|2915|2733|7326|77824|2915|2733|4|1|699|5|192.85|1.92|194.77|62.69|68.20|113.78|33.20|45.87|132.81
2452591|1263|1623|3555|126749|6136|3|3555|126749|6136|3|6|2|700|11|1097.58|98.78|1196.36|8.46|512.93|21.95|537.81|537.82|620.17
2452531|8767|768|880|119181|5322|4696|880|119181|5322|4696|3|1|700|63|250.74|12.53|263.27|37.42|2090.34|147.93|42.15|60.66|2140.29
2451505|23680|1654|6710|85376|7002|3101|6710|85376|7002|3101|1|1|701|9|921.51|55.29|976.80|33.35|174.96|755.63|107.82|58.06|263.60
2451906|61013|1759|9516|118992|1428|1337|9516|118992|1428|1337|5|2|703|36|541.80|0.00|541.80|60.56|270.72|70.43|188.54|282.83|331.28
2452039|60418|206|5908|24892|2516|3620|5908|24892|2516|3620|5|3|703|50|1326.50|66.32|1392.82|99.51|1873.00|1154.05|22.41|150.04|2038.83
2452068|13035|410|7668|117754|4240|4373|7668|117754|4240|4373|2|2|703|11|554.18|33.25|587.43|57.17|590.26|116.37|341.49|96.32|680.68
2451913|73283|23|9804|84083|3562|441|9804|84083|3562|441|5|3|705|35|1053.85|73.76|1127.61|37.56|664.30|906.31|25.08|122.46|775.62
2451889|48264|1123|7748|94917|4726|368|7748|94917|4726|368|2|2|705|10|616.20|24.64|640.84|67.17|228.90|560.74|11.64|43.82|320.71
2451809|20468|1628|5503|114846|1662|1565|5503|114846|1662|1565|5|2|706|4|9.20|0.36|9.56|98.03|295.36|1.19|6.00|2.01|393.75
2451872|33658|866|7876|155332|3007|1922|7876|155332|3007|1922|2|2|706|22|830.94|0.00|830.94|19.06|577.94|265.90|101.70|463.34|597.00
2452575|60102|1089|7257|57924|2191|4105|7257|57924|2191|4105|6|2|707|52|2227.16|44.54|2271.70|50.69|76.44|1314.02|118.70|794.44|171.67
2452679|74038|7|8860|96102|6577|3259|8860|96102|6577|3259|1|3|707|4|12.04|0.12|12.16|88.54|1.04|1.32|10.50|0.22|89.70
2452733|8636|1551|959|19664|2882|1867|959|19664|2882|1867|6|2|707|2|67.82|5.42|73.24|33.06|102.82|35.94|27.73|4.15|141.30
2451991|51659|1693|6210|70530|4450|417|6210|70530|4450|417|2|1|709|55|390.50|0.00|390.50|9.45|1029.60|351.45|16.79|22.26|1039.05
2451566|54205|1741|8326|758|2870|1495|8326|758|2870|1495|2|3|710|15|589.95|47.19|637.14|69.75|719.10|359.86|170.26|59.83|836.04
2451577|26661|1016|506|123398|4083|95|506|123398|4083|95|1|1|710|46|5226.06|0.00|5226.06|8.37|4742.14|1620.07|216.35|3389.64|4750.51
2451611|52277|31|1082|152776|5190|3891|1082|152776|5190|3891|1|2|710|13|219.31|4.38|223.69|5.87|580.45|28.51|148.82|41.98|590.70
2451640|22964|164|911|162509|2107|952|911|162509|2107|952|4|1|711|40|7966.00|79.66|8045.66|53.32|1346.40|1274.56|5821.55|869.89|1479.38
2451721|2486|871|1680|100891|4822|4193|1680|100891|4822|4193|4|1|712|1|5.40|0.27|5.67|90.43|11.78|3.83|0.58|0.99|102.48
2451582|57904|1087|2228|144813|3525|397|2228|144813|3525|397|1|3|712|42|2687.16|214.97|2902.13|84.90|3727.08|456.81|869.83|1360.52|4026.95
|71745|1777|||2111|3323|||2111||1|1|712||532.60||564.55|32.04|70.48||149.76|244.37|134.47
2451435|37590|332|9616|165158|2140|3002|9616|165158|2140|3002|2|1|713|14|614.74|18.44|633.18|44.49|478.10|491.79|18.44|104.51|541.03
2451397|43657|1796|9528|96984|5447|3983|9528|96984|5447|3983|2|2|713|9|126.45|3.79|130.24|50.62|74.34|39.19|17.45|69.81|128.75
2451358|54793|242|4701|432|83|2974|4701|432|83|2974|4|1|713|11|74.25|2.97|77.22|69.60|21.78|72.02|1.33|0.90|94.35
2452032|69723|1657|2440|71670|180|3650|2440|71670|180|3650|2|3|714|68|2141.32|171.30|2312.62|52.79|380.12|2119.90|8.56|12.86|604.21
2451555|50160|1297|7137|116547|1461|3775|7137|116547|1461|3775|4|1|715|3|31.89|0.31|32.20|14.10|9.24|26.78|1.48|3.63|23.65
2452280|43301|809|311|68868|6225|1582|311|68868|6225|1582|1|1|716|2|18.00|0.36|18.36|48.00|15.00|10.98|6.87|0.15|63.36
2452428|40829|1575|9307|6447|4834|974|9307|6447|4834|974|1|1|717|44|690.80|62.17|752.97|73.54|2178.88|262.50|72.81|355.49|2314.59
2452474|20006|807|5396|146296|349|4849|5396|146296|349|4849|3|3|717|6|63.84|5.74|69.58|31.46|85.14|57.45|4.47|1.92|122.34
2451312|34396|1340|8638|14627|1369|1758|8638|14627|1369|1758|2|3|719|64|2621.44|104.85|2726.29|95.03|824.96|1966.08|190.05|465.31|1024.84
2451227|32461|439|4752|16542|4332|4475|4752|16542|4332|4475|2|1|719|3|171.36|10.28|181.64|22.25|5.79|119.95|26.73|24.68|38.32
2452308|72362|1767|569|92620|3824|3675|||3824|3675|||723||699.30|||1.16||209.79|283.91||36.80
2451972|54802|872|1967|68578|2789|4353|1967|68578|2789|4353|2|2|724|39|70.98|1.41|72.39|62.39|187.98|4.25|58.72|8.01|251.78
2451985|76844|917|1073|105532|6584|163|1073|105532|6584|163|5|3|724|6|267.18|8.01|275.19|66.03|5.40|109.54|149.75|7.89|79.44
2451094|79897|1478|823|107721|6172|1670|823|107721|6172|1670|1|2|726|4|178.92|8.94|187.86|19.20|104.36|46.51|87.39|45.02|132.50
2450931|36386|1600|2048|10864|4720|4656|2048|10864|4720|4656|4|2|726|10|781.80|46.90|828.70|39.84|521.20|609.80|20.64|151.36|607.94
2451325|32899|523|971|148333|208|3250|971|148333|208|3250|2|3|729|20|2212.20|132.73|2344.93|22.48|136.80|1814.00|123.44|274.76|292.01
2452480|26993|1069|5631|31365|1419|2466|5631|31365|1419|2466|1|2|732|9|84.15|5.89|90.04|88.01|572.40|11.78|14.47|57.90|666.30
2451887|54439|1481|4921|180932|4703|1641|4921|180932|4703|1641|2|1|733|4|172.72|1.72|174.44|89.11|25.56|158.90|7.73|6.09|116.39
2451923|50908|935|1847|26099|5711|3243|1847|26099|5711|3243|1|1|734|23|69.92|6.29|76.21|23.47|140.07|15.38|15.81|38.73|169.83
2451779|72134|1366|2789|109724|4932|2227|2789|109724|4932|2227|1|1|737|16|2156.64|172.53|2329.17|80.98|131.36|517.59|770.35|868.70|384.87
2451991|69798|227|976|142680|5537|641|976|142680|5537|641|1|2|740|8|46.88|1.87|48.75|30.28|250.24|5.62|30.53|10.73|282.39
2452046|66303|113|3285|1467|3329|1951|3285|1467|3329|1951|2|2|740|14|312.76|25.02|337.78|74.40|83.16|162.63|142.62|7.51|182.58
2451845|60560|1370|1270|141628|5299|4290|1270|141628|5299|4290|2|2|740|37|2855.66|114.22|2969.88|74.14|91.76|171.33|778.45|1905.88|280.12
2451646|62352|1402|4475|164634|5113|3432|4475|164634|5113|3432|2|3|741|8|160.40|1.60|162.00|71.21|87.84|46.51|22.77|91.12|160.65
2452797|69002|558|7111|131087|6296|3665|7111|131087|6296|3665|1|2|742|22|1893.10|18.93|1912.03|82.62|1216.82|37.86|148.41|1706.83|1318.37
2452808|55578|1135|7776|102091|5366|4361|7776|102091|5366|4361|1|3|742|28|154.56|13.91|168.47|28.25|1546.16|129.83|16.07|8.66|1588.32
2451283|50693|1562|3051|108820|5662|2144|3051|108820|5662|2144|2|3|745|1|21.15|0.00|21.15|51.90|8.73|14.38|4.60|2.17|60.63
2452086|66528|941|4085|101077|789|1741|4085|101077|789|1741|5|2|746|36|1237.68|0.00|1237.68|2.60|768.24|965.39|236.89|35.40|770.84
||290|3748|166192|||3748|166192|||5||746|66|58.74|2.34|||12.54|3.52|7.73|47.49|
2452026|78863|1609|5217|4955|6886|4344|5217|4955|6886|4344|5|1|746|56|2047.92|61.43|2109.35|4.65|519.12|1208.27|436.61|403.04|585.20
2451454|54667|158|3905|153962|3426|1363|3905|153962|3426|1363|2|1|747|2|223.22|8.92|232.14|67.70|3.04|136.16|85.31|1.75|79.66
2451360|48847|889|1893|26720|27|694|1893|26720|27|694|2|3|747|46|3087.98|123.51|3211.49|85.36|289.34|1173.43|727.52|1187.03|498.21
2452365|14394|1099|1214|60893|5245|3637|1214|60893|5245|3637|1|3|748|6|102.18|3.06|105.24|69.83|34.02|48.02|14.62|39.54|106.91
2452403|76647|331|3443|117075|1060|92|3443|117075|1060|92|1|2|748|44|418.00|33.44|451.44|64.58|819.72|71.06|34.69|312.25|917.74
2451138|74004|922|8260|45212|1124|4156|8260|45212|1124|4156|1|1|750|10|268.90|16.13|285.03|5.22|162.30|134.45|100.83|33.62|183.65
2451339|24790|250|5788|162571|634|1857|5788|162571|634|1857|1|3|750|88|36.08|1.44|37.52|69.51|233.20|9.74|23.96|2.38|304.15
2450909|27565|1772|7203|51171|3939|507|7203|51171|3939|507|1|3|751|19|1712.09|85.60|1797.69|39.74|261.82|1421.03|122.24|168.82|387.16
2451594|57158|1765|7292|89711|930|1396|7292|89711|930|1396|1|2|754|11|631.73|44.22|675.95|12.67|861.52|416.94|96.65|118.14|918.41
2452350|51505|395|6612|127723|1121|1599|6612|127723|1121|1599|3|1|755|3|418.80|25.12|443.92|8.23|214.50|159.14|145.40|114.26|247.85
2451195|16776|691|3535|173896|1984|3432|3535|173896|1984|3432|4|1|758|4|268.72|2.68|271.40|60.56|71.64|142.42|50.52|75.78|134.88
2452781|76944|120|5853|31869|2572|708|5853|31869|2572|708|6|3|762|16|11.20|1.00|12.20|85.81|22.56|0.22|6.25|4.73|109.37
2451024|39749|577|6147|128769|1711|3093|6147|128769|1711|3093|4|1|763|5|397.15|35.74|432.89|12.46|11.00|222.40|64.65|110.10|59.20
2452785|68979|1161|9931|186457|1063|2629|9931|186457|1063|2629|3|3|765|50|5810.50|406.73|6217.23|9.56|839.00|3602.51|1898.87|309.12|1255.29
2452745|2411|984|4438|128302|1686|3910|4438|128302|1686|3910|1|1|765|27|277.56|2.77|280.33|3.74|79.11|8.32|258.47|10.77|85.62
2452617|61065|882|3580|116506|4312|31|3580|116506|4312|31|6|1|765|1|4.78|0.38|5.16|17.35|7.58|0.47|3.18|1.13|25.31
2452499|9275|1683|6623|127358|6926|1901|6623|127358|6926|1901|3|3|766|28|2169.16|21.69|2190.85|30.38|295.68|368.75|1062.24|738.17|347.75
2451643|74752|1748|6982|73700|5298|56|6982|73700|5298|56|2|2|767|37|3603.06|180.15|3783.21|45.47|514.67|2558.17|679.17|365.72|740.29
||1658|||6738|2460||155656|||4|2|767|41|3603.49|252.24||38.47||2162.09|216.21||1491.60
2451296|49317|1742|4740|63190|437|1524|4740|63190|437|1524|2|2|768|8|145.44|7.27|152.71|34.04|50.00|101.80|18.76|24.88|91.31
2451426|26772|1286|5185|4955|1285|3735|5185|4955|1285|3735|1|1|768|99|6536.97|196.10|6733.07|76.34|725.67|5752.53|666.77|117.67|998.11
2451629|41506|1504|4303|116695|5887|3232|4303|116695|5887|3232|2|2|769|12|525.48|0.00|525.48|31.90|131.28|425.63|37.94|61.91|163.18
2451764|15358|616|2975|158482|3589|2896|2975|158482|3589|2896|1|1|769|7|83.44|0.00|83.44|10.11|17.01|39.21|18.57|25.66|27.12
2451795|68234|694|2268|58347|4746|2338|2268|58347|4746|2338|4|3|769|10|307.80|15.39|323.19|74.66|84.50|289.33|14.40|4.07|174.55
2451882|45671|751|4151|91669|4787|2105|4151|91669|4787|2105|2|1|771|7|321.72|3.21|324.93|78.54|188.02|147.99|62.54|111.19|269.77
2451978|18030|1646|2325|54593|4061|929|2325|54593|4061|929|5|1|771|1|8.40|0.50|8.90|91.46|21.33|7.05|0.68|0.67|113.29
2452396|39847|327|3306|142455|2004|906|3306|142455|2004|906|5|2|772|11|136.95|1.36|138.31|99.79|426.25|117.77|0.76|18.42|527.40
2452521|59512|1549|7470|142860|3323|3273|7470|142860|3323|3273|5|2|772|4|128.08|6.40|134.48|45.23|156.12|124.23|2.50|1.35|207.75
2451159|39439|856|4768|43786|3411|956|4768|43786|3411|956|4|2|773|42|2406.18|144.37|2550.55|78.67|687.12|481.23|1790.20|134.75|910.16
2451090|33987|1462|8812|101493|4414|3215|8812|101493|4414|3215|2|2|773|26|4002.96|40.02|4042.98|85.43|2455.18|2681.98|79.25|1241.73|2580.63
2451904|60578|697|7537|46638|2779|2047|7537|46638|2779|2047|5|1|774|54|415.26|16.61|431.87|55.86|165.78|41.52|179.39|194.35|238.25
2451846|59195|245|416|121314|4852|117|416|121314|4852|117|1|3|774|8|529.68|37.07|566.75|38.81|133.76|503.19|14.30|12.19|209.64
2452599|68675|397|1448|184804|4673|909|1448|184804|4673|909|6|3|775|69|385.02|3.85|388.87|17.26|305.67|92.40|158.01|134.61|326.78
2452383|85732|1173|9436|39047|1331|3502|9436|39047|1331|3502|1|3|776|24|2114.40|105.72|2220.12|71.68|422.88|317.16|161.75|1635.49|600.28
||1357|||||1199|||1007|2|1|777||291.32|26.21|317.53|3.62|59.32||||
||1094|||5884|3334||91441|5884||||777|||20.49|703.61|36.53|91.76|177.61|141.54|363.97|
2450953|35422|1213||28792|||1150|28792|||||777||8.49||8.91|43.27||||0.20|
2451071|71656|1232|7885|151469|6813|3677|7885|151469|6813|3677|1|2|777|1|123.88|6.19|130.07|34.81|39.64|17.34|86.29|20.25|80.64
2451734|62965|1136|228|20359|3290|1421|228|20359|3290|1421|4|2|782|4|277.08|5.54|282.62|59.20|129.60|171.78|86.34|18.96|194.34
2451545|34513|1346|3851|61723|6914|1832|3851|61723|6914|1832|4|1|782|65|4181.45|292.70|4474.15|83.41|767.65|3386.97|95.33|699.15|1143.76
2451811|61299|65|173|5970|4647|84|173|5970|4647|84|5|2|784|49|304.29|18.25|322.54|30.87|69.09|170.40|61.58|72.31|118.21
2452012|42521|1544|7222|75386|2910|3001|7222|75386|2910|3001|1|3|784|48|1902.24|95.11|1997.35|88.39|950.88|1217.43|404.03|280.78|1134.38
2452063|49264|545|4601|12096|3831|3446|4601|12096|3831|3446|1|1|786|40|77.20|3.86|81.06|16.26|1390.40|12.35|51.88|12.97|1410.52
2452118|49774|1177|3033|128092|7038|417|3033|128092|7038|417|3|2|786|17|85.68|0.00|85.68|13.87|14.96|78.82|3.29|3.57|28.83
2452007|3293|863|5123|64569|5408|1774|5123|64569|5408|1774|3|2|786|33|657.36|32.86|690.22|40.34|1607.43|46.01|611.35|0.00|1680.63
2452013|49821|1262|7971|91612|7173|1127|7971|91612|7173|1127|1|1|787|5|48.25|1.44|49.69|14.27|82.70|43.90|2.17|2.18|98.41
2451296|83198|1453|497|74638|2859|1593|497|74638|2859|1593|1|1|788|48|2172.00|195.48|2367.48|10.67|2094.72|738.48|888.78|544.74|2300.87
2451273|6112|1652|2354|113434|5841|4361|2354|113434|5841|4361|2|3|788|18|70.38|3.51|73.89|23.59|412.92|35.89|3.10|31.39|440.02
2451239|54870|955|7790|148173|956|1539|7790|148173|956|1539|1|2|788|17|625.09|18.75|643.84|92.14|150.62|62.50|309.42|253.17|261.51
2452096|41017|1123|9984|85352|4913|1201|9984|85352|4913|1201|5|1|789|44|800.80|24.02|824.82|33.34|200.20|312.31|131.89|356.60|257.56
2452040|77186|1291|8380|172165|5983|608|8380|172165|5983|608|5|3|789|27|989.28|49.46|1038.74|71.12|232.74|643.03|58.86|287.39|353.32
2451260|19237|320|5397|122438|5959|2640|5397|122438|5959|2640|2|2|790|37|8706.10|522.36|9228.46|24.03|1649.46|3830.68|1706.39|3169.03|2195.85
2451228|15445|865|4901|14317|4166|2222|4901|14317|4166|2222|2|3|790|79|793.16|23.79|816.95|79.58|714.16|118.97|498.90|175.29|817.53
2451341|22319|1052|6305|128402|6452|4949|6305|128402|6452|4949|2|2|790|10|0.60|0.04|0.64|37.27|27.00|0.27|0.15|0.18|64.31
2451346|40798|1210|158|150988|3738|1575|158|150988|3738|1575|2|1|790|6|24.54|1.47|26.01|40.10|3.60|0.98|5.41|18.15|45.17
2452217|6114|481|1709|80318|5887|1776|1709|80318|5887|1776|3|2|793|45|105.75|2.11|107.86|96.05|169.65|28.55|76.42|0.78|267.81
2452255|15403|1769|3040|21012|2824|516|3040|21012|2824|516|3|3|793|4|98.36|7.86|106.22|22.52|116.24|49.18|2.95|46.23|146.62
2452051|9407|1454|9805|61814|5183|1872|9805|61814|5183|1872|2|1|795|18|2071.98|62.15|2134.13|1.66|887.94|600.87|205.95|1265.16|951.75
2451057|26617|712|1659|137900|6861|4662|1659|137900|6861|4662|2|3|797|14|34.58|0.34|34.92|51.90|5.04|3.11|2.51|28.96|57.28
2450914|23637|236|3891|95096|5181|3226|3891|95096|5181|3226|2|2|797|8|901.68|36.06|937.74|48.27|275.20|883.64|1.62|16.42|359.53
2452371|34238|1115|6374|176930|1877|751|6374|176930|1877|751|1|2|798|11|961.51|76.92|1038.43|38.36|0.00|663.44|8.94|289.13|115.28
2452743|79362|1434|4559|102817|5428|686|4559|102817|5428|686|3|1|799|63|6262.83|250.51|6513.34|95.21|2205.00|2379.87|3028.70|854.26|2550.72
2451724|70685|127|2245|26151|6377|43|2245|26151|6377|43|4|2|800|19|1981.51|99.07|2080.58|34.54|204.82|594.45|638.04|749.02|338.43
2451776|72713|1234|5757|102591|385|899|5757|102591|385|899|1|2|801|89|1936.64|77.46|2014.10|69.59|760.95|1065.15|104.57|766.92|908.00
2451719|72067|1706|4831|16495|1896|4057|4831|16495|1896|4057|2|2|802|34|328.44|6.56|335.00|40.57|187.68|0.00|121.52|206.92|234.81
2451806|19136|1739|9648|120868|4921|3181|9648|120868|4921|3181|1|2|803|26|34.32|2.05|36.37|79.67|12.48|26.42|1.50|6.40|94.20
2451725|45709|1598|3800|48404|1248|1619|3800|48404|1248|1619|4|3|804|46|1553.88|108.77|1662.65|37.92|488.98|466.16|141.40|946.32|635.67
2451597|37613|1135|2681|95050|3212|301|2681|95050|3212|301|4|1|804|45|864.45|60.51|924.96|51.01|408.60|414.93|58.43|391.09|520.12
2451615|1473|272|635|126111|2067|1183|635|126111|2067|1183|1|2|804|51|9947.55|895.27|10842.82|96.82|2014.50|5371.67|1052.45|3523.43|3006.59
2451807|64957|799|9267|56074|1394|3081|9267|56074|1394|3081|2|1|804|14|65.52|1.96|67.48|68.66|607.18|20.31|8.13|37.08|677.80
2451724|46185|421|527|73614|3388|642|527|73614|3388|642|1|2|806|31|508.09|40.64|548.73|62.20|1742.82|431.87|43.44|32.78|1845.66
2452424|49432|1461|893|170552|705|1178|893|170552|705|1178|5|2|807|7|127.19|2.54|129.73|3.31|142.45|19.07|97.30|10.82|148.30
2452428|21398|1669|1381|55039|5370|3741|1381|55039|5370|3741|5|2|807|64|4565.76|91.31|4657.07|44.48|1734.40|91.31|2729.41|1745.04|1870.19
2452324|35414|1445|7095|130930|3118|553|7095|130930|3118|553|1|3|807|3|108.84|9.79|118.63|44.23|240.60|85.98|7.08|15.78|294.62
2452410|16131|1709|6271|67848|3665|3362|6271|67848|3665|3362|1|3|808|28|1098.44|65.90|1164.34|86.20|775.32|604.14|168.06|326.24|927.42
2452449|44110|165|8257|100905|3233|3921|8257|100905|3233|3921|5|2|808|9|696.24|27.84|724.08|91.72|228.96|480.40|202.88|12.96|348.52
2452686|34140|1599|9258|107029|6593|1284|9258|107029|6593|1284|1|3|809|1|39.98|2.39|42.37|44.78|10.81|6.79|15.59|17.60|57.98
2452593|17189|769|9600|1731|695|4819|9600|1731|695|4819|6|2|809|32|1922.56|76.90|1999.46|4.33|2250.88|1384.24|37.68|500.64|2332.11
2452274|49958|1543|4211|68807|570|3926|4211|68807|570|3926|5|2|810|1|59.09|4.72|63.81|89.55|6.56|32.49|5.85|20.75|100.83
2452477|64199|367|5413|96092|5364|1763|5413|96092|5364|1763|3|3|812|2|124.86|9.98|134.84|75.39|16.28|122.36|2.37|0.13|101.65
2452576|85512|669|4549|156216|5803|3630|4549|156216|5803|3630|1|1|812|20|36.60|0.73|37.33|10.52|3.60|6.95|8.59|21.06|14.85
2452395|43554|312|737|26587|4230|3600|737|26587|4230|3600|3|3|812|18|1209.78|60.48|1270.26|69.87|103.68|858.94|66.65|284.19|234.03
2452502|67735|1539|138|52868|5885|135|138|52868|5885|135|6|1|812|2|159.46|3.18|162.64|6.20|28.00|30.29|85.25|43.92|37.38
2452121|53081|367|2334|42833|3299|358|2334|42833|3299|358|1|1|813|11|785.95|62.87|848.82|24.13|155.21|78.59|63.66|643.70|242.21
2452076|77568|763|1620|168415|6490|1325|1620|168415|6490|1325|5|3|814|2|2.58|0.00|2.58|59.72|20.76|1.72|0.37|0.49|80.48
2451993|10603|98|1301|145493|372|2884|1301|145493|372|2884|2|2|815|13|288.34|8.65|296.99|12.25|288.34|242.20|27.68|18.46|309.24
2452137|61784|953|3042|6746|4977|721|3042|6746|4977|721|5|3|815|71|9338.63|560.31|9898.94|48.37|6522.06|7470.90|130.74|1736.99|7130.74
2452374|59335|1205|4154|89158|4929|1293|4154|89158|4929|1293|5|2|816|12|909.72|45.48|955.20|68.74|351.48|582.22|173.57|153.93|465.70
2451900|48425|151|3530|102275|6460|2725|3530|102275|6460|2725|1|1|817|20|1428.40|57.13|1485.53|66.41|801.80|1071.30|114.27|242.83|925.34
2452791|76287|1171|1103|31743|3376|736|1103|31743|3376|736|1|1|818|34|1206.32|108.56|1314.88|38.71|1083.24|1170.13|27.14|9.05|1230.51
2452928|48066|1263|4758|31642||2010|4758|31642||||3|818||||1673.36|32.85||949.31|||553.81
2451306|68318|1249|8589|12695|4426|1684|8589|12695|4426|1684|2|2|819|48|2642.88|52.85|2695.73|49.66|285.60|528.57|1014.86|1099.45|388.11
|79146|1204||100229|4936|||100229|||2|3|819||720.00|50.40|770.40|50.83|||||
2451520|6051|476|6528|104125|1322|3566|6528|104125|1322|3566|1|2|819|12|146.88|11.75|158.63|5.14|149.88|120.44|17.97|8.47|166.77
2451934|46463|1331|5535|144475|6855|3115|5535|144475|6855|3115|2|3|822|40|856.80|77.11|933.91|74.30|453.60|222.76|545.27|88.77|605.01
2452756|60635|792|6899|49858|2337|1856|6899|49858|2337|1856|1|2|823|16|139.36|9.75|149.11|91.80|7.20|13.93|50.17|75.26|108.75
2451700|73339|1069|312|161035|4525|2408|312|161035|4525|2408|1|3|824|7|92.40|0.92|93.32|79.48|18.76|58.21|26.66|7.53|99.16
2451201|29061|1249|5498|171100|6255|2257|5498|171100|6255|2257|1|1|825|30|3057.00|61.14|3118.14|76.62|748.50|2995.86|38.51|22.63|886.26
||1783|9260|||2728|9260|||2728|1|3|827|||29.12|445.12|41.49|416.00|95.68|179.37|140.95|
2451107|33094|1249|8099|14772|1925|2638|8099|14772|1925|2638|1|2|827|6|99.30|2.97|102.27|45.90|206.88|22.83|74.17|2.30|255.75
2452779|54945|138|7185|172325|3418|4958|7185|172325|3418|4958|3|2|829|96|306.24|0.00|306.24|50.44|337.92|153.12|125.55|27.57|388.36
2452873|62383|1578|3783|4822|3348|4507|3783|4822|3348|4507|6|2|829|38|2189.18|109.45|2298.63|61.31|2293.68|109.45|1310.22|769.51|2464.44
2452766|73735|357|2478|20683|5768|13|2478|20683|5768|13|6|3|830|23|265.88|0.00|265.88|2.02|74.75|132.94|118.31|14.63|76.77
2451039|57141|1784|9916|177088|20|1625|9916|177088|20|1625|1|1|831|30|2576.40|51.52|2627.92|90.11|1493.40|128.82|1933.58|514.00|1635.03
2451502|72977|1387|1168|79329|6370|771|1168|79329|6370|771|2|2|832|2|194.34|7.77|202.11|64.21|62.02|174.90|4.86|14.58|134.00
2451395|44288|1690|7256|46952|6455|2231|7256|46952|6455|2231|1|2|832|63|527.94|47.51|575.45|39.55|1055.88|469.86|24.97|33.11|1142.94
2451269|46443|868||59343||3923|6500|59343||||2|832||136.34|12.27||||||0.00|86.08
2451281|66121|1441|5680|98425|6050|3835|5680|98425|6050|3835|4|3|834|48|2209.92|88.39|2298.31|99.83|631.20|685.07|289.72|1235.13|819.42
2451418|46199|1195|320|45528|6703|71|320|45528|6703|71|2|2|835|2|12.24|0.00|12.24|7.94|24.50|9.30|0.52|2.42|32.44
2451211|72708|643|4641|146479|510|2268|4641|146479|510|2268|2|2|836|34|307.02|0.00|307.02|88.93|691.22|92.10|111.75|103.17|780.15
2451917|6464|245|3162|36154|826|458|3162|36154|826|458|2|2|837|12|241.92|9.67|251.59|50.81|95.04|62.89|136.06|42.97|155.52
2452155|44335|455|8373|129437|934|3038|8373|129437|934|3038|5|1|838|11|851.40|51.08|902.48|77.03|1223.86|34.05|114.42|702.93|1351.97
2451481|26452|211|7820|42930|3160|1230|7820|42930|3160|1230|2|1|839|35|1629.60|32.59|1662.19|82.34|383.25|994.05|235.15|400.40|498.18
2452716|26523|139|6863|117197|1771|1625|6863|117197|1771|1625|6|3|841|49|73.01|1.46|74.47|31.76|69.09|67.89|1.94|3.18|102.31
2452687|59281|1686|1222|185518|1127|503|1222|185518|1127|503|1|2|842|11|60.61|4.84|65.45|2.86|13.97|29.09|1.26|30.26|21.67
2452949|81774|523|2675|85599|5050|1861|2675|85599|5050|1861|3|1|842|5|339.60|20.37|359.97|9.18|235.65|193.57|30.66|115.37|265.20
2451298|42882|1282|8399|1782|2807|1279|8399|1782|2807|1279|1|1|843|82|7377.54|368.87|7746.41|86.05|5972.06|1254.18|5878.42|244.94|6426.98
2451351|62854|739|6561|12190|1819|801|6561|12190|1819|801|4|1|843|42|658.56|52.68|711.24|35.13|509.04|217.32|308.86|132.38|596.85
2451249|42554|1430|2809|135290|538|26|2809|135290|538|26|4|2|846|1|132.75|2.65|135.40|99.60|49.61|119.47|0.13|13.15|151.86
2451385|29210|1046|2286|87095|4304|1266|2286|87095|4304|1266|1|3|846|63|408.87|36.79|445.66|13.84|1090.53|233.05|65.05|110.77|1141.16
2451231|69593|1556|8527|109804|1688|1292|8527|109804|1688|1292|1|2|847|3|303.78|15.18|318.96|99.74|60.75|3.03|9.02|291.73|175.67
2452295|40407|983|1826|118575|6924|2873|1826|118575|6924|2873|5|3|848|2|11.98|0.83|12.81|14.97|9.58|4.91|7.07|0.00|25.38
2452258|83243|559|771|188505|6446|460|771|188505|6446|460|1|3|848|36|789.12|47.34|836.46|1.78|231.12|741.77|45.92|1.43|280.24
2451461|48049|931|6179|27988|6277|3526|6179|27988|6277|3526|4|3|849|34|317.56|3.17|320.73|48.00|73.10|190.53|53.35|73.68|124.27
2451298|19271|1051|6280|84433|5386|3539|6280|84433|5386|3539|2|2|849|49|1084.37|10.84|1095.21|69.24|619.85|140.96|367.92|575.49|699.93
2451900|65274|404|6694|184717|6533|3276|6694|184717|6533|3276|2|2|851|30|379.20|3.79|382.99|37.94|379.20|140.30|234.12|4.78|420.93
2451866|81355|1381|4060|99356|5499|1242|4060|99356|5499|1242|5|3|851|1|30.05|2.70|32.75|93.59|1.87|27.64|2.16|0.25|98.16
2452365|84447|445|1871|142175|5712|4056|1871|142175|5712|4056|5|3|853|4|179.88|3.59|183.47|37.55|102.20|98.93|61.52|19.43|143.34
2451583||283|1712|52644||388||52644|||2|2|854|4|0.00|0.00|0.00|91.21|74.96||||
2452375|9788|1397|4546|183913|5760|214|4546|183913|5760|214|3|2|855|21|1474.41|103.20|1577.61|61.29|624.75|309.62|768.76|396.03|789.24
2452444|45444|779|4135|78809|5963|2877|4135|78809|5963|2877|3|1|855|3|507.78|45.70|553.48|17.17|178.41|294.51|159.95|53.32|241.28
2451012|46203|1285|251|173050|4282|2121|251|173050|4282|2121|4|2|856|4|26.60|0.53|27.13|27.03|89.52|12.76|9.68|4.16|117.08
2452364|16632|853|5728|92510|812|1154|5728|92510|812|1154|1|1|858|6|10.08|0.20|10.28|81.03|51.78|5.24|0.53|4.31|133.01
2452253|64589|1139|7554|11520|4493|2139|7554|11520|4493|2139|1|2|858|11|54.45|1.63|56.08|25.22|86.46|32.12|20.09|2.24|113.31
2452243|49196|393|8663|72609|6875|1181|8663|72609|6875|1181|3|1|860|30|21.30|1.06|22.36|95.77|2.70|1.91|13.57|5.82|99.53
2452402|56278|1583|607|95438|3596|1114|607|95438|3596|1114|1|3|860|1|79.29|0.00|79.29|10.46|19.57|1.58|42.74|34.97|30.03
2452526|10258|690|9465|67309|3873|477|9465|67309|3873|477|1|2|864|13|78.00|0.78|78.78|36.48|406.12|26.52|38.09|13.39|443.38
2452039|57055|355|9304|145803|3229|1215|9304|145803|3229|1215|2|3|865|9|1097.37|76.81|1174.18|5.10|397.89|175.57|783.53|138.27|479.80
2451971|46521|109|9795|58460|4485|2077|9795|58460|4485|2077|1|1|865|50|9201.00|92.01|9293.01|45.25|4400.50|8464.92|463.73|272.35|4537.76
2452787|56663|1464|5492|155569|3566|3403|5492|155569|3566|3403|3|3|866|1|101.60|7.11|108.71|51.08|61.21|6.09|55.39|40.12|119.40
2452798|54850|1339|5154|118095|349|1923|5154|118095|349|1923|6|2|866|15|821.10|57.47|878.57|47.38|609.15|476.23|155.19|189.68|714.00
2451298|25694|166|6681|190583|6130|2397|6681|190583|6130|2397|1|2|867|4|490.24|14.70|504.94|72.08|191.48|416.70|66.18|7.36|278.26
2452454|32758|1050|5118|174109|5147|4538|5118|174109|5147|4538|3|1|868|2|77.02|4.62|81.64|48.76|33.00|15.40|51.76|9.86|86.38
2452397|57343|903|6550|50774|278|742|6550|50774|278|742|1|1|869|5|63.90|0.00|63.90|1.97|16.90|31.95|4.79|27.16|18.87
2452288|67895|1245|1271|18454|4517|3340|1271|18454|4517|3340|5|2|870|29|1229.02|110.61|1339.63|29.62|394.98|995.50|226.51|7.01|535.21
2451297|65172|1612|9800|41398|4116|3874|9800|41398|4116|3874|4|1|871|2|16.88|0.84|17.72|73.92|5.16|16.37|0.21|0.30|79.92
2451238|59013|1360|3883|155643|6923|3843|3883|155643|6923|3843|2|1|871|8|42.16|0.84|43.00|1.63|24.16|9.27|27.95|4.94|26.63
2451476|73571|943|4055|27557|5459|1961|4055|27557|5459|1961|1|1|871|34|71.06|6.39|77.45|68.57|193.46|4.26|3.34|63.46|268.42
2452340|54528|967|3493|25919|585|1731|3493|25919|585|1731|3|1|872|52|3237.52|64.75|3302.27|14.84|966.16|3140.39|36.90|60.23|1045.75
2452483|47860|1719|253|108316|4652|2675|253|108316|4652|2675|1|2|874|81|8046.54|724.18|8770.72|89.53|5687.82|5471.64|2034.17|540.73|6501.53
||899||46746||3383|7684|46746||3383||2|874|42|3758.58|||||1691.36|||3702.44
2451642|76000|590|2856|34315|2491|4794|2856|34315|2491|4794|2|3|876|20|186.60|14.92|201.52|37.23|153.00|89.56|85.39|11.65|205.15
2451740|49284|1058|1391|736|7121|2786|1391|736|7121|2786|1|3|876|18|2203.20|176.25|2379.45|60.60|1162.80|2004.91|35.69|162.60|1399.65
2451974|54325|608|4389|50786|3950|4707|4389|50786|3950|4707|1|1|878|38|1068.56|10.68|1079.24|22.35|475.00|972.38|12.50|83.68|508.03
2452759|71141|684|6784|47654|3724|241|6784|47654|3724|241|3|1|879|38|293.74|26.43|320.17|56.49|528.58|246.74|42.77|4.23|611.50
2452835|33397|1501|64|62119|6654|4749|64|62119|6654|4749|3|2|879|7|107.45|2.14|109.59|25.42|113.82|47.27|57.17|3.01|141.38
2451785|54363|1300|123|186721|6312|2430|123|186721|6312|2430|1|1|880|19|630.80|37.84|668.64|51.15|101.27|195.54|182.80|252.46|190.26
2451350|21492|151|2285|94700|1402|1737|2285|94700|1402|1737|1|3|881|1|12.05|0.48|12.53|70.29|28.93|9.03|1.11|1.91|99.70
2451208|61357|1636|7692|126557|2429|174|7692|126557|2429|174|4|3|881|65|4633.85|417.04|5050.89|65.32|441.35|3290.03|806.29|537.53|923.71
2452780|42668|1603|8650|90559|5475|3111|8650|90559|5475|3111|6|2|883|12|1163.52|81.44|1244.96|81.15|52.08|628.30|208.73|326.49|214.67
2452540|64432|915|9814|69802|3583|1644|9814|69802|3583|1644|1|3|884|57|7574.16|530.19|8104.35|69.51|2196.21|1969.28|2802.44|2802.44|2795.91
2452753|13693|111|3446|126527|5048|649|3446|126527|5048|649|3|2|884|44|1787.28|160.85|1948.13|20.75|27.72|268.09|197.49|1321.70|209.32
||97|670|103015||||103015|2160|3705|||884|44|2656.28|26.56|2682.84|4.75||||1329.48|
2452633|30921|1158|2041|34215|4069|2683|2041|34215|4069|2683|1|1|884|50|105.50|2.11|107.61|95.67|52.50|5.27|96.22|4.01|150.28
2452015|62260|1190|8034|114546|4851|1683|8034|114546|4851|1683|2|1|885|2|204.54|12.27|216.81|59.26|51.12|42.95|142.19|19.40|122.65
2452422|59345|1171|9103|189723|4696|1516|9103|189723|4696|1516|6|1|886|19|175.37|3.50|178.87|99.25|271.13|17.53|74.18|83.66|373.88
2452535|29503|3|6707|117722|6897|992|6707|117722|6897|992|1|3|886|42|2506.14|25.06|2531.20|86.25|616.14|1654.05|357.87|494.22|727.45
2451889|74957|653|5216|111149|1601|813|5216|111149|1601|813|1|1|889|9|126.72|1.26|127.98|35.98|30.69|67.16|29.78|29.78|67.93
2451936|44024|1033|7444|84525|4533|301|7444|84525|4533|301|1|3|889|15|2821.95|169.31|2991.26|14.28|1365.45|1975.36|567.21|279.38|1549.04
2451315|33493|787|4010|133159|4981|1290|4010|133159|4981|1290|2|3|890|6|30.96|0.00|30.96|78.13|3.12|2.16|19.00|9.80|81.25
2451935|23579|1109|5240|108866|4412|3998|5240|108866|4412|3998|1|3|891|28|140.00|2.80|142.80|60.28|805.56|121.80|4.73|13.47|868.64
2452922|47170|37|3961|100665|3849|3593|3961|100665|3849|3593|1|2|893|12|317.88|25.43|343.31|36.88|29.76|260.66|38.90|18.32|92.07
2452142|69522|1657|4758|29644|1443|3762|4758|29644|1443|3762|1|2|894|12|28.20|1.97|30.17|1.27|437.64|20.02|0.98|7.20|440.88
2452725|43572|390|1224|44321|6698|82|1224|44321|6698|82|1|2|895|19|1352.42|108.19|1460.61|38.37|1014.22|459.82|839.04|53.56|1160.78
2452827|34777|199|3935|92954|2951|2108|3935|92954|2951|2108|3|3|895|12|732.12|29.28|761.40|9.87|334.68|505.16|95.32|131.64|373.83
2452649|50788|168|5554|4741|2055|3082|5554|4741|2055|3082|1|1|896|32|120.00|1.20|121.20|13.04|900.48|90.00|0.90|29.10|914.72
2452826|42617|259|2608|176348|3658|848|2608|176348|3658|848|3|1|899|27|1524.15|45.72|1569.87|94.69|415.53|259.10|366.86|898.19|555.94
2452371|75452|607|2134|147709|84|1859|2134|147709|84|1859|5|2|901|40|2797.60|223.80|3021.40|47.19|580.40|2601.76|23.50|172.34|851.39
2451918|38304|860|2860|139972|2237|549|2860|139972|2237|549|2|2|903|9|96.48|3.85|100.33|59.81|125.46|45.34|37.33|13.81|189.12
2452166|9269|1273|8668|174078|3888|3098|8668|174078|3888|3098|1|1|904|48|9962.88|697.40|10660.28|52.28|2794.08|7970.30|159.40|1833.18|3543.76
2452307|70079|1653|8389|24629|4276|3243|8389|24629|4276|3243|1|3|904|7|6.02|0.42|6.44|43.90|9.66|0.72|3.44|1.86|53.98
2452296|65855|221|8366|181534|4877|4213|8366|181534|4877|4213|1|3|904|13|36.01|0.72|36.73|84.10|36.92|33.12|2.89|0.00|121.74
2452539|60220|1131|7429|144009|4509|1649|7429|144009|4509|1649|3|2|907|35|3542.35|247.96|3790.31|1.33|590.10|3471.50|46.76|24.09|839.39
2452427|40355|163|4023|156983|23|1023|4023|156983|23|1023|3|2|907|4|152.80|0.00|152.80|9.79|345.84|0.00|64.17|88.63|355.63
2451824|48089|734|952|101686|660|514|952|101686|660|514|2|1|909|25|1014.50|50.72|1065.22|21.35|2231.75|517.39|24.85|472.26|2303.82
2451924|22399|421|3634|4455|3483|3984|3634|4455|3483|3984|1|1|909|44|6388.80|191.66|6580.46|57.76|4762.56|191.66|3718.28|2478.86|5011.98
2452058|71949|1655|1603|36949|4135|3048|1603|36949|4135|3048|5|3|909|39|1491.36|134.22|1625.58|7.69|1255.80|193.87|973.11|324.38|1397.71
2451174|79226|1015|8657|62435|980|1765|8657|62435|980|1765|4|3|910|3|116.64|0.00|116.64|62.37|243.45|6.99|105.26|4.39|305.82
2450962|73572|232|4827|190740|7086|1592|4827|190740|7086|1592|2|1|910|20|489.20|4.89|494.09|80.65|34.80|430.49|45.79|12.92|120.34
2452245|42944|1099|8512|176962|5332|2742|8512|176962|5332|2742|3|1|912|78|3905.46|195.27|4100.73|62.26|5315.70|3241.53|99.58|564.35|5573.23
2452417|63682|935|959|184803|6487|251|959|184803|6487|251|1|1|913|11|435.49|26.12|461.61|76.72|487.30|265.64|13.58|156.27|590.14
2452395|64194|547|6549|48679|6122|4332|6549|48679|6122|4332|1|3|913|58|479.08|43.11|522.19|51.34|64.96|335.35|45.99|97.74|159.41
2451360|42568|895|7255|171501|1427|466|7255|171501|1427|466|2|2|915|56|1289.12|25.78|1314.90|37.76|4462.08|0.00|786.36|502.76|4525.62
2451356|26120|439|7268|739|5090|601|7268|739|5090|601|4|2|915|40|161.20|9.67|170.87|47.08|6.40|53.19|2.16|105.85|63.15
2451369|32382|622|8101|99551|3001|251|8101|99551|3001|251|2|3|918|1|9.19|0.36|9.55|48.34|0.31|2.48|0.93|5.78|49.01
2451349|74312|442|7841|84729|2544|519|7841|84729|2544|519|1|2|918|1|117.60|4.70|122.30|50.34|50.56|108.19|5.26|4.15|105.60
|30289|1312||13590|2702|247|6718|13590||247|||918||131.78|9.22|||60.32||||
2452677|37784|871|6464|167466|675|3804|6464|167466|675|3804|1|2|919|14|256.06|15.36|271.42|97.89|70.84|225.33|24.27|6.46|184.09
2452770|26668|973|6209|153257|4145|2066|6209|153257|4145|2066|1|2|919|6|172.14|0.00|172.14|70.34|253.14|118.77|46.43|6.94|323.48
2452835|31540|1617|1694|89413|1259|1465|1694|89413|1259|1465|1|2|919|29|677.44|60.96|738.40|75.21|643.51|60.96|400.71|215.77|779.68
2450940|28402|1072|4650|3651|3645|4766|4650|3651|3645|4766|4|2|920|14|196.98|11.81|208.79|99.50|63.00|118.18|48.85|29.95|174.31
2451040|19976|1645|695|72878|1654|3557|695|72878|1654|3557|4|1|920|47|2139.91|21.39|2161.30|25.15|369.89|834.56|1253.13|52.22|416.43
2452813|78086|18|4526|187306|6086|3866|4526|187306|6086|3866|6|2|921|12|384.48|26.91|411.39|30.09|56.52|30.75|307.74|45.99|113.52
2452795|57200|150|3581|117377|5540|3096|3581|117377|5540|3096|6|1|921|2|33.12|0.99|34.11|97.62|5.52|0.66|28.88|3.58|104.13
2452739|23267|649|3558|71280|6969|1498|3558|71280|6969|1498|3|2|921|52|9275.24|92.75|9367.99|39.39|915.72|2411.56|3775.02|3088.66|1047.86
2451246|42948|1237|7199|115612|5738|4631|7199|115612|5738|4631|1|3|923|43|7957.15|318.28|8275.43|67.20|491.06|6843.14|44.56|1069.45|876.54
2451243|61176|22|2328|5797|1059|1401|2328|5797|1059|1401|1|3|923|28|2609.60|0.00|2609.60|49.07|1669.92|2426.92|18.26|164.42|1718.99
2451155|41603|244|2990|136954|4565|4129|2990|136954|4565|4129|1|1|923|1|21.59|1.29|22.88|15.18|7.64|17.91|2.24|1.44|24.11
2451308|48567|1528|1560|147755|6190|4658|1560|147755|6190|4658|1|3|923|19|376.20|0.00|376.20|38.21|361.19|270.86|11.58|93.76|399.40
2451782|59271|614|855|191900|1378|1616|855|191900|1378|1616|2|2|924|14|311.22|9.33|320.55|25.92|72.80|152.49|14.28|144.45|108.05
2451718|55362|949|8509|131588|3274|633|8509|131588|3274|633|2|2|924|13|1034.28|72.39|1106.67|64.49|579.15|310.28|79.64|644.36|716.03
2451732|50303|248|9084|72132|2333|2534|9084|72132|2333|2534|5|3|924|4|196.28|7.85|204.13|44.05|127.80|105.99|87.58|2.71|179.70
2452595|20169|423|1906|155731|4798|2265|1906|155731|4798|2265|1|1|925|45|0.00|0.00|0.00|93.49|460.35|0.00|0.00|0.00|553.84
2452572|83910|504|4517|61941|1765|3789|4517|61941|1765|3789|6|3|925|27|1170.18|70.21|1240.39|15.68|1755.54|163.82|291.84|714.52|1841.43
2452621|12180|1224|2553|128423|1140|3210|2553|128423|1140|3210|6|2|928|41|1306.26|39.18|1345.44|66.19|180.40|1306.26|0.00|0.00|285.77
2452313|26556|457|2561|137941|154|374|2561|137941|154|374|5|2|929|14|2158.66|64.75|2223.41|46.55|1105.58|1165.67|59.57|933.42|1216.88
2452311|60860|935|3946|187567|735|903|3946|187567|735|903|3|3|930|5|73.90|2.95|76.85|40.85|136.15|18.47|14.41|41.02|179.95
2452497|25022|1081|2663|58970|5230|1337|2663|58970|5230|1337|3|1|930|23|310.96|12.43|323.39|11.78|2178.10|21.76|118.57|170.63|2202.31
2452055|54975|716|132|39987|4882|3704|132|39987|4882|3704|1|1|931|11|606.54|36.39|642.93|30.42|181.94|467.03|9.76|129.75|248.75
2451646|13365|460|437|134201|605|1289|437|134201|605|1289|2|3|935|1|101.32|0.00|101.32|6.26|50.66|7.09|44.28|49.95|56.92
2451684|66932|1357|9868|20165|1822|3846|9868|20165|1822|3846|2|2|935|15|347.10|31.23|378.33|33.10|123.30|183.96|96.25|66.89|187.63
2452384|35050|315|4707|90627|5347|1667|4707|90627|5347|1667|1|2|936|29|4061.16|40.61|4101.77|36.76|1654.45|1055.90|751.31|2253.95|1731.82
2451578|22215|1574|1780|103341|3222|96|1780|103341|3222|96|4|2|937|82|3401.36|102.04|3503.40|48.94|906.92|2721.08|149.66|530.62|1057.90
2451522|26279|934|4455|12821|5667|3273|4455|12821|5667|3273|1|1|937|2|102.52|4.10|106.62|47.70|56.08|17.42|38.29|46.81|107.88
2452717|65763|654|9898|44936|3734|299|9898|44936|3734|299|6|1|939|36|1812.60|126.88|1939.48|90.94|1244.16|888.17|776.52|147.91|1461.98
2452851|12590|1729|532|142703|3674|845|532|142703|3674|845|6|1|939|25|130.50|7.83|138.33|95.71|8.25|86.13|27.95|16.42|111.79
2452426|64927|39|365|57157|6382|1214|365|57157|6382|1214|3|1|940|71|2418.26|48.36|2466.62|44.28|1477.51|2273.16|10.15|134.95|1570.15
2452283|37058|913|2350|171440|4210|2093|2350|171440|4210|2093|5|2|940|45|130.50|9.13|139.63|64.97|1242.45|107.01|13.15|10.34|1316.55
2451251|40253|1186|8248|181098|2141|511|8248|181098|2141|511|2|1|941|5|704.85|28.19|733.04|17.75|204.60|528.63|81.06|95.16|250.54
2452500||1217|6791|79650|||||3469|3608||3|943|||0.00|||1342.61||||
2451560|73803|866|3699|154107|6755|2330|3699|154107|6755|2330|4|1|947|10|519.80|46.78|566.58|4.82|12.30|145.54|258.23|116.03|63.90
2452805|78759|1422|6393|48282|331|2100|6393|48282|331|2100|3|3|948|1|23.17|0.46|23.63|80.84|21.57|5.56|2.99|14.62|102.87
2451229|48122|631|1540|162425|590|915|1540|162425|590|915|2|3|949|5|305.00|6.10|311.10|30.83|463.15|91.50|130.23|83.27|500.08
2451376|47504|55|3975|88339|4336|4540|3975|88339|4336|4540|4|2|949|12|150.96|9.05|160.01|48.65|92.88|141.90|3.44|5.62|150.58
2451214|19590|502|9027|144037|6306|2008|9027|144037|6306|2008|1|3|949|31|127.41|2.54|129.95|72.45|44.02|73.89|14.98|38.54|119.01
2451241|9735|856|8451|46484|4390|3736|8451|46484|4390|3736|4|1|950|15|609.15|36.54|645.69|79.35|775.35|103.55|283.13|222.47|891.24
2452495|61256|601|6047|49717|1034|2304|6047|49717|1034|2304|1|3|951|63|11431.35|114.31|11545.66|32.86|6016.50|4115.28|2194.82|5121.25|6163.67
2451511|62579|530|6540|69175|2210|3845|6540|69175|2210|3845|4|3|953|24|3406.56|272.52|3679.08|62.14|389.28|1090.09|787.59|1528.88|723.94
2451459|67996|782|803|93559|1700|2121|803|93559|1700|2121|2|2|953|59|801.22|24.03|825.25|52.28|53.10|112.17|640.81|48.24|129.41
2451447|79925|1118|4764|105655|5859|630|4764|105655|5859|630|4|2|953|40|40.80|2.44|43.24|86.12|102.40|27.74|10.57|2.49|190.96
2451367|48875|1222|9874|146208|3022|4396|9874|146208|3022|4396|1|1|953|17|3527.84|70.55|3598.39|39.99|1865.24|352.78|444.50|2730.56|1975.78
2452464|36223|71|6867|114574|3161|3261|6867|114574|3161|3261|5|2|955|36|7487.64|374.38|7862.02|3.23|822.60|673.88|3270.60|3543.16|1200.21
2451917|26463|1478|3973|85604|1748|2259|3973|85604|1748|2259|1|1|956|32|551.36|44.10|595.46|89.65|551.36|220.54|271.27|59.55|685.11
2451930|38189|1214|9038|73176|2081|1379|9038|73176|2081|1379|1|2|956|45|15.75|0.31|16.06|27.61|150.75|9.76|4.79|1.20|178.67
2451868|38863|1439|5170|109053|4263|2386|5170|109053|4263|2386|5|3|956|58|2901.16|145.05|3046.21|68.59|1838.60|29.01|1723.29|1148.86|2052.24
2452147|32251|821|1288|136174|3380|3626|1288|136174|3380|3626|1|1|957|28|2430.12|48.60|2478.72|85.02|794.36|437.42|617.73|1374.97|927.98
2451058|33913|1274|402|54439|3916|3473|402|54439|3916|3473|4|2|959|1|47.74|4.29|52.03|56.95|54.25|3.81|25.91|18.02|115.49
2451134|78758|349|7102|142489|4276|4863|7102|142489|4276|4863|2|2|959|1|1.09|0.01|1.10|45.49|7.09|1.05|0.03|0.01|52.59
2451299|13912|1724|9640|84873|2746|2946|9640|84873|2746|2946|2|3|959|72|1990.80|39.81|2030.61|85.93|924.48|1473.19|170.81|346.80|1050.22
2450940|27039|163|4748|91458|521|1031|4748|91458|521|1031|4|3|960|14|633.08|50.64|683.72|89.46|223.86|297.54|33.55|301.99|363.96
2451228|64612|967|6778|149520|3782|3484|6778|149520|3782|3484|4|2|960|22|1480.60|29.61|1510.21|45.37|506.44|74.03|210.98|1195.59|581.42
2451017|50575|1178|2719|163384|3522|1147|2719|163384|3522|1147|4|2|960|39|379.86|0.00|379.86|87.51|432.90|254.50|12.53|112.83|520.41
2452099|70833|1562|9304|156147|2598|729|9304|156147|2598|729|1|2|961|13|1081.86|64.91|1146.77|66.39|324.48|876.30|141.83|63.73|455.78
2451816|40162|887|6788|102156|1891|1219|6788|102156|1891|1219|5|1|964|5|431.60|12.94|444.54|41.51|184.15|254.64|67.24|109.72|238.60
2451312|15186|160|7013|3777|1901|2145|7013|3777|1901|2145|1|1|965|19|2522.82|126.14|2648.96|79.53|1141.90|1261.41|201.82|1059.59|1347.57
2451411|54480|397|9644|122412|3020|508|9644|122412|3020|508|4|1|965|37|4636.84|231.84|4868.68|8.42|1738.63|1669.26|2641.14|326.44|1978.89
2451377|59678|1525|9855|104423|1998|3493|9855|104423|1998|3493|4|2|966|78|793.26|39.66|832.92|31.74|434.46|531.48|15.70|246.08|505.86
2451384|78373|1006|2316|123505|2087|3749|2316|123505|2087|3749|2|2|966|48|7842.24|156.84|7999.08|22.03|4455.84|3450.58|2547.16|1844.50|4634.71
2451807|40295|158|4745|168854|1843|2992|4745|168854|1843|2992|2|2|968|91|3797.43|189.87|3987.30|10.17|1603.42|1594.92|1497.70|704.81|1803.46
2451610|22616|380|4186|1791|6790|2756|4186|1791|6790|2756|4|3|968|42|1840.44|73.61|1914.05|96.58|440.16|515.32|1046.84|278.28|610.35
2451801|56655|1171|9556|98759|5435|3551|9556|98759|5435|3551|1|1|971|20|742.40|37.12|779.52|81.10|601.60|118.78|486.42|137.20|719.82
2451622|42015|1687|8306|178658|7043|1788|8306|178658|7043|1788|4|2|971|3|192.60|5.77|198.37|36.00|37.98|173.34|11.36|7.90|79.75
2451695|59878|1135|742|133236|6130|471|742|133236|6130|471|1|1|973|5|141.35|8.48|149.83|55.43|303.90|76.32|29.26|35.77|367.81
2451688|36856|334|||6488||1087|115491|6488|3565|2|2|973|23|846.40||922.57||205.16|||13.63|
2451762|43206|439|7990|173765|6467|3882|7990|173765|6467|3882|1|1|976|10|277.20|19.40|296.60|61.22|392.70|232.84|5.32|39.04|473.32
2451805|45343|1058|4130|177819|4915|4284|4130|177819|4915|4284|1|1|976|46|1751.68|0.00|1751.68|72.26|3194.70|1453.89|223.34|74.45|3266.96
2451829|67060|844|5370|121536|3702|1068|5370|121536|3702|1068|2|1|976|28|1237.04|98.96|1336.00|94.17|288.12|766.96|441.87|28.21|481.25
2452277|80968|581|4444|40159|674|1589|4444|40159|674|1589|3|2|977|23|302.22|3.02|305.24|25.74|136.16|302.22|0.00|0.00|164.92
2452387|26103|183|3493|15668|6963|2298|3493|15668|6963|2298|5|3|977|8|1460.64|43.81|1504.45|13.94|146.00|1256.15|100.20|104.29|203.75
2451177|78069|1552|1684|3596|275|1594|1684|3596|275|1594|2|3|979|73|2730.93|191.16|2922.09|93.57|394.20|1829.72|18.02|883.19|678.93
2451791|40685|154|8449|61469|4042|862|8449|61469|4042|862|1|3|980|61|286.70|22.93|309.63|24.76|3442.84|180.62|96.53|9.55|3490.53
2451574|64346|488|4243|6761|6559|3270|4243|6761|6559|3270|1|3|980|1|24.20|2.17|26.37|49.25|13.54|14.03|4.27|5.90|64.96
2451613|67114|721|2311|185474|6750|4593|2311|185474|6750|4593|1|3|980|37|2881.93|259.37|3141.30|86.63|485.07|979.85|266.29|1635.79|831.07
|72285|590|9079|86411|5740|1429|9079|||||3|980|32||||35.23||1327.62||364.98|486.05
2452796|20500|735|1537|99578|1299|2980|1537|99578|1299|2980|3|3|982|4|211.20|6.33|217.53|88.69|76.80|209.08|0.78|1.34|171.82
2451539|43417|932|5682|109803|4371|2492|5682|109803|4371|2492|1|2|985|43|3270.58|228.94|3499.52|78.75|1243.56|2256.70|699.57|314.31|1551.25
2452701|73247|933|4921|49972|1949|2526|4921|49972|1949|2526|1|1|986|6|1029.60|51.48|1081.08|12.64|31.80|813.38|203.24|12.98|95.92
|63598|1591||95784|458|3452||95784|458||||986|10|121.90|3.65|125.55|||||77.40|
2452640|66650|337|1858|44054|4810|3333|1858|44054|4810|3333|1|1|986|26|13.26|0.79|14.05|4.97|17.94|9.14|3.25|0.87|23.70
2452398|70513|1097|1078|147027|2223|2019|1078|147027|2223|2019|5|2|987|37|607.17|18.21|625.38|20.16|156.14|157.86|179.72|269.59|194.51
2452469|64014|879|5291|80867|2283|3979|5291|80867|2283|3979|3|2|987|14|18.62|0.37|18.99|46.88|267.54|8.00|2.76|7.86|314.79
2452253|14249|701|5171|177902|2873|3571|5171|177902|2873|3571|3|3|988|4|343.12|0.00|343.12|78.97|199.36|164.69|69.58|108.85|278.33
2452648|77140|1245|1766|152038|1143|4255|1766|152038|1143|4255|1|3|989|17|2487.10|198.96|2686.06|21.52|414.46|1740.97|678.97|67.16|634.94
2452762|25477|1614|295|5922|4702|1929|295|5922|4702|1929|1|1|989|23|847.32|50.83|898.15|20.85|105.80|550.75|237.25|59.32|177.48
2451816|21944|1528|9073|174002|531|4813|9073|174002|531|4813|1|3|990|43|1295.59|90.69|1386.28|58.50|184.90|272.07|1003.04|20.48|334.09
2451601|22596|1123|5503|191637|1771|2305|5503|191637|1771|2305|2|1|990|9|219.60|19.76|239.36|65.89|73.17|144.93|5.97|68.70|158.82
2451685|45443|205|2063|165808|3633|3371|2063|165808|3633|3371|1|1|990|13|2089.88|188.08|2277.96|53.35|992.16|940.44|781.61|367.83|1233.59
2451708|21658|1711|3368|13434|2060|3206|3368|13434|2060|3206|2|2|990|50|2300.50|92.02|2392.52|69.94|1058.00|1610.35|676.34|13.81|1219.96
2451357|58012|1586|7747|177639|491|3863|7747|177639|491|3863|4|1|992|6|40.56|3.65|44.21|71.96|466.98|31.63|6.16|2.77|542.59
2451526|45391|848|9751|10690|5982|4921|9751|10690|5982|4921|1|2|992|22|137.72|11.01|148.73|86.03|172.26|24.78|6.77|106.17|269.30
2451435|68091|616|911|167000|5409|658|911|167000|5409|658|1|3|992|23|2923.30|116.93|3040.23|62.87|560.97|146.16|1527.42|1249.72|740.77
2451888|78918|1075|7224|23286|6228|3130|7224|23286|6228|3130|2|2|993|11|862.40|77.61|940.01|96.96|235.18|784.78|65.20|12.42|409.75
2451875|81346|547|6895|165178|821|3431|6895|165178|821|3431|1|1|993|5|196.95|11.81|208.76|10.56|49.20|133.92|28.99|34.04|71.57
2451963|33540|641|9051|75003|1195|467|9051|75003|1195|467|2|3|994|58|6152.06|246.08|6398.14|30.88|748.20|861.28|687.80|4602.98|1025.16
2451884|60896|943|5675|64336|4564|3585|5675|64336|4564|3585|1|3|994|2|8.70|0.60|9.30|25.01|12.90|8.70|0.00|0.00|38.51
2452141|31316|1435|4080|127787|1254|3841|4080|127787|1254|3841|5|2|995|17|1422.05|14.22|1436.27|94.55|45.22|725.24|571.38|125.43|153.99
2451831|61400|773|5519|138542|1725|4275|5519|138542|1725|4275|5|3|996|4|74.92|2.24|77.16|65.94|117.12|32.96|19.30|22.66|185.30
|13300|1141|5444|34009|4656|3296|5444|34009|4656|3296|5||996|27||104.72|1600.79||1059.75||||
2451937|66182|1297|7189|125120|571|109|7189|125120|571|109|2|1|996|18|235.62|2.35|237.97|57.41|76.50|186.13|19.30|30.19|136.26
2452006|40390|980|2353|61338|1683|3148|2353|61338|1683|3148|1|2|996|6|527.22|5.27|532.49|18.09|36.78|527.22|0.00|0.00|60.14
2451404|25149|1735|8||4875|3132||165498||3132|2||997|31|||||800.42||||
2451453|71197|1567|5704|17101|305|2829|5704|17101|305|2829|2|2|998|10|2034.10|101.70|2135.80|69.43|466.10|488.18|865.71|680.21|637.23
2451457||152||50924|3180||6475|50924|3180|||1|998|27|332.10|6.64||58.99|412.56||94.38||
2451441|12755|703|2142|98970|4085|4233|2142|98970|4085|4233|1|3|998|4|129.88|5.19|135.07|72.64|43.28|32.47|92.53|4.88|121.11
2452742|45658|342|8182|159729|5356|3143|8182|159729|5356|3143|3|2|999|52|541.84|10.83|552.67|34.17|19.24|265.50|229.36|46.98|64.24
2452794|36277|409|9857|139148|3112|763|9857|139148|3112|763|6|3|999|81|3084.48|215.91|3300.39|11.73|802.71|2560.11|372.30|152.07|1030.35
2451411|5244|1075|2195|94659|276|2493|2195|94659|276|2493|4|2|1000|4|670.76|20.12|690.88|90.81|228.20|496.36|61.04|113.36|339.13
2451339|37260|889|2253|75570|4694|2291|2253|75570|4694|2291|1|1|1000|10|1199.50|59.97|1259.47|53.61|614.40|635.73|484.84|78.93|727.98
2451348|36212|368|1323|158639|1475|551|1323|158639|1475|551|1|2|1000|77|1590.05|15.90|1605.95|26.86|993.30|492.91|383.99|713.15|1036.06
2451770|50042|1718|8555|1903|5938|2006|8555|1903|5938|2006|4|1|1001|18|1274.94|38.24|1313.18|9.06|811.26|1019.95|155.54|99.45|858.56
2451777|39059|241|9821|73380|2412|1931|9821|73380|2412|1931|1|3|1001|10|65.70|0.00|65.70|12.53|237.50|39.42|18.39|7.89|250.03
2452891|48228|105|6074|171418|4362|4706|6074|171418|4362|4706|1|1|1003|33|862.95|77.66|940.61|1.88|69.96|198.47|279.08|385.40|149.50
2452836|64308|925|6133|95751|5849|2707|6133|95751|5849|2707|1|2|1003|54|1160.46|104.44|1264.90|59.17|1793.88|1114.04|27.85|18.57|1957.49
2452769|29155|535|2651|8529|2887|4758|2651|8529|2887|4758|6|3|1004|12|821.28|49.27|870.55|59.65|638.76|566.68|106.93|147.67|747.68
2452725|47126|810|7894|191601|6301|2328|7894|191601|6301|2328|3|2|1004|38|3440.14|275.21|3715.35|62.07|1146.46|2683.30|355.71|401.13|1483.74
2452901|24772|139|1623|88571|5999|187|1623|88571|5999|187|6|2|1004|58|1165.22|81.56|1246.78|35.69|191.98|710.78|249.94|204.50|309.23
2452437|75397|1617|7058|10992|2333|3794|7058|10992|2333|3794|5|3|1006|18|3050.46|91.51|3141.97|33.22|568.62|884.63|823.01|1342.82|693.35
2452267|47334|1265|6152|146285|7041|3197|6152|146285|7041|3197|3|2|1006|20|32.40|2.26|34.66|71.17|113.60|10.69|18.67|3.04|187.03
2451141|47556|1546|8892|40262|5199|729|8892|40262|5199|729|1|2|1007|14|1848.56|36.97|1885.53|19.49|233.38|1571.27|83.18|194.11|289.84
2451599|55385|956|2482|158462|442|3975|2482|158462|442|3975|1|3|1008|11|881.76|35.27|917.03|41.38|287.32|493.78|197.86|190.12|363.97
2451768|42413|605|2078|130201|5411|3454|2078|130201|5411|3454|1|1|1008|14|300.16|9.00|309.16|37.34|65.24|48.02|108.42|143.72|111.58
2451705|37733|1346|7422|181089|563|4157|7422|181089|563|4157|2|2|1008|14|1511.30|60.45|1571.75|29.42|186.76|45.33|557.06|908.91|276.63
2451710|43967|1405|7697|7200|4863|4246|7697|7200|4863|4246|2|1|1008|10|968.90|38.75|1007.65|88.89|458.90|135.64|324.97|508.29|586.54
2452356|65443|1737|5008|34854|3980|4666|5008|34854|3980|4666|3|3|1010|48|2151.84|150.62|2302.46|35.76|0.00|1011.36|171.07|969.41|186.38
2452301|74396|1747|7484|179299|4921|1616|7484|179299|4921|1616|5|1|1010|11|512.05|30.72|542.77|94.27|144.21|404.51|45.16|62.38|269.20
2451611|12480|1172|4197|116253|5669|4358|4197|116253|5669|4358|2|1|1012|38|3571.62|142.86|3714.48|76.56|356.82|2392.98|1037.20|141.44|576.24
2451754|54066|404|4140|105881|4902|1283|4140|105881|4902|1283|4|1|1012|4|177.96|14.23|192.19|98.40|131.68|16.01|35.62|126.33|244.31
2451721|75110|418|6779|182144|229|4601|6779|182144|229|4601|4|3|1013|27|480.33|33.62|513.95|97.40|222.48|168.11|277.87|34.35|353.50
2451256|47401|704|6302|131168|3234|4547|6302|131168|3234|4547|1|2|1014|15|1986.60|158.92|2145.52|37.09|854.70|139.06|1478.03|369.51|1050.71
2451250|24845|1228|8486|51860|754|888|8486|51860|754|888|1|2|1014|3|275.22|24.76|299.98|71.19|97.83|126.60|8.91|139.71|193.78
2452603|32482|657|8953|41571|1662|3793|8953|41571|1662|3793|3|3|1015|39|2587.26|155.23|2742.49|25.40|599.04|1474.73|589.64|522.89|779.67
|69533|1327|9833|131372|4191||9833|131372||||3|1015|4|||219.68||64.72|142.79||33.84|116.29
2452652|16273|1461|7860|108627|3921|528|7860|108627|3921|528|6|3|1015|1|54.53|0.54|55.07|66.81|13.47|39.80|7.80|6.93|80.82
2452391|75420|37|1359|134924|1896|1341|1359|134924|1896|1341|6|1|1016|3|56.16|1.12|57.28|98.50|7.02|39.31|10.61|6.24|106.64
2452550|41735|870|7439|3261|2283|952|7439|3261|2283|952|3|2|1016|11|750.31|0.00|750.31|39.99|445.83|622.75|24.23|103.33|485.82
2452075|77594|59|9987|69867|260|1020|9987|69867|260|1020|1|2|1018|43|388.29|23.29|411.58|53.80|1262.05|260.15|46.13|82.01|1339.14
2451839|45369|919|5115|135075|646|2537|5115|135075|646|2537|2|1|1019|6|503.16|30.18|533.34|17.73|215.64|276.73|56.60|169.83|263.55
2450924|31931|1261|1270|100050|4287|1331|1270|100050|4287|1331|4|3|1021|32|1555.84|108.90|1664.74|47.51|1883.52|342.28|1177.15|36.41|2039.93
2451053|69373|1144|6326|187345|5084|4663|6326|187345|5084|4663|1|2|1022|54|38.88|2.33|41.21|62.33|505.44|20.60|6.76|11.52|570.10
2452800|41829|528|2961|4573|4185|3397|2961|4573|4185|3397|6|2|1023|5|285.90|5.71|291.61|14.00|161.60|60.03|180.69|45.18|181.31
2452857|60597|1605|2486|65031|3209|4147|2486|65031|3209|4147|3|3|1023|13|557.18|11.14|568.32|72.65|0.00|22.28|246.05|288.85|83.79
2451613|39652|937|6540|33253|1373|566|6540|33253|1373|566|4|1|1024|4|53.40|0.53|53.93|57.92|97.92|34.17|17.30|1.93|156.37
2451787|10838|1040|3397|154332|7027|3795|3397|154332|7027|3795|2|2|1024|40|2114.40|105.72|2220.12|92.55|2883.20|42.28|352.26|1719.86|3081.47
2451247|23969|1729|9136|188052|1255|891|9136|188052|1255|891|2|1|1025|40|8216.80|246.50|8463.30|45.59|1719.60|3779.72|2262.91|2174.17|2011.69
2451487|72653|907|9499|35540|4814|1848|9499|35540|4814|1848|4|1|1025|33|148.83|5.95|154.78|1.03|22.11|119.06|19.05|10.72|29.09
2451309|66124|962|9370|113880|5050|4733|9370|113880|5050|4733|4|3|1025|18|2575.08|206.00|2781.08|6.97|393.30|1982.81|456.04|136.23|606.27
2452733|34642|753|7427|14091|4788|292|7427|14091|4788|292|6|3|1026|9|1128.51|11.28|1139.79|86.37|225.63|451.40|480.74|196.37|323.28
2452778|62577|973|4446|168543|6913|4970|4446|168543|6913|4970|6|3|1028|17|103.19|0.00|103.19|96.39|29.41|93.90|1.39|7.90|125.80
2452111|30635|53||||1099|6877|117962|3574|1099|2||1029|86|||||5759.42||||
2452142|66313|119|2791|66759|5880|4648|2791|66759|5880|4648|1|1|1029|11|25.85|1.80|27.65|98.72|238.70|13.70|9.35|2.80|339.22
2452328|54774|1177|5930|105213|4689|1292|5930|105213|4689|1292|3|1|1030|11|589.49|29.47|618.96|55.51|96.25|47.15|515.22|27.12|181.23
2452455|56921|1403|1063|178524|2498|1992|1063|178524|2498|1992|5|1|1030|43|170.71|15.36|186.07|79.11|50.74|6.82|81.94|81.95|145.21
2452388|67660|1795|5003|38097|2151|772|5003|38097|2151|772|3|1|1030|31|339.14|10.17|349.31|97.42|1908.98|3.39|211.52|124.23|2016.57
2452653|27072|1752|4384|166510|5356|1242|4384|166510|5356|1242|3|1|1031|11|610.28|54.92|665.20|37.07|15.18|128.15|385.70|96.43|107.17
2451859|34658|331|2828|29774|2720|3666|2828|29774|2720|3666|5|1|1033|9|594.72|53.52|648.24|20.09|521.91|130.83|463.89|0.00|595.52
||181|||3008|||106142|3008||5||1033||3820.74|0.00|3820.74||2882.88||1092.73|1390.76|
2451231|65058|620|9339|51465|6951|957|9339|51465|6951|957|4|2|1035|34|4412.52|397.12|4809.64|93.75|2560.20|3750.64|370.65|291.23|3051.07
2452080|59814|675|8060|17214|5328|4362|8060|17214|5328|4362|1|3|1036|14|2162.72|194.64|2357.36|41.23|908.88|1665.29|223.84|273.59|1144.75
2452061|39766|1031|387|185262|4984|3059|387|185262|4984|3059|5|1|1036|1|17.88|1.07|18.95|97.88|29.25|5.54|5.79|6.55|128.20
2452097|32618|739|6818|139615|2699|2263|6818|139615|2699|2263|5|2|1038|18|794.52|23.83|818.35|70.10|95.76|31.78|68.64|694.10|189.69
2451960|21023|821|4177|93327|1644|1154|4177|93327|1644|1154|2|3|1039|1|0.96|0.05|1.01|50.39|1.73|0.01|0.85|0.10|52.17
2451980|37982|629|3267|109634|4969|2537|3267|109634|4969|2537|5|2|1039|3|95.67|3.82|99.49|37.29|118.74|27.74|31.24|36.69|159.85
2451934|8500|752|1248|8186|4931|3796|1248|8186|4931|3796|2|1|1039|38|115.90|10.43|126.33|54.35|322.62|9.27|46.91|59.72|387.40
2451191|42976|134|2735|27996|2984|2932|2735|27996|2984|2932|1|3|1041|15|746.70|29.86|776.56|19.35|642.60|29.86|329.74|387.10|691.81
|81190|637|||2246||4503|||1294|2||1041|8|56.00||||47.04|13.44|||71.26
2452088|65661|745|2573|119926|4318|597|2573|119926|4318|597|5|3|1043|4|289.48|8.68|298.16|95.33|15.64|2.89|200.61|85.98|119.65
2452149|74672|1529|2873|183733|3633|3013|2873|183733|3633|3013|1|3|1043|2|192.26|5.76|198.02|25.18|126.82|88.43|37.37|66.46|157.76
2452071|27752|209|3707|38530|1353|2623|3707|38530|1353|2623|2|2|1043|26|210.08|16.80|226.88|52.01|1350.70|100.83|28.40|80.85|1419.51
2452062|51786|1291|6727|150027|3887|1267|6727|150027|3887|1267|5|1|1043|2|148.28|1.48|149.76|55.28|47.96|11.86|99.58|36.84|104.72
2451843|28355|1556|3859|39207|3322|1830|3859|39207|3322|1830|1|3|1044|3|14.97|0.44|15.41|32.89|107.40|4.19|9.05|1.73|140.73
2452098|51966|1052|4626|166433|4720|2567|4626|166433|4720|2567|5|2|1045|36|5220.00|0.00|5220.00|61.93|0.00|2296.80|2513.95|409.25|61.93
||775|9099||6659||9099|97439|||||1047||3114.41|||45.51|||||1495.34
2451238|71543|1406|5306|63230|3267|1071|5306|63230|3267|1071|1|2|1047|13|232.83|9.31|242.14|6.70|582.14|4.65|73.01|155.17|598.15
||427||171154|3412|1103||||||2|1048||402.28|||||241.36|88.50||
2452030|48921|956|3413|163507|6288|3302|3413|163507|6288|3302|1|1|1050|33|1087.02|65.22|1152.24|61.21|1242.45|586.99|35.00|465.03|1368.88
2452334|12199|91|4234|144688|2342|1196|4234|144688|2342|1196|1|3|1051|72|6248.88|187.46|6436.34|90.48|2418.48|2374.57|3215.67|658.64|2696.42
2452347|25696|549|5753|54185|4789|1393|5753|54185|4789|1393|5|1|1054|5|190.25|3.80|194.05|57.81|264.25|121.76|63.01|5.48|325.86
2452114|78306|757|1890|18848|766|1004|1890|18848|766|1004|1|1|1056|22|259.82|20.78|280.60|32.94|14.08|2.59|110.60|146.63|67.80
2452119|40125|1483|5849|182360|6231|1422|5849|182360|6231|1422|5|2|1060|34|150.62|7.53|158.15|98.00|40.80|112.96|5.27|32.39|146.33
2452057||551|1717|162059|7041|1103|1717|||1103||2|1060|||54.66|965.66|||||124.36|944.08
2452248|85286|1037|9134|82561|4595|2302|9134|82561|4595|2302|5|1|1061|48|7174.56|215.23|7389.79|45.78|2101.44|3013.31|3162.55|998.70|2362.45
||535|||2897|4593||93394|2897||3||1061|17||26.79|919.97|55.29||777.06||60.39|1040.71
2452129|59846|1331|7637|99895|7113|251|7637|99895|7113|251|1|3|1063|19|64.41|3.86|68.27|7.82|1.71|32.84|25.25|6.32|13.39
2452266|35521|1633|6746|164645|4031|2250|6746|164645|4031|2250|5|2|1063|7|150.22|0.00|150.22|43.76|77.91|133.69|7.60|8.93|121.67
2452163|71883|1555|4518|156705|2925|4952|4518|156705|2925|4952|1|1|1063|14|23.24|0.69|23.93|45.51|357.84|1.85|20.74|0.65|404.04
2452129|5337|451|9358|127568|6578|4588|9358|127568|6578|4588|3|2|1064|24|174.24|15.68|189.92|64.06|232.32|94.08|21.64|58.52|312.06
2452427|22484|1513|8738|54467|4356|2518|8738|54467|4356|2518|1|3|1065|23|1124.24|101.18|1225.42|17.05|304.75|798.21|283.64|42.39|422.98
2452366|79095|941|1666|139022|1305|748|1666|139022|1305|748|5|1|1065|43|700.04|28.00|728.04|25.62|310.89|210.01|254.81|235.22|364.51
2452087|33510|1694|8083|155438|5997|1836|8083|155438|5997|1836|5|3|1066|9|1313.73|118.23|1431.96|29.51|554.67|1024.70|95.37|193.66|702.41
2452067|47717|1639|7989|101201|380|4552|7989|101201|380|4552|2|2|1066|30|4341.00|260.46|4601.46|75.03|2194.80|43.41|2578.55|1719.04|2530.29
2451402|71231|844|8214|43022|917|4845|8214|43022|917|4845|2|3|1067|24|1493.28|74.66|1567.94|9.98|529.92|179.19|459.93|854.16|614.56
2451383|2874|14|7128|137767|2999|3558|7128|137767|2999|3558|1|2|1067|6|46.56|2.32|48.88|49.76|0.96|21.41|2.76|22.39|53.04
2451780|43925|700|9006|111558|717|949|9006|111558|717|949|2|2|1071|2|7.48|0.44|7.92|38.72|8.20|4.18|2.21|1.09|47.36
2451821|69228|652|6352|142811|2837|4856|6352|142811|2837|4856|1|3|1071|8|44.72|4.02|48.74|4.01|73.20|30.40|13.46|0.86|81.23
|52171|1004|4934|||||||456|2|1|1071||3922.32||3922.32|92.31|238.95|2078.82||1622.28|331.26
2452660|58729|840|2747|142044|5628|2045|2747|142044|5628|2045|3|2|1073|1|50.47|3.02|53.49|63.98|75.71|7.57|38.61|4.29|142.71
2451968|40199|157|6714|92981|2208|508|6714|92981|2208|508|5|3|1074|18|8.46|0.08|8.54|38.69|401.94|1.77|4.74|1.95|440.71
2451973|19791|578|7703|170249|2908|134|7703|170249|2908|134|2|2|1074|75|1385.25|0.00|1385.25|4.74|909.75|1260.57|21.19|103.49|914.49
||1406|2553|94734|||||||||1078|||23.06|407.48|15.44||||102.07|183.16
2451755|63777|1271|3186|31634|2162|1050|3186|31634|2162|1050|1|1|1078|37|213.49|19.21|232.70|83.93|391.46|57.64|154.29|1.56|494.60
2451767|61705|461|4591|927|4350|1253|4591|927|4350|1253|2|3|1078|8|925.28|83.27|1008.55|28.83|96.32|0.00|37.01|888.27|208.42
2451829|73165|1658|6136|28436|3889|2389|6136|28436|3889|2389|4|1|1079|42|947.10|9.47|956.57|41.21|698.04|634.55|178.15|134.40|748.72
2451663|28361|1460|6939|66709|4959|2369|6939|66709|4959|2369|2|1|1079|10|17.70|0.00|17.70|21.38|15.30|9.20|0.17|8.33|36.68
2452895|54886|471|1537|136650|610|4523|1537|136650|610|4523|3|3|1080|3|199.32|15.94|215.26|32.97|55.89|17.93|90.69|90.70|104.80
2452743|36045|1389|9123|12378|4673|3201|9123|12378|4673|3201|6|2|1080|20|41.80|1.25|43.05|19.44|195.20|39.29|1.70|0.81|215.89
2450992||814||62223|2775||5111|||||3|1081|34||122.25||12.22||||1534.86|
2451165|76225|1054|7307|190691|5195|3139|7307|190691|5195|3139|2|3|1081|13|870.35|17.40|887.75|98.33|421.98|792.01|44.65|33.69|537.71
2451826|59312|533|8307|59339|2851|3723|8307|59339|2851|3723|1|2|1082|28|1619.24|64.76|1684.00|27.10|1175.44|1424.93|137.96|56.35|1267.30
2452480|28643|126|4581|29385|2680|4382|4581|29385|2680|4382|6|3|1083|5|41.85|0.83|42.68|49.76|101.70|8.78|29.10|3.97|152.29
2452418|29115|1239|5727|118576|225|3721|5727|118576|225|3721|1|1|1083|20|1351.20|54.04|1405.24|5.10|122.80|1080.96|27.02|243.22|181.94
2451230|68742|1300|5984|70592|4767|2382|5984|70592|4767|2382|2|1|1084|10|127.90|10.23|138.13|29.02|43.50|37.09|27.24|63.57|82.75
2451382|67203|466|5853|47583|4000|1650|5853|47583|4000|1650|2|1|1084|5|276.45|5.52|281.97|77.33|184.30|38.70|192.57|45.18|267.15
2452377|66054|1737|7070|41160|530|2660|7070|41160|530|2660|3|3|1087|5|34.40|0.34|34.74|22.14|109.00|7.56|20.13|6.71|131.48
2451484|45318|746|1602|63020|5511|4289|1602|63020|5511|4289|1|1|1088|8|443.20|31.02|474.22|33.66|44.72|416.60|14.36|12.24|109.40
2452504||1329||35199||1149|4424|35199|2374|1149|3|2|1092||5328.18||5594.58|||159.84|2222.38||3653.36
2452406|64629|37|783|92791|2799|3807|783|92791|2799|3807|5|3|1093|16|820.32|32.81|853.13|42.10|393.76|779.30|39.37|1.65|468.67
2452381|19310|1191|369|73579|5589|2599|369|73579|5589|2599|5|1|1093|24|1315.92|39.47|1355.39|57.64|845.76|1302.76|7.76|5.40|942.87
2452054|39009|266|696|56289|4994|1586|696|56289|4994|1586|2|2|1094|48|51.36|0.51|51.87|48.65|1266.24|26.70|15.78|8.88|1315.40
2452189|38632|785|6025|29928|744|280|6025|29928|744|280|2|2|1094|2|57.38|1.14|58.52|56.43|9.56|54.51|1.37|1.50|67.13
2451691|1538|917|821|92894|567|2287|821|92894|567|2287|5|1|1096|38|1.52|0.13|1.65|77.71|75.24|1.20|0.11|0.21|153.08
2452076|45555|800|2431|45373|1195|1177|2431|45373|1195|1177|5|1|1097|53|404.39|24.26|428.65|3.43|180.73|262.85|86.33|55.21|208.42
2451874||1003||||||70880||357|||1097|||||90.08|||||
2451490|60750|946|4821||2789|1126||66525|2789||2|3|1098|||||||1715.25|1298.06|2519.77|1645.89
2452796|65369|631|5832|131835|6351|1387|5832|131835|6351|1387|3|3|1100|12|501.12|40.08|541.20|9.27|556.80|345.77|41.94|113.41|606.15
2452941|22199|1362|1933|85548|5403|785|1933|85548|5403|785|6|2|1100|12|560.64|16.81|577.45|77.55|116.76|375.62|149.86|35.16|211.12
2452092|63210|445|3813|134095|5430|1525|3813|134095|5430|1525|1|3|1102|7|523.39|26.16|549.55|36.28|204.40|99.44|381.55|42.40|266.84
||1425||136173|1891|||136173|1891||3|1|1102||3017.60||||||78.45|223.31|
2452307|63619|755|326|172404|5409|1774|326|172404|5409|1774|5|1|1105|2|66.16|0.66|66.82|63.38|39.46|54.91|1.46|9.79|103.50
2451062|50761|1339|4462|187835|6201|447|4462|187835|6201|447|1|1|1107|12|231.12|18.48|249.60|92.61|107.28|4.62|83.80|142.70|218.37
2452794|38595|522|624|81721|2578|4555|624|81721|2578|4555|1|2|1108|13|1307.15|117.64|1424.79|12.80|717.60|13.07|1242.31|51.77|848.04
2451180|27564|1538|4530|116807|477|27|4530|116807|477|27|1|1|1109|29|407.74|36.69|444.43|22.46|262.16|110.08|288.73|8.93|321.31
2451253|67922|352|6271|112360|5842|4204|6271|112360|5842|4204|4|1|1110|35|4973.50|149.20|5122.70|31.22|2131.50|1740.72|1616.39|1616.39|2311.92
2451234|60088|292|6337|39728|239|543|6337|39728|239|543|1|2|1110|13|12.61|1.00|13.61|43.74|4.03|6.93|4.77|0.91|48.77
2452202|78190|461|5874|185525|56|747|5874|185525|56|747|5|3|1113|12|867.00|34.68|901.68|45.82|233.76|632.91|124.06|110.03|314.26
2451177|26757|22|7212|66097|4822|4674|7212|66097|4822|4674|2|1|1114|1|75.95|3.79|79.74|28.14|6.51|46.32|10.37|19.26|38.44
2451970|5418|830|9272|64516|6993|2430|9272|64516|6993|2430|5|2|1115|1|5.88|0.52|6.40|35.03|8.56|0.94|1.48|3.46|44.11
||29|2996||4255||2996|101082||||1|1115||64.89||70.73||5.88|14.27||8.61|
2451904|29730|131||134145||2947|||3146|||1|1115|21|2253.93||||||||
2451859|68652|1093|322|177387|2499|3164|322|177387|2499|3164|5|2|1115|93|1148.55|22.97|1171.52|76.35|4020.39|918.84|117.15|112.56|4119.71
2452086|9457|433|1284|135639|6201|3036|1284|135639|6201|3036|2|3|1115|7|817.46|16.34|833.80|35.63|146.72|776.58|14.71|26.17|198.69
2451304|31304|1796|4400|182778|5865|4832|4400|182778|5865|4832|2|2|1116|42|268.80|18.81|287.61|29.46|926.10|268.80|0.00|0.00|974.37
2452880|79073|834|3089|66426|3923|2940|3089|66426|3923|2940|3|2|1117|54|569.16|39.84|609.00|61.75|246.24|347.18|13.31|208.67|347.83
2452508|48461|919|4486|3414|2982|3077|4486|3414|2982|3077|5|2|1118|8|1163.76|104.73|1268.49|54.28|50.00|1093.93|20.25|49.58|209.01
2452092|57639|1508|369|28862|1755|1448|369|28862|1755|1448|2|2|1119|4|69.44|0.69|70.13|77.00|21.84|32.63|2.94|33.87|99.53
2452676|54494|1755|1152|150504|6736|1328|1152|150504|6736|1328|3|1|1120|19|787.36|0.00|787.36|56.54|266.00|645.63|53.85|87.88|322.54
2451722|3774|1274|2003|29087|5531|695|2003|29087|5531|695|2|3|1124|1|34.85|2.43|37.28|88.84|14.74|8.01|11.54|15.30|106.01
2451619|51122|1394|483|20068|2933|2758|483|20068|2933|2758|1|3|1124|52|1037.40|72.61|1110.01|90.96|177.84|829.92|39.42|168.06|341.41
2452410|38465|312|1122|42894|5386|4518|1122|42894|5386|4518|1|2|1125|68|2063.80|41.27|2105.07|60.53|261.12|763.60|377.05|923.15|362.92
2452621|79114|1368|5122|124310|6971|872|5122|124310|6971|872|6|2|1125|16|586.24|17.58|603.82|98.88|305.76|70.34|428.19|87.71|422.22
2452539|81356|354|3879|24649|6539|1022|3879|24649|6539|1022|6|3|1125|12|1653.36|16.53|1669.89|69.78|1126.20|413.34|992.01|248.01|1212.51
2451161|72525|764|5100|127074|1575|3036|5100|127074|1575|3036|2|1|1126|9|224.46|0.00|224.46|98.87|112.23|219.97|2.87|1.62|211.10
2451197|71882|1406|5993|52944|5015|2373|5993|52944|5015|2373|2|3|1128|8|440.16|22.00|462.16|30.11|485.36|360.93|34.86|44.37|537.47
2452690|62040|1758|6202|182078|3907|1183|6202|182078|3907|1183|3|3|1129|68|8787.64|703.01|9490.65|68.32|2928.76|1230.26|5214.59|2342.79|3700.09
2452824|45928|1543|1022|63527|465|2010|1022|63527|465|2010|6|2|1129|29|5333.68|373.35|5707.03|99.12|1142.89|693.37|185.61|4454.70|1615.36
2452141|34387|1579|8364|135374|7184|1841|8364|135374|7184|1841|2|3|1130|25|2185.75|65.57|2251.32|78.37|1135.50|2163.89|10.27|11.59|1279.44
2451946|81279|938|1793|190675|437|359|1793|190675|437|359|1|3|1130|27|461.16|32.28|493.44|30.58|354.78|202.91|216.93|41.32|417.64
2452139|68709|925|362|180097|5832|567|362|180097|5832|567|1|2|1130|9|1146.96|34.40|1181.36|91.48|183.51|539.07|498.46|109.43|309.39
2452760|45395|135|9657|135790|4036|4649|9657|135790|4036|4649|1|3|1131|13|15.86|0.47|16.33|48.89|39.78|13.79|1.69|0.38|89.14
2452107|53634|278|5236|28197|6998|2479|5236|28197|6998|2479|1|2|1133|46|482.54|24.12|506.66|19.81|295.32|255.74|151.95|74.85|339.25
2452347|69313|133|7706|26251|3803|75|7706|26251|3803|75|5|3|1134|19|886.92|8.86|895.78|36.87|801.23|70.95|171.35|644.62|846.96
2452444|73269|521|4330|111739|2555|1291|4330|111739|2555|1291|3|3|1134|53|92.22|3.68|95.90|89.77|615.33|14.75|57.32|20.15|708.78
|49455|1609||158916||4465|9238|||4465|1|2|1134||776.79|62.14|838.93|||761.25||0.63|
2451688|76795|139|7483|187210|1384|2111|7483|187210|1384|2111|1|2|1135|40|1047.60|73.33|1120.93|74.75|136.40|911.41|10.89|125.30|284.48
2451690|67284|1306|1098|82728|4085|2755|1098|82728|4085|2755|1|3|1135|25|1977.00|98.85|2075.85|31.94|547.75|79.08|1859.96|37.96|678.54
2452080|71181|389|6175|36151|2927|1703|6175|36151|2927|1703|3|2|1136|26|3231.54|193.89|3425.43|24.94|1795.30|226.20|1743.09|1262.25|2014.13
2451598|64420|1405|4603|36635|1674|3386|4603|36635|1674|3386|2|3|1138|44|3823.60|152.94|3976.54|50.79|1945.24|1567.67|2007.77|248.16|2148.97
2452725|46513|285|4862|129003|1384|2245|4862|129003|1384|2245|3|1|1140|37|5094.53|152.83|5247.36|21.18|823.25|4228.45|450.36|415.72|997.26
2451372|65926|656|2087|56307|7087|1034|2087|56307|7087|1034|2|1|1141|10|352.10|28.16|380.26|44.01|176.00|197.17|128.59|26.34|248.17
2451945|68638|1297|6563|77799|5995|3711|6563|77799|5995|3711|1|3|1142|1|193.71|17.43|211.14|1.86|90.25|65.86|117.62|10.23|109.54
2451913|83070|116|1765|51409|206|3850|1765|51409|206|3850|2|2|1142|30|180.90|0.00|180.90|11.83|30.00|45.22|85.47|50.21|41.83
2451853|66325|1243|429|138355|6554|3640|429|138355|6554|3640|2|1|1142|22|633.60|38.01|671.61|92.61|1413.28|481.53|39.53|112.54|1543.90
2451627||1594||163813||399|||86||2||1143|83|||7746.73||4130.08|||2208.98|4269.07
2452499|56831|1137|6693|82331|3380|3309|6693|82331|3380|3309|5|3|1144|20|149.20|1.49|150.69|9.40|149.20|2.98|131.59|14.63|160.09
||1405|2425|116132|||||5566|||1|1144|3|146.10||147.56|||74.51|30.06||60.94
2451848|69071|895|7117|13572|5707|1402|7117|13572|5707|1402|2|2|1146|21|2117.64|190.58|2308.22|41.45|1295.70|1355.28|221.08|541.28|1527.73
2451755|37876|902|240|124171|4615|2626|240|124171|4615|2626|1|2|1146|6|139.44|0.00|139.44|45.33|61.26|85.05|0.54|53.85|106.59
2451930|55528|845|2492|115968|2884|680|2492|115968|2884|680|5|2|1146|44|44.00|1.32|45.32|44.08|62.48|6.16|24.59|13.25|107.88
2451810|77607|14|4074|91664|3061|3131|4074|91664|3061|3131|5|1|1146|10|109.70|5.48|115.18|54.37|132.50|3.29|38.30|68.11|192.35
2452227|47690|1479|3469|191379|969|872|3469|191379|969|872|3|3|1147|71|1042.99|62.57|1105.56|50.76|625.51|563.21|158.32|321.46|738.84
2452346|73499|579|8535|169831|4807|1143|8535|169831|4807|1143|5|1|1147|18|1382.76|110.62|1493.38|22.37|502.74|1272.13|23.23|87.40|635.73
2452683|38709|339|1791|76534|1037|813|1791|76534|1037|813|3|1|1148|1|4.40|0.00|4.40|60.90|2.65|3.82|0.24|0.34|63.55
2452656|78327|1057|8447|54643|5638|4553|8447|54643|5638|4553|1|1|1148|7|259.00|15.54|274.54|32.25|115.08|246.05|11.00|1.95|162.87
2452741|25318|645|396|128527|3251|4702|396|128527|3251|4702|3|1|1148|2|265.86|13.29|279.15|85.73|103.74|85.07|121.12|59.67|202.76
2452896|62509|523|3660|118009|3158|1707|3660|118009|3158|1707|3|1|1149|2|149.34|7.46|156.80|49.10|57.98|25.38|58.26|65.70|114.54
2452336|44556|633|6241|96162|4803|3484|6241|96162|4803|3484|1|3|1150|62|22.94|0.45|23.39|3.87|48.36|12.84|4.24|5.86|52.68
2452218|63544|1109|4621|55941|1581|2261|4621|55941|1581|2261|1|3|1150|1|8.38|0.50|8.88|38.47|21.99|3.26|1.89|3.23|60.96
2451385|69695|340|373|153651|4962|3880|373|153651|4962|3880|1|2|1151|3|106.08|6.36|112.44|89.38|34.53|101.83|3.61|0.64|130.27
|34199|1621||43805|732|4699||43805|732||3|1|1154|7||17.19|590.28||269.29||||
2452248|52547|589|4982|143499|6049|2759|4982|143499|6049|2759|5|2|1155|37|711.14|7.11|718.25|90.32|860.99|625.80|5.97|79.37|958.42
2452038|51656|1640|6969|141500|991|2849|6969|141500|991|2849|1|1|1156|19|964.63|0.00|964.63|46.14|779.00|839.22|53.92|71.49|825.14
2452743|56306|1227|902|100039|6056|1033|902|100039|6056|1033|6|2|1157|4|13.60|0.68|14.28|26.66|163.56|11.01|2.38|0.21|190.90
2452829|25449|156|4346|73856|5366|2029|4346|73856|5366|2029|1|2|1157|19|4319.65|172.78|4492.43|61.37|2278.48|1079.91|1911.44|1328.30|2512.63
2452941|59384|979|1454|70960|6819|1365|1454|70960|6819|1365|1|3|1157|51|2159.34|43.18|2202.52|58.52|1685.55|561.42|1358.23|239.69|1787.25
2452838|9954|1329|9790|16655|513|3851|9790|16655|513|3851|6|2|1157|94|49.82|3.98|53.80|48.81|93.06|30.39|17.09|2.34|145.85
2452553|63947|831|6391|45609|2267|1405|6391|45609|2267|1405|6|3|1158|6|347.28|31.25|378.53|21.39|49.56|309.07|37.06|1.15|102.20
2452424|47750|679|5195|154839|3890|4861|5195|154839|3890|4861|3|2|1158|2|168.98|11.82|180.80|71.67|65.28|119.97|15.68|33.33|148.77
2451924|59436|187|4609|12145|7154|2650|4609|12145|7154|2650|2|3|1160|59|118.59|9.48|128.07|18.41|32.45|14.23|41.74|62.62|60.34
2451767|38364|697|1016|65500|624|3428|1016|65500|624|3428|2|1|1160|12|148.20|2.96|151.16|45.68|273.60|128.93|2.69|16.58|322.24
2451764||1009|5006|149318|2797||5006|149318||469|||1162||1233.75||||791.91|1196.73|||913.89
2451793|51913|7|5493|333|5813|973|5493|333|5813|973|2|2|1162|38|1157.10|69.42|1226.52|72.34|1851.74|46.28|399.89|710.93|1993.50
2452589|61735|1557|8711|123455|1319|2023|8711|123455|1319|2023|6|2|1163|41|160.31|14.42|174.73|98.82|189.42|121.83|24.62|13.86|302.66
2452702|44373|864|6403|187920|2190|4060|6403|187920|2190|4060|3|3|1163|66|3929.64|196.48|4126.12|5.98|1486.32|3379.49|528.14|22.01|1688.78
2451374||1660|626|105719|2045|931|626|105719||931|||1164||||3457.11||||||3406.17
2451506|8644|1702|2026|90359|3045|531|2026|90359|3045|531|4|3|1164|3|125.25|11.27|136.52|39.70|234.21|23.79|1.01|100.45|285.18
2452936|74197|1326|6931|191987|2676|172|6931|191987|2676|172|1|2|1165|47|544.73|32.68|577.41|95.76|1063.61|283.25|33.99|227.49|1192.05
2452778||432||56163||||56163|||3||1165||477.10|||10.59|681.60||||720.81
2452882|32004|1392|3780|35673|5119|812|3780|35673|5119|812|6|2|1166|43|2772.21|55.44|2827.65|87.02|1566.92|776.21|419.16|1576.84|1709.38
2452870|62208|1563|6860|63101|6782|4543|6860|63101|6782|4543|1|2|1166|13|516.23|20.64|536.87|2.47|56.55|345.87|64.73|105.63|79.66
2452820|82570|930|1603|40220|2677|3414|1603|40220|2677|3414|3|3|1166|41|198.44|13.89|212.33|11.10|1191.87|150.81|27.62|20.01|1216.86
2452478|42381|1381|8589|121492|2075|418|8589|121492|2075|418|1|2|1167|14|132.86|7.97|140.83|3.80|70.14|47.82|49.32|35.72|81.91
2452312|7180|1391|3240|189203|4559|3842|3240|189203|4559|3842|3|3|1168|54|140.40|7.02|147.42|43.45|140.40|124.95|5.40|10.05|190.87
2452461|41187|277|7705|182414|5843|712|7705|182414|5843|712|1|1|1168|53|167.48|13.39|180.87|31.45|55.65|51.91|32.35|83.22|100.49
2452364|69365|1151|6244|179883|369|3808|6244|179883|369|3808|5|2|1170|38|3372.12|303.49|3675.61|87.16|318.82|2124.43|361.83|885.86|709.47
2452436|41703|1153|530|112508|1206|2944|530|112508|1206|2944|1|3|1170|48|5250.72|262.53|5513.25|18.11|2708.16|3412.96|826.99|1010.77|2988.80
2452458|72393|1631|3324|159786|601|4216|3324|159786|601|4216|3|3|1172|11|504.35|15.13|519.48|78.57|152.13|413.56|23.60|67.19|245.83
2451696|60380|374|6909|169830|864|1065|6909|169830|864|1065|4|1|1173|1|25.46|2.29|27.75|78.70|6.67|3.81|12.55|9.10|87.66
2452159|52426|1097|1996|57156|283|4650|1996|57156|283|4650|5|1|1174|9|396.72|27.77|424.49|65.62|183.51|309.44|41.02|46.26|276.90
2452050|39751|1556|4954|157256|6725|4587|4954|157256|6725|4587|1|2|1174|32|1309.44|91.66|1401.10|42.55|184.64|654.72|65.47|589.25|318.85
2452378|55530|798|9176|176064|5272|4073|9176|176064|5272|4073|3|2|1175|27|1606.77|16.06|1622.83|38.95|1826.01|1606.77|0.00|0.00|1881.02
2452376|68562|55|5395|54608|4053|2378|5395|54608|4053|2378|1|2|1175|21|4.41|0.35|4.76|19.20|25.20|1.67|1.75|0.99|44.75
2452002|70101|985|8719|191710|1228|4659|8719|191710|1228|4659|5|2|1179|25|745.75|37.28|783.03|26.67|384.50|574.22|32.59|138.94|448.45
2452529|72702|525|1909|74677|1878|2639|1909|74677|1878|2639|3|1|1180|38|566.20|0.00|566.20|88.58|1344.44|22.64|233.73|309.83|1433.02
2452534|75487|1533|766|1032|3825|1378|766|1032|3825|1378|3|2|1180|81|1128.33|90.26|1218.59|47.70|451.17|45.13|682.41|400.79|589.13
2452632|34481|894|9732|46691|6766|3801|9732|46691|6766|3801|6|3|1180|7|56.00|1.12|57.12|51.30|252.21|0.56|20.51|34.93|304.63
2452517|43729|1494|6111|3590|222|3701|6111|3590|222|3701|1|3|1180|1|45.10|0.90|46.00|34.65|57.54|40.59|3.02|1.49|93.09
2451730|75763|229|||5450|||145525|5450|4295|||1181|43|4224.32|126.72|4351.04|34.01||3210.48|152.07||
2451743|16197|985|102|36997|1765|2420|102|36997|1765|2420|4|2|1181|40|2280.40|205.23|2485.63|31.09|760.00|1892.73|7.75|379.92|996.32
2451381|43528|538|7580|130416|4212|4128|7580|130416|4212|4128|4|1|1183|9|0.00|0.00|0.00|98.11|513.00|0.00|0.00|0.00|611.11
2452156|73727|761|185|160434|4225|1489|185|160434|4225|1489|5|2|1185|61|4665.89|0.00|4665.89|45.95|3499.57|2986.16|436.72|1243.01|3545.52
2452376|36075|1357|8659|141152|3085|3498|8659|141152|3085|3498|3|3|1190|9|395.10|19.75|414.85|85.63|319.14|304.22|84.51|6.37|424.52
2451173|69772|541|789|88695|281|3027|789|88695|281|3027|1|1|1191|38|3573.52|0.00|3573.52|74.21|1909.12|571.76|2311.35|690.41|1983.33
2451366|25085|1774|6136|6267|5551|3082|6136|6267|5551|3082|1|2|1191|34|759.56|30.38|789.94|47.13|492.66|182.29|380.99|196.28|570.17
2451410|60594|493|9441|47193|2065|824|9441|47193|2065|824|2|3|1193|3|1.11|0.09|1.20|56.66|10.74|0.93|0.06|0.12|67.49
2451693|64209|235|6981|20620|692|4124|6981|20620|692|4124|1|3|1194|1|152.97|0.00|152.97|9.74|0.00|108.60|12.86|31.51|9.74
2451623|37210|1453|5194|46497|680|1623|5194|46497|680|1623|4|1|1194|69|2329.44|23.29|2352.73|11.33|140.76|1094.83|518.53|716.08|175.38
||1273|8434|||1331|||3981||4|2|1194|||2.32|31.37|97.77|||||112.67
2452546|42567|1131|329|114822|4035|4441|329|114822|4035|4441|3|3|1195|7|583.45|23.33|606.78|40.76|238.28|332.56|190.67|60.22|302.37
2451799|53291|655|5182|185452|6875|145|5182|185452|6875|145|5|1|1196|22|160.60|4.81|165.41|22.14|1847.56|77.08|58.46|25.06|1874.51
2452496|82313|1213|2275|176467|6819|4091|2275|176467|6819|4091|3|3|1197|53|1683.81|134.70|1818.51|89.93|0.00|589.33|120.39|974.09|224.63
2452176|31614|1297|3087|109147|2614|354|3087|109147|2614|354|1|3|1198|3|291.00|5.82|296.82|99.25|153.36|162.96|115.23|12.81|258.43
2452193|44238|117|3994|73510|4579|1048|3994|73510|4579|1048|5|2|1198|3|81.36|3.25|84.61|29.84|128.85|56.13|2.27|22.96|161.94
2451598|16387|1774|5576|136764|1745|4453|5576|136764|1745|4453|1|2|1199|2|10.42|0.72|11.14|25.63|40.00|7.18|0.48|2.76|66.35
2451356|16060|1646|9303|134154||2383|9303||172||||1200||371.28|25.98||45.26|528.84|||174.21|
2452202|67036|1173|6028|79253|878|4903|6028|79253|878|4903|3|3|1202|38|701.48|63.13|764.61|95.52|308.94|28.05|195.29|478.14|467.59
2452398|7722|1381|9662|51075|328|61|9662|51075|328|61|3|3|1202|2|28.76|0.57|29.33|50.38|3.96|20.13|7.68|0.95|54.91
2452450|49244|1369|2178|23689|3200|4911|2178|23689|3200|4911|1|1|1202|11|520.52|20.82|541.34|65.76|27.39|437.23|43.31|39.98|113.97
2451969|69737|413|8509|185601|2306|1298|8509|185601|2306|1298|1|1|1203|72|7888.32|394.41|8282.73|61.94|2175.84|3391.97|809.34|3687.01|2632.19
2451975|27894|265|7784|174371|1645|4399|7784|174371|1645|4399|5|3|1203|10|1151.10|0.00|1151.10|27.44|75.00|817.28|13.35|320.47|102.44
2451610|15911|55|6752|128738|771|4157|6752|128738|771|4157|4|3|1204|94|3964.92|317.19|4282.11|20.58|2195.84|2577.19|610.60|777.13|2533.61
2451164|937|70|6567|140418|5469|2673|6567|140418|5469|2673|1|2|1205|22|1174.36|93.94|1268.30|94.85|383.90|798.56|97.70|278.10|572.69
2451726|43022|379|174|132730|5286|289|174|132730|5286|289|1|2|1206|1|92.10|5.52|97.62|64.08|36.60|88.41|1.62|2.07|106.20
2452340|76372|749|217|81813|6016|2492|217|81813|6016|2492|1|1|1207|2|108.74|3.26|112.00|45.84|0.00|51.10|55.91|1.73|49.10
2452634|13233|1413|4112|84802|3379|2389|4112|84802|3379|2389|6|1|1211|60|3442.20|137.68|3579.88|39.76|1555.80|2822.60|266.42|353.18|1733.24
2451642|31833|658|2491|135095|4866|2830|2491|135095|4866|2830|4|3|1212|12|2019.00|60.57|2079.57|2.98|432.60|363.42|82.77|1572.81|496.15
2452044|76857|1712|9149|98479|1522|3532|9149|98479|1522|3532|5|2|1213|6|655.68|26.22|681.90|43.73|389.82|131.13|251.78|272.77|459.77
|79950|1577|1996|87848|4820|1032|1996|||1032||3|1213||609.70|30.48||39.67|||164.62|0.00|
2452282|62139|9|2564|10017|1150|2843|2564|10017|1150|2843|3|2|1214|41|4578.88|366.31|4945.19|53.07|637.55|1556.81|2266.55|755.52|1056.93
2452357|64070|1525|2024|28810|3229|1008|2024|28810|3229|1008|5|3|1214|45|68.40|6.15|74.55|73.91|0.00|62.24|3.69|2.47|80.06
2451274|20318|236|1981|179379|3337|4062|1981|179379|3337|4062|1|3|1215|46|461.84|23.09|484.93|99.73|0.00|161.64|60.04|240.16|122.82
2452456|19821|941|529|35059|4582|1585|529|35059|4582|1585|5|3|1216|36|4321.44|259.28|4580.72|57.46|645.48|1339.64|834.90|2146.90|962.22
2451871|69240|1052|2352|187432|2272|1832|2352|187432|2272|1832|1|2|1217|23|803.85|32.15|836.00|29.40|203.55|546.61|185.21|72.03|265.10
2451636|33007|194|5655|29181|5380|4866|5655|29181|5380|4866|1|1|1217|12|21.24|0.00|21.24|36.18|78.60|14.23|6.65|0.36|114.78
2451674|34692|266|1792|17328|177|4993|1792|17328|177|4993|1|3|1217|65|7120.10|142.40|7262.50|14.56|1460.55|498.40|3178.41|3443.29|1617.51
2451595|70344|49|7694|180277|5500|250|7694|180277|5500|250|1|3|1218|2|18.28|0.00|18.28|50.46|24.70|7.31|1.53|9.44|75.16
2452801|33127|1182|1277|150622|3567|3912|1277|150622|3567|3912|1|1|1220|54|7222.50|433.35|7655.85|66.09|3209.76|2744.55|4388.39|89.56|3709.20
2452598|29130|225|5552|3772|1192|459|5552|3772|1192|459|6|1|1220|8|730.96|14.61|745.57|68.27|289.84|197.35|394.87|138.74|372.72
2451160|11929|223|5164|164541|2078|2982|5164|164541|2078|2982|1|1|1221|3|83.34|2.50|85.84|59.91|36.36|48.33|9.10|25.91|98.77
2451621|70032|26|2249|102767|4772|1210|2249|102767|4772|1210|2|3|1222|24|54.24|3.79|58.03|47.96|31.20|32.54|13.45|8.25|82.95
2451068|36222|247|6980|160924|1555|3619|6980|160924|1555|3619|1|2|1223|7|429.31|8.58|437.89|99.46|191.94|51.51|109.56|268.24|299.98
2451658|61945|1387|9236|55675|6311|1507|9236|55675|6311|1507|1|3|1224|31|573.81|45.90|619.71|96.02|785.54|298.38|192.80|82.63|927.46
2451719|71219|833|729|117183|5077|2651|729|117183|5077|2651|5|1|1225|48|293.28|8.79|302.07|38.06|476.64|0.00|93.84|199.44|523.49
2451693|25295|1501|6983|118990|1910|2750|6983|118990|1910|2750|4|3|1226|14|1633.38|0.00|1633.38|17.39|755.44|1372.03|243.05|18.30|772.83
2452808|53081|666|4596|170971|1219|1154|4596|170971|1219|1154|1|2|1228|22|711.04|28.44|739.48|21.06|576.62|199.09|215.01|296.94|626.12
2452853|40968|276|9949|97208|707|3886|9949|97208|707|3886|1|1|1228|26|6374.94|382.49|6757.43|93.15|770.38|573.74|5801.20|0.00|1246.02
2452466|69202|1461|5721|4202|6170|4171|5721|4202|6170|4171|1|1|1229|18|2467.08|148.02|2615.10|13.24|1121.40|1208.86|503.28|754.94|1282.66
2451881|62431|554|7263|117791|2286|2621|7263|117791|2286|2621|1|3|1231|1|14.41|0.86|15.27|93.10|49.89|13.54|0.76|0.11|143.85
2451836|24057|547|9041|18127|846|572|9041|18127|846|572|1|1|1231|27|849.42|42.47|891.89|49.24|1318.14|390.73|307.32|151.37|1409.85
2451224|39845|193|1738|172432|86|3813|1738|172432|86|3813|4|3|1232|19|2030.34|142.12|2172.46|32.49|530.86|974.56|929.08|126.70|705.47
2452294|8909|681|233|99682|2174|913|233|99682|2174|913|1|2|1234|30|993.90|39.75|1033.65|47.84|426.00|805.05|185.07|3.78|513.59
|49318|1255||||2401|4523|134269||||2|1234|31|6739.40|336.97|7076.37||2711.26|3639.27|217.00|2883.13|3075.04
2452432|76891|187|4917|309|6101|3893|4917|309|6101|3893|1|1|1237|7|908.74|54.52|963.26|32.18|139.09|190.83|7.17|710.74|225.79
2452450|41256|1237|5957|138306|2495|2964|5957|138306|2495|2964|5|1|1237|10|241.20|12.06|253.26|3.82|186.40|229.14|4.94|7.12|202.28
2451998|78651|889|2220|90126|3472|498|2220|90126|3472|498|2|3|1238|46|3607.32|324.65|3931.97|46.05|806.38|216.43|1186.81|2204.08|1177.08
|38150|55|||||7856|40162|||||1239|||336.02|4536.38||147.90|1260.10|||
2451514|27737|1244|7894|52245|6949|1500|7894|52245|6949|1500|4|2|1239|11|598.18|0.00|598.18|97.92|253.33|442.65|130.64|24.89|351.25
2451975||1171|5667|12659||||12659|||||1240|||0.00|37.03|3.70|761.99||||765.69
2452043|70357|1262|6072|138248|5657|3226|6072|138248|5657|3226|5|1|1240|35|1410.15|70.50|1480.65|23.21|626.50|719.17|476.77|214.21|720.21
2451896|70149|647|2188|39212|2076|2020|2188|39212|2076|2020|2|2|1240|26|1465.10|29.30|1494.40|20.73|647.92|58.60|1237.72|168.78|697.95
2451857|74316|770|2385|102943|3294|1925|2385|102943|3294|1925|1|1|1240|11|1165.89|34.97|1200.86|20.34|218.57|69.95|690.44|405.50|273.88
2451290|61644|664|7964|131901|6398|3815|7964|131901|6398|3815|1|3|1241|8|531.20|0.00|531.20|69.54|336.24|26.56|484.45|20.19|405.78
2451402|84238|1750|1919|180073|6434|4515|1919|180073|6434|4515|4|2|1242|58|6953.62|208.60|7162.22|42.45|2521.26|3546.34|2657.67|749.61|2772.31
2451468|44600|998|2825|44915|3758|1|2825|44915|3758|1|4|2|1242|17|2663.22|133.16|2796.38|12.14|611.15|1597.93|745.70|319.59|756.45
2451211|35097|1537|1131|70214|5697|1180|1131|70214|5697|1180|1|3|1242|96|6190.08|495.20|6685.28|61.70|834.24|2785.53|1055.41|2349.14|1391.14
2451405|20934|1747|7569|95986|7051|2716|7569|95986|7051|2716|4|2|1245|2|65.44|5.23|70.67|79.75|29.84|0.65|54.42|10.37|114.82
|67250|151||62618||1424||62618||||1|1248|||0.79|9.67|||||0.03|
2451224|74567|1732|9847|169178|3036|2454|9847|169178|3036|2454|2|1|1248|51|6741.18|404.47|7145.65|57.48|1951.26|6404.12|13.48|323.58|2413.21
2451276|67987|1348|7710|139084|1898|3992|7710|139084|1898|3992|1|1|1248|22|53.90|0.00|53.90|58.46|133.10|38.26|4.22|11.42|191.56
2451341|59997|580|421|4935|5416|2537|421|4935|5416|2537|4|2|1249|9|675.72|47.30|723.02|26.86|180.81|648.69|20.00|7.03|254.97
2451429|45307|946|5848|120325|2129|893|5848|120325|2129|893|4|1|1250|2|180.84|0.00|180.84|41.59|90.42|95.84|40.80|44.20|132.01
2451316|77835|278|217|172482|1837|3585|217|172482|1837|3585|2|2|1250|2|16.86|0.50|17.36|93.82|12.86|15.67|1.02|0.17|107.18
2451393|8145|577|3088|79777|1186|3988|3088|79777|1186|3988|1|2|1250|23|363.63|32.72|396.35|45.67|824.55|236.35|73.82|53.46|902.94
2451668|41117|1123|3314|45338|3969|2273|3314|45338|3969|2273|2|1|1251|1|77.74|6.99|84.73|1.03|43.73|52.86|14.43|10.45|51.75
2452385|46359|1177|1201|28765|6969|2653|1201|28765|6969|2653|3|2|1253|18|451.08|0.00|451.08|33.24|279.54|369.88|6.49|74.71|312.78
2451291|33724|1174|2369|132420|6824|2821|2369|132420|6824|2821|2|1|1254|5|859.90|17.19|877.09|14.14|18.45|421.35|403.46|35.09|49.78
2452033|73534|11|9666|165543|653|123|9666|165543|653|123|2|2|1255|15|879.15|52.74|931.89|16.26|0.00|430.78|138.99|309.38|69.00
2451638|66300|214|307|99603|1939|4355|307|99603|1939|4355|4|2|1256|10|1736.20|138.89|1875.09|91.43|466.70|763.92|816.71|155.57|697.02
2451358|42328|553|3474|11656|125|1874|3474|11656|125|1874|4|1|1257|48|3456.00|0.00|3456.00|30.39|2016.00|1658.88|1275.95|521.17|2046.39
2451406|72156|937|982|69258|5821|817|982|69258|5821|817|4|1|1257|71|95.85|4.79|100.64|13.94|45.44|79.55|15.97|0.33|64.17
2452417|73485|921|3093|184694|2742|2143|3093|184694|2742|2143|5|2|1258|17|598.40|11.96|610.36|14.33|945.88|347.07|37.69|213.64|972.17
2452746|48866|1533|1508|40822|3849|3443|1508|40822|3849|3443|6|1|1259|16|386.08|19.30|405.38|72.72|41.28|281.83|2.08|102.17|133.30
2452825|45230|7|2884|8872|7180|4328|2884|8872|7180|4328|3|3|1260|1|42.60|2.13|44.73|48.55|4.38|41.74|0.85|0.01|55.06
2451532|53480|919|3174|72699|6897|4535|3174|72699|6897|4535|2|1|1261|64|1814.40|72.57|1886.97|71.91|880.64|562.46|888.87|363.07|1025.12
|26400|1057|||3959|4452|2620|27153|3959|4452||1|1261||27.52|0.27|||220.32||||304.98
2451878|79967|1142|6986|248|1110|2572|6986|248|1110|2572|1|1|1262|74|28.12|0.84|28.96|3.62|0.00|0.28|20.32|7.52|4.46
2452100|73052|1423|9992|41774|4229|2771|9992|41774|4229|2771|5|2|1263|41|4873.67|292.42|5166.09|97.69|1177.93|1754.52|998.12|2121.03|1568.04
2451431|32591|712|5324|8368|3699|63|5324|8368|3699|63|1|2|1265|15|197.55|0.00|197.55|39.93|197.55|90.87|71.47|35.21|237.48
2451620|68727|1321|3194|85605|129|3773|3194|85605|129|3773|1|2|1266|28|554.40|38.80|593.20|89.04|308.00|271.65|279.92|2.83|435.84
2451730|79387|1153|5783|111567|1831|2902|5783|111567|1831|2902|4|1|1270|2|115.38|6.92|122.30|73.45|101.32|19.61|80.44|15.33|181.69
2451813|69563|796|3384|110590|5829|2475|3384|110590|5829|2475|1|2|1270|10|39.40|3.54|42.94|30.50|68.20|19.70|10.04|9.66|102.24
2451374|33502|496|8457|188798|3699|2873|8457|188798|3699|2873|1|1|1271|89|442.33|8.84|451.17|73.91|288.36|384.82|17.25|40.26|371.11
2451448|69230|482|332|180140|2795|203|332|180140|2795|203|4|3|1271|9|716.85|7.16|724.01|39.94|296.91|35.84|469.89|211.12|344.01
2451346|40932|121|9835|155926|4897|428|9835|155926|4897|428|1|2|1271|42|95.34|5.72|101.06|86.00|953.40|72.45|9.61|13.28|1045.12
2451418|64375|988|7150|10837|5244|2044|7150|10837|5244|2044|1|1|1271|13|379.08|22.74|401.82|31.94|15.73|288.10|39.12|51.86|70.41
2451415|61551|1138|6503|172416|3529|1842|6503|172416|3529|1842|2|2|1271|53|1080.14|64.80|1144.94|93.42|243.80|594.07|209.01|277.06|402.02
2451349|31934|1682|4333|31303|2433|2283|4333|31303|2433|2283|2|3|1271|32|146.56|4.39|150.95|24.93|63.36|83.53|30.88|32.15|92.68
2452355|8268|1461|2227|9439|1815|3904|2227|9439|1815|3904|3|1|1272|8|458.56|27.51|486.07|78.39|251.76|13.75|222.40|222.41|357.66
2452304|34442|507|9372|79642|4985|4815|9372|79642|4985|4815|3|1|1272|1|25.00|1.00|26.00|57.75|1.53|17.75|6.88|0.37|60.28
2452760|70628|522|1176|58043|4910|4377|1176|58043|4910|4377|6|2|1273|26|577.98|34.67|612.65|84.79|181.48|213.85|98.31|265.82|300.94
2452849|67214|1609|9394|147073|112|2718|9394|147073|112|2718|1|2|1273|8|172.96|6.91|179.87|16.85|5.52|19.02|132.38|21.56|29.28
2452826|7535|804|8149|184369|821|2546|8149|184369|821|2546|3|2|1274|28|899.92|44.99|944.91|95.63|15.40|827.92|57.60|14.40|156.02
2452759|44922|901|8026|3682|3385|2641|8026|3682|3385|2641|1|1|1274|17|767.04|53.69|820.73|10.53|0.00|605.96|11.27|149.81|64.22
2452692|45952|583|4697|123989|4401|3006|4697|123989|4401|3006|6|1|1274|4|34.40|0.00|34.40|73.87|28.16|30.27|3.71|0.42|102.03
2451210|33468|1244|8260|32765|103|4201|8260|32765|103|4201|4|2|1275|49|2916.97|262.52|3179.49|82.52|1995.77|204.18|1763.31|949.48|2340.81
2451606|68579|1519|6973|108577|5861|4952|6973|108577|5861|4952|1|2|1276|40|1591.60|143.24|1734.84|24.65|1424.00|604.80|671.02|315.78|1591.89
2451561|50745|637|4871|106333|3842|3304|4871|106333|3842|3304|2|1|1276|4|26.92|0.00|26.92|61.11|2.40|12.38|8.57|5.97|63.51
2450933|34458|229|9854|59277|220|3250|9854|59277|220|3250|2|3|1278|43|494.07|29.64|523.71|14.67|308.74|197.62|142.29|154.16|353.05
2451122|66730|1777|5636|6035|1234|4633|5636|6035|1234|4633|4|1|1278|52|3104.40|279.39|3383.79|52.49|2815.80|2700.82|391.47|12.11|3147.68
2452063|60633|602|6487|126214|6261|548|6487|126214|6261|548|1|1|1279|22|1859.88|167.38|2027.26|34.48|729.30|316.17|586.60|957.11|931.16
2451395|32621|158|16|94055|1667|4312|16|94055|1667|4312|1|2|1280|8|284.72|2.84|287.56|2.83|135.60|113.88|164.00|6.84|141.27
2452415|69054|89|4708|59342|663|1017|4708|59342|663|1017|1|1|1281|1|28.43|2.55|30.98|50.10|5.33|9.09|10.83|8.51|57.98
2452565|11861|1651|1013|50270|5974|2031|1013|50270|5974|2031|3|2|1282|10|557.90|27.89|585.79|92.69|28.20|5.57|486.05|66.28|148.78
2452425|72533|1251|4720|16445|6730|135|4720|16445|6730|135|1|1|1282|21|286.02|8.58|294.60|35.54|77.91|48.62|199.41|37.99|122.03
2452750|39694|1572|8481|41078|1802|1839|8481|41078|1802|1839|6|2|1283|21|1089.69|0.00|1089.69|93.47|155.61|512.15|132.83|444.71|249.08
2452227|68483|215|2555|6017|2552|1127|2555|6017|2552|1127|5|3|1284|33|713.79|35.68|749.47|68.98|2185.92|57.10|597.58|59.11|2290.58
2452356|67663|749|3813|51641|269|4944|3813|51641|269|4944|3|1|1284|18|1402.38|0.00|1402.38|62.55|545.40|1023.73|340.78|37.87|607.95
2452401|69342|877|9835|19991|6834|2557|9835|19991|6834|2557|3|1|1284|13|589.81|5.89|595.70|50.25|249.47|365.68|26.89|197.24|305.61
2452324|18579|1071|6990|21544|1491|2365|6990|21544|1491|2365|3|2|1285|18|562.50|28.12|590.62|46.80|574.38|410.62|145.80|6.08|649.30
2452394|64108|5|7948|146032|2003|1407|7948|146032|2003|1407|3|3|1285|1|29.88|1.49|31.37|63.80|13.28|27.48|1.17|1.23|78.57
2451533|78875|260|8087|99905|6283|4981|8087|99905|6283|4981|2|3|1286|22|135.74|8.14|143.88|63.94|443.52|104.51|0.62|30.61|515.60
2451398|46196|1531|9672|167982|5412|2882|9672|167982|5412|2882|4|2|1286|1|152.33|6.09|158.42|8.81|36.42|62.45|40.44|49.44|51.32
2451385|39300|250|4276|145945|3534|2963|4276|145945|3534|2963|2|3|1287|1|29.12|0.87|29.99|52.03|22.09|24.46|2.00|2.66|74.99
2451410|40365|343|9779|24292|278|351|9779|24292|278|351|4|3|1287|13|290.42|11.61|302.03|39.85|266.76|101.64|41.53|147.25|318.22
2451288|40275|596|418|96345|2272|1999|418|96345|2272|1999|1|1|1287|15|776.40|23.29|799.69|59.97|105.00|683.23|49.38|43.79|188.26
2452924|73055|553|539|111588|2957|3566|539|111588|2957|3566|6|1|1288|22|2161.28|194.51|2355.79|74.80|339.90|821.28|710.20|629.80|609.21
2451620|78820|130|||1297|2090|4379|50664||2090|1|3|1289|2|7.42|0.44||42.71||3.78|||
2451735|52901|1220|2477|62731|538|2792|2477|62731|538|2792|2|2|1289|50|1700.50|17.00|1717.50|19.43|463.50|425.12|1211.61|63.77|499.93
2451963|45801|1598|6409|111705|5321|577|6409|111705|5321|577|2|2|1291|15|16.35|0.16|16.51|30.03|5.70|1.30|9.78|5.27|35.89
2452091|6287|1741|7702|182426|2510|1314|7702|182426|2510|1314|5|2|1291|6|256.62|0.00|256.62|78.40|202.02|133.44|23.40|99.78|280.42
2451544|77444|668|9134|125623|3839|4768|9134|125623|3839|4768|4|2|1292|6|63.48|3.17|66.65|50.63|23.16|18.40|23.44|21.64|76.96
2451520|43368|283|5691|123819|4187|282|5691|123819|4187|282|2|3|1292|3|118.65|8.30|126.95|26.89|49.11|7.11|65.80|45.74|84.30
2451819|71289|790|2794|21887|3827|4920|2794|21887|3827|4920|1|1|1293|25|248.50|14.91|263.41|16.79|461.75|39.76|29.22|179.52|493.45
2451703|67293|313|1609|159494|6226|1711|1609|159494|6226|1711|1|3|1293|38|1505.56|90.33|1595.89|70.94|279.30|1008.72|337.85|158.99|440.57
2451371|34941|1532|9954|88718|742|4446|9954|88718|742|4446|4|2|1294|1|42.48|2.97|45.45|90.27|38.62|2.12|23.40|16.96|131.86
2452321|47945|1371|4891|7886|5201|1203|4891|7886|5201|1203|5|1|1295|1|51.13|4.09|55.22|27.51|26.71|19.42|17.75|13.96|58.31
2451276|24885|1573|6105|70638|564|4617|6105|70638|564|4617|4|3|1296|57|1471.17|88.27|1559.44|83.16|2830.05|367.79|662.02|441.36|3001.48
2452661|36665|1506|504|187489|6074|59|504|187489|6074|59|6|1|1297|2|6.16|0.36|6.52|48.96|28.02|1.78|0.87|3.51|77.34
2452750|16312|703|8075|16607|6388|3082|8075|16607|6388|3082|3|1|1299|33|363.00|25.41|388.41|37.61|74.91|32.67|184.98|145.35|137.93
2452487|75065|1716|3560|156846|5459|2385|3560|156846|5459|2385|1|3|1300|84|4623.36|231.16|4854.52|8.86|1540.56|1803.11|2086.98|733.27|1780.58
2452605|66009|564|4771|129193|4735|764|4771|129193|4735|764|1|3|1300|3|272.70|19.08|291.78|25.37|157.32|79.08|19.36|174.26|201.77
2451441|23879|844|378|116887|3956|145|378|116887|3956|145|1|3|1303|68|8354.48|501.26|8855.74|89.01|2198.44|7184.85|46.78|1122.85|2788.71
2451512|69349|1|7013|50536|1692|3008|7013|50536|1692|3008|2|3|1303|3|15.12|0.75|15.87|7.62|6.33|13.30|0.56|1.26|14.70
2451461|64145|1142|422|41590|1558|2526|422|41590|1558|2526|1|2|1305|39|1096.29|65.77|1162.06|92.85|0.00|317.92|31.13|747.24|158.62
2452622|14014|699|8967|183741|6868|1842|8967|183741|6868|1842|3|1|1307|32|649.60|51.96|701.56|67.48|286.08|623.61|13.51|12.48|405.52
2452528|64828|264|4659|48188|5477|2639|4659|48188|5477|2639|6|1|1307|24|701.04|14.02|715.06|43.04|973.68|483.71|71.71|145.62|1030.74
||868||61506|7137|2935|2788|61506||2935||2|1310|||||||12.21|0.74||
2452127|40074|703|2091|140722|426|3417|2091|140722|426|3417|1|3|1311|30|50.70|0.00|50.70|98.77|24.60|49.17|1.11|0.42|123.37
2451117|3706|787|6231|178204|6737|1790|6231|178204|6737|1790|1|2|1315|32|1093.76|0.00|1093.76|7.04|690.88|776.56|15.86|301.34|697.92
2452187|53000|561|6130|81195|2227|4852|6130|81195|2227|4852|3|2|1316|26|459.68|18.38|478.06|14.16|172.90|298.79|139.97|20.92|205.44
2452198|43950|47|2634|119632|3077|2522|2634|119632|3077|2522|5|3|1316|25|1114.00|55.70|1169.70|1.41|292.50|445.60|280.72|387.68|349.61
2452004|86089|389|1742|77257|5972|3887|1742|77257|5972|3887|1|2|1316|16|972.16|48.60|1020.76|11.78|953.12|349.97|236.43|385.76|1013.50
2452250|73616|133|8740|18157|534|1631|8740|18157|534|1631|5|1|1318|21|1917.93|115.07|2033.00|20.20|515.13|1457.62|128.88|331.43|650.40
2452287|54902|1791|9611|84292|4493|2334|9611|84292|4493|2334|1|2|1319|8|263.04|0.00|263.04|52.21|193.20|247.25|1.26|14.53|245.41
2452365||131|9315|128678|5881|||128678|||5|3|1320||1055.19|10.55|1065.74|||685.87|258.52||138.27
2452707|69644|702|635|138252|1549|2853|635|138252|1549|2853|6|1|1321|21|869.40|78.24|947.64|9.08|665.91|852.01|16.17|1.22|753.23
2452028|7622|867|3161|92718|3028|1185|3161|92718|3028|1185|5|3|1322|45|422.10|21.10|443.20|91.82|904.50|278.58|142.08|1.44|1017.42
2451556|40307|1639|1125|126650|2222|1794|1125|126650|2222|1794|2|1|1323|36|1005.48|40.21|1045.69|36.22|921.60|854.65|15.08|135.75|998.03
2451865|51647|1213|1321|152441|2521|121|1321|152441|2521|121|2|2|1325|56|75.60|6.80|82.40|72.54|664.72|60.48|1.36|13.76|744.06
2452196|36513|1569|4847|71755|4456|2084|4847|71755|4456|2084|1|2|1326|32|711.68|21.35|733.03|26.81|744.00|306.02|320.47|85.19|792.16
2452781|44417|631|528|102207|6879|231|528|102207|6879|231|1|3|1328|29|2751.81|82.55|2834.36|48.13|263.32|1843.71|326.91|581.19|394.00
2452096|72061|41|9648|80986|3571|2309|9648|80986|3571|2309|3|3|1329|40|4658.40|0.00|4658.40|56.39|155.20|2748.45|190.99|1718.96|211.59
2452618|8823|477|3951|159551|3424|1184|3951|159551|3424|1184|1|1|1330|33|193.71|17.43|211.14|55.47|295.68|122.03|31.53|40.15|368.58
2452617|43355|1699|21|150066|5231|636|21|150066|5231|636|6|1|1330|15|681.60|61.34|742.94|84.72|701.55|190.84|181.58|309.18|847.61
2452771|13428|168|2176|75480|3071|2695|2176|75480|3071|2695|3|2|1330|83|2680.07|80.40|2760.47|77.21|1276.54|1393.63|437.38|849.06|1434.15
2452356|68644|1333|1720|66838|6756|3674|1720|66838|6756|3674|1|2|1331|40|555.60|50.00|605.60|56.13|892.80|527.82|12.50|15.28|998.93
2452813|30318|303|3217|152157|5290|4550|3217|152157|5290|4550|6|3|1332|27|3519.72|0.00|3519.72|55.96|1703.16|2991.76|364.29|163.67|1759.12
2452455|72220|852|3606|104150|101|1772|3606|104150|101|1772|6|1|1334|5|352.45|31.72|384.17|11.49|329.45|331.30|2.11|19.04|372.66
2451282|33686|358|1794|85513|3312|4871|1794|85513|3312|4871|1|2|1336|47|1040.11|93.60|1133.71|2.95|385.40|249.62|577.05|213.44|481.95
2451283|75418|860|338|26871|5851|431|338|26871|5851|431|1|3|1336|36|6864.48|274.57|7139.05|96.25|1144.08|1235.60|788.04|4840.84|1514.90
2451229|29442|193|7289|49745|4728|3224|7289|49745|4728|3224|2|1|1336|78|655.98|32.79|688.77|9.09|1192.62|85.27|376.66|194.05|1234.50
2450991|60724|943|8451|11355|306|2857|8451|11355|306|2857|2|2|1337|14|1085.14|54.25|1139.39|39.61|384.30|792.15|172.86|120.13|478.16
2451548|62028|1142|5772|41829|7086|2543|5772|41829|7086|2543|2|1|1338|26|1608.62|128.68|1737.30|97.78|225.68|482.58|304.03|822.01|452.14
2451632|25900|1400|5409|28676|2150|1344|5409|28676|2150|1344|2|2|1338|2|18.74|0.93|19.67|4.01|1.26|12.18|4.06|2.50|6.20
2451011|82378|1339|4123|130865|6520|2248|4123|130865|6520|2248|1|1|1339|39|171.60|6.86|178.46|59.41|386.10|128.70|18.01|24.89|452.37
2451063|58345|313|5352|73079|933|300|5352|73079|933|300|1|2|1340|27|303.48|6.06|309.54|59.68|288.36|54.62|19.90|228.96|354.10
2451991|77020|1526|8473|80891|6942|5000|8473|80891|6942|5000|1|3|1341|40|1011.20|80.89|1092.09|8.29|1743.60|50.56|470.71|489.93|1832.78
2452749|26360|1251|4300|18917|3261|1318|4300|18917|3261|1318|6|3|1342|2|29.02|2.03|31.05|80.42|11.98|23.50|2.04|3.48|94.43
2451472|44364|1346|6385|98745|3585|4385|6385|98745|3585|4385|1|2|1343|54|2549.88|152.99|2702.87|87.44|1204.20|2371.38|58.90|119.60|1444.63
2451526|61395|1045|1425|64218|51|2517|1425|64218|51|2517|2|2|1343|35|1256.15|87.93|1344.08|42.33|292.95|1055.16|124.61|76.38|423.21
2452379|54048|1495|8457|178985|6553|2601|8457|178985|6553|2601|1|2|1344|2|159.44|4.78|164.22|45.40|91.52|7.97|54.52|96.95|141.70
2452295|71301|745|397|140835|5033|551|397|140835|5033|551|5|2|1344|61|878.40|52.70|931.10|71.18|439.20|465.55|383.95|28.90|563.08
2451628|47501|932|8466|176453|3607|4001|8466|176453|3607|4001|1|2|1345|38|2976.54|148.82|3125.36|13.36|1659.84|1577.56|1287.06|111.92|1822.02
2451526|39608|1780|3313|158342|1451|1520|3313|158342|1451|1520|4|2|1345|6|245.10|19.60|264.70|64.47|171.54|198.53|26.07|20.50|255.61
2451768|24003|1165|5632|26550|1741|2419|5632|26550|1741|2419|1|3|1345|4|310.88|27.97|338.85|11.70|114.52|174.09|24.62|112.17|154.19
2451641|56304|544|9121|94728|3102|469|9121|94728|3102|469|4|3|1347|30|4499.10|269.94|4769.04|33.00|0.00|3284.34|765.29|449.47|302.94
2451536|43879|256|5619|191644|6869|4294|5619|191644|6869|4294|2|2|1347|26|198.90|13.92|212.82|5.58|0.00|113.37|79.54|5.99|19.50
2451986|27006|871|4045|119822|2319|4056|4045|119822|2319|4056|2|1|1349|13|2317.38|139.04|2456.42|13.97|1073.93|2271.03|6.48|39.87|1226.94
2451941|68344|1616|3194|102872|6870|755|3194|102872|6870|755|2|2|1349|21|1975.68|19.75|1995.43|4.45|870.24|987.84|800.15|187.69|894.44
2452064|71963|1777|904|161328|4439|3230|904|161328|4439|3230|5|3|1349|57|1365.15|122.86|1488.01|96.68|682.29|1064.81|204.23|96.11|901.83
||388|||||4444||||||1351||274.20|||||||49.83|410.71
2451675|59570|325|4068|6123|1651|819|4068|6123|1651|819|1|3|1351|17|120.53|4.82|125.35|91.74|738.48|34.95|40.22|45.36|835.04
2451510|58791|1210|4444|42085|6308|1211|4444|42085|6308|1211|2|1|1351|17|229.33|18.34|247.67|52.74|151.81|32.10|69.03|128.20|222.89
2452793|40674|1731|4515|36356|5557|4078|4515|36356|5557|4078|3|2|1352|15|405.90|0.00|405.90|10.71|30.75|227.30|12.50|166.10|41.46
2451783|56772|326|9977|119284|5231|458|9977|119284|5231|458|4|2|1354|24|478.08|28.68|506.76|61.51|0.00|133.86|247.83|96.39|90.19
2452036|54916|785|6058|128243|2301|4046|6058|128243|2301|4046|2|3|1356|1|18.06|0.90|18.96|36.83|12.35|9.21|4.24|4.61|50.08
2451325|67953|1172|9692|157543|6754|2085|9692|157543|6754|2085|2|2|1357|67|3933.57|275.34|4208.91|33.99|1552.39|2792.83|673.03|467.71|1861.72
2451229|81266|541|1587|8557|6534|831|1587|8557|6534|831|1|2|1357|52|11993.28|1079.39|13072.67|18.61|5330.52|11993.28|0.00|0.00|6428.52
2452145|69324|829|5541|140578|1130|2|5541|140578|1130|2|3|3|1358|74|1406.00|14.06|1420.06|60.71|372.96|267.14|706.09|432.77|447.73
2451472|46766|146|3781|119677|4180|956|3781|119677|4180|956|4|2|1359|30|399.30|31.94|431.24|77.00|16.50|395.30|2.00|2.00|125.44
2451509|42082|271|5323|20026|409|4352|5323|20026|409|4352|4|1|1359|9|439.92|35.19|475.11|90.34|179.91|281.54|125.12|33.26|305.44
2452640|45395|63|6561|19698|1348|2165|6561|19698|1348|2165|1|3|1360|46|9332.02|0.00|9332.02|2.51|1536.86|839.88|8237.37|254.77|1539.37
2451324|71664|452|42|37466|6297|201|42|37466|6297|201|2|2|1361|40|2023.20|40.46|2063.66|65.81|3372.00|1436.47|234.69|352.04|3478.27
2451251|43402|1610|5222|42441|2780|959|5222|42441|2780|959|4|1|1361|1|32.77|2.29|35.06|27.24|19.03|24.24|4.86|3.67|48.56
2452897|51937|810|2461|100313|2885|2297|2461|100313|2885|2297|1|2|1362|46|6128.12|0.00|6128.12|55.01|3277.50|1470.74|2095.82|2561.56|3332.51
2452660|29632|204|4226|42030|3354|2118|4226|42030|3354|2118|3|1|1362|5|12.15|0.60|12.75|42.90|12.75|9.35|0.92|1.88|56.25
2452237|47169|799|9429|149308|1140|1019|9429|149308|1140|1019|1|1|1363|16|69.44|0.00|69.44|4.11|127.84|54.85|9.92|4.67|131.95
2451537|26609|196|9302|84425|908|311|9302|84425|908|311|2|1|1365|16|409.76|8.19|417.95|67.93|115.68|299.12|95.15|15.49|191.80
2451525|45855|334|2207|22112|6690|755|2207|22112|6690|755|2|3|1365|30|861.90|8.61|870.51|70.44|76.20|517.14|165.48|179.28|155.25
2451272|71905|370|7730|31021|4232|2883|7730|31021|4232|2883|4|3|1366|29|2769.79|138.48|2908.27|20.68|2895.65|2575.90|184.19|9.70|3054.81
2451348|79446|1724|5662|124884|2553|4822|5662|124884|2553|4822|1|1|1366|16|28.16|2.25|30.41|6.19|75.20|23.65|3.69|0.82|83.64
||713|9856|21794|2565|3143|9856||||5|1|1367|33|||||36.30|26.26||617.84|70.90
2452234|69153|39|5533|148183|786|2636|5533|148183|786|2636|3|3|1367|80|2146.40|64.39|2210.79|99.17|6109.60|558.06|174.71|1413.63|6273.16
2452675|49614|1617|5068|149031|34|117|5068|149031|34|117|3|3|1368|21|2434.74|121.73|2556.47|16.50|939.12|170.43|1109.51|1154.80|1077.35
2452599|60308|1383|7610|141566|6355|951|7610|141566|6355|951|6|2|1368|1|44.82|3.13|47.95|48.85|36.36|36.75|2.74|5.33|88.34
2452684|26151|1653|7262|9887|7199|3544|7262|9887|7199|3544|6|1|1369|55|625.90|12.51|638.41|60.96|144.10|287.91|145.33|192.66|217.57
2452844|30032|816|5147|16781|4288|682|5147|16781|4288|682|1|1|1369|71|4893.32|440.39|5333.71|9.79|846.32|1565.86|3227.63|99.83|1296.50
2452739|74332|1365|2564|35478|519|920|2564|35478|519|920|3|1|1369|27|1023.03|20.46|1043.49|3.28|1573.83|10.23|921.64|91.16|1597.57
2452731|24986|1056|6388|171378|3375|4492|6388|171378|3375|4492|6|2|1369|18|751.14|0.00|751.14|34.71|375.48|420.63|85.93|244.58|410.19
2451185|59229|494|9514|9046|3811|2936|9514|9046|3811|2936|2|1|1371|45|1436.85|14.36|1451.21|79.19|95.40|316.10|403.47|717.28|188.95
2452835|37015|444|9593|102841|6729|2497|9593|102841|6729|2497|1|1|1372|30|1398.90|41.96|1440.86|74.31|258.90|671.47|509.20|218.23|375.17
2452676|15950|859|4556|173130|5097|4791|4556|173130|5097|4791|6|1|1372|3|69.18|0.00|69.18|9.72|34.17|27.67|40.67|0.84|43.89
2452735|46494|331|6225|113667|36|518|6225|113667|36|518|1|2|1374|14|214.48|0.00|214.48|28.96|480.20|158.71|38.48|17.29|509.16
2452685|53129|1275|9140|175286|2599|4105|9140|175286|2599|4105|6|3|1375|71|4787.53|287.25|5074.78|73.00|224.36|430.87|174.26|4182.40|584.61
2452782||19|269|144762|||||5975||||1375|||12.08||95.86|8.89|195.84||42.73|
2451444|76500|878|7197|100592|4980|1695|7197|100592|4980|1695|4|2|1378|41|227.14|6.81|233.95|94.64|143.09|27.25|55.96|143.93|244.54
2452615|60416|1461|8084|42990|5256|242|8084|42990|5256|242|1|2|1379|1|8.18|0.65|8.83|58.98|17.33|4.41|1.01|2.76|76.96
2452945|73427|582|2111|70197|603|2496|2111|70197|603|2496|1|3|1380|41|504.30|25.21|529.51|17.04|3026.62|504.30|0.00|0.00|3068.87
||636|9449||5444|4865|9449|||||2|1380|9|||229.77||64.71||76.81|47.09|74.66
2452839|77999|915|8035|130078|1034|1157|8035|130078|1034|1157|1|2|1380|68|580.04|34.80|614.84|32.28|27.88|121.80|293.27|164.97|94.96
2452425|63924|1129|8179|181491|5170|4842|8179|181491|5170|4842|5|3|1382|9|635.85|0.00|635.85|39.77|115.56|254.34|358.61|22.90|155.33
2451923|64416|881|4093|4794|4102|283|4093|4794|4102|283|5|2|1383|31|1364.93|54.59|1419.52|79.94|1528.92|177.44|831.24|356.25|1663.45
2451999|35097|689|1008|164832|5169|273|1008|164832|5169|273|2|2|1383|22|379.72|7.59|387.31|26.39|1297.34|91.13|199.12|89.47|1331.32
2451940|73261|413|6818|140111|2524|2424|6818|140111|2524|2424|5|3|1383|44|641.96|51.35|693.31|40.12|320.76|577.76|55.21|8.99|412.23
2452494|32815|47|9049|16227|2285|903|9049|16227|2285|903|3|2|1384|1|45.17|1.35|46.52|95.87|0.00|39.29|5.35|0.53|97.22
2452510|41575|321|2399|186724|4729|1047|2399|186724|4729|1047|3|1|1384|69|1741.56|69.66|1811.22|1.72|36.57|191.57|1301.99|248.00|107.95
2452395|6989|1727|7517|40346|808|1877|7517|40346|808|1877|3|2|1384|29|776.04|38.80|814.84|86.07|1250.48|349.21|145.12|281.71|1375.35
2451947|70471|871|4035|12663|5611|2846|4035|12663|5611|2846|5|2|1386|55|1273.80|101.90|1375.70|44.16|244.20|917.13|164.06|192.61|390.26
2451242|63479|74|2174|51813|3132|3764|2174|51813|3132|3764|4|1|1387|8|648.00|12.96|660.96|17.27|167.20|362.88|59.87|225.25|197.43
2451411|35037|1064|9430|104870|5510|1597|9430|104870|5510|1597|4|2|1387|25|1621.00|97.26|1718.26|11.87|918.50|1264.38|57.05|299.57|1027.63
2451410|68666|364|7484|45666|5928|2703|7484|45666|5928|2703|4|1|1387|19|3626.34|145.05|3771.39|20.06|884.45|2502.17|213.59|910.58|1049.56
|68614|1486|1124|||1775|1124||6209|1775|||1388||1929.87||2084.25|14.52||||67.17|2606.35
2451306|56182|1315|3523|188829|1542|3328|3523|188829|1542|3328|2|2|1388|23|838.58|16.77|855.35|63.89|860.66|0.00|721.17|117.41|941.32
2452061|12953|691|7572|88983|507|4998|7572|88983|507|4998|5|1|1389|21|1354.71|54.18|1408.89|68.51|451.50|907.65|120.70|326.36|574.19
2451874|46409|1687|4818|180117|983|2842|4818|180117|983|2842|5|1|1389|3|15.72|1.25|16.97|63.38|101.22|6.28|0.75|8.69|165.85
2451887|66059|917|4685|105701|3310|4999|4685|105701|3310|4999|1|3|1389|43|754.22|15.08|769.30|14.65|41.28|15.08|598.70|140.44|71.01
2451338|50832|1238|7172|159100|788|1396|7172|159100|788|1396|1|3|1391|27|840.78|25.22|866.00|45.59|106.38|277.45|214.06|349.27|177.19
2452485|27111|1617|2701|86405|3596|2067|2701|86405|3596|2067|5|1|1392|10|1088.80|32.66|1121.46|86.62|346.90|947.25|110.40|31.15|466.18
2452350|66858|1777|6584|56376|2248|4280|6584|56376|2248|4280|3|3|1392|41|7.79|0.31|8.10|55.03|112.75|4.05|2.58|1.16|168.09
2452255|78628|733|1501|183657|4293|136|1501|183657|4293|136|3|1|1394|21|1797.39|0.00|1797.39|39.21|887.04|431.37|491.76|874.26|926.25
2451437|52148|548|6265|23021|6177|133|6265|23021|6177|133|4|2|1395|27|483.84|9.67|493.51|74.91|63.99|149.99|76.78|257.07|148.57
2451764|65028|733|6854|79622|1030|4365|6854|79622|1030|4365|1|1|1397|12|1293.60|12.93|1306.53|18.68|66.60|1280.66|1.55|11.39|98.21
2452043|49501|1369|94|80110|2126|4942|94|80110|2126|4942|2|1|1398|4|46.56|0.46|47.02|89.78|13.04|0.46|24.89|21.21|103.28
2452118|34955|1484|8216|155785|5914|1963|8216|155785|5914|1963|5|2|1398|44|111.32|2.22|113.54|27.42|1674.20|111.32|0.00|0.00|1703.84
2451715|74491|944|1531|125606|4961|2676|1531|125606|4961|2676|1|3|1399|38|1889.74|113.38|2003.12|58.73|115.52|1228.33|489.44|171.97|287.63
2452176|10489|661|3664|78309|2394|1159|3664|78309|2394|1159|3|3|1400|35|1510.95|135.98|1646.93|83.71|439.60|619.48|873.64|17.83|659.29
2451538|7789|1676|8200|1469|738|2560|8200|1469|738|2560|4|2|1402|1|57.47|1.14|58.61|60.50|33.52|26.43|3.41|27.63|95.16
2451681|47426|614|5396|39085|887|456|5396|39085|887|456|1|3|1402|15|322.20|6.44|328.64|74.88|66.45|119.21|44.65|158.34|147.77
2451948|56843|1705|2635|183120|2038|3116|2635|183120|2038|3116|2|1|1403|17|1751.17|122.58|1873.75|51.35|583.61|1435.95|72.50|242.72|757.54
2451956|41047|1568|7934|11501|6875|4769|7934|11501|6875|4769|1|2|1403|40|4675.60|374.04|5049.64|87.37|1422.80|4254.79|168.32|252.49|1884.21
2451780|17046|34|6570|100230|1857|4477|6570|100230|1857|4477|4|2|1404|35|3185.70|191.14|3376.84|36.59|172.20|3090.12|10.51|85.07|399.93
2451340|47459|910|3316|167082|688|2974|3316|167082|688|2974|4|3|1405|13|279.89|0.00|279.89|14.64|535.34|134.34|46.57|98.98|549.98
2452578|19432|1489|5408|49621|6521|3854|5408|49621|6521|3854|1|1|1406|37|1415.62|84.93|1500.55|0.84|1061.90|509.62|253.68|652.32|1147.67
2452017|23035|1250|1891|189104|6477|1370|1891|189104|6477|1370|2|2|1408|71|1525.79|15.25|1541.04|42.16|619.83|1312.17|40.58|173.04|677.24
2451880|76136|632|6536|110560|1064|1128|6536|110560|1064|1128|1|2|1408|44|711.92|56.95|768.87|63.29|1079.32|149.50|382.44|179.98|1199.56
2451282|11078|208|692|33808|3037|2986|692|33808|3037|2986|2|3|1412|47|2634.82|105.39|2740.21|35.49|1477.21|2292.29|41.10|301.43|1618.09
2452753|73574|1315|5737|167890|3996|4349|5737|167890|3996|4349|1|3|1413|35|459.90|41.39|501.29|34.44|252.35|363.32|69.53|27.05|328.18
|77922|1028||152198|3567|3616|6269|||3616|||1416|27|160.11|6.40|||53.19|||31.23|91.89
||748||97786|7058||5954|97786||4210|2||1416|12||34.12||||||7.74|
2451818|19284|464|348|25138|5688|4758|348|25138|5688|4758|4|3|1416|11|916.30|18.32|934.62|86.50|628.76|174.09|215.24|526.97|733.58
2451833|65882|1361|4000|47761|1955|1356|4000|47761|1955|1356|1|2|1417|6|16.08|0.00|16.08|66.21|78.66|10.77|4.30|1.01|144.87
2452855|42158|643|7899|13854|4496|3371|7899|13854|4496|3371|3|1|1419|1|79.32|1.58|80.90|99.23|26.77|6.34|20.43|52.55|127.58
2452297|69991|509||||3142|4132|152362|3872||||1422|11|6.49|0.19||90.95||5.97|0.14||
2452099|59457|735|3492|77063|3754|3685|3492|77063|3754|3685|5|2|1422|17|1619.25|113.34|1732.59|38.24|818.89|1084.89|309.92|224.44|970.47
2452292|36986|421|5258|7804|4104|604|5258|7804|4104|604|5|3|1422|3|171.21|1.71|172.92|98.42|167.79|15.40|119.97|35.84|267.92
2452567|15451|1275|7140|19043|2626|1216|7140|19043|2626|1216|3|1|1423|3|106.08|5.30|111.38|56.64|5.52|42.43|36.91|26.74|67.46
2452320|85204|749|1319|44129|6666|116|1319|44129|6666|116|3|1|1424|1|70.27|6.32|76.59|45.57|9.24|26.70|15.68|27.89|61.13
2452415|59160|829|1994|105376|3591|13|1994|105376|3591|13|3|1|1424|4|45.28|3.62|48.90|66.35|67.92|41.20|3.95|0.13|137.89
2452334|49511|961|1203|3172|4181|4470|1203|3172|4181|4470|3|3|1424|9|161.91|3.23|165.14|54.80|158.76|34.00|43.48|84.43|216.79
2451396|5279|1070|3090|13764|3318|3432|3090|13764|3318|3432|1|1|1425|12|433.68|13.01|446.69|1.01|234.12|39.03|130.23|264.42|248.14
2452046|75968|1453|1318|30869|5493|1357|1318|30869|5493|1357|5|1|1426|12|567.60|5.67|573.27|33.19|946.08|408.67|54.03|104.90|984.94
2452357|43517|1689|3314|3326|1018|1117|3314|3326|1018|1117|5|3|1427|15|53.85|2.69|56.54|93.85|71.85|18.30|27.72|7.83|168.39
2452557||219||100373|||310||2116||6|2|1428||249.75||269.73||192.95|32.46|82.57|134.72|268.15
2452541|36607|1242|2964|36508|1125|229|2964|36508|1125|229|1|3|1428|3|75.72|6.81|82.53|39.76|109.38|42.40|20.65|12.67|155.95
2452558|23214|553|5802|144322|1355|4108|5802|144322|1355|4108|1|3|1428|11|767.91|23.03|790.94|85.35|959.86|145.90|441.62|180.39|1068.24
2452617|66389|441|4372|168519|1499|4086|4372|168519|1499|4086|1|3|1428|37|173.16|5.19|178.35|8.16|85.47|5.19|10.07|157.90|98.82
2452455|24674|361|2512|6305|2578|3458|2512|6305|2578|3458|5|1|1429|26|30.42|0.91|31.33|72.87|26.00|7.30|15.02|8.10|99.78
2451271|76111|1394|2981|161426|64|2429|2981|161426|64|2429|1|1|1431|66|5028.54|50.28|5078.82|39.50|463.98|3067.40|117.66|1843.48|553.76
2452551|46573|954|2649|116671|213|2548|2649|116671|213|2548|6|2|1432|39|6363.63|381.81|6745.44|3.79|449.67|4709.08|860.36|794.19|835.27
2451253|15087|1474|7972|120261|6357|3126|7972|120261|6357|3126|4|3|1433|34|2029.12|0.00|2029.12|96.64|289.68|588.44|86.44|1354.24|386.32
2451676|64055|1183|7174|175418|3822|1393|7174|175418|3822|1393|2|1|1437|17|761.60|60.92|822.52|54.41|235.62|654.97|22.39|84.24|350.95
2451853|65332|1537|7026|175802|5105|1168|7026|175802|5105|1168|1|1|1438|3|21.45|0.21|21.66|87.51|6.90|15.44|0.84|5.17|94.62
2452512|71724|882|6633|139637|5201|332|6633|139637|5201|332|1|1|1440|40|1485.20|14.85|1500.05|83.42|948.00|460.41|635.36|389.43|1046.27
2452482|51822|690|2092|19521|3990|2739|2092|19521|3990|2739|3|2|1440|16|768.16|0.00|768.16|35.50|133.60|0.00|576.12|192.04|169.10
2452360||597||75958|3479|||||1760|1||1441|||0.00||76.82|2.36|110.94||25.73|79.18
2452235|38659|1591|8343|109478|7046|2621|8343|109478|7046|2621|3|1|1442|13|464.75|0.00|464.75|12.64|19.24|250.96|119.72|94.07|31.88
2452219|20038|337|4236|77257|2118|4459|4236|77257|2118|4459|5|3|1442|1|0.42|0.03|0.45|53.49|0.75|0.15|0.25|0.02|54.27
2452488|46470|733|6926|165438|1790|4822|6926|165438|1790|4822|1|3|1443|10|277.20|13.86|291.06|18.84|104.60|194.04|64.03|19.13|137.30
2452128|62551|803|5478|16137|2744|1311|5478|16137|2744|1311|2|3|1444|22|697.84|13.95|711.79|21.00|273.02|669.92|9.49|18.43|307.97
2452481|55943|597|2273|69869|6058|1327|2273|69869|6058|1327|3|2|1445|19|1082.62|10.82|1093.44|88.28|380.38|779.48|178.85|124.29|479.48
2452581|32658|126|8144|55875|2006|1537|8144|55875|2006|1537|1|1|1445|3|113.37|7.93|121.30|65.87|120.93|23.80|7.16|82.41|194.73
2451361|47831|1102|4882|160447|1565|530|4882|160447|1565|530|1|2|1447|11|68.09|2.04|70.13|96.43|158.84|67.40|0.57|0.12|257.31
2452545|62010|480|9588|35577|4206|315|9588|35577|4206|315|6|1|1448|20|2382.20|214.39|2596.59|73.22|1740.80|1048.16|200.10|1133.94|2028.41
2452600|11633|1633|5489|79029|5612|2322|5489|79029|5612|2322|1|2|1448|62|5179.48|155.38|5334.86|59.74|1585.34|4816.91|250.17|112.40|1800.46
2451666|25850|656|1438|88923|361|1599|1438|88923|361|1599|1|1|1449|7|3.15|0.00|3.15|75.14|2.31|1.76|0.19|1.20|77.45
2451867||1460|1603|105884|||||5045|2366|1|1|1449|40|1316.80|92.17|1408.97|||118.51||539.24|223.45
2452412|51810|499|7890|71562|2914|2826|7890|71562|2914|2826|3|1|1450|1|81.54|1.63|83.17|64.16|48.41|4.07|11.62|65.85|114.20
2452401|74574|1503|3613|22850|520|2750|3613|22850|520|2750|5|2|1450|8|142.40|0.00|142.40|89.31|92.56|81.16|0.61|60.63|181.87
2452434|25441|1413|2536|56062|4948|2354|2536|56062|4948|2354|5|2|1450|13|597.09|5.97|603.06|33.52|116.09|185.09|185.40|226.60|155.58
2451570|66468|518|2108|40804|5660|3236|2108|40804|5660|3236|2|2|1451|51|0.00|0.00|0.00|85.13|343.74|0.00|0.00|0.00|428.87
2451750|46201|920|9876|41670|7144|131|9876|41670|7144|131|2|2|1451|21|397.11|35.73|432.84|73.33|772.17|202.52|130.37|64.22|881.23
2451680|44140|1300|3564|38213|349|2318|3564|38213|349|2318|2|2|1451|27|3307.50|132.30|3439.80|56.63|2325.51|2943.67|32.74|331.09|2514.44
2451771|57926|770|2240|188156|279|675|2240|188156|279|675|2|2|1452|28|635.88|6.35|642.23|29.48|661.36|0.00|95.38|540.50|697.19
2452079|66365|295|9133|111769|3172|4368|9133|111769|3172|4368|5|2|1453|8|305.52|6.11|311.63|13.73|86.24|229.14|39.71|36.67|106.08
2451228|26276|445|7430|108122|2734|3786|7430|108122|2734|3786|2|1|1454|43|534.06|0.00|534.06|18.24|193.93|352.47|161.61|19.98|212.17
2451404|40494|652|7278|37469|1180|131|7278|37469|1180|131|1|1|1454|20|998.00|39.92|1037.92|9.75|388.00|239.52|37.92|720.56|437.67
2452436|76176|975|1215|147861|3387|273|1215|147861|3387|273|1|1|1455|61|2761.47|82.84|2844.31|31.10|1240.13|607.52|193.85|1960.10|1354.07
2451701|69494|977|2939|158646|5313|2853|2939|158646|5313|2853|2|2|1456|21|910.77|81.96|992.73|24.47|690.48|582.89|36.06|291.82|796.91
2451347|63817|1246|9880|108690|4413|4456|9880|108690|4413|4456|4|1|1459|3|1.41|0.02|1.43|74.89|3.90|0.88|0.51|0.02|78.81
2451279|2062|541|3925|8013|6099|985|3925|8013|6099|985|4|1|1459|50|4904.50|196.18|5100.68|91.46|451.50|1863.71|2463.03|577.76|739.14
||666|5445|131780|435|2130|5445||435|2130|1|2|1460|||4.34|221.74|76.08||45.65||82.44|
2451744|55559|1651|1835|90075|5355|3562|1835|90075|5355|3562|1|3|1461|30|1489.80|104.28|1594.08|28.00|691.80|402.24|609.03|478.53|824.08
2451744|75135|103|5765|133650|5728|2686|5765|133650|5728|2686|2|1|1461|26|154.18|1.54|155.72|78.92|796.90|1.54|94.63|58.01|877.36
2452302|46734|621|8467|64213|3239|3025|8467|64213|3239|3025|5|1|1462|22|1340.24|13.40|1353.64|63.60|187.00|254.64|401.67|683.93|264.00
2451974|32542|337|9125|108837|4996|2355|9125|108837|4996|2355|1|3|1465|2|127.38|7.64|135.02|62.14|2.48|5.09|102.72|19.57|72.26
2451565|28095|1774|493|58069|5838|4534|493|58069|5838|4534|1|1|1466|5|286.55|2.86|289.41|75.93|187.75|171.93|82.52|32.10|266.54
2451473|39467|1412|1577|168626|3562|1331|1577|168626|3562|1331|2|1|1466|24|618.00|43.26|661.26|81.38|65.76|401.70|51.91|164.39|190.40
2451293|56500|802|9041|78941|634|4254|9041|78941|634|4254|2|3|1467|67|462.97|23.14|486.11|99.75|414.06|50.92|148.33|263.72|536.95
||440|||3851|132||2203|||||1468|3|||20.33||58.86|3.82|5.21||
2451946|76503|1243|2880|134494|555|1369|2880|134494|555|1369|1|3|1468|4|122.88|7.37|130.25|80.07|80.00|9.83|82.52|30.53|167.44
2451923|64699|1765|7641|8350|66|2655|7641|8350|66|2655|2|2|1468|22|0.00|0.00|0.00|13.91|1685.42|0.00|0.00|0.00|1699.33
2451524|73336|205|5882|41124|2173|2142|5882|41124|2173|2142|1|2|1469|9|24.75|0.49|25.24|80.45|38.43|4.20|14.17|6.38|119.37
2451422|34900|584|2473|132610|2780|2357|2473|132610|2780|2357|4|3|1469|16|1536.32|76.81|1613.13|81.26|201.60|307.26|417.88|811.18|359.67
2451482|21905|524|2682|187007|3445|3803|2682|187007|3445|3803|1|3|1469|20|464.20|41.77|505.97|82.28|348.20|422.42|10.86|30.92|472.25
2452115|77375|719|6800|38846|2445|2691|6800|38846|2445|2691|1|3|1470|75|3685.50|294.84|3980.34|37.47|331.50|515.97|316.95|2852.58|663.81
2452102|7772|434|9571|100217|1183|789|9571|100217|1183|789|5|3|1470|37|487.29|9.74|497.03|72.98|139.12|58.47|60.03|368.79|221.84
2451983|54990|415|474|169378|1642|179|474|169378|1642|179|1|3|1471|34|132.94|1.32|134.26|36.62|91.80|3.98|87.69|41.27|129.74
2451993|73905|1003|2072|124082|6685|2968|2072|124082|6685|2968|1|2|1471|71|398.31|11.94|410.25|25.10|2044.09|179.23|30.67|188.41|2081.13
2452287|57768|1711|181|109964|6354|4017|181|109964|6354|4017|1|2|1472|15|183.45|16.51|199.96|6.38|137.55|170.60|0.89|11.96|160.44
2452319|54443|1531|6609|71885|6841|4157|6609|71885|6841|4157|3|2|1472|1|12.68|0.88|13.56|35.05|5.59|5.57|1.20|5.91|41.52
2452331|73053|901|8822|113902|2343|4697|8822|113902|2343|4697|1|3|1472|95|6832.40|0.00|6832.40|89.91|901.55|3552.84|819.89|2459.67|991.46
2452505|31136|1657|3944|43507|2543|266|3944|43507|2543|266|1|3|1472|58|367.72|25.74|393.46|13.46|950.04|121.34|150.29|96.09|989.24
2451594|34825|1141|8418|172532|4199|4113|8418|172532|4199|4113|2|2|1474|11|508.31|5.08|513.39|14.84|210.76|457.47|8.13|42.71|230.68
2451624|44830|553|9471|148|1592|4829|9471|148|1592|4829|2|1|1474|32|1560.32|0.00|1560.32|75.20|525.76|748.95|770.80|40.57|600.96
2451534|61901|134|4360|142299|3438|2977|4360|142299|3438|2977|2|3|1475|67|4666.55|0.00|4666.55|84.16|6416.59|606.65|2029.95|2029.95|6500.75
2451694|49264|529|2564|190483|995|587|2564|190483|995|587|2|1|1475|12|534.84|10.69|545.53|94.75|512.64|203.23|308.39|23.22|618.08
2451397|44450|110|9101|83698|5048|2398|9101|83698|5048|2398|2|1|1476|42|684.60|20.53|705.13|94.97|233.10|150.61|299.03|234.96|348.60
2451352|40565|392|3480|72214|3348|2682|3480|72214|3348|2682|4|3|1477|56|6408.08|64.08|6472.16|48.25|4678.80|1858.34|2866.33|1683.41|4791.13
2451345|7284|1765|522|142398|3634|2790|522|142398|3634|2790|2|3|1477|6|272.16|16.32|288.48|13.16|106.74|160.57|32.36|79.23|136.22
2451522|68110|1040|3270|35012|1074|376|3270|35012|1074|376|4|1|1477|4|6.08|0.06|6.14|15.44|88.64|1.09|0.34|4.65|104.14
2451477|28006|434|5123|124162|1441|3800|5123|124162|1441|3800|4|3|1477|54|82.08|5.74|87.82|99.11|370.44|20.52|57.25|4.31|475.29
2451265|58872|1723|8330|132097|4584|911|8330|132097|4584|911|1|1|1477|24|0.00|0.00|0.00|70.42|215.52|0.00|0.00|0.00|285.94
|39207|1610||163372||4277|5323|163372||4277|||1480|18||42.99|520.71||257.22|||44.43|
2452085|44496|1501|4069|94374|4232|4537|4069|94374|4232|4537|2|1|1480|9|79.56|3.97|83.53|52.38|332.73|72.39|3.44|3.73|389.08
2452398|34630|1765|2647|42514|1901|528|2647|42514|1901|528|5|3|1481|59|2905.16|29.05|2934.21|76.34|717.44|1859.30|115.04|930.82|822.83
2452487|39519|539|602|137068|6094|4393|602|137068|6094|4393|3|1|1481|70|872.20|43.61|915.81|4.54|429.80|95.94|551.14|225.12|477.95
2452382|30214|1399|8294|87402|5334|2379|8294|87402|5334|2379|1|2|1482|59|2938.79|88.16|3026.95|78.60|2671.52|293.87|1983.69|661.23|2838.28
2450996|34944|1297|1816|111185|4314|4363|1816|111185|4314|4363|1|2|1484|34|1029.86|51.49|1081.35|43.52|853.40|741.49|196.09|92.28|948.41
2451269|81467|1111|9492|137479|1066|1253|9492|137479|1066|1253|2|1|1485|61|584.38|46.75|631.13|56.87|129.93|157.78|341.28|85.32|233.55
2451241|52053|278|4898|112544|1870|2109|4898|112544|1870|2109|2|3|1485|4|234.64|18.77|253.41|67.32|186.08|218.21|1.64|14.79|272.17
2452774|75470|627||33559||3137|||5048|3137|||1486|||83.54||40.73||1269.85|4.01|397.00|
2452620|69094|768|3681|31088|||3681|||3789||3|1486|||||88.44||139.12||17.93|506.41
2452400|55506|1493|4918|32542|1126|4183|4918|32542|1126|4183|3|2|1487|23|793.50|31.74|825.24|61.11|812.13|603.06|60.94|129.50|904.98
2452407|61873|957|6580|50367|4554|3741|6580|50367|4554|3741|5|3|1487|18|605.16|54.46|659.62|79.62|1059.12|574.90|30.26|0.00|1193.20
2451038|26174|1105|873|154596|6719|2442|873|154596|6719|2442|4|1|1488|48|5679.84|340.79|6020.63|42.73|1663.68|1817.54|2742.23|1120.07|2047.20
2451538|72098|19|8947|43616|3612|168|8947|43616|3612|168|4|3|1489|24|26.88|0.53|27.41|17.93|784.56|3.76|15.49|7.63|803.02
2451729|38178|1507|1491|97729|640|2191|1491|97729|640|2191|5|3|1490|16|1008.00|60.48|1068.48|54.21|586.72|887.04|4.83|116.13|701.41
2451727|75487|1070|2338|97758|3451|2631|2338|97758|3451|2631|2|1|1490|48|2287.68|0.00|2287.68|84.25|2006.88|2036.03|125.82|125.83|2091.13
2452698|33600|849|4433|107820|6454|1241|4433|107820|6454|1241|1|3|1491|2|211.94|14.83|226.77|34.92|2.70|184.38|2.75|24.81|52.45
2452019|40917|554|1186|63547|6788|3542|1186|63547|6788|3542|2|3|1493|3|156.24|4.68|160.92|66.68|89.94|54.68|56.87|44.69|161.30
2452345|44094|107|5915|188038|4748|3698|5915|188038|4748|3698|1|2|1494|8|135.68|2.71|138.39|56.87|161.12|21.70|19.37|94.61|220.70
2452382|53017|1099|7063|142774|6678|909|7063|142774|6678|909|1|1|1494|1|10.41|0.41|10.82|58.84|17.93|8.01|0.88|1.52|77.18
2452793|47490|1602|8014|14505|6069|4320|8014|14505|6069|4320|1|2|1495|4|443.44|4.43|447.87|56.97|192.80|421.26|0.88|21.30|254.20
2452801|55424|810|2890|82795|2220|1685|2890|82795|2220|1685|1|2|1495|16|896.16|44.80|940.96|99.86|51.68|322.61|344.13|229.42|196.34
2451379|47774|511|5460|125761|589|4177|5460|125761|589|4177|1|3|1496|6|163.20|8.16|171.36|31.39|0.00|53.85|79.82|29.53|39.55
2452912|78948|631|6514|23451|4388|3525|6514|23451|4388|3525|6|2|1498|56|3765.44|338.88|4104.32|12.26|1964.48|3125.31|320.06|320.07|2315.62
2452788|82986|423||108047|2686|2758|1120||2686|2758|6||1498|9||66.28|1013.26|84.03|553.41|||0.00|
|67277|504|||5254|494|21|70261|||6||1498|27||||23.91|||226.86||
2452791|35985|1593|7315|181059|6916|4493|7315|181059|6916|4493|6|3|1498|1|112.22|5.61|117.83|75.92|3.11|26.93|85.29|0.00|84.64
2452809|20405|714|1946|67733|2560|1420|1946|67733|2560|1420|1|1|1500|13|274.95|19.24|294.19|31.08|124.02|244.70|14.82|15.43|174.34
2451059|37986|562|2331|120422|4800|2611|2331|120422|4800|2611|2|3|1501|17|1111.80|66.70|1178.50|73.26|198.39|844.96|29.35|237.49|338.35
2451797|58927|1652|3678|50624|5395|3406|3678|50624|5395|3406|2|2|1502|4|377.16|15.08|392.24|17.62|244.04|256.46|67.59|53.11|276.74
2451875|54254|1055|2741|136656|4651|1806|2741|136656|4651|1806|2|1|1502|6|34.02|2.04|36.06|1.13|157.50|28.91|1.02|4.09|160.67
2451080|64639|1004|2820|55372|4164|3636|2820|55372|4164|3636|4|3|1504|67|6732.16|605.89|7338.05|66.22|2617.69|2423.57|129.25|4179.34|3289.80
2451069|69395|1790|9269|90120|2538|1349|9269|90120|2538|1349|4|3|1504|3|33.78|0.67|34.45|29.58|4.65|9.45|22.14|2.19|34.90
2451425|73681|1732|910|132995|2087|4252|910|132995|2087|4252|4|3|1506|10|105.30|3.15|108.45|91.90|39.40|103.19|0.33|1.78|134.45
2451489|28890|1348|8083|71791|3499|2207|8083|71791|3499|2207|2|1|1506|69|801.78|72.16|873.94|12.80|680.34|56.12|141.67|603.99|765.30
2451125|41006|110|9850|118596|4829|1295|9850|118596|4829|1295|1|1|1507|53|128.79|5.15|133.94|34.60|10.07|78.56|26.62|23.61|49.82
2451054|56038|1618|8113|136343|1853|2523|8113|136343|1853|2523|2|1|1507|5|314.95|18.89|333.84|69.54|297.95|258.25|35.72|20.98|386.38
2452626|67835|726|7801|55640|5686|4605|7801|55640|5686|4605|3|2|1508|56|1860.88|37.21|1898.09|84.43|478.24|502.43|95.09|1263.36|599.88
2452528|66347|1482|9113|16303|3253|1323|9113|16303|3253|1323|6|2|1508|28|0.00|0.00|0.00|97.47|1839.04|0.00|0.00|0.00|1936.51
2451062|66630|442|1747|78829|4071|2633|1747|78829|4071|2633|4|2|1510|11|0.00|0.00|0.00|39.94|117.48|0.00|0.00|0.00|157.42
2451516|5973|1081|6318|57095|5152|816|6318|57095|5152|816|1|2|1514|1|44.56|1.78|46.34|72.29|3.49|28.51|2.88|13.17|77.56
2452257|45128|1455|5289|176667|6877|1487|5289|176667|6877|1487|5|1|1515|14|229.74|16.08|245.82|41.09|1034.18|94.19|93.52|42.03|1091.35
2452329|35922|1471|7325|117412|5932|3612|7325|117412|5932|3612|1|2|1516|10|23.20|2.08|25.28|60.88|194.00|6.26|13.55|3.39|256.96
2452325|44049|1645|1437|14096|1108|3167|1437|14096|1108|3167|5|2|1516|13|204.36|0.00|204.36|83.57|93.60|173.70|20.84|9.82|177.17
2452186|43797|291|4125|7618|824|3997|4125|7618|824|3997|1|1|1517|4|229.72|13.78|243.50|26.42|11.76|195.26|31.35|3.11|51.96
2452365|55607|1579|4025|184564|3136|4668|4025|184564|3136|4668|3|1|1517|3|87.57|5.25|92.82|93.58|4.02|41.15|25.53|20.89|102.85
2452660|41188|111|1045|23015|6674|1286|1045|23015|6674|1286|3|3|1518|11|706.75|7.06|713.81|58.61|373.34|127.21|573.74|5.80|439.01
2452804|76865|1207|2864|2366|28|2610|2864|2366|28|2610|6|1|1520|49|662.97|13.25|676.22|15.69|27.44|119.33|483.83|59.81|56.38
2452887|48426|951|4301|31602|4663|3844|4301|31602|4663|3844|3|3|1521|40|322.40|12.89|335.29|29.36|1774.40|277.26|18.95|26.19|1816.65
2452451|46530|467|7142|114252|6162|2472|7142|114252|6162|2472|3|3|1522|8|2.32|0.11|2.43|57.85|55.68|2.15|0.05|0.12|113.64
2452661|37455|516|7225|60516|1054|4545|7225|60516|1054|4545|1|3|1524|4|65.32|5.87|71.19|87.63|19.80|62.70|1.33|1.29|113.30
2452725|82453|489|6168|156036|1471|1899|6168|156036|1471|1899|6|3|1524|35|4009.60|80.19|4089.79|23.72|643.30|3087.39|267.44|654.77|747.21
2452735|23371|591|9390|123023|5729|4122|9390|123023|5729|4122|3|1|1524|53|1777.09|142.16|1919.25|95.56|644.48|781.91|19.90|975.28|882.20
2451857|65404|428|8148|138631|4474|4637|8148|138631|4474|4637|1|3|1525|9|461.70|32.31|494.01|13.02|25.11|110.80|161.41|189.49|70.44
2452171|19532|425|8095|120732|4889|3286|8095|120732|4889|3286|1|1|1526|8|537.76|5.37|543.13|79.41|0.00|290.39|64.31|183.06|84.78
2452024|30745|791|1254|77794|367|4547|1254|77794|367|4547|2|2|1526|4|543.96|38.07|582.03|36.96|133.20|48.95|306.90|188.11|208.23
2452428|71841|563|1480|126520|4313|753|1480|126520|4313|753|3|1|1527|4|906.92|36.27|943.19|95.91|122.28|399.04|299.64|208.24|254.46
2452517|24225|925|3801|167447|580|1946|3801|167447|580|1946|3|3|1527|46|408.94|0.00|408.94|61.87|912.18|245.36|1.63|161.95|974.05
2452369|71978|805|8173|171446|5646|1159|8173|171446|5646|1159|1|1|1527|17|1638.12|147.43|1785.55|77.20|614.21|1392.40|49.14|196.58|838.84
2452446|11032|1223|9121|96642|1443|2004|9121|96642|1443|2004|5|1|1528|27|1441.53|72.07|1513.60|55.58|628.29|461.28|725.38|254.87|755.94
2452254|69690|1691|777|18744|5304|791|777|18744|5304|791|1|1|1528|11|94.49|0.00|94.49|89.57|118.14|46.30|21.20|26.99|207.71
2451358|12391|229|981|55815|649|1683|981|55815|649|1683|4|2|1531|48|4373.76|306.16|4679.92|53.92|87.36|1705.76|747.04|1920.96|447.44
2451221|42798|140|5312|24277|2922|2927|5312|24277|2922|2927|2|3|1531|13|616.72|24.66|641.38|57.61|108.81|333.02|45.39|238.31|191.08
2451149|18661|772|7790|116346|4662|145|7790|116346|4662|145|1|1|1533|44|1526.36|76.31|1602.67|61.63|508.64|915.81|61.05|549.50|646.58
2451306|63097|817|3044|161731|4098|3025|3044|161731|4098|3025|4|2|1534|12|1849.08|147.92|1997.00|2.12|294.72|55.47|520.14|1273.47|444.76
|41077|1036|9520||1175|2179|||1175||||1535|||||91.44|||||
2452437|66385|921|5355|71266|664|2895|5355|71266|664|2895|1|1|1536|43|4643.57|139.30|4782.87|5.75|1466.30|4318.52|91.01|234.04|1611.35
2451362||664|||4204|1370|7072||||4||1537||357.84||372.15|49.19|||162.32||271.40
2451315|82527|265|2811|136944|4564|3664|2811|136944|4564|3664|2|1|1537|11|351.78|28.14|379.92|61.78|198.44|144.22|143.21|64.35|288.36
2451332||1183|8855|||4257|8855|168600|3272|4257|4||1537|68|5917.36|414.21|6331.57||||1315.43||1868.94
2451331|83915|1586|7265|48950|4922|4727|7265|48950|4922|4727|4|1|1537|64|844.16|8.44|852.60|30.31|602.88|844.16|0.00|0.00|641.63
2452776|76413|666|4962|119520|4925|3283|4962|119520|4925|3283|3|2|1538|74|1355.68|81.34|1437.02|76.08|799.20|54.22|546.61|754.85|956.62
2451287|73227|1174|632|47860|5248|1756|632|47860|5248|1756|4|2|1539|62|0.00|0.00|0.00|49.67|771.28|0.00|0.00|0.00|820.95
2452718|60139|558|7392|78768|4864|2800|7392|78768|4864|2800|3|2|1540|12|284.76|25.62|310.38|50.74|406.80|14.23|243.47|27.06|483.16
2452808|47423|285|8777|176157|1565|2566|8777|176157|1565|2566|3|2|1540|6|201.42|6.04|207.46|99.08|241.74|179.26|19.50|2.66|346.86
2451709|39733|1375|2532|19335|5465|4708|2532|19335|5465|4708|2|2|1541|19|7.22|0.43|7.65|74.67|3.04|0.50|1.61|5.11|78.14
2451825|13634|301|6893|181295|1984|3506|6893|181295|1984|3506|4|1|1541|11|732.38|29.29|761.67|2.17|469.48|205.06|469.31|58.01|500.94
2452153|49193|587|2733|49522|504|1613|2733|49522|504|1613|5|3|1543|28|2873.92|0.00|2873.92|73.38|1436.96|1149.56|413.84|1310.52|1510.34
2451661|45816|1202|4120|90899|3278|1210|4120|90899|3278|1210|4|3|1545|10|611.40|42.79|654.19|17.50|95.70|171.19|136.46|303.75|155.99
2451640|76135|974|9930|57786|2809|3072|9930|57786|2809|3072|1|3|1546|15|189.75|7.59|197.34|53.74|79.05|138.51|48.16|3.08|140.38
2451553|64445|61|940|106488|6676|3744|940|106488|6676|3744|4|1|1546|18|291.60|8.74|300.34|95.37|79.02|163.29|60.30|68.01|183.13
2452859|70774|889|8758|27146|4861|2936|8758|27146|4861|2936|3|2|1547|6|363.12|0.00|363.12|66.44|139.62|363.12|0.00|0.00|206.06
2452802|62802|547|2765|3012|59|3506|2765|3012|59|3506|3|3|1547|8|382.08|22.92|405.00|93.27|177.36|225.42|87.72|68.94|293.55
2451952|73648|121|6437|104530|1456|1189|6437|104530|1456|1189|2|2|1548|15|1046.85|31.40|1078.25|5.71|110.70|41.87|723.58|281.40|147.81
2451857|73233|989|310|80994|4558|3082|310|80994|4558|3082|2|2|1548|21|870.03|0.00|870.03|82.90|388.92|609.02|245.34|15.67|471.82
2452786|82828|1038|3415|9767|3239|3104|3415|9767|3239|3104|3|2|1549|23|2186.61|196.79|2383.40|13.62|1147.01|284.25|551.68|1350.68|1357.42
2452632|63112|835|4051|73776|5228|240|4051|73776|5228|240|3|1|1549|41|449.36|26.96|476.32|88.34|1348.90|130.31|86.14|232.91|1464.20
2452794|69142|1479|7453|127900|3067|74|7453|127900|3067|74|6|3|1549|2|53.52|0.53|54.05|76.24|23.26|15.52|37.24|0.76|100.03
2451597|67824|1651|388|162726|424|2595|388|162726|424|2595|4|2|1550|17|2439.84|146.39|2586.23|20.31|464.61|1195.52|472.84|771.48|631.31
2452797|69677|1471|2163|93443|6963|3563|2163|93443|6963|3563|3|3|1553|6|385.32|34.67|419.99|52.60|112.86|38.53|242.75|104.04|200.13
2452044|23434|1015|3950|156409|3221|1880|3950|156409|3221|1880|1|3|1554|3|157.44|4.72|162.16|48.43|8.28|108.63|8.29|40.52|61.43
2452627|43784|1255|7621|98952|2556|1047|7621|98952|2556|1047|3|3|1555|15|3041.55|91.24|3132.79|80.09|1167.45|912.46|1298.74|830.35|1338.78
2452588|23649|885|5962|62325|481|117|5962|62325|481|117|6|1|1555|36|0.00|0.00|0.00|87.47|900.72|0.00|0.00|0.00|988.19
||588|||1590|4609||30251|1590|4609||3|1555|67|4622.33||||||||
2452610|17223|672|1353|27163|5820|30|1353|27163|5820|30|6|1|1555|13|317.07|9.51|326.58|60.54|803.27|133.16|55.17|128.74|873.32
2452430|47889|625|6628|59930|2634|2578|6628|59930|2634|2578|1|3|1555|35|1080.10|21.60|1101.70|86.77|266.70|583.25|377.60|119.25|375.07
2451871|33955|571|9803|4732|4541|463|9803|4732|4541|463|2|2|1557|49|3208.03|288.72|3496.75|55.78|0.00|1604.01|96.24|1507.78|344.50
2451753|50320|565|2420|18925|3303|4368|2420|18925|3303|4368|2|3|1559|19|353.78|14.15|367.93|78.51|260.68|311.32|37.78|4.68|353.34
2451695|62703|1430|8678|4796|1361|3879|8678|4796|1361|3879|5|3|1559|9|1633.86|98.03|1731.89|44.41|45.36|637.20|159.46|837.20|187.80
2452406|66565|801|2855|38324|6353|1149|2855|38324|6353|1149|1|3|1560|5|422.60|12.67|435.27|32.06|22.20|278.91|18.67|125.02|66.93
2451792|61561|736|560|22431|2189|1180|560|22431|2189|1180|2|3|1561|41|539.56|32.37|571.93|36.13|980.72|205.03|327.83|6.70|1049.22
2451195|45927|1330|4110|137765|6183|3001|4110|137765|6183|3001|2|2|1563|70|5625.20|450.01|6075.21|18.15|4791.50|4725.16|225.01|675.03|5259.66
2451580|49484|1165|5652|166274|656|2358|5652|166274|656|2358|4|3|1564|10|1134.50|79.41|1213.91|45.63|203.20|578.59|233.48|322.43|328.24
2451643|67420|40|4629|158103|1337|3291|4629|158103|1337|3291|4|2|1564|6|1.20|0.06|1.26|30.06|12.78|0.64|0.23|0.33|42.90
2451722|44351|878|2572|63077|1422|4894|2572|63077|1422|4894|2|3|1564|76|1467.56|44.02|1511.58|30.02|3424.56|1115.34|137.36|214.86|3498.60
2451882||1717|6383|||97|||||5|1|1565|67|||987.98||552.75||||
2452482|41893|1229|598|78138|5198|1498|598|78138|5198|1498|5|1|1566|2|111.88|0.00|111.88|72.63|42.24|70.48|21.94|19.46|114.87
2451616|81323|1438|3382|29627|6436|4492|3382|29627|6436|4492|1|3|1567|6|88.20|1.76|89.96|83.72|78.12|58.21|14.09|15.90|163.60
2451868|45316|593|7047|40016|345|2947|7047|40016|345|2947|5|3|1568|59|12.39|1.11|13.50|92.64|434.83|5.20|7.11|0.08|528.58
2452431|21041|1453|4971|36987|4956|3925|4971|36987|4956|3925|5|1|1570|24|135.60|8.13|143.73|45.62|452.16|5.42|87.22|42.96|505.91
2452589|66432|1107|6569|90998|627|3456|6569|90998|627|3456|5|2|1570|6|28.02|1.40|29.42|67.56|17.82|17.65|0.82|9.55|86.78
2451597|60800|1771|7614|149105|4629|1960|7614|149105|4629|1960|2|2|1571|82|3972.90|238.37|4211.27|17.10|2018.02|1787.80|1005.14|1179.96|2273.49
2451581|73561|772|4476|21555|4074|26|4476|21555|4074|26|2|3|1572|63|432.81|4.32|437.13|22.49|164.43|30.29|132.83|269.69|191.24
2451630|49498|1141|8723|178850|3584|638|8723|178850|3584|638|2|1|1572|33|904.86|45.24|950.10|78.92|989.67|443.38|304.57|156.91|1113.83
2451482|2553|85|6745|29063|3781|3499|6745|29063|3781|3499|2|1|1575|37|3089.50|216.26|3305.76|97.23|2914.49|154.47|2259.97|675.06|3227.98
2451209|73389|1195|2735|159500|2538|663|2735|159500|2538|663|1|3|1576|19|116.47|0.00|116.47|3.99|422.18|2.32|101.59|12.56|426.17
2452197|74898|1557|9461|73054|1855|3503|9461|73054|1855|3503|1|1|1577|54|1110.78|33.32|1144.10|71.40|1980.18|1088.56|18.44|3.78|2084.90
2452142|61960|759|6917|157833|1276|479|6917|157833|1276|479|3|3|1577|15|193.80|11.62|205.42|67.34|379.20|1.93|141.98|49.89|458.16
2451210|39902|1544|5066|65096|6453|1323|5066|65096|6453|1323|4|1|1579|10|190.00|13.30|203.30|97.31|123.50|123.50|22.61|43.89|234.11
2451916|37225|752|1532|123611|170|2842|1532|123611|170|2842|5|1|1580|4|20.88|1.46|22.34|92.29|99.32|15.24|2.36|3.28|193.07
2452043|57740|1105|2504|80165|546|4367|2504|80165|546|4367|1|3|1580|12|701.52|42.09|743.61|64.27|29.52|329.71|122.69|249.12|135.88
2451970|68912|307|2575|174724|1513|2382|2575|174724|1513|2382|1|3|1580|89|10227.88|204.55|10432.43|82.76|1771.99|511.39|1554.63|8161.86|2059.30
2451938|63566|1273|3555|187121|5407|86|3555|187121|5407|86|2|2|1580|48|6961.92|487.33|7449.25|96.51|1125.12|3968.29|2933.75|59.88|1708.96
2451627|41532|151|1544|177480|3129|2345|1544|177480|3129|2345|2|2|1581|1|157.71|4.73|162.44|90.97|4.92|39.42|70.97|47.32|100.62
2451626|39204|931|3264|147772|5113|4261|3264|147772|5113|4261|4|3|1582|5|654.20|52.33|706.53|95.86|132.20|379.43|266.52|8.25|280.39
2451644|60745|1051|1456|81691|759|2987|1456|81691|759|2987|2|1|1582|7|164.57|4.93|169.50|6.22|85.12|69.11|5.72|89.74|96.27
2451817|4608|1544|383|12318|6766|4134|383|12318|6766|4134|4|1|1582|40|4533.60|272.01|4805.61|31.24|1546.80|0.00|3490.87|1042.73|1850.05
2452473|71904|1620|107|404|5454|951|107|404|5454|951|3|2|1583|38|2240.86|22.40|2263.26|54.75|365.18|2173.63|24.87|42.36|442.33
2452546|44586|549|4357|84160|6716|4519|4357|84160|6716|4519|6|3|1583|6|578.94|23.15|602.09|28.47|24.78|191.05|174.55|213.34|76.40
2451873|63923|845|5214|57947|3273|3926|5214|57947|3273|3926|1|1|1584|2|154.80|4.64|159.44|72.25|113.82|83.59|24.92|46.29|190.71
2452036|65646|1061|2593|38423|6813|723|2593|38423|6813|723|5|1|1584|2|3.70|0.11|3.81|31.75|35.78|1.40|0.71|1.59|67.64
2451975|74609|679|167|70399|4998|1790|167|70399|4998|1790|1|1|1585|23|2133.71|149.35|2283.06|84.36|508.07|1344.23|607.89|181.59|741.78
2452013|67558|219|4804|153716|2708|507|4804|153716|2708|507|5|1|1585|7|772.52|69.52|842.04|61.79|25.69|239.48|463.74|69.30|157.00
2451744|68972|824|8970|180114|4905|49|8970|180114|4905|49|2|3|1586|14|604.38|54.39|658.77|80.33|1336.16|586.24|6.16|11.98|1470.88
2451666|48328|1273|5371|151782|2546|2310|5371|151782|2546|2310|1|3|1586|61|861.93|8.61|870.54|40.83|1896.49|456.82|307.88|97.23|1945.93
2451674|66367|1652|4548|37134|6680|4993|4548|37134|6680|4993|1|2|1586|25|49.75|0.00|49.75|70.06|87.00|22.88|20.15|6.72|157.06
2451560|16824|1364|8217|170817|1577|1657|8217|170817|1577|1657|2|2|1586|40|3753.20|262.72|4015.92|40.75|1392.00|1013.36|1452.11|1287.73|1695.47
2451444|60687|157|4252|5516|4300|2724|4252|5516|4300|2724|1|3|1587|2|224.74|11.23|235.97|47.14|40.44|206.76|0.53|17.45|98.81
2451304|46575|1036|2145|31856|4174|4412|2145|31856|4174|4412|2|1|1587|78|3907.02|351.63|4258.65|31.06|1897.74|2344.21|578.23|984.58|2280.43
2451759|60531|1408|6416|75395|694|1433|6416|75395|694|1433|4|3|1588|6|194.46|0.00|194.46|49.51|49.26|64.17|93.80|36.49|98.77
|26511|1705||||||||2458||2|1588||||9.91|68.79|||0.01||141.91
2451417|42045|1555|6570|24427|1804|4621|6570|24427|1804|4621|2|1|1589|24|1171.68|82.01|1253.69|93.98|796.80|316.35|179.61|675.72|972.79
2451520|67623|790|7440|146781|4162|3583|7440|146781|4162|3583|1|3|1589|1|0.14|0.00|0.14|92.62|0.51|0.03|0.02|0.09|93.13
2451598|10741|1766|193|118013|5913|3973|193|118013|5913|3973|2|3|1591|41|423.12|38.08|461.20|33.80|719.55|270.79|137.09|15.24|791.43
2451692|42380|1393|1806|41791|416|1121|1806|41791|416|1121|4|2|1591|29|133.98|10.71|144.69|98.58|116.29|97.80|20.62|15.56|225.58
2451562|23236|950|9357|59788|26|3937|9357|59788|26|3937|2|2|1591|28|406.56|32.52|439.08|31.05|908.60|406.56|0.00|0.00|972.17
2451654|53928|1141|7556|130234|6865|143|7556|130234|6865|143|4|2|1591|39|4.29|0.25|4.54|86.61|89.70|2.65|1.36|0.28|176.56
2451538|8911|1453|6389|89950|1511|3825|6389|89950|1511|3825|1|1|1592|39|741.00|14.82|755.82|42.68|1549.08|592.80|66.69|81.51|1606.58
2451691|32609|1106|6679|175286|6486|2413|6679|175286|6486|2413|1|1|1592|9|477.27|9.54|486.81|95.86|64.08|276.81|62.14|138.32|169.48
2451480|55886|1376|2239|97279|4559|1319|2239|97279|4559|1319|4|2|1593|2|14.16|0.84|15.00|50.81|5.38|0.42|1.64|12.10|57.03
2452143|46761|50|3704|50703|6469|1675|3704|50703|6469|1675|5|1|1594|13|56.42|2.82|59.24|48.11|24.83|31.59|17.87|6.96|75.76
2452242|33295|779|7277|102069|1054|919|7277|102069|1054|919|3|2|1595|27|0.00|0.00|0.00|68.89|635.85|0.00|0.00|0.00|704.74
2452364|46504|1315|4370|65220|1590|1400|4370|65220|1590|1400|1|2|1595|25|401.75|32.14|433.89|99.59|427.00|48.21|45.96|307.58|558.73
|61165|548|2174|68154||||68154|4457|2687|||1596|3|33.45|0.33|33.78|73.28|5.64|25.42||1.05|79.25
2451675|49321|1538|371|46231|3244|1857|371|46231|3244|1857|2|1|1596|20|1497.40|44.92|1542.32|86.87|582.20|733.72|168.00|595.68|713.99
2451766|71996|1292|6281|148253|2545|4677|6281|148253|2545|4677|1|3|1596|5|516.85|5.16|522.01|94.01|361.80|93.03|237.33|186.49|460.97
2452303|48490|1555|6555|20659|6203|3027|6555|20659|6203|3027|1|1|1599|2|2.70|0.05|2.75|87.84|2.70|0.16|2.46|0.08|90.59
2452337|30402|465|4111|164592|33|1394|4111|164592|33|1394|5|3|1599|9|180.63|9.03|189.66|52.82|34.74|162.56|14.81|3.26|96.59
2452345|70063|791|381|179138|6775|2125|381|179138|6775|2125|5|3|1599|57|7125.00|641.25|7766.25|30.61|722.76|7053.75|2.85|68.40|1394.62
2451602|73331|805|457|38512|2774|509|457|38512|2774|509|2|3|1600|67|5334.54|266.72|5601.26|86.47|992.27|533.45|4753.07|48.02|1345.46
2451491|33339|430|3040|12783|6159|742|3040|12783|6159|742|4|1|1600|15|802.65|56.18|858.83|84.65|163.20|48.15|30.18|724.32|304.03
2451566|74368|1558|4858|28556|254|2152|4858|28556|254|2152|2|3|1600|4|701.76|63.15|764.91|73.04|362.44|519.30|135.02|47.44|498.63
2451448|46127|1154|8481||1712|4704|8481|108753|1712||2||1601||1219.68|60.98|1280.66|63.11||390.29|||236.09
2451400|24601|800|9500|123128|3556|2384|9500|123128|3556|2384|4|1|1601|42|308.28|0.00|308.28|68.87|42.84|33.91|2.74|271.63|111.71
2451437|3984|361|899|17533|6025|2277|899|17533|6025|2277|4|2|1601|13|0.00|0.00|0.00|52.65|89.31|0.00|0.00|0.00|141.96
2451894|25349|1673|1451|29222|3360|3938|1451|29222|3360|3938|1|3|1603|2|5.44|0.43|5.87|89.05|20.54|5.11|0.26|0.07|110.02
2452651|50183|505|1436|33393|117|4834|1436|33393|117|4834|1|3|1604|1|25.61|2.04|27.65|17.68|37.66|25.61|0.00|0.00|57.38
2452574|67383|1602|2645|191671|1334|4597|2645|191671|1334|4597|6|3|1608|71|1025.95|82.07|1108.02|22.13|1091.27|0.00|800.24|225.71|1195.47
2452630|23657|1440|673|188038|5130|3982|673|188038|5130|3982|3|3|1608|56|4797.52|287.85|5085.37|84.68|2792.72|3358.26|748.41|690.85|3165.25
2451246|60980|554|1874|146248|1905|609|1874|146248|1905|609|1|2|1610|12|194.04|9.70|203.74|19.25|517.44|48.51|17.46|128.07|546.39
2451332|70165|380|342|75152|6842|3292|342|75152|6842|3292|1|1|1610|15|9.75|0.78|10.53|23.65|4.80|3.80|2.85|3.10|29.23
2452612|75185|1591|1213|9575|5537|4652|1213|9575|5537|4652|1|1|1611|20|933.40|0.00|933.40|72.28|103.60|93.34|814.85|25.21|175.88
2452660|44037|223|8329|148361|4600|3759|8329|148361|4600|3759|6|1|1611|56|773.36|38.66|812.02|50.45|1031.52|696.02|10.05|67.29|1120.63
2452740|32754|546|5212|158920|2435|670|5212|158920|2435|670|3|1|1611|9|193.32|15.46|208.78|6.59|227.43|13.53|3.59|176.20|249.48
2452733|25423|1717|3602|7734|5866|4198|3602|7734|5866|4198|6|3|1613|11|29.48|0.29|29.77|79.66|106.26|22.69|6.24|0.55|186.21
2451245|40601|794|7724|12264|5717|1090|7724|12264|5717|1090|4|2|1614|2|77.84|5.44|83.28|69.21|77.84|20.23|35.14|22.47|152.49
2452859|80542|1002|8371|119609|3600|1038|8371|119609|3600|1038|1|2|1615|33|1199.22|71.95|1271.17|49.48|2085.93|1175.23|12.95|11.04|2207.36
2452789|77224|511|4675|85501|4614|4007|4675|85501|4614|4007|6|1|1615|2|248.78|17.41|266.19|86.11|187.54|17.41|208.23|23.14|291.06
2451461|12016|1642|1783|62091|5679|2674|1783|62091|5679|2674|1|3|1616|21|1449.42|43.48|1492.90|9.41|196.77|391.34|243.35|814.73|249.66
2451582|44680|1268|4567|95412|737|2975|4567|95412|737|2975|4|1|1617|18|83.16|4.98|88.14|81.92|384.66|12.47|4.94|65.75|471.56
2451451|69090|1550|351|60978|6132|1599|351|60978|6132|1599|1|2|1617|2|62.66|3.13|65.79|87.65|85.86|30.07|15.64|16.95|176.64
2451437|11609|842|6245|158803|1921|2006|6245|158803|1921|2006|1|2|1617|2|387.66|23.25|410.91|44.93|132.06|275.23|78.70|33.73|200.24
2452088|15577|1208|1234|55845|4776|4947|1234|55845|4776|4947|1|2|1620|34|5575.32|223.01|5798.33|37.68|1720.74|5129.29|75.82|370.21|1981.43
2452725|53858|271|2670|158458|293|3728|2670|158458|293|3728|6|1|1621|7|715.19|42.91|758.10|9.37|472.78|514.93|26.03|174.23|525.06
2451582|15159|1694|6088|68133|7138|3510|6088|68133|7138|3510|1|1|1622|20|444.00|4.44|448.44|52.04|224.40|111.00|113.22|219.78|280.88
2451527|35604|1054|7398|||||78441||||1|1623||||6344.38||3548.82|2095.39||3613.40|
2451440|66792|248|2782|65772|1162|152|2782|65772|1162|152|2|1|1624|26|888.68|0.00|888.68|80.28|83.20|542.09|48.52|298.07|163.48
2451329|26114|1208|6049|151194|3986|578|6049|151194|3986|578|2|2|1624|39|520.26|20.81|541.07|54.79|387.27|218.50|208.21|93.55|462.87
2451394|59222|25|8437|78948|2932|1403|8437|78948|2932|1403|4|3|1624|46|2718.14|135.90|2854.04|4.68|2847.40|1793.97|656.16|268.01|2987.98
2451829|28217|220|6604|122258|4472|3253|6604|122258|4472|3253|4|3|1625|46|2360.72|70.82|2431.54|90.33|2118.76|873.46|550.28|936.98|2279.91
2451777||931||149554|3101|4161||||4161||3|1625||238.23|4.76|242.99|66.80|||114.06|36.03|
2451756||1018|5589||2772||5589|35684|||||1625|59||24.06|1227.07|32.77||||375.35|213.77
2451601|25177|188|1473|35473|4626|3026|1473|35473|4626|3026|1|3|1625|83|6461.55|516.92|6978.47|11.02|390.93|6138.47|22.61|300.47|918.87
2451916|9363|767|6363|97299|3002|3698|6363|97299|3002|3698|2|3|1626|50|2162.00|172.96|2334.96|61.40|2064.00|518.88|1232.34|410.78|2298.36
2452690|74233|663|8314|106250|5946|3162|8314|106250|5946|3162|1|1|1627|6|563.40|11.26|574.66|89.60|117.90|383.11|50.48|129.81|218.76
||487|2988|189928|3941||2988|189928|3941|3394||2|1627|19|||||||||
2451956|44593|1471|7728|10209|2610|1298|7728|10209|2610|1298|1|2|1630|28|2830.52|169.83|3000.35|44.13|377.16|28.30|420.33|2381.89|591.12
2452112|68827|1645|2779|158448|7030|3332|2779|158448|7030|3332|5|2|1630|55|8230.20|82.30|8312.50|1.96|2945.25|3209.77|1154.69|3865.74|3029.51
2451446|76775|818|6253|58181|7022|430|6253|58181|7022|430|2|2|1631|7|118.37|10.65|129.02|94.76|188.51|110.08|7.54|0.75|293.92
2451315|61597|478|1475|144411|4867|3763|1475|144411|4867|3763|4|1|1632|53|4457.83|178.31|4636.14|24.99|2228.65|3254.21|493.48|710.14|2431.95
2451337|34880|464|2527|26937|340|4270|2527|26937|340|4270|4|2|1632|55|3549.70|106.49|3656.19|26.97|2236.85|106.49|1377.28|2065.93|2370.31
2451783|20201|1244|9269|103196|483|90|9269|103196|483|90|4|3|1633|6|161.82|1.61|163.43|79.87|71.88|58.25|22.78|80.79|153.36
2452137|63375|447|6886|163673|4733|2680|6886|163673|4733|2680|3|1|1635|69|870.78|60.95|931.73|54.77|1604.25|34.83|25.07|810.88|1719.97
2452294|40131|355|7970|47174|3338|2469|7970|47174|3338|2469|1|3|1635|32|331.52|0.00|331.52|11.78|149.76|82.88|183.99|64.65|161.54
2451639|11487|1420|384|66382|3547|1705|384|66382|3547|1705|1|2|1638|21|378.00|7.56|385.56|38.31|350.91|177.66|138.23|62.11|396.78
2452584|4334|1321|9464|104327|4517|1220|9464|104327|4517|1220|6|1|1641|32|2331.52|23.31|2354.83|56.75|1125.44|1632.06|342.73|356.73|1205.50
2452048|46090|296|8480|17365|1130|208|8480|17365|1130|208|1|3|1642|25|3615.00|108.45|3723.45|16.03|2116.00|2892.00|629.01|93.99|2240.48
2450967|78429|1276|4553|36649|5465|2321|4553|36649|5465|2321|1|2|1643|2|126.50|7.59|134.09|29.85|65.36|3.79|9.81|112.90|102.80
2451346|63465|859|3761|95369|6737|1272|3761|95369|6737|1272|2|3|1645|27|48.87|0.48|49.35|35.07|113.94|11.72|26.37|10.78|149.49
2452736||517||138433||||138433|7039|2485|3|1|1646|1||7.01||||42.10|39.68|5.94|
2451553|64869|67|1155|159376|5357|11|1155|159376|5357|11|4|1|1647|57|1046.52|73.25|1119.77|34.23|123.12|387.21|428.55|230.76|230.60
2451616|32760|289|9139|100223|2187|4758|9139|100223|2187|4758|1|1|1647|14|1088.22|32.64|1120.86|70.37|629.16|272.05|318.30|497.87|732.17
2451390|75633|1513|3032|94860|3761|3702|3032|94860|3761|3702|2|3|1647|25|1626.25|32.52|1658.77|28.73|424.00|601.71|450.79|573.75|485.25
2451492|68087|44|3181|88210|2759|2948|3181|88210|2759|2948|4|1|1647|6|894.18|62.59|956.77|28.28|147.12|80.47|724.20|89.51|237.99
2451710|46827|133|6115|149713|2718|3596|6115|149713|2718|3596|1|1|1647|32|938.88|46.94|985.82|34.99|568.96|187.77|90.13|660.98|650.89
2451541|28923|1579|6754|100855|3836|3977|6754|100855|3836|3977|1|3|1647|4|223.48|8.93|232.41|42.00|125.68|127.38|33.63|62.47|176.61
2452637|63585|525|4252|170085|4831|4344|4252|170085|4831|4344|1|3|1649|46|1644.96|65.79|1710.75|15.61|2315.64|1365.31|145.41|134.24|2397.04
2452597|33722|1533|1933|129855|1206|2197|1933|129855|1206|2197|6|2|1649|12|366.84|25.67|392.51|99.32|76.92|260.45|70.21|36.18|201.91
2452560|57818|1555|8334|36439|3217|3035|8334|36439|3217|3035|1|3|1650|42|50.40|0.00|50.40|44.28|111.72|27.72|0.45|22.23|156.00
2451178|17925|376|3442|109485|6328|171|3442|109485|6328|171|4|1|1651|31|5308.13|265.40|5573.53|49.89|1940.60|3131.79|1741.07|435.27|2255.89
2451519|70538|652|862|157743|2577|258|862|157743|2577|258|1|2|1652|22|564.96|22.59|587.55|43.10|196.02|62.14|45.25|457.57|261.71
2452470|69702|31|3298|75203|3348|2973|3298|75203|3348|2973|3|1|1653|81|1248.21|24.96|1273.17|5.26|595.35|274.60|68.15|905.46|625.57
2452349|60097|519|1226|117931|6683|3988|1226|117931|6683|3988|1|2|1655|4|74.84|5.98|80.82|71.90|48.64|46.40|13.08|15.36|126.52
2452270|74859|57|5142|30353|6717|728|5142|30353|6717|728|3|1|1655|10|511.70|15.35|527.05|86.90|90.90|240.49|75.93|195.28|193.15
2451850|65969|1067|745|115519|2886|2180|745|115519|2886|2180|2|2|1656|21|2419.41|24.19|2443.60|77.36|0.00|435.49|158.71|1825.21|101.55
2452753|42511|1141|5845|42717|4221|2478|5845|42717|4221|2478|1|2|1657|9|396.36|31.70|428.06|95.52|88.02|388.43|4.20|3.73|215.24
2452884|26880|1105|8310|154478|1526|4334|8310|154478|1526|4334|6|3|1658|77|10677.59|640.65|11318.24|91.31|7380.45|9289.50|1138.23|249.86|8112.41
2452766|78127|921|2190|19259|88|4637|2190|19259|88|4637|6|2|1658|27|1105.92|99.53|1205.45|57.79|1294.65|199.06|108.82|798.04|1451.97
2451166|40092|572|6362|67061|6127|4786|6362|67061|6127|4786|4|3|1659|8|565.92|28.29|594.21|23.51|180.56|294.27|162.99|108.66|232.36
2451253|77919|1316|6541|73293|6525|2470|6541|73293|6525|2470|4|3|1659|58|117.16|2.34|119.50|77.29|200.10|87.87|22.26|7.03|279.73
2451827|78631|1148|847|69242|4837|279|847|69242|4837|279|2|3|1660|15|62.85|0.62|63.47|56.84|31.80|32.68|22.32|7.85|89.26
2451909|25206|931|3215|146873|4244|4935|3215|146873|4244|4935|2|3|1660|85|1304.75|0.00|1304.75|23.94|797.30|991.61|128.38|184.76|821.24
2451896|18653|686|2599|46347|1627|1780|2599|46347|1627|1780|1|1|1660|36|1308.60|52.34|1360.94|75.34|702.00|1059.96|34.80|213.84|829.68
2451228|19234|160|6542|120485|4941|317|6542|120485|4941|317|4|1|1661|4|0.00|0.00|0.00|12.43|46.36|0.00|0.00|0.00|58.79
2452701|71726|163|982|94856|3563|3877|982|94856|3563|3877|6|2|1662|50|422.00|21.10|443.10|66.15|464.50|156.14|265.86|0.00|551.75
2452796|45034|1284|397|43124|2444|1644|397|43124|2444|1644|1|1|1665|1|14.25|0.28|14.53|57.71|33.26|8.12|6.06|0.07|91.25
2452388|28309|1135|6627|1972||||1972|1397||5|2|1666||199.95|7.99|207.94|70.44|||||745.24
|70478|1017|||4254|3183||190292|4254|3183|||1666|1|13.84||||7.50||2.47|2.38|74.89
2452778|70918|1627|5268|108540|4132|3764|5268|108540|4132|3764|6|2|1669|1|66.67|1.33|68.00|70.49|18.05|32.66|1.36|32.65|89.87
2452722|2602|1225|8179|114859|4499|59|8179|114859|4499|59|3|3|1670|5|154.25|9.25|163.50|12.80|244.70|49.36|103.84|1.05|266.75
2452709|72226|471|9465|3493|6274|1855|9465|3493|6274|1855|3|1|1671|30|127.80|1.27|129.07|69.57|613.80|111.18|13.29|3.33|684.64
2451935|39531|56|6762|46191|5927|3023|6762|46191|5927|3023|1|1|1674|2|23.30|0.23|23.53|27.33|93.20|5.82|1.57|15.91|120.76
2452694|44661|439|2890|138123|6636|2309|2890|138123|6636|2309|3|2|1675|10|1370.90|123.38|1494.28|39.06|14.90|562.06|444.86|363.98|177.34
2452788|25490|1059|4506|124818|2490|1682|4506|124818|2490|1682|3|1|1675|28|106.40|6.38|112.78|89.28|200.48|53.20|5.32|47.88|296.14
2452687|47336|846|6451|26098|2898|745|6451|26098|2898|745|6|1|1675|62|1466.30|131.96|1598.26|49.68|254.82|1466.30|0.00|0.00|436.46
2452934|44510|601|2669|78255|1874|100|2669|78255|1874|100|3|3|1676|17|2689.06|53.78|2742.84|46.11|95.88|26.89|2156.35|505.82|195.77
2452052|44234|1604|8739|109534|2376|4418|8739|109534|2376|4418|1|3|1677|11|176.77|7.07|183.84|95.04|131.67|143.18|28.55|5.04|233.78
2452439|70821|801|7577|2300|1903|2313|7577|2300|1903|2313|1|1|1678|13|2357.81|0.00|2357.81|77.52|151.06|565.87|895.97|895.97|228.58
2452621|66132|163|7370|63495|6820|1345|7370|63495|6820|1345|6|1|1679|56|2830.24|56.60|2886.84|25.09|4489.52|2717.03|67.92|45.29|4571.21
2452445|38763|1663|9253|120465|1164|2743|9253|120465|1164|2743|3|2|1679|17|165.07|11.55|176.62|39.28|58.82|47.87|78.52|38.68|109.65
2452440|13717|1137|3417|45963|4462|4208|3417|45963|4462|4208|6|3|1679|61|2610.19|234.91|2845.10|15.85|636.23|1435.60|634.27|540.32|886.99
2451636|46013|910|4872|36345|6585|4018|4872|36345|6585|4018|1|2|1680|88|1509.20|90.55|1599.75|35.95|1780.24|950.79|318.29|240.12|1906.74
2451527|82837|452|5703|185487|2705|3563|5703|185487|2705|3563|4|3|1680|33|887.70|0.00|887.70|76.31|2600.40|275.18|171.50|441.02|2676.71
|62944|1567|||2673|4817||98369|2673||6|2|1681|||||44.82|||6.77|8.28|
2452660|70401|1026|3182|177251|793|1822|3182|177251|793|1822|1|1|1681|18|664.92|13.29|678.21|82.90|265.86|152.93|230.39|281.60|362.05
2452663|40069|1359|7329|79102|7162|2055|7329|79102|7162|2055|3|2|1681|15|1782.75|0.00|1782.75|94.94|935.85|730.92|357.62|694.21|1030.79
2451509|58978|10|6843|1043|1516|2276|6843|1043|1516|2276|1|1|1682|3|222.30|17.78|240.08|21.59|83.67|0.00|4.44|217.86|123.04
2451227|30167|1460|4515|189946|2704|775|4515|189946|2704|775|2|2|1683|11|878.02|35.12|913.14|60.29|765.93|790.21|49.17|38.64|861.34
2451200|52198|284|7082|188057|905|3640|7082|188057|905|3640|2|2|1683|37|194.25|15.54|209.79|92.07|43.66|112.66|76.69|4.90|151.27
2451578|29100|415|8020|167923|2226|4482|8020|167923|2226|4482|4|3|1684|4|308.96|18.53|327.49|98.25|111.68|120.49|175.27|13.20|228.46
2451738|53656|740|925|76410|3062|1907|925|76410|3062|1907|4|3|1684|12|32.28|1.29|33.57|33.57|7.56|10.97|0.85|20.46|42.42
2451441|47401|679|2122|36517|5119|4194|2122|36517|5119|4194|4|2|1686|6|695.94|34.79|730.73|50.76|367.08|0.00|146.14|549.80|452.63
2451425|22536|1093|2279|72993|1754|4715|2279|72993|1754|4715|4|2|1686|2|141.72|7.08|148.80|11.83|172.84|133.21|8.25|0.26|191.75
2452553|63567|369|1900|65802|6071|333|1900|65802|6071|333|3|3|1687|10|188.40|15.07|203.47|94.52|6.70|103.62|7.63|77.15|116.29
2451329|44249|368|6563|163636|1476|1309|6563|163636|1476|1309|2|2|1689|57|4210.02|0.00|4210.02|40.43|851.58|1894.50|1180.91|1134.61|892.01
2451301|52393|1756|6505||||6505||4702|2224||3|1689|55|2633.40|131.67||77.77||2317.39||268.61|209.44
2452601|55137|1764|3265|97667|2182|4417|3265|97667|2182|4417|1|3|1690|2|75.62|2.26|77.88|88.00|31.26|37.81|34.40|3.41|121.52
|65535|866|5847|73816||1474|5847|73816|5465||2|1|1691||4889.76|||14.50|361.92||11.73|86.07|425.31
2451458|66613|1100|588|78089|4230|3251|588|78089|4230|3251|1|1|1692|32|1175.68|35.27|1210.95|7.21|1118.08|223.37|19.04|933.27|1160.56
2451270|62551|736|5564|78082|3927|2685|5564|78082|3927|2685|4|2|1692|43|2860.36|257.43|3117.79|13.03|3875.59|1172.74|185.63|1501.99|4146.05
|75938|11|272|119177|6195|3980||119177|||||1693|18|1800.36|54.01||||1512.30||155.56|758.47
2452144|63084|1607|2704|65597|1370|1856|2704|65597|1370|1856|2|1|1693|16|1352.96|54.11|1407.07|22.32|302.40|527.65|66.02|759.29|378.83
2452096|33812|29|6082|51828|6807|3593|6082|51828|6807|3593|5|1|1695|34|2774.40|166.46|2940.86|64.45|1886.32|1664.64|166.46|943.30|2117.23
2452138|54523|131|1782|82350|3638|2966|1782|82350|3638|2966|5|3|1695|1|64.74|5.17|69.91|8.54|13.21|25.89|2.33|36.52|26.92
2451318|58130|1538|9712|181928|544|3913|9712|181928|544|3913|4|3|1696|13|148.20|11.85|160.05|33.27|0.00|54.83|18.67|74.70|45.12
2451632|17279|1294|6467|189073|1039|3878|6467|189073|1039|3878|4|3|1697|27|1822.50|36.45|1858.95|43.34|1380.78|1111.72|405.14|305.64|1460.57
2451617||286|9528||5581|||143571||4831|2||1697|||6.62|338.07|||86.17|139.80||157.00
2452488|24578|819|8830|138179|5815|1884|8830|138179|5815|1884|6|1|1698|6|89.40|8.04|97.44|81.76|80.46|75.09|0.85|13.46|170.26
2451217|54310|745|7524|80721|2445|3129|7524|80721|2445|3129|1|3|1699|9|7.56|0.22|7.78|3.73|43.20|6.65|0.38|0.53|47.15
2451338|1668|490|6698|78432|6279|1846|6698|78432|6279|1846|2|2|1699|1|85.16|5.10|90.26|7.89|19.46|74.94|0.51|9.71|32.45
2451358|31910|1123|4357|177753|1102|2698|4357|177753|1102|2698|2|1|1699|1|95.81|0.00|95.81|67.34|10.41|84.31|6.67|4.83|77.75
2451273|70147|208|3269|80004|5892|4027|3269|80004|5892|4027|2|1|1699|61|1008.33|50.41|1058.74|81.04|1584.17|927.66|54.04|26.63|1715.62
2451436|48319|205|652|111541|590|3406|652|111541|590|3406|2|1|1699|72|3369.60|0.00|3369.60|1.02|877.68|2796.76|572.84|0.00|878.70
2452280|9991|543|1859|65413|4807|3034|1859|65413|4807|3034|3|1|1700|23|342.01|10.26|352.27|65.92|473.57|61.56|266.42|14.03|549.75
2451779|77256|1721|9081|11515|1276|3950|9081|11515|1276|3950|1|3|1701|5|222.35|13.34|235.69|5.15|30.20|115.62|26.68|80.05|48.69
2451864|74942|407|4052|66447|682|1550|4052|66447|682|1550|1|3|1701|14|93.66|5.61|99.27|88.24|6.02|77.73|0.31|15.62|99.87
2451760|59726|1435|2039|157664|809|3041|2039|157664|809|3041|1|2|1701|59|10283.11|411.32|10694.43|42.36|3895.18|1336.80|1789.26|7157.05|4348.86
2451790||1073||||299||186802|3827|299|5|2|1701|11||44.93|793.81|45.45|299.53||||389.91
2451369|50641|1711|8361|31158|915|3392|8361|31158|915|3392|1|3|1702|13|239.98|7.19|247.17|64.43|1093.56|11.99|212.03|15.96|1165.18
2452276|62654|199|6779|33425|3464|4430|6779|33425|3464|4430|5|3|1703|11|196.13|7.84|203.97|9.76|27.94|23.53|60.41|112.19|45.54
2451824|51270|38|891|185452|6366|2480|891|185452|6366|2480|1|2|1704|43|4508.55|360.68|4869.23|2.21|0.00|631.19|1512.17|2365.19|362.89
2451415|48885|1195|8976|173573|4010|1974|8976|173573|4010|1974|4|2|1705|13|2477.93|123.89|2601.82|8.24|81.64|297.35|1264.73|915.85|213.77
2451346|26760|1226|4465|170826||1628|4465|170826||||3|1705||||||35.56|6.86|128.58|36.27|
2451250|40940|385|6792|137287|3862|1997|6792|137287|3862|1997|2|1|1705|5|724.45|50.71|775.16|43.84|143.10|7.24|272.53|444.68|237.65
2451293|60711|979|4669|33170|1671|772|4669|33170|1671|772|4|2|1705|76|6948.68|277.94|7226.62|66.71|2988.32|6601.24|194.56|152.88|3332.97
2451953|79051|1433|151|126376|4441|2186|151|126376|4441|2186|5|3|1706|6|426.48|0.00|426.48|75.93|170.58|375.30|28.14|23.04|246.51
2451539|45439|710|5497|148997|5984|1451|5497|148997|5984|1451|4|3|1707|12|679.20|20.37|699.57|69.73|108.00|0.00|604.48|74.72|198.10
2452400||121|3948|98056|197|||98056|197||3||1708||281.34||289.78||||191.76||53.53
2451429|51451|721|8333|96501|1389|2317|8333|96501|1389|2317|2|2|1709|1|42.99|3.86|46.85|99.77|5.15|8.16|23.33|11.50|108.78
2451390|79736|691|6209|30665|2514|3490|6209|30665|2514|3490|1|3|1712|20|14.00|0.42|14.42|77.13|4.20|8.12|2.88|3.00|81.75
2451648|19489|478|8889|20605|4434|4983|8889|20605|4434|4983|2|3|1712|4|275.44|19.28|294.72|68.83|153.36|162.50|13.55|99.39|241.47
2452039|28878|1634|8678|18099|6564|2182|8678|18099|6564|2182|1|2|1715|5|758.75|30.35|789.10|40.64|344.85|144.16|338.02|276.57|415.84
2452496|26445|597|8149|77267|5505|583|8149|77267|5505|583|5|2|1716|3|98.34|5.90|104.24|14.34|49.68|65.88|7.46|25.00|69.92
2452428|58306|301|4596|85218|5167|1429|4596|85218|5167|1429|1|3|1716|3|102.81|4.11|106.92|98.08|65.91|57.57|23.97|21.27|168.10
2451730|21934|1628|7380|133331|1282|3186|7380|133331|1282|3186|2|3|1717|21|1350.30|40.50|1390.80|54.08|155.82|823.68|268.57|258.05|250.40
2451655|69603|370|5028|190955|962|3729|5028|190955|962|3729|4|3|1718|43|780.45|70.24|850.69|77.47|2767.05|437.05|281.58|61.82|2914.76
2451617|74469|1651|7374|130573|732|3011|7374|130573|732|3011|4|2|1718|80|6346.40|571.17|6917.57|65.24|719.20|3363.59|835.18|2147.63|1355.61
2451982|61435|1475|8531|112663|3882|1934|8531|112663|3882|1934|5|3|1719|2|18.02|0.18|18.20|42.00|21.98|11.89|0.91|5.22|64.16
2452882|58455|429|350|46443|1896|4622|350|46443|1896|4622|6|2|1720|11|434.61|39.11|473.72|43.52|191.18|378.11|2.82|53.68|273.81
2452917|18585|693|8741|145286|5511|496|8741|145286|5511|496|6|1|1720|17|114.24|7.99|122.23|29.70|266.73|69.68|29.40|15.16|304.42
2452371|24058|1373|1967|52392|5650|3115|1967|52392|5650|3115|1|2|1721|6|145.98|5.83|151.81|80.62|79.08|67.15|45.72|33.11|165.53
2452859|70641|1800|2403|167283|5730|970|2403|167283|5730|970|1|2|1723|38|197.60|15.80|213.40|9.31|17.10|120.53|35.45|41.62|42.21
2451757|32154|769|6007|133081|4268|4822|6007|133081|4268|4822|1|1|1724|44|398.20|3.98|402.18|86.19|252.12|306.61|87.01|4.58|342.29
2452868|55332|621|4055|43023|2584|425|4055|43023|2584|425|6|2|1725|1|12.90|0.90|13.80|74.36|33.54|10.06|1.44|1.40|108.80
2451395|78292|181|1149|129626|1623|460|1149|129626|1623|460|2|2|1728|20|3084.60|215.92|3300.52|78.97|1134.40|2992.06|15.73|76.81|1429.29
2452086|61007|1535|408|84983|438|1253|408|84983|438|1253|2|3|1729|25|2926.00|204.82|3130.82|73.65|571.75|2018.94|680.29|226.77|850.22
2452139|17778|31|5368|177449|330|4211|5368|177449|330|4211|2|3|1729|3|16.83|1.51|18.34|69.27|15.18|11.27|5.22|0.34|85.96
2452109|63165|1319|2297|26004|958|1912|2297|26004|958|1912|2|3|1729|6|64.26|1.92|66.18|32.65|135.72|7.71|18.66|37.89|170.29
2451542|54558|1366|1095|84917|3506|2735|1095|84917|3506|2735|1|2|1730|2|161.18|6.44|167.62|34.37|75.74|27.40|100.33|33.45|116.55
2451439|30967|98|1304|65967|6837|1980|1304|65967|6837|1980|1|3|1731|4|6.64|0.59|7.23|50.13|8.08|2.12|2.07|2.45|58.80
2451252|12405|616|2070|115866|5959|1812|2070|115866|5959|1812|2|3|1731|38|517.18|25.85|543.03|15.73|728.46|175.84|88.74|252.60|770.04
2451329|22105|496|7054|114718|255|279|7054|114718|255|279|4|2|1731|6|111.06|9.99|121.05|91.18|3.66|65.52|30.51|15.03|104.83
2451279|43952|952|1763|170394|1345|4136|1763|170394|1345|4136|1|3|1731|17|1317.84|0.00|1317.84|44.77|398.31|263.56|906.68|147.60|443.08
2452688|18904|1728|8797|46563|3689|4535|8797|46563|3689|4535|6|2|1732|48|4255.68|127.67|4383.35|12.33|3022.08|3872.66|218.32|164.70|3162.08
2452708|62186|732|5243|189309|5182|4328|5243|189309|5182|4328|3|2|1732|14|883.54|61.84|945.38|56.97|258.72|512.45|348.82|22.27|377.53
2451407|46267|544|4599|1120|1928|1169|4599|1120|1928|1169|1|1|1734|29|1980.12|39.60|2019.72|88.57|118.61|514.83|1274.80|190.49|246.78
2451380|8788|1556|9573|94150|967|4264|9573|94150|967|4264|4|3|1734|4|58.32|0.00|58.32|97.13|24.72|48.98|3.45|5.89|121.85
2451684|58309|1531|2247|96314|4461|3721|2247|96314|4461|3721|2|1|1735|4|146.84|10.27|157.11|18.61|37.36|63.14|41.01|42.69|66.24
2451543|34786|1240|6447|59029|2171|4233|6447|59029|2171|4233|2|1|1738|21|1020.39|40.81|1061.20|45.04|816.27|132.65|639.17|248.57|902.12
2451714|69560|571|8019|94964|629|3534|8019|94964|629|3534|2|1|1738|7|21.35|1.28|22.63|13.10|160.51|8.11|11.65|1.59|174.89
2451674|42981|296|8690|121339|2068|310|8690|121339|2068|310|2|2|1739|8|97.92|1.95|99.87|13.85|3.28|26.43|12.15|59.34|19.08
2451921|72737|367|2196|26647|4218|3429|2196|26647|4218|3429|1|1|1740|2|141.46|0.00|141.46|49.15|129.42|118.82|5.20|17.44|178.57
2451706|8365|1367|4737|3243|2389|1415|4737|3243|2389|1415|5|3|1740|8|224.48|4.48|228.96|75.77|356.56|125.70|65.19|33.59|436.81
2452371|44628|1795|7255|111001|107|3933|7255|111001|107|3933|1|1|1742|36|4898.16|97.96|4996.12|19.00|2057.04|685.74|3706.92|505.50|2174.00
2452719|76720|30|6143|50354|3892|790|6143|50354|3892|790|6|1|1743|34|769.76|61.58|831.34|41.30|183.60|23.09|403.20|343.47|286.48
2452678|70360|49|2759|118150|628|539|2759||628|539|1|1|1743|14|139.72|||11.02|170.80|||43.86|
2452607|56910|456|3541|63981|4614|3727|3541|63981|4614|3727|3|2|1743|55|801.35|48.08|849.43|61.18|436.70|328.55|137.11|335.69|545.96
2451091|24132|1459|3508|123655|2569|1523|3508|123655|2569|1523|2|2|1744|56|4483.92|44.83|4528.75|15.58|1143.52|1614.21|430.45|2439.26|1203.93
2452081|67846|1100|9328|74724|5673|1469|9328|74724|5673|1469|5|1|1745|14|232.82|4.65|237.47|39.89|76.72|62.86|16.99|152.97|121.26
2452322|36676|337|9644|25291|938|3785|9644|25291|938|3785|3|3|1746|60|8526.00|426.30|8952.30|69.42|466.80|767.34|4965.54|2793.12|962.52
2452504|58877|879|604|190807|6610|613|604|190807|6610|613|3|1|1746|5|63.70|5.09|68.79|85.89|57.60|10.19|13.37|40.14|148.58
2452511|73867|545|7840|143010|53|4983|7840|143010|53|4983|5|1|1746|37|757.02|15.14|772.16|92.82|717.06|136.26|173.81|446.95|825.02
2451700|71353|7|9968|11020|4620|1107|9968|11020|4620|1107|2|3|1747|14|247.24|9.88|257.12|96.58|67.34|187.90|16.02|43.32|173.80
2451613|72183|1552|5588|93619|4003|3787|5588|93619|4003|3787|1|2|1748|8|782.32|54.76|837.08|71.23|26.96|445.92|312.85|23.55|152.95
2451670|17392|572|3397|131466|3455|2284|3397|131466|3455|2284|1|3|1748|8|261.68|5.23|266.91|80.66|203.52|112.52|28.34|120.82|289.41
2451140|77778|1393|4589|133844|5786|3561|4589|133844|5786|3561|1|2|1749|24|173.28|1.73|175.01|32.58|737.28|8.66|70.78|93.84|771.59
2451296|45083|1240|4091|31619|6714|2402|4091|31619|6714|2402|2|1|1749|27|210.06|14.70|224.76|6.62|600.48|163.84|5.54|40.68|621.80
2451496|10480|1232|2713|79675|190|3152|2713|79675|190|3152|4|3|1751|5|104.80|9.43|114.23|24.84|222.70|83.84|20.96|0.00|256.97
2451336|52429|1172|2940|78678|2463|2001|2940|78678|2463|2001|1|1|1752|27|359.64|0.00|359.64|56.14|191.70|284.11|45.31|30.22|247.84
2452089|66053|785|4717|138731|3592|4453|4717|138731|3592|4453|5|3|1753|52|12513.80|125.13|12638.93|54.19|4925.44|250.27|9197.64|3065.89|5104.76
2452148|33728|1415|8346|25663|4453|3530|8346|25663|4453|3530|5|3|1753|9|195.39|9.76|205.15|71.28|111.60|82.06|96.33|17.00|192.64
2451671|71736|647|9154|1270|1739|2008|9154|1270|1739|2008|1|3|1755|49|3078.18|246.25|3324.43|34.33|121.52|1077.36|1880.77|120.05|402.10
2451862|15535|1681|802|78148|1734|2753|802|78148|1734|2753|5|1|1755|3|51.54|2.06|53.60|85.88|180.45|35.04|6.76|9.74|268.39
2451718|64474|1184|5895|156509|1316|2603|5895|156509|1316|2603|1|2|1755|17|947.24|66.30|1013.54|54.63|129.71|530.45|150.04|266.75|250.64
2451882|80263|1502|2613|127942|1751|3673|2613|127942|1751|3673|1|3|1757|3|41.82|2.92|44.74|13.73|17.43|21.74|18.27|1.81|34.08
2452025|32739|617|9533|56068|5883|305|9533|56068|5883|305|5|3|1757|5|6.50|0.58|7.08|86.26|327.30|0.19|4.10|2.21|414.14
2452343|43400|695|5805|88242|1766|3123|5805|88242|1766|3123|3|3|1759|12|1081.80|21.63|1103.43|48.38|256.68|237.99|556.91|286.90|326.69
2452454|67538|601|2965|172484|6370|1496|2965|172484|6370|1496|3|2|1760|1|161.84|6.47|168.31|4.34|98.33|84.15|5.43|72.26|109.14
2452313|24258|1621|5328|118915|535|2762|5328|118915|535|2762|1|2|1760|13|217.88|17.43|235.31|15.70|311.22|180.84|30.00|7.04|344.35
2452434|34406|1457|6282|24130|1086|129|6282|24130|1086|129|1|3|1760|51|843.03|50.58|893.61|2.33|198.39|556.39|117.52|169.12|251.30
2452183|79183|1061|8046|122463|3360|4217|8046|122463|3360|4217|5|3|1761|37|178.71|7.14|185.85|47.34|297.85|71.48|6.43|100.80|352.33
2451698|36578|1202|2720|153258|6373|1488|2720|153258|6373|1488|4|2|1765|1|18.35|0.18|18.53|11.20|25.49|7.15|3.13|8.07|36.87
2451724|62973|650|7611|138641|904|2574|7611|138641|904|2574|4|1|1765|8|55.84|1.67|57.51|34.77|30.72|27.92|19.82|8.10|67.16
2451757|72679|530|||6373|||153258|||4|3|1765|22|37.18||38.29|19.46|37.18|23.05||7.64|
2451738|37566|1717|6001|89404|3080|243|6001|89404|3080|243|4|1|1766|44|9196.44|459.82|9656.26|14.49|1271.60|2575.00|1589.14|5032.30|1745.91
2452622|43359|1596|6735|25012|6729|1126|6735|25012|6729|1126|3|1|1768|8|459.68|4.59|464.27|55.66|43.76|13.79|17.83|428.06|104.01
2452538|58425|739|6811|173590|2402|621|6811|173590|2402|621|5|3|1770|35|3432.45|240.27|3672.72|22.19|231.70|1098.38|350.11|1983.96|494.16
2452479|35312|975|2508|157424|5460|3289|2508|157424|5460|3289|3|3|1770|78|2824.38|0.00|2824.38|22.80|610.74|960.28|1752.25|111.85|633.54
2452364|31073|61|9844|76074|6624|2167|9844|76074|6624|2167|1|3|1770|28|2809.52|168.57|2978.09|81.50|1123.64|1264.28|108.16|1437.08|1373.71
2452363|30376|1229|3996|151582|6415|1448|3996|151582|6415|1448|1|1|1770|1|81.94|0.81|82.75|99.07|69.19|13.92|26.52|41.50|169.07
2451490|55486|538|1985|152883|6421|239|1985|152883|6421|239|4|2|1771|40|2510.00|75.30|2585.30|90.36|1319.20|2083.30|17.06|409.64|1484.86
2451468|7761|1582|696|95457|3258|1186|696|95457|3258|1186|1|1|1771|32|5972.80|238.91|6211.71|93.34|2147.52|2209.93|2596.38|1166.49|2479.77
2452326|59365|403|2606|159161|5909|1184|2606|159161|5909|1184|1|2|1772|25|1087.25|21.74|1108.99|89.16|203.75|489.26|508.29|89.70|314.65
2452139|66350|477|8921|95101|7041|3501|8921|95101|7041|3501|5|3|1772|32|157.44|4.72|162.16|49.35|0.00|59.82|41.97|55.65|54.07
2452180|45352|1544|4612|87041|110|1859|4612|87041|110|1859|5|3|1773|10|26.90|0.53|27.43|96.49|24.90|7.53|2.13|17.24|121.92
2452160|36870|1424|7961|3044|4607|2777|7961|3044|4607|2777|2|2|1773|45|2781.45|222.51|3003.96|49.27|1348.20|778.80|1822.41|180.24|1619.98
||1543|||4801|2366||168483|||1||1775|||22.54||6.54|256.20|789.18|1275.08||285.28
2452628|71987|949|4948|172851|4947|3770|4948|172851|4947|3770|3|3|1775|17|1957.21|117.43|2074.64|50.69|158.61|1448.33|142.48|366.40|326.73
2452748|67972|517|9001|49428|5742|3136|9001|49428|5742|3136|6|3|1775|4|145.04|7.25|152.29|74.49|98.00|127.63|12.53|4.88|179.74
2452352|70536|1033|3287|5182|1844|4899|3287|5182|1844|4899|5|3|1776|20|1017.20|0.00|1017.20|84.86|644.20|132.23|796.47|88.50|729.06
2452416|16724|1379|2295|39844|7153|2382|2295|39844|7153|2382|1|2|1776|28|2232.72|133.96|2366.68|64.30|811.72|848.43|858.25|526.04|1009.98
2452336|60032|1333|8912|130893|7067|1768|8912|130893|7067|1768|1|1|1776|1|27.31|2.18|29.49|41.32|9.28|24.85|0.78|1.68|52.78
2451734|45131|632|7213|30981|3229|4084|7213|30981|3229|4084|4|1|1781|2|52.46|4.72|57.18|59.35|24.34|23.08|19.39|9.99|88.41
2452460|64204|669|8929|11173|6137|3341|8929|11173|6137|3341|3|3|1783|3|98.85|0.98|99.83|32.51|14.28|62.27|23.04|13.54|47.77
2451169|42709|760|966|186491|2816|2141|966|186491|2816|2141|4|1|1784|4|469.12|9.38|478.50|62.27|57.44|173.57|65.02|230.53|129.09
2451515|61270|1190|4014|86295|21|2987|4014|86295|21|2987|1|2|1785|12|1568.88|125.51|1694.39|93.46|977.28|454.97|222.78|891.13|1196.25
2451328|33516|1790|3564|33680|5923|1079|3564|33680|5923|1079|1|1|1786|1|111.21|7.78|118.99|64.61|18.77|107.87|2.43|0.91|91.16
2451356|46100|622|6495|123214|5580|4546|6495|123214|5580|4546|4|1|1786|24|121.20|8.48|129.68|4.24|519.84|111.50|2.13|7.57|532.56
2451321|30012|1744|5937||||5937|160434|||2|2|1786|||8.33|100.89|73.70|36.92|55.53|1.48|35.55|118.95
|66417|1257||145732|||3885|145732||4986|5|1|1787|4|433.00|34.64|467.64|96.46||415.68||6.93|386.74
2451505|19425|793|1048|154821|6203|3778|1048|154821|6203|3778|4|1|1788|4|21.04|0.63|21.67|80.23|10.16|20.19|0.51|0.34|91.02
2452761|59111|1471|65|92276|1560|2284|65|92276|1560|2284|3|3|1789|12|151.44|3.02|154.46|22.63|108.24|1.51|100.45|49.48|133.89
2452678|57970|1089|6121|27725|1442|3126|6121|27725|1442|3126|6|1|1791|52|4812.08|336.84|5148.92|27.81|2005.12|2887.24|153.98|1770.86|2369.77
2452652|25649|843|1340|84151|7169|2660|1340|84151|7169|2660|6|3|1791|91|10695.23|534.76|11229.99|56.32|6582.03|9197.89|1362.57|134.77|7173.11
2451607|84813|1015|8694|153971|2528|2798|8694|153971|2528|2798|1|1|1792|21|3204.81|0.00|3204.81|82.30|1144.50|512.76|2476.68|215.37|1226.80
2451578|49936|1636|4886|109822|2838|3167|4886|109822|2838|3167|2|1|1792|68|5059.88|50.59|5110.47|54.24|529.04|3845.50|1105.08|109.30|633.87
|10201|199||||||47708|6345||||1794|29|428.04|||45.31|252.01|||2.57|335.84
|11429|617|||970||||970|4285|||1795|||2.91|||||||168.97
2451910|21372|176|3378|123899|3893|1974|3378|123899|3893|1974|1|3|1800|36|1322.28|92.55|1414.83|90.45|411.12|39.66|769.57|513.05|594.12
2452087|41188|1057|9001|114031|4694|1964|9001|114031|4694|1964|1|1|1800|52|3753.88|75.07|3828.95|20.50|43.16|1051.08|2189.26|513.54|138.73
2451854|61676|296|8134|67704|3307|2117|8134|67704|3307|2117|1|1|1800|1|137.26|5.49|142.75|42.22|26.24|32.94|88.67|15.65|73.95
2452323|74082|1601|2707|66189|3638|880|2707|66189|3638|880|5|2|1802|40|1479.20|59.16|1538.36|62.62|234.80|606.47|785.45|87.28|356.58
2452281|45115|203|3715|59291|3027|4530|3715|59291|3027|4530|1|1|1802|7|384.72|0.00|384.72|78.99|114.38|61.55|268.23|54.94|193.37
2452803|47742|771|4630|20250|1437|4264|4630|20250|1437|4264|1|1|1804|18|120.06|2.40|122.46|10.53|528.66|112.85|2.81|4.40|541.59
2452404|23222|55|2680|59897|2554|891|2680|59897|2554|891|3|2|1805|55|6042.85|302.14|6344.99|89.01|1453.10|4773.85|241.11|1027.89|1844.25
2452757|31502|67|3664|167966|5915|64|3664|167966|5915|64|3|2|1807|15|2484.15|49.68|2533.83|13.50|400.65|2161.21|19.37|303.57|463.83
2452834||919||185324|||4767||3961|3158|3|1|1808||298.32|2.98||14.06|||||
2452767|45194|330|1096|159434|1612|1717|1096|159434|1612|1717|3|1|1808|12|391.68|3.91|395.59|73.16|545.52|203.67|176.72|11.29|622.59
2451549|35039|1339|1441|87779|4357|4015|1441|87779|4357|4015|2|3|1809|79|2087.97|104.39|2192.36|11.25|1391.98|1294.54|79.34|714.09|1507.62
2451624|67729|142|7706|18217|1561|512|7706|18217|1561|512|2|2|1810|78|6279.78|188.39|6468.17|37.32|1794.00|5463.40|710.25|106.13|2019.71
2451597|41258|46|2931|83503|4795|3127|2931|83503|4795|3127|4|2|1810|37|1541.79|107.92|1649.71|17.16|1285.01|508.79|909.04|123.96|1410.09
|71501|997||86639|||8178|86639|540|||1|1810|1|25.35|0.50||||22.30|2.56||20.92
2451620||388|1758|||343|||||||1810|48|1212.96|||54.15|263.52|412.40||136.10|317.67
2452555|61377|667|3939|5745|798|3404|3939|5745|798|3404|3|1|1811|44|686.84|41.21|728.05|61.39|57.20|515.13|8.58|163.13|159.80
2452320|26616|1651|6941|57078|4655|1265|6941|57078|4655|1265|1|2|1811|13|272.48|10.89|283.37|83.67|105.17|24.52|128.93|119.03|199.73
|77156|1277|||||787|||2206|5|1|1811||429.87|38.68|468.55|74.86||163.35|||228.55
2452098|73531|1261|9014|73408|2122|2076|9014|73408|2122|2076|1|3|1812|41|1059.44|10.59|1070.03|83.58|231.65|720.41|166.12|172.91|325.82
2451467|67001|403|9007|65695|1823|4231|9007|65695|1823|4231|2|1|1814|14|1514.80|30.29|1545.09|59.23|204.68|363.55|851.92|299.33|294.20
2451751|44907|1204|4444|50848|5765|3649|4444|50848|5765|3649|1|2|1814|40|1354.40|27.08|1381.48|50.91|243.60|609.48|484.19|260.73|321.59
2451133|77126|685|9866|57815|6851|3520|9866|57815|6851|3520|2|2|1815|2|364.00|25.48|389.48|16.89|209.20|356.72|1.89|5.39|251.57
2451156|24155|106|1628|121807|7026|1925|1628|121807|7026|1925|2|2|1815|8|44.56|3.11|47.67|68.98|118.88|43.22|0.76|0.58|190.97
2451339|76061|427|825|109901|2944|427|825|109901|2944|427|1|1|1817|20|1041.40|10.41|1051.81|35.28|420.80|676.91|313.46|51.03|466.49
2451339|16383|1558|6428|86709|3070|3991|6428|86709|3070|3991|4|3|1817|21|4297.02|128.91|4425.93|95.35|983.64|2621.18|536.26|1139.58|1207.90
2452754|56998|825|2114|114517|2327|3857|2114|114517|2327|3857|6|3|1818|15|323.85|9.71|333.56|85.64|199.35|246.12|5.44|72.29|294.70
2452782|86069|1021|2090|87804|6958|239|2090|87804|6958|239|6|2|1818|5|141.55|1.41|142.96|55.04|37.25|45.29|23.10|73.16|93.70
2452934|64936|955|5722|190416|5877|3531|5722|190416|5877|3531|6|3|1818|7|189.49|7.57|197.06|62.68|60.76|157.27|15.14|17.08|131.01
2450981|78554|1796|8888|24494|787|913|8888|24494|787|913|4|2|1820|38|4881.48|292.88|5174.36|50.32|1963.08|4442.14|329.50|109.84|2306.28
2452408|23607|729|7506|151917|6808|2059|7506|151917|6808|2059|3|1|1821|19|189.81|13.28|203.09|86.80|674.88|87.31|55.35|47.15|774.96
2452340|73105|509|1847|64581|2755|4409|1847|64581|2755|4409|3|1|1821|13|734.50|29.38|763.88|36.73|80.34|499.46|96.36|138.68|146.45
2451334|3939|667|1781|118555|6849|2983|1781|118555|6849|2983|1|1|1822|18|963.18|9.63|972.81|93.03|512.82|385.27|167.59|410.32|615.48
2451669|64387|574|8640|168572|6984|4203|8640|168572|6984|4203|2|2|1823|43|445.05|17.80|462.85|21.85|1173.47|222.52|64.53|158.00|1213.12
2452716|75762|789|708|36377|2446|1915|708|36377|2446|1915|6|3|1826|63|1239.21|86.74|1325.95|19.33|473.76|49.56|237.93|951.72|579.83
2451303|20232|542|1603|41912|6108|3184|1603|41912|6108|3184|4|3|1829|31|361.77|21.70|383.47|45.93|67.58|318.35|30.82|12.60|135.21
2451186|45943|1244|997|124863|5242|788|997|124863|5242|788|2|1|1829|9|299.70|20.97|320.67|43.88|7.47|251.74|10.55|37.41|72.32
2452035|67338|697|7879|187379|6446|2106|7879|187379|6446|2106|1|2|1830|24|306.24|27.56|333.80|2.43|162.72|195.99|44.10|66.15|192.71
2452599|61818|399|2129|80952|7143|1494|2129|80952|7143|1494|6|2|1831|2|87.70|5.26|92.96|40.68|87.70|42.97|13.86|30.87|133.64
2452654|44021|643|6423|68175|5894|2253|6423|68175|5894|2253|1|3|1831|1|28.82|2.01|30.83|60.80|46.11|0.00|21.32|7.50|108.92
2451685|49266|1018|7529|79562|1322|4995|7529|79562|1322|4995|2|2|1832|40|794.00|71.46|865.46|89.66|1826.40|198.50|41.68|553.82|1987.52
2452638|17270|1381|1034|24314|601|1361|1034|24314|601|1361|1|1|1833|6|10.20|0.30|10.50|82.83|61.38|2.44|2.32|5.44|144.51
2451735|59737|422|||1718|1645|8711|83751|1718|1645|2|1|1834|||16.39||51.95||182.66||40.71|87.06
2451630|12726|502|1121|3656|6031|4333|1121|3656|6031|4333|4|3|1834|36|264.60|15.87|280.47|64.89|925.92|50.27|184.32|30.01|1006.68
2451107|47137|1132|8404|151516|1428|4940|8404|151516|1428|4940|2|3|1835|45|1108.35|0.00|1108.35|47.59|650.70|399.00|496.54|212.81|698.29
2451231|73381|1336|5167|53223|4159|2455|5167|53223|4159|2455|2|2|1835|84|1022.28|0.00|1022.28|90.36|555.24|316.90|409.12|296.26|645.60
2451501|69737|82|4476|4059|5355|3618|4476|4059|5355|3618|1|1|1837|20|2007.80|40.15|2047.95|3.54|647.60|762.96|336.10|908.74|691.29
2451530|28135|1585|4586|2657|1321|3912|4586|2657|1321|3912|2|3|1837|41|6546.06|196.38|6742.44|13.66|2327.16|2029.27|2845.57|1671.22|2537.20
2451822|61157|680|9185|104878|5291|3144|9185|104878|5291|3144|5|3|1838|28|1322.16|26.44|1348.60|6.38|888.72|1282.49|32.13|7.54|921.54
2451705|45164|884|2131|165799|2860|2401|2131|165799|2860|2401|5|2|1838|50|583.50|23.34|606.84|9.93|2510.50|478.47|4.20|100.83|2543.77
2452080|55229|1325|435|64198|5641|2597|435|64198|5641|2597|5|1|1839|9|8.91|0.71|9.62|27.62|66.51|8.73|0.02|0.16|94.84
2452154|57462|1442|9630|95459|3205|1791|9630|95459|3205|1791|2|3|1840|7|379.61|3.79|383.40|96.45|15.12|155.64|6.71|217.26|115.36
||899||179774|2035||7306|||576|2|3|1840|31|18.60|||11.27|||||
2451706|19847|619|3755|16894|993|4612|3755|16894|993|4612|2|1|1841|17|711.96|0.00|711.96|5.78|73.61|477.01|9.39|225.56|79.39
2452171|80262|1241|7711|124118|1405|1852|7711|124118|1405|1852|1|3|1842|2|18.42|0.92|19.34|24.83|12.10|7.92|5.35|5.15|37.85
2452140|81237|1016|613|165224|3548|439|613|165224|3548|439|5|3|1843|24|1.92|0.13|2.05|51.40|26.40|1.65|0.22|0.05|77.93
2452746|53104|1389|5485|31389|3933|2004|5485|31389|3933|2004|1|3|1844|73|5244.32|0.00|5244.32|73.36|1292.10|5191.87|34.09|18.36|1365.46
2452199|43455|767|1378|106453|3975|3497|1378|106453|3975|3497|5|2|1845|73|2239.64|89.58|2329.22|30.15|909.58|1702.12|80.62|456.90|1029.31
2452458|66776|1651|4008|178340|1552|2524|4008|178340|1552|2524|5|1|1849|68|2574.48|77.23|2651.71|32.44|2574.48|566.38|883.56|1124.54|2684.15
2452293|16086|89|4298|65265|4872|4759|4298|65265|4872|4759|5|3|1849|34|1536.12|92.16|1628.28|80.91|1536.12|967.75|119.35|449.02|1709.19
2451134|7999|631|385|36915|2918|1608|385|36915|2918|1608|2|1|1850|27|542.43|37.97|580.40|23.48|846.18|461.06|59.40|21.97|907.63
2452730|83029|942|2651|120374|2177|3740|2651|120374|2177|3740|3|3|1852|6|464.28|32.49|496.77|27.29|229.62|436.42|10.58|17.28|289.40
2452638|61934|291|3611|99203|5308|2980|3611|99203|5308|2980|1|3|1852|5|203.45|14.24|217.69|44.14|29.05|183.10|12.41|7.94|87.43
2451338|45179|1370|1684|45803|2675|3347|1684|45803|2675|3347|1|2|1853|3|47.64|0.95|48.59|19.72|29.49|21.43|10.22|15.99|50.16
2451796|58437|797|5703|119335|3447|366|5703|119335|3447|366|2|2|1854|32|265.28|15.91|281.19|56.32|1251.84|108.76|12.52|144.00|1324.07
2452115|26758|851|5269|188260|6931|1362|5269|188260|6931|1362|5|2|1855|9|376.47|3.76|380.23|9.94|613.53|214.58|157.03|4.86|627.23
2452154|58930|1507|1910|2325|5460|1082|1910|2325|5460|1082|1|2|1855|2|27.58|0.55|28.13|19.78|15.58|14.06|6.62|6.90|35.91
2452179|68612|511|4077|128309|3599|482|4077|128309|3599|482|2|3|1855|17|158.10|1.58|159.68|96.60|16.83|47.43|95.17|15.50|115.01
2451978|36588|613|9263|108911|5839|3127|9263|108911|5839|3127|5|1|1855|36|1743.84|156.94|1900.78|45.42|477.72|1063.74|612.09|68.01|680.08
2451184|55884|1327|8166|146370|4814|338|8166|146370|4814|338|1|2|1858|13|503.36|20.13|523.49|2.41|739.31|171.14|86.37|245.85|761.85
2451081|74804|1658|1773|59993|6180|4760|1773|59993|6180|4760|1|1|1858|48|304.80|18.28|323.08|60.27|110.88|225.55|66.57|12.68|189.43
2451551|59236|376|8280|97124|2655|3819|8280|97124|2655|3819|4|1|1859|1|4.02|0.32|4.34|1.79|3.12|3.49|0.24|0.29|5.23
2451651|46268|698|8608|140264|3887|103|8608|140264|3887|103|1|2|1859|25|1561.75|62.47|1624.22|0.73|223.00|218.64|711.84|631.27|286.20
2451475|73970|172|6547|83361|5262|4996|6547|83361|5262|4996|1|3|1859|3|121.89|9.75|131.64|1.16|105.15|2.43|107.51|11.95|116.06
2451588|66350|1573|7076|437|518|239|7076|437|518|239|4|3|1860|2|9.48|0.47|9.95|52.17|60.74|1.61|2.59|5.28|113.38
2451764|77462|181|7889|16731|3286|3761|7889|16731|3286|3761|4|2|1860|37|393.31|31.46|424.77|8.46|938.32|228.11|115.64|49.56|978.24
2451660|45774|986|1106|142321|849|1144|1106|142321|849|1144|2|3|1860|53|1493.01|119.44|1612.45|5.93|3483.69|597.20|456.86|438.95|3609.06
2452057|5438|1531|8050|145034|691|2035|8050|145034|691|2035|1|1|1861|18|310.68|3.10|313.78|84.64|55.80|74.56|200.70|35.42|143.54
2451676|48830|721|7258|2837|1729|1388|7258|2837|1729|1388|4|1|1862|45|2074.50|62.23|2136.73|68.91|1952.55|767.56|927.92|379.02|2083.69
2451819|29390|92|6539|172303|3667|31|6539|172303|3667|31|2|1|1863|30|842.40|0.00|842.40|50.42|2012.40|395.92|98.22|348.26|2062.82
2451811|44226|1628|8462|49756|3690|2857|8462|49756|3690|2857|2|1|1863|4|212.84|2.12|214.96|48.29|12.68|172.40|16.17|24.27|63.09
2451843|14540|866|344|179085|4226|767|344|179085|4226|767|2|1|1863|8|0.88|0.00|0.88|48.58|14.32|0.88|0.00|0.00|62.90
2451732|68362|1643|1177|71606|1875|1471|1177|71606|1875|1471|1|1|1863|22|1534.06|107.38|1641.44|2.40|1100.00|1150.54|318.32|65.20|1209.78
2451771|63201|949|7380|114347|3667|3034|7380|114347|3667|3034|1|2|1863|40|1466.40|73.32|1539.72|9.10|1092.00|645.21|468.07|353.12|1174.42
2451412|1383|796|9090|44848|5759|2117|9090|44848|5759|2117|4|2|1865|19|1222.65|48.90|1271.55|1.11|537.89|281.20|715.50|225.95|587.90
2451789|16899|1765|7941|83976|3244|2519|7941|83976|3244|2519|2|1|1866|5|129.50|5.18|134.68|77.43|143.90|99.71|19.95|9.84|226.51
2451396|30184|596|5894|120295|4811|2167|5894|120295|4811|2167|1|1|1867|42|668.64|46.80|715.44|22.50|52.50|648.58|17.65|2.41|121.80
2451668|45986|19|5558|118576|5354|1852|5558|118576|5354|1852|5|3|1869|56|1559.04|93.54|1652.58|35.11|324.80|1465.49|58.00|35.55|453.45
2452348|27858|393|4139|161620|414|3175|4139|161620|414|3175|5|3|1870|2|191.12|3.82|194.94|21.22|119.44|141.42|4.97|44.73|144.48
2452446|69089|495|5749|167896|1643|1390|5749|167896|1643|1390|5|1|1870|52|1464.32|87.85|1552.17|52.72|71.76|1127.52|249.23|87.57|212.33
2451209|86161|1340|5712|13920|7121|4849|5712|13920|7121|4849|4|3|1874|5|332.55|16.62|349.17|12.31|221.70|272.69|12.57|47.29|250.63
2451583|10722|424|2498|171431|4957|610|2498|171431|4957|610|1|2|1876|16|564.64|22.58|587.22|43.79|470.56|237.14|163.75|163.75|536.93
2452296|39760|1589|2963|5653|3863|3913|2963|5653|3863|3913|1|1|1877|12|26.16|2.09|28.25|55.11|5.88|18.05|2.75|5.36|63.08
2451437|59413|344|9702|134919|7096|840|9702|134919|7096|840|2|2|1879|2|31.56|2.20|33.76|37.43|1.90|10.73|11.24|9.59|41.53
2451199|62893|1748|8884|81763|1442|768|8884|81763|1442|768|1|3|1881|39|426.27|21.31|447.58|79.75|556.53|59.67|36.66|329.94|657.59
2451221|24712|1327|7860|117495|890|4005|7860|117495|890|4005|2|1|1881|43|1554.02|124.32|1678.34|7.59|1514.03|155.40|531.47|867.15|1645.94
2451873|10118|782|8480|18418|6845|32|8480|18418|6845|32|1|3|1882|58|760.38|22.81|783.19|70.57|84.10|539.86|205.08|15.44|177.48
2452360|77601|123|9950|126311|6912|1240|9950|126311|6912|1240|1|1|1884|39|1897.35|132.81|2030.16|35.08|696.93|815.86|713.78|367.71|864.82
2452418|78706|163|9777|75549|1594|879|9777|75549|1594|879|5|1|1884|3|123.81|9.90|133.71|84.21|12.63|17.33|86.24|20.24|106.74
2452482|29349|957|8477|23420|410|353|8477|23420|410|353|5|1|1884|3|202.26|2.02|204.28|6.21|121.35|4.04|51.53|146.69|129.58
|16513|1259|3193|98661||||||4190|||1887|9|312.21|21.85|334.06|||||15.12|
2451793|64606|338|7167|176755|862|3296|7167|176755|862|3296|1|3|1887|31|1137.08|90.96|1228.04|56.04|296.67|34.11|672.81|430.16|443.67
2451867|57129|643|1279|7268|4297|3006|1279|7268|4297|3006|5|3|1887|1|19.37|0.38|19.75|70.16|18.72|10.26|7.65|1.46|89.26
2451744|45146|1591|385|161520|4361|3162|385|161520|4361|3162|2|3|1888|5|671.55|33.57|705.12|88.20|353.45|523.80|28.07|119.68|475.22
2452333|35092|955|4626|159038|7130|935|4626|159038|7130|935|5|3|1891|2|188.44|13.19|201.63|94.69|94.22|79.14|8.74|100.56|202.10
2451595|20788|349|4866|186050|4514|938|4866|186050|4514|938|2|1|1892|12|444.12|35.52|479.64|62.74|444.12|306.44|112.89|24.79|542.38
2451520|41608|1724|2978|173215|4652|42|2978|173215|4652|42|4|2|1892|26|78.52|2.35|80.87|45.62|61.88|10.99|27.68|39.85|109.85
2451406|45884|1651|9213|63253|3933|1493|9213|63253|3933|1493|1|2|1892|13|236.99|18.95|255.94|9.52|282.10|61.61|147.31|28.07|310.57
2451998|75469|812|1145|169466|1467|3828|1145|169466|1467|3828|5|3|1893|7|1908.83|133.61|2042.44|35.87|783.58|305.41|1394.97|208.45|953.06
2451893|7522|20|7217|176098|2606|2547|7217|176098|2606|2547|5|1|1893|4|83.60|0.00|83.60|36.13|45.60|38.45|16.70|28.45|81.73
2451207|38672|1088|9831|171947|223|3172|9831|171947|223|3172|2|1|1894|51|469.71|18.78|488.49|38.42|66.81|408.64|20.15|40.92|124.01
2451316|47092|1268|9457|164538|2292|4933|9457|164538|2292|4933|2|3|1894|6|307.02|0.00|307.02|66.35|63.48|55.26|83.08|168.68|129.83
2451396|44196|685|8228|115112|909|1873|8228|115112|909|1873|4|1|1894|4|94.60|1.89|96.49|15.67|7.24|92.70|1.74|0.16|24.80
2452680|81481|933|6914|149822|57|3605|6914|149822|57|3605|6|2|1895|5|12.05|0.72|12.77|20.32|176.90|2.77|0.46|8.82|197.94
2452675|43685|1165|9722|57122|6729|1209|9722|57122|6729|1209|6|1|1895|2|136.00|12.24|148.24|36.42|22.24|40.80|69.49|25.71|70.90
2451887|49777|671|6502|74701|3060|3692|6502|74701|3060|3692|5|1|1896|4|89.76|4.48|94.24|76.63|118.52|50.26|31.20|8.30|199.63
|61808|1094|457||4628|337|457|152326|4628||2|2|1898|9||3.44||||70.58|||
||1462|||3687||8076|67465||3116|1|3|1898||195.36||205.12||54.02|1.95|170.20||85.89
2451501|78997|662|3016|61690|3484|2765|3016|61690|3484|2765|2|2|1898|4|545.36|5.45|550.81|38.50|157.52|256.31|222.56|66.49|201.47
2451473|65695|487|6373|180904|7148|4159|6373|180904|7148|4159|2|3|1898|11|537.24|42.97|580.21|54.20|416.79|435.16|65.33|36.75|513.96
2452050|31086|914|9122|166134|3226|2478|9122|166134|3226|2478|1|2|1899|10|249.20|7.47|256.67|98.50|201.30|79.74|166.07|3.39|307.27
2452671|26282|753|5425|109952|959|1126|5425|109952|959|1126|1|3|1901|21|1291.08|0.00|1291.08|90.26|1132.53|426.05|268.15|596.88|1222.79
2451424|69348|1052|2636|33330|4424|1718|2636|33330|4424|1718|1|1|1902|61|645.38|0.00|645.38|53.46|1290.76|96.80|268.80|279.78|1344.22
2452330|66048|361|8400|65494|2381|148|8400|65494|2381|148|3|2|1903|25|1965.75|19.65|1985.40|65.19|951.75|805.95|846.65|313.15|1036.59
||1283|||860|1540|3006||860|1540||1|1903||9.24|0.27||40.64|33.04|8.59|||73.95
2452810|797|1380|9110|140815|5907|2472|9110|140815|5907|2472|3|3|1904|8|634.48|19.03|653.51|40.71|263.68|209.37|425.11|0.00|323.42
|14965|1351||53288||||||||1|1906||85.56|||87.14|||20.68|46.06|
2451486|32505|422|1333|78004|6435|1339|1333|78004|6435|1339|4|3|1906|95|1707.15|136.57|1843.72|16.77|401.85|1468.14|200.76|38.25|555.19
2451422|52303|1360|9583|128261|2652|1010|9583|128261|2652|1010|1|1|1906|6|16.32|0.00|16.32|60.03|1.38|10.11|1.92|4.29|61.41
2451327|70132|313|2066|129975|1564|1113|2066|129975|1564|1113|1|2|1907|13|1364.09|109.12|1473.21|23.99|760.76|818.45|534.72|10.92|893.87
2451197|44855|823|9566|56958|6317|1669|9566|56958|6317|1669|2|3|1907|31|2927.95|117.11|3045.06|31.82|1837.06|819.82|295.13|1813.00|1985.99
2451217|41187|104|3857|75793|6823|3093|3857|75793|6823|3093|2|2|1907|17|65.79|5.26|71.05|77.09|65.79|13.15|35.26|17.38|148.14
2451353|71107|1532|6186|97754|4922|490|6186|97754|4922|490|2|3|1908|7|69.09|3.45|72.54|17.43|76.72|53.19|2.22|13.68|97.60
2452637|58522|1159|4397|86428|5099|1403|4397|86428|5099|1403|6|2|1909|66|801.90|8.01|809.91|64.12|29.70|801.90|0.00|0.00|101.83
2452380|37191|1245|4302|4939|3863|1220|4302|4939|3863|1220|3|2|1910|31|7471.31|149.42|7620.73|83.14|1786.53|7247.17|203.96|20.18|2019.09
2452463|47282|1489|5287|58901|4355|4889|5287|58901|4355|4889|5|2|1912|43|562.44|5.62|568.06|57.51|145.77|506.19|46.68|9.57|208.90
2452398|49916|1121|2074|20492|5070|2368|2074|20492|5070|2368|3|1|1912|41|628.12|12.56|640.68|98.71|512.91|100.49|84.42|443.21|624.18
2451942|43402|1178|1977|182804|2238|4145|1977|182804|2238|4145|2|3|1913|6|418.14|33.45|451.59|56.28|226.44|79.44|98.22|240.48|316.17
2452054|57667|715|8510|77089|675|1734|8510|77089|675|1734|1|3|1913|4|0.00|0.00|0.00|23.55|108.56|0.00|0.00|0.00|132.11
2452333|41008|1143|1356|158003|3097|2791|1356|158003|3097|2791|5|2|1914|6|103.08|3.09|106.17|78.21|0.00|49.47|39.13|14.48|81.30
2452192|73684|1029|700|144248|356|1631|700|144248|356|1631|3|2|1915|14|816.90|65.35|882.25|40.98|237.86|784.22|9.47|23.21|344.19
2451410|71915|1174|5703|171664|3065|2546|5703|171664|3065|2546|2|3|1916|5|102.25|4.09|106.34|53.78|34.80|35.78|27.25|39.22|92.67
2451440|69436|1057|286|131107|6728|3702|286|131107|6728|3702|2|2|1916|6|536.70|21.46|558.16|85.57|42.36|214.68|144.90|177.12|149.39
2451427|44268|146|3521|42834|4274|1027|3521|42834|4274|1027|4|1|1916|13|1397.11|125.73|1522.84|97.32|208.00|922.09|133.00|342.02|431.05
2451362||1372|6260|33617||2691||||2691||2|1916|||48.63|||1506.60||506.59||1565.03
|61989|481|7786|||4500|7786|||4500|2|3|1918|2|41.50|1.24|42.74|||||5.41|
2451425||1744|||1388|||144756|||2||1918|2|7.32|0.58|7.90|||1.09|1.12|5.11|
2451432|54288|86|1654|93541|3268|4028|1654|93541|3268|4028|4|3|1918|28|1773.52|124.14|1897.66|72.63|186.48|1152.78|583.49|37.25|383.25
2451131|28488|224|2953|136077|5761|1118|2953|136077|5761|1118|2|1|1919|12|474.96|9.49|484.45|1.43|227.16|194.73|64.45|215.78|238.08
2451640|30380|1345|7930|159183|3443|823|7930|159183|3443|823|2|2|1920|52|6263.92|187.91|6451.83|40.86|1727.96|6013.36|165.36|85.20|1956.73
2451105|52158|34|5247|21241|6355|2556|5247|21241|6355|2556|1|3|1921|36|2256.12|112.80|2368.92|85.51|3049.20|1443.91|657.89|154.32|3247.51
2451251|61411|248|9275|165415|5955|4495|9275|165415|5955|4495|2|1|1921|18|840.42|0.00|840.42|94.12|378.18|739.56|7.06|93.80|472.30
|22479|598|5443||4414|3276|5443|174025|4414|3276|||1921|6|215.22|8.60||||||79.21|69.96
2452781|39506|349|5760|108188|4423|4731|5760|108188|4423|4731|6|2|1922|30|2352.60|94.10|2446.70|32.95|141.60|1623.29|138.56|590.75|268.65
2452269|32470|1209|5568|144862|3789|123|5568|144862|3789|123|1|3|1923|6|39.24|0.00|39.24|37.56|12.78|17.65|13.38|8.21|50.34
2451224|52105|368|9471|76781|3964|2434|9471|76781|3964|2434|1|2|1924|2|155.94|1.55|157.49|66.12|67.06|148.14|5.61|2.19|134.73
2451896|16270|511|9852|106551|4563|2342|9852|106551|4563|2342|2|2|1925|84|4886.28|293.17|5179.45|31.10|7996.80|537.49|1000.22|3348.57|8321.07
2451921|54820|5|4762|74216|4263|2037|4762|74216|4263|2037|2|3|1925|19|255.55|10.22|265.77|90.86|197.03|183.99|1.43|70.13|298.11
2451705|15347|1579|9415|35646|5243|2240|9415|35646|5243|2240|4|2|1926|37|1553.63|77.68|1631.31|56.56|28.49|621.45|391.51|540.67|162.73
2451230|14109|133|78|183950|6335|3687|78|183950|6335|3687|2|1|1928|1|78.55|2.35|80.90|12.15|4.85|48.70|20.29|9.56|19.35
2451305|63320|1714|1268|141907|3666|4865|1268|141907|3666|4865|2|1|1928|14|688.66|55.09|743.75|57.96|355.32|6.88|559.05|122.73|468.37
2452502|37814|1401|1901|7754|2887|3380|1901|7754|2887|3380|3|3|1930|13|152.75|3.05|155.80|81.32|43.55|53.46|6.95|92.34|127.92
2452628|63461|1458|8931|107969|6414|1579|8931|107969|6414|1579|3|3|1931|10|120.80|7.24|128.04|79.87|98.60|108.72|1.93|10.15|185.71
2452724|15324|129|1952|46385|498|3818|1952|46385|498|3818|1|1|1931|62|443.30|17.73|461.03|68.51|57.04|106.39|195.40|141.51|143.28
2452604||1479|||1299|||||322|||1932|35||0.94|||161.00|||2.47|205.57
|18453|743|4877|29929|6981|1080||||1080|||1933||925.68|||26.09||416.55||437.86|
2452585|68527|462|1076||||1076||369|1192|6||1936|2|53.52||54.59|||28.36|18.87|6.29|40.55
2451697|12945|1717|6086|17057|1981|2105|6086|17057|1981|2105|2|2|1937|6|365.76|10.97|376.73|90.89|37.50|343.81|17.99|3.96|139.36
2451188|35966|883|6150|8446|3509|2765|6150|8446|3509|2765|2|3|1938|4|6.24|0.18|6.42|99.87|1.20|5.67|0.29|0.28|101.25
2452673|51595|511|1582|128443|2697|1478|1582|128443|2697|1478|3|1|1939|1|63.67|5.73|69.40|31.75|70.04|7.64|10.08|45.95|107.52
2451820|39372|1166|3352|76253|6354|1255|3352|76253|6354|1255|1|3|1940|9|441.63|17.66|459.29|41.37|690.03|110.40|202.05|129.18|749.06
2452060|59656|1513|2847|115697|2067|3877|2847|115697|2067|3877|5|1|1941|2|218.66|2.18|220.84|44.59|165.66|72.15|64.46|82.05|212.43
2452003|54635|941|1839|149457|4103|469|1839|149457|4103|469|5|2|1941|56|4142.88|248.57|4391.45|10.65|2071.44|1077.14|2421.93|643.81|2330.66
2451877|65654|1579|1865|68929|3000|191|1865|68929|3000|191|2|1|1941|2|4.36|0.21|4.57|8.38|14.74|1.87|1.34|1.15|23.33
2451900|8545|521|5310|11524|7065|3519|5310|11524|7065|3519|1|1|1941|8|1361.12|81.66|1442.78|68.86|518.48|639.72|245.27|476.13|669.00
2452061||1715|8360|80907|6461|1088||||1088|||1941||4620.80|||43.96|1713.04||||1941.83
2451873|50329|938|8779|59614|4049|4884|8779|59614|4049|4884|2|3|1941|12|90.24|6.31|96.55|86.83|61.20|54.14|5.05|31.05|154.34
2451960|43539|925|1487|41119|6831|103|1487|41119|6831|103|5|2|1941|86|644.14|19.32|663.46|40.77|6873.12|380.04|79.23|184.87|6933.21
2452100|46107|1694|3383|73525|4707|3969|3383|73525|4707|3969|5|1|1942|2|35.22|2.46|37.68|94.04|20.12|19.37|10.77|5.08|116.62
2452376|82024|1061|3434|142235|1036|2437|3434|142235|1036|2437|5|1|1946|8|67.36|0.00|67.36|46.46|5.12|39.06|13.58|14.72|51.58
2451899|61579|1790|6627|60345|5776|3327|6627|60345|5776|3327|5|1|1947|19|654.36|0.00|654.36|8.02|509.01|346.81|144.54|163.01|517.03
2452036|60247|623|4325|123410|895|3933|4325|123410|895|3933|2|2|1947|17|936.87|74.94|1011.81|67.64|346.97|730.75|179.32|26.80|489.55
2452089|37121|1379|7162|42297|232|4967|7162|42297|232|4967|5|2|1947|66|186.12|11.16|197.28|89.48|105.60|78.17|93.91|14.04|206.24
2452434|43650|1445|9355|89047|4932|4344|9355|89047|4932|4344|5|2|1949|27|1170.45|0.00|1170.45|19.31|360.99|901.24|242.28|26.93|380.30
2452630|47744|579|2771|15919|3834|2389|2771|15919|3834|2389|1|1|1950|12|644.28|0.00|644.28|64.31|207.00|115.97|422.64|105.67|271.31
2452551|38754|43|5313|181063|5693|683|5313|181063|5693|683|1|3|1950|2|343.86|6.87|350.73|47.09|78.70|75.64|244.08|24.14|132.66
2452650|71187|1602|1111|36480|809|2058|1111|36480|809|2058|1|2|1950|97|11520.69|691.24|12211.93|50.69|3071.99|11290.27|205.07|25.35|3813.92
2452509|7387|919|2519|176460|5888|3749|2519|176460|5888|3749|3|2|1951|41|1432.95|100.30|1533.25|2.36|2388.66|945.74|345.91|141.30|2491.32
2452727|51253|1590|1876|122416|4156|96|1876|122416|4156|96|3|2|1951|2|151.00|13.59|164.59|18.35|25.16|36.24|37.87|76.89|57.10
2452301|66234|277|8573|119453|1613|3933|8573|119453|1613|3933|5|2|1952|21|123.27|4.93|128.20|39.90|328.65|35.74|45.51|42.02|373.48
2451206|13596|25|6668|85072|2323|3527|6668|85072|2323|3527|1|2|1955|2|103.76|6.22|109.98|28.73|45.48|91.30|8.97|3.49|80.43
2451255|61556|1598|1288|101814|4773|1092|1288|101814|4773|1092|1|3|1955|74|4396.34|87.92|4484.26|85.79|116.92|4220.48|87.93|87.93|290.63
2451854|77193|1183|6782|55922|2535|635|6782|55922|2535|635|2|2|1957|3|197.13|13.79|210.92|85.84|52.56|55.19|17.03|124.91|152.19
2451101|70997|1627|2241|176661|1368|355|2241|176661|1368|355|2|3|1963|10|374.10|29.92|404.02|40.67|678.20|14.96|14.36|344.78|748.79
2452292|49665|473|3809|101686|6956|3706|3809|101686|6956|3706|1|1|1964|61|757.62|0.00|757.62|92.82|187.27|363.65|311.23|82.74|280.09
2452797|35850|462|610|81553|496|2239|610|81553|496|2239|3|3|1966|79|539.57|37.76|577.33|38.34|763.14|474.82|49.85|14.90|839.24
2452780|62972|462|5449|140372|1342|2865|5449|140372|1342|2865|3|1|1967|48|909.60|0.00|909.60|72.30|2062.08|236.49|127.89|545.22|2134.38
2452274|74022|199|2415|28514|980|1239|2415|28514|980|1239|5|2|1971|25|491.50|4.91|496.41|94.94|1376.00|368.62|100.76|22.12|1475.85
2452146|11441|135|2405|42997|6836|3475|2405|42997|6836|3475|1|3|1973|17|278.63|2.78|281.41|99.75|405.28|273.05|2.17|3.41|507.81
2452799|48082|67|7460|24559|3851|2023|7460|24559|3851|2023|3|2|1974|14|1238.72|74.32|1313.04|55.11|32.48|284.90|200.30|753.52|161.91
2451204|39534|142|4987|127392|3101|4697|4987|127392|3101|4697|4|2|1976|32|1209.60|12.09|1221.69|91.69|475.20|532.22|623.18|54.20|578.98
2451378|40568|1345|2616|167381|4146|511|2616|167381|4146|511|2|2|1976|37|230.14|11.50|241.64|99.62|165.39|151.89|53.21|25.04|276.51
2451245|51455|428|3078|79038|311|2551|3078|79038|311|2551|4|3|1976|100|6327.00|0.00|6327.00|85.89|2056.00|3290.04|1062.93|1974.03|2141.89
2450886|49568|1183|7190|143004|6578|1825|7190|143004|6578|1825|2|2|1979|39|358.41|7.16|365.57|2.84|20.28|17.92|68.09|272.40|30.28
2451076|26217|1381|3452|7847|3122|4757|3452|7847|3122|4757|2|3|1979|4|34.44|1.03|35.47|2.35|58.16|16.87|8.96|8.61|61.54
2451912|41171|440|4405|182143|5961|2739|4405|182143|5961|2739|1|3|1980|5|760.75|7.60|768.35|12.20|16.15|114.11|413.84|232.80|35.95
2452459|32651|685|8306|20457|7008|2606|8306|20457|7008|2606|1|3|1982|42|630.42|12.60|643.02|16.14|1681.26|189.12|202.99|238.31|1710.00
2452593|49745|1392|9659|108286|3713|3540|9659|108286|3713|3540|6|1|1982|39|0.00|0.00|0.00|83.47|2432.04|0.00|0.00|0.00|2515.51
2451823|45826|1466|495|165066|2804|3535|495|165066|2804|3535|2|1|1983|52|67.60|2.02|69.62|50.25|55.12|36.50|15.55|15.55|107.39
2452335|22855|461|8596|162890|7146|1329|8596|162890|7146|1329|3|2|1984|12|238.92|14.33|253.25|26.41|866.16|217.41|8.81|12.70|906.90
2452180|58569|1137|9390|179551|1119|4760|9390|179551|1119|4760|5|1|1985|26|1777.88|106.67|1884.55|12.04|113.36|1564.53|55.47|157.88|232.07
2452117|72257|1405|4576|114860|4629|3678|4576|114860|4629|3678|3|1|1985|18|412.74|20.63|433.37|88.32|495.36|181.60|67.03|164.11|604.31
2452289|54557|1665|7650|187408|5966|4724|7650|187408|5966|4724|1|1|1985|45|5324.85|425.98|5750.83|38.01|2631.60|3727.39|1501.61|95.85|3095.59
2451045|72639|1546|5687|139104|2281|978|5687|139104|2281|978|2|3|1987|66|4225.32|0.00|4225.32|95.08|2364.12|2408.43|817.60|999.29|2459.20
2452859|50637|573|6281|112094|1747|2927|6281|112094|1747|2927|3|1|1988|75|4550.25|91.00|4641.25|28.51|551.25|4277.23|5.46|267.56|670.76
2451224|42939|1111|4278|72528|5738|1468|4278|72528|5738|1468|1|3|1990|20|144.20|0.00|144.20|92.73|129.80|98.05|14.76|31.39|222.53
2452502|41118|91|2117|135670|1190|3950|2117|135670|1190|3950|3|1|1991|43|66.22|0.00|66.22|66.16|100.62|0.66|32.78|32.78|166.78
2451946|46416|1757|7091|134932|1046|447|7091|134932|1046|447|1|2|1992|21|841.05|0.00|841.05|25.86|166.11|538.27|275.52|27.26|191.97
||1462|8388|43160|||8388|43160||2904|4|3|1993||2065.60|82.62|2148.22||667.00|||726.89|826.25
2451929|26093|500|1274|106224|3941|2851|1274|106224|3941|2851|1|1|1994|81|5193.72|103.87|5297.59|10.88|5330.61|1765.86|994.07|2433.79|5445.36
2451932|80564|1028|1968|25695|3455|2822|1968|25695|3455|2822|2|2|1994|7|1353.24|81.19|1434.43|44.02|707.35|554.82|678.65|119.77|832.56
2452561|44411|1122|605|81995|2905|3902|605|81995|2905|3902|6|3|1995|16|1859.36|130.15|1989.51|6.15|1239.52|1524.67|230.93|103.76|1375.82
2452512|65518|1395|2067|98667|4867|267|2067|98667|4867|267|3|1|1995|3|64.95|0.64|65.59|81.07|27.96|8.44|9.04|47.47|109.67
2452565|26342|19|1091|1508|7058|175|1091|1508|7058|175|1|1|1995|48|1286.88|102.95|1389.83|57.62|248.16|540.48|186.60|559.80|408.73
2450896|7252|1184|3461|113876|7011|1586|3461|113876|7011|1586|2|3|1996|19|576.08|17.28|593.36|57.09|426.74|92.17|174.20|309.71|501.11
2450889|25714|748|6430|38316|3609|3775|6430|38316|3609|3775|2|2|1996|7|471.31|37.70|509.01|56.38|147.56|47.13|33.93|390.25|241.64
2451116|37012|877|2296|79976|3143|2943|2296|79976|3143|2943|1|3|1996|6|956.88|66.98|1023.86|93.95|411.96|449.73|162.28|344.87|572.89
2452127|63270|1243|2436|161820|2404|3341|2436|161820|2404|3341|5|1|1998|18|1506.78|15.06|1521.84|49.52|847.62|467.10|488.64|551.04|912.20
2452431|16591|635|7456|41048|6913|818|7456|41048|6913|818|3|3|2000|63|778.05|7.78|785.83|65.38|188.37|381.24|234.11|162.70|261.53
2452510|31120|97|7143|168413|3810|3967|7143|168413|3810|3967|1|2|2000|11|5.83|0.29|6.12|5.99|1.32|0.46|3.32|2.05|7.60
2452396|45313|1049|7299|48860|3268|3876|7299|48860|3268|3876|1|2|2000|24|1793.76|107.62|1901.38|45.47|834.24|1668.19|15.06|110.51|987.33
2451125|33857|1424|5700|28686|6519|1905|5700|28686|6519|1905|2|1|2003|26|3496.74|209.80|3706.54|16.59|582.66|3251.96|171.34|73.44|809.05
2451048|63929|1768|3754|24104|3174|4637|3754|24104|3174|4637|4|2|2003|40|550.00|16.50|566.50|11.91|183.20|176.00|317.90|56.10|211.61
2451210|77594|46|6080|29776|6752|935|6080|29776|6752|935|2|3|2004|6|244.50|7.33|251.83|93.85|232.56|188.26|14.62|41.62|333.74
2452037|79874|1190|8596|46157|1671|1432|8596|46157|1671|1432|2|1|2005|2|47.58|2.85|50.43|25.77|8.64|13.79|14.19|19.60|37.26
2452006|25427|1753|4314|95834|1594|3034|4314|95834|1594|3034|5|3|2005|35|9.80|0.29|10.09|66.32|9.80|2.84|6.33|0.63|76.41
2451309|66289|64|8743|83604|5665|3126|8743|83604|5665|3126|4|1|2007|76|34.96|2.09|37.05|84.79|349.60|17.13|17.11|0.72|436.48
2452689|55559|843|7778|51312|3566|3860|7778|51312|3566|3860|6|1|2008|49|42.63|2.98|45.61|48.13|208.25|6.82|5.01|30.80|259.36
2452669|31543|1101|8559|120714|229|1817|8559|120714|229|1817|3|1|2008|28|2711.52|108.46|2819.98|83.25|2133.60|2494.59|56.40|160.53|2325.31
2451726|46603|92|2912|48978|4531|917|2912|48978|4531|917|2|1|2010|22|295.68|23.65|319.33|68.48|608.08|198.10|49.76|47.82|700.21
2451601|45116|34|9362|97589|4329|2189|9362|97589|4329|2189|4|1|2010|50|756.50|60.52|817.02|61.43|80.50|302.60|104.39|349.51|202.45
2451822|27911|983|9035|144636|6124|2445|9035|144636|6124|2445|1|2|2012|6|35.40|1.06|36.46|17.90|57.60|0.35|26.28|8.77|76.56
2452428|73387|1279|4803|115343|5883|23|4803|115343|5883|23|6|1|2013|35|86.10|5.16|91.26|31.19|1597.40|55.10|12.40|18.60|1633.75
2450976|46262|1303|9172|164887|2475|4950|9172|164887|2475|4950|4|1|2014|56|0.00|0.00|0.00|43.05|2691.92|0.00|0.00|0.00|2734.97
2452308|66401|461|4365|144205|6798|1038|4365|144205|6798|1038|5|3|2017|22|4091.78|0.00|4091.78|84.38|663.52|2577.82|605.58|908.38|747.90
2452186|75688|1463|1902|40084|6473|2582|1902|40084|6473|2582|3|3|2017|24|237.60|2.37|239.97|23.49|587.52|19.00|26.23|192.37|613.38
2452857|32331|1729|164|74552|6907|3702|164|74552|6907|3702|3|3|2019|1|55.00|3.30|58.30|83.36|107.61|24.75|24.80|5.45|194.27
2451681|64716|619|1903|44462|5021|2180|1903|44462|5021|2180|2|2|2020|10|440.90|22.04|462.94|91.31|367.40|127.86|62.60|250.44|480.75
2451597|59170|1414|3262|68691|4247|163|3262|68691|4247|163|4|2|2020|29|1989.98|39.79|2029.77|6.52|832.59|1373.08|265.26|351.64|878.90
2451317|79404|362|8921|147934|6180|1433|8921|147934|6180|1433|4|1|2023|1|15.25|1.22|16.47|84.55|19.73|2.59|9.74|2.92|105.50
2451347|64145|1093|3820|167871|7042|4653|3820|167871|7042|4653|1|2|2023|1|2.85|0.11|2.96|96.02|5.70|2.16|0.11|0.58|101.83
2452762|72358|1494|1677|4938|3319|493|1677|4938|3319|493|1|2|2024|15|874.50|0.00|874.50|41.06|97.05|585.91|196.24|92.35|138.11
2451639|63283|172|5858|72737|2816|4095|5858|72737|2816|4095|4|3|2025|22|1778.26|0.00|1778.26|58.25|1333.64|373.43|280.96|1123.87|1391.89
2452137|34103|1039|8835|125669|663|3177|8835|125669|663|3177|1|3|2026|39|883.74|0.00|883.74|72.02|160.68|680.47|199.20|4.07|232.70
2452083|26564|827|4249|104274|6459|3564|4249|104274|6459|3564|2|2|2026|19|1445.71|0.00|1445.71|51.62|588.24|72.28|164.81|1208.62|639.86
2452646|18893|501|809|115030|2451|2625|809|115030|2451|2625|3|1|2028|3|162.42|6.49|168.91|5.99|33.75|112.06|14.60|35.76|46.23
2452522|63225|1185|5870|60660|970|3920|5870|60660|970|3920|1|2|2028|58|24.94|0.24|25.18|22.35|12.18|12.71|4.40|7.83|34.77
2452578|44358|877|2391|100919|694|622|2391|100919|694|622|3|2|2028|28|160.72|14.46|175.18|95.90|189.56|83.57|30.86|46.29|299.92
2452789|63196|975|413|116789|5325|1781|413|116789|5325|1781|1|3|2029|8|267.12|13.35|280.47|20.66|325.60|88.14|66.22|112.76|359.61
2452687|37053|61||153304|4071||3884||4071||||2029|2|40.20||||18.36||11.00|18.75|31.77
2452520|29754|1236|6129|69011|133|2935|6129|69011|133|2935|3|1|2030|12|161.28|4.83|166.11|2.04|208.68|101.60|10.74|48.94|215.55
2452586|62822|817|5869|57003|2410|3504|5869|57003|2410|3504|6|2|2030|53|3774.13|264.18|4038.31|76.81|335.49|301.93|590.27|2881.93|676.48
2452714|84267|1614|8990|161100|3337|134|8990|161100|3337|134|3|2|2034|36|608.04|0.00|608.04|80.18|212.04|158.09|350.96|98.99|292.22
2452488|50555|551|6944|161592|1120|1055|6944|161592|1120|1055|1|3|2035|4|99.64|1.99|101.63|43.27|41.16|57.79|24.69|17.16|86.42
2451968|1003|950|1145|13245|4512|2772|1145|13245|4512|2772|2|2|2038|38|1462.62|43.87|1506.49|30.35|1182.56|146.26|473.88|842.48|1256.78
2452056|56883|1285|1113|154709|1105|4101|1113|154709|1105|4101|5|1|2038|13|810.16|40.50|850.66|8.75|750.10|640.02|149.72|20.42|799.35
2451809|43102|1645|6767|83849|3251|1093|6767|83849|3251|1093|5|1|2039|17|1946.67|58.40|2005.07|72.02|685.78|1051.20|80.59|814.88|816.20
2452682|54907|1213|2308|155964|4740|2709|2308|155964|4740|2709|6|2|2040|49|1211.28|96.90|1308.18|20.85|269.01|205.91|623.32|382.05|386.76
2452612|22271|733|3882|23033|2697|4881|3882|23033|2697|4881|6|3|2041|11|1193.06|0.00|1193.06|27.97|574.97|632.32|173.82|386.92|602.94
2452771|14615|1519|2624|167248|592|4976|2624|167248|592|4976|1|1|2041|38|6555.76|196.67|6752.43|15.28|561.64|6424.64|30.15|100.97|773.59
2452826|9292|924|5013|33292|451|2970|5013|33292|451|2970|3|1|2041|5|260.35|15.62|275.97|46.23|113.45|249.93|3.23|7.19|175.30
2452658|15333|1038|6182|89824|5706|1915|6182|89824|5706|1915|3|3|2042|7|186.48|11.18|197.66|7.89|236.25|173.42|1.04|12.02|255.32
2451188|69434|1153|1408|57418|4341|1584|1408|57418|4341|1584|4|1|2043|28|522.48|10.44|532.92|14.22|2612.68|438.88|60.19|23.41|2637.34
2452631|21687|1479|7961|38861|3201|3268|7961|38861|3201|3268|6|2|2044|10|359.10|0.00|359.10|26.69|64.90|287.28|2.87|68.95|91.59
2452604|71166|357|2963|61621|5112|410|2963|61621|5112|410|1|1|2046|19|85.50|7.69|93.19|25.55|406.60|46.17|29.49|9.84|439.84
2452667|22450|1771|9074|185182|1483|3311|9074|185182|1483|3311|3|2|2046|3|155.28|0.00|155.28|34.39|61.17|155.28|0.00|0.00|95.56
2452597|69475|457|7245|127011|217|1303|7245|127011|217|1303|6|3|2046|3|532.71|31.96|564.67|5.37|319.62|101.21|120.82|310.68|356.95
2452566|76529|831|6648|92858|6268|3678|6648|92858|6268|3678|3|1|2046|27|606.69|24.26|630.95|99.26|136.08|188.07|401.87|16.75|259.60
2451104|59507|472|2508|73896|6004|752|2508|73896|6004|752|1|2|2048|26|2255.50|67.66|2323.16|42.53|1426.10|654.09|1104.97|496.44|1536.29
|48724|123|||2976|1734|||2976|1734|5|3|2049|18|55.98|0.00|55.98||6.12||13.17||44.62
2452348|58755|151|2656|87880|3904|3775|2656|87880|3904|3775|1|3|2049|5|70.65|3.53|74.18|17.08|35.70|38.15|20.80|11.70|56.31
2452382|50359|181|751|16373|3228|4890|751|16373|3228|4890|5|1|2053|28|1934.80|174.13|2108.93|94.25|210.84|1683.27|173.55|77.98|479.22
2452359|74134|629|6343|10225|6427|2669|6343|10225|6427|2669|5|2|2053|63|2200.59|176.04|2376.63|13.41|134.19|990.26|1161.91|48.42|323.64
2452575|39638|705|9110|15487|1304|2754|9110|15487|1304|2754|1|2|2054|24|2495.76|224.61|2720.37|76.51|946.56|1871.82|474.19|149.75|1247.68
2452304|42792|969|573|106632|6531|4910|573|106632|6531|4910|3|2|2054|40|116.40|6.98|123.38|12.37|76.40|30.26|64.60|21.54|95.75
2451208|77290|601|3416|81695|4294|2533|3416|81695|4294|2533|2|1|2056|50|6490.00|584.10|7074.10|5.31|2131.00|5646.30|168.74|674.96|2720.41
2451367|63362|530|7477|183492|5587|1889|7477|183492|5587|1889|1|1|2056|1|3.22|0.06|3.28|63.52|6.18|1.22|0.02|1.98|69.76
2451704|19009|392|3177|67681|5225|4649|3177|67681|5225|4649|4|1|2058|5|105.50|2.11|107.61|52.43|1.50|59.08|28.31|18.11|56.04
2451640|48065|1040|1309|176974|2799|4944|1309|176974|2799|4944|2|3|2058|22|1340.46|40.21|1380.67|24.78|654.28|13.40|358.30|968.76|719.27
2451444|40434|1069|4354|179221|3895|42|4354|179221|3895|42|2|2|2058|11|1613.48|0.00|1613.48|35.16|824.23|726.06|372.71|514.71|859.39
2451544|47370|1294|579|146973|1287|3688|579|146973|1287|3688|2|3|2058|7|510.86|15.32|526.18|39.59|0.00|112.38|318.78|79.70|54.91
2452461|64822|642|3811|119088|3245|4409|3811|119088|3245|4409|3|2|2059|1|37.12|1.48|38.60|34.36|9.52|6.31|4.92|25.89|45.36
2450889|65324|670|3461|72407|3386|3925|3461|72407|3386|3925|4|1|2063|2|226.18|2.26|228.44|47.75|7.88|11.30|133.22|81.66|57.89
2451083|66172|32|9732|176102|1159|1449|9732|176102|1159|1449|4|2|2063|1|90.88|5.45|96.33|22.50|14.45|41.80|9.81|39.27|42.40
2451995|64226|1079|8442|154269|1983|3730|8442|154269|1983|3730|5|1|2066|25|2596.50|129.82|2726.32|41.11|331.25|1557.90|373.89|664.71|502.18
||887|||6041||||6041|||3|2067||136.62|6.83|143.45|||||76.33|1132.47
2452480|34637|279|5454|36829|6284|1946|5454|36829|6284|1946|5|1|2068|11|1522.29|137.00|1659.29|67.78|657.36|1217.83|48.71|255.75|862.14
2452340|67645|407|612|176053|3927|2808|612|176053|3927|2808|1|2|2069|73|1387.00|69.35|1456.35|40.26|1071.64|998.64|77.67|310.69|1181.25
2451599|4210|46|5511|175135|42|4902|5511|175135|42|4902|4|2|2072|12|31.20|0.62|31.82|38.38|656.16|0.00|2.80|28.40|695.16
2452306|15927|1245|2797|93257|1524|1464|2797|93257|1524|1464|1|3|2073|30|1304.40|0.00|1304.40|91.24|928.50|991.34|31.30|281.76|1019.74
2452166|10320|503|4491|11522|3320|3111|4491|11522|3320|3111|5|1|2073|47|133.95|9.37|143.32|55.91|205.39|79.03|32.95|21.97|270.67
2452108|63521|1593|4725|53587|1762|2904|4725|53587|1762|2904|5|2|2073|11|442.42|39.81|482.23|85.24|115.17|44.24|95.56|302.62|240.22
2452822|66044|777|3398|74984|923|309|3398|74984|923|309|3|1|2075|9|558.90|39.12|598.02|93.75|360.18|33.53|94.56|430.81|493.05
2452851|77805|1506|4178|5088|1038|3621|4178|5088|1038|3621|3|2|2075|33|2782.56|250.43|3032.99|54.26|1318.02|1140.84|1379.04|262.68|1622.71
2452632|48826|99|2734|166408|515|1829|2734|166408|515|1829|3|2|2075|24|173.76|6.95|180.71|75.57|2548.80|126.84|44.10|2.82|2631.32
2452869|5725|1567|1810|98002|2467|619|1810|98002|2467|619|3|1|2077|4|359.12|21.54|380.66|78.06|137.84|143.64|103.43|112.05|237.44
2452654|64712|1279|4157|45542|5727|1912|4157|45542|5727|1912|3|3|2077|15|329.10|13.16|342.26|20.68|96.30|115.18|32.08|181.84|130.14
2452735|66507|1737|965|100352|412|3959|965|100352|412|3959|3|2|2077|59|6400.91|576.08|6976.99|12.37|80.83|4608.65|1487.57|304.69|669.28
2451888|15532|1661|9704|12618|4652|3079|9704|12618|4652|3079|5|2|2078|11|949.96|66.49|1016.45|51.40|189.97|930.96|9.50|9.50|307.86
2452344|61736|1015|1941|32741|2581|4748|1941|32741|2581|4748|3|2|2080|50|563.50|11.27|574.77|39.45|273.50|50.71|82.04|430.75|324.22
2452853|50207|187|5037|57332|2107|2242|5037|57332|2107|2242|6|2|2081|77|4141.06|372.69|4513.75|46.16|1624.70|828.21|2517.76|795.09|2043.55
2451972|66402|155|6376|42462|6068|4914|6376|42462|6068|4914|1|3|2082|71|0.00|0.00|0.00|32.11|1189.25|0.00|0.00|0.00|1221.36
2451865||1400|4524|188753|1723||4524|188753||||3|2083|20|||||127.80|||3.37|215.00
2451693|66947|1670|3416|69352|5048|1264|3416|69352|5048|1264|1|2|2083|7|110.88|1.10|111.98|67.17|113.19|64.31|0.46|46.11|181.46
2451763||991|||6978||1061|62316|6978|313|||2083||442.40|13.27||||300.83||62.30|
2451400|31479|1531|4864|104978|165|1639|4864|104978|165|1639|1|2|2084|8|194.96|15.59|210.55|12.43|107.20|167.66|25.38|1.92|135.22
2451264|50807|70|3964|36673|6869|4945|3964|36673|6869|4945|4|1|2084|30|2123.70|42.47|2166.17|28.75|1733.40|1826.38|59.46|237.86|1804.62
2452243|34926|1229|2011|24595|826|3057|2011|24595|826|3057|3|3|2085|33|699.60|13.99|713.59|33.64|71.94|356.79|174.83|167.98|119.57
2452389|29683|1065|589|68879|5009|1219|589|68879|5009|1219|5|1|2085|4|91.12|3.64|94.76|21.09|60.72|68.34|2.96|19.82|85.45
2452551|69845|1746|945|173244|1783|4202|945|173244|1783|4202|6|2|2086|16|1619.84|32.39|1652.23|10.18|868.64|664.13|659.43|296.28|911.21
2451802|46595|1259|8571|188620|1789|4198|8571|188620|1789|4198|2|2|2087|8|785.44|47.12|832.56|23.30|57.84|102.10|533.00|150.34|128.26
2451949|25216|1472|9541|126252|2563|4274|9541|126252|2563|4274|2|2|2091|40|3314.40|265.15|3579.55|80.77|1173.60|1690.34|1347.96|276.10|1519.52
2452194|22246|728|2991|56445|3932|3179|2991|56445|3932|3179|1|2|2091|2|21.70|1.51|23.21|45.12|11.80|6.07|15.63|0.00|58.43
2452155|73416|1466|3940|110190|5240|690|3940|110190|5240|690|5|3|2091|11|1071.73|42.86|1114.59|12.84|226.93|1028.86|30.86|12.01|282.63
2451383|75342|1183|9029|16350|4151|4959|9029|16350|4151|4959|1|2|2094|48|1670.40|16.70|1687.10|1.56|723.84|384.19|565.93|720.28|742.10
2451491|40848|1774|4015|29957|6139|2154|4015|29957|6139|2154|2|2|2094|32|378.24|22.69|400.93|35.26|1939.52|18.91|114.98|244.35|1997.47
2451493|10672|848|9585|86218|2291|4644|9585|86218|2291|4644|2|1|2094|7|107.24|2.14|109.38|33.37|291.13|54.69|13.13|39.42|326.64
2451108|55194|1027|2434|103055|2316|1057|2434|103055|2316|1057|2|3|2096|4|18.96|0.00|18.96|8.74|56.96|11.18|5.05|2.73|65.70
2452305|64445|801|8282|78857|312|727|8282|78857|312|727|3|3|2098|1|22.23|0.66|22.89|33.90|14.10|4.66|2.81|14.76|48.66
2452303|44357|741|11|983|3522|3854|11|983|3522|3854|3|1|2098|79|3380.41|202.82|3583.23|72.00|2897.72|1554.98|748.42|1077.01|3172.54
2451246|50122|91|3087|85314|134|4034|3087|85314|134|4034|1|1|2100|50|576.00|34.56|610.56|6.46|126.00|518.40|49.53|8.07|167.02
2451131|81997|1018|9988|4903|6058|1140|9988|4903|6058|1140|2|1|2100|11|75.68|0.75|76.43|62.76|103.29|18.16|5.17|52.35|166.80
2451509|80426|1574|7363|181520|797|3114|7363|181520|797|3114|4|1|2101|33|3215.85|96.47|3312.32|34.61|608.19|1640.08|819.40|756.37|739.27
2451483|18481|166|6345|180000|4582|1124|6345|180000|4582|1124|2|1|2101|4|8.56|0.34|8.90|67.68|46.20|8.13|0.29|0.14|114.22
2451637|70545|514|7419|52245|2991|3977|7419|52245|2991|3977|1|3|2103|20|285.80|14.29|300.09|22.16|86.00|45.72|165.65|74.43|122.45
2451801|26736|488|7858|171177|7089|3128|7858|171177|7089|3128|1|3|2103|46|718.52|28.74|747.26|26.83|314.18|179.63|441.88|97.01|369.75
2451592|39930|590|1835|48215|4148|3528|1835|48215|4148|3528|2|3|2103|12|0.00|0.00|0.00|25.85|276.72|0.00|0.00|0.00|302.57
2452659|68192|1152|1523|124240|2510|2380|1523|124240|2510|2380|1|1|2104|11|206.69|16.53|223.22|60.68|110.44|177.75|4.05|24.89|187.65
2452718||1431||79619|4795|||79619||2411||2|2104|||||32.68|1216.75||116.74|259.87|
2452632|70863|1627|1871|78926|4249|4292|1871|78926|4249|4292|6|1|2104|62|199.02|1.99|201.01|76.75|22.94|123.39|57.47|18.16|101.68
2452720|76077|1261|6906|170617|4521|3752|6906|170617|4521|3752|3|1|2106|24|657.12|32.85|689.97|78.24|450.96|98.56|363.06|195.50|562.05
2451942|68584|581|3708|186665|902|4946|3708|186665|902|4946|1|1|2107|10|615.90|55.43|671.33|34.61|439.90|523.51|69.29|23.10|529.94
||449||143616|4142|21||||21||2|2107|||180.20|2432.76|34.34|509.86||||
2451917|47197|1751|6084|139033|3775|244|6084|139033|3775|244|2|3|2107|22|1416.80|0.00|1416.80|59.21|0.00|425.04|922.33|69.43|59.21
2451732|47378|218|2875|141941|6207|4473|2875|141941|6207|4473|4|3|2108|53|2211.16|154.78|2365.94|94.90|2856.17|818.12|69.65|1323.39|3105.85
2452292|74481|1123|8585|89604|2990|569|8585|89604|2990|569|3|3|2109|41|5525.57|221.02|5746.59|96.29|3212.76|3039.06|2436.77|49.74|3530.07
2452474|36728|583|2336|29692|1608|1044|2336|29692|1608|1044|5|1|2109|41|3439.08|171.95|3611.03|6.43|697.00|1238.06|1298.60|902.42|875.38
2452406|65040|1657|6126|164837|5948|1012|6126|164837|5948|1012|1|1|2109|1|5.74|0.11|5.85|94.50|54.59|4.76|0.29|0.69|149.20
2451298|34513|1003|687|13372|4903|2561|687|13372|4903|2561|4|2|2110|35|129.15|0.00|129.15|46.36|147.70|117.52|3.48|8.15|194.06
2451800|46158|1432|7729|57107|4325|3776|7729|57107|4325|3776|1|3|2112|6|211.38|10.56|221.94|88.15|2.40|71.86|126.96|12.56|101.11
2452861|26770|1285|2442|53007|5205|1010|2442|53007|5205|1010|1|1|2113|16|493.76|39.50|533.26|76.53|164.48|350.56|124.58|18.62|280.51
2452438|74557|401|6713|58469|225|3581|6713|58469|225|3581|1|2|2114|41|1026.23|51.31|1077.54|31.38|1140.21|605.47|218.79|201.97|1222.90
2452569|76741|1455|3233|160972|2038|4017|3233|160972|2038|4017|3|1|2114|25|231.25|20.81|252.06|13.76|587.25|208.12|2.08|21.05|621.82
2452396|69346|277|6320|51109|298|487|6320|51109|298|487|1|2|2114|4|83.04|6.64|89.68|59.49|126.36|13.28|48.13|21.63|192.49
2451204|67644|1336|239|84572|105|38|239|84572|105|38|2|1|2115|65|6007.30|540.65|6547.95|48.86|1955.85|4805.84|949.15|252.31|2545.36
2452321|30591|1653|7629|60150|4478|1079|7629|60150|4478|1079|5|2|2116|26|1026.22|30.78|1057.00|5.81|245.70|51.31|731.18|243.73|282.29
2452282|44405|91|1029|25729|5229|3929|1029|25729|5229|3929|1|3|2116|25|576.00|34.56|610.56|57.10|543.50|103.68|188.92|283.40|635.16
2451457|47384|1717|7068|183615|3682|2742|7068|183615|3682|2742|4|3|2117|7|233.10|20.97|254.07|15.07|178.29|202.79|9.39|20.92|214.33
2452014|81888|1703|||2522|4833|5147|618|2522||1|3|2118|||2.35|120.04||36.87|24.71|4.64||
2452694|61880|997|9735|19665|5755|3765|9735|19665|5755|3765|1|2|2119|3|482.70|33.78|516.48|35.38|272.82|101.36|163.97|217.37|341.98
2452540|25059|1728|930|49790|4730|877|930|49790|4730|877|3|3|2119|25|2211.50|44.23|2255.73|57.87|863.75|486.53|1724.97|0.00|965.85
2451584|69363|61|218|130652|446|1513|218|130652|446|1513|2|2|2121|34|562.36|5.62|567.98|84.91|501.16|258.68|112.36|191.32|591.69
2451798|64770|1660|2610|109935|3820|4425|2610|109935|3820|4425|4|1|2121|2|30.76|0.00|30.76|30.60|61.52|29.52|1.15|0.09|92.12
2451764|38571|62|8798|144368|4131|3574|8798|144368|4131|3574|1|1|2121|75|4675.50|327.28|5002.78|64.77|2805.00|1122.12|2593.96|959.42|3197.05
2452685|75698|1560|862|65277|4685|3420|862|65277|4685|3420|1|3|2122|22|234.30|0.00|234.30|25.52|171.82|77.31|75.35|81.64|197.34
2452205|78815|547|2546|102869|3559|442|2546|102869|3559|442|5|2|2124|70|920.50|0.00|920.50|24.98|1329.30|405.02|61.85|453.63|1354.28
2451281|63741|646|8001|101963|2052|4454|8001|101963|2052|4454|1|3|2125|19|865.64|25.96|891.60|90.62|504.83|190.44|398.36|276.84|621.41
2452120|29263|613|6705|91595|4645|4968|6705|91595|4645|4968|5|2|2126|2|44.30|1.77|46.07|44.39|11.54|32.78|7.48|4.04|57.70
2452143|30937|1763|6315|179035|3896|4924|6315|179035|3896|4924|2|1|2126|7|412.30|0.00|412.30|56.84|412.30|239.13|17.31|155.86|469.14
2452582|39202|1485|9860|18252|451|1970|9860|18252|451|1970|3|1|2127|30|2052.00|184.68|2236.68|50.05|1000.80|205.20|498.63|1348.17|1235.53
2452587|32043|1572|254|98375|3249|770|254|98375|3249|770|3|3|2127|3|0.00|0.00|0.00|45.20|0.00|0.00|0.00|0.00|45.20
2451455|32921|590|6073|48032|1111|4630|6073|48032|1111|4630|4|1|2129|15|233.85|9.35|243.20|81.24|241.65|44.43|7.57|181.85|332.24
2451279|80469|1058|9592|107525|5218|4031|9592|107525|5218|4031|4|1|2129|26|1355.90|13.55|1369.45|75.79|106.34|352.53|90.30|913.07|195.68
2451453|17174|844|8757|92536|4042|4061|8757|92536|4042|4061|2|3|2129|9|77.58|6.98|84.56|5.41|354.96|34.91|26.88|15.79|367.35
2451731|48660|704|5320|10859|3226|3626|5320|10859|3226|3626|1|3|2130|40|357.60|14.30|371.90|47.40|0.00|318.26|35.40|3.94|61.70
2451803|71214|1228|5358|55512|513|514|5358|55512|513|514|1|3|2130|5|99.85|3.99|103.84|4.66|23.30|9.98|80.88|8.99|31.95
2451969|73728|1517|8298|133380|4509|2191|8298|133380|4509|2191|2|2|2131|2|54.96|2.74|57.70|40.59|29.48|37.37|14.24|3.35|72.81
2451076|61672|1366|2925|58709|6366|2463|2925|58709|6366|2463|4|3|2132|2|3.84|0.23|4.07|86.27|12.82|1.30|1.67|0.87|99.32
2452681|45536|840|4703|163335|960|1512|4703|163335|960|1512|3|2|2133|5|359.05|17.95|377.00|3.40|187.35|233.38|115.61|10.06|208.70
2452799|35260|1399|6943|101479|2862|4198|6943|101479|2862|4198|1|1|2135|15|1913.25|172.19|2085.44|32.41|940.35|669.63|1169.00|74.62|1144.95
2452733|39912|636|111|20793|4402|4124|111|20793|4402|4124|1|3|2135|4|21.08|0.84|21.92|25.05|0.92|4.21|2.02|14.85|26.81
2452792|41843|1092|6024|185179|1854|769|6024|185179|1854|769|1|3|2138|38|8845.26|265.35|9110.61|52.90|4234.34|5395.60|1414.36|2035.30|4552.59
2452209|63017|1239|4618|158934|4610|2806|4618|158934|4610|2806|3|3|2139|24|4568.88|45.68|4614.56|59.07|1693.92|593.95|3299.19|675.74|1798.67
2452382|45088|891|346|109939|596|3140|346|109939|596|3140|1|2|2139|69|241.50|4.83|246.33|49.49|13.80|149.73|15.60|76.17|68.12
2451246|7079|1795|4688|64586|2575|3357|4688|64586|2575|3357|2|3|2140|43|2718.89|81.56|2800.45|35.27|94.60|1740.08|783.04|195.77|211.43
||998||17030|3003|||17030|||||2141|||||60.14||160.56|3.62||169.27
2451459|81410|110|7175|99897|59|1501|7175|99897|59|1501|2|2|2141|53|47.17|1.88|49.05|83.95|317.47|24.05|14.33|8.79|403.30
2451154|75806|610|7453|190178|983|4748|7453|190178|983|4748|1|3|2142|35|1821.40|54.64|1876.04|16.66|0.00|1420.69|40.07|360.64|71.30
2451057|33457|835|3244|158708|4572|1036|3244|158708|4572|1036|4|1|2142|30|254.70|2.54|257.24|69.65|40.50|5.09|192.19|57.42|112.69
2451015|64513|296|3841|123853|6105|1590|3841|123853|6105|1590|1|1|2143|61|9042.03|632.94|9674.97|15.91|1070.55|6510.26|1265.88|1265.89|1719.40
||1741|6081||619|3688|||||1|3|2145|||0.00|||78.89|99.47||213.31|132.40
2452073|62698|1016|3265|189290|938|4073|3265|189290|938|4073|5|3|2145|10|697.40|34.87|732.27|41.30|10.70|530.02|97.08|70.30|86.87
2451851|42375|935|6751|93828|4745|95|6751|93828|4745|95|1|2|2146|2|149.88|10.49|160.37|7.12|9.36|79.43|54.95|15.50|26.97
2451552|49289|68|6518|156875|865|3662|6518|156875|865|3662|4|1|2147|41|340.71|0.00|340.71|86.99|292.33|115.84|69.70|155.17|379.32
2452764|58244|25|2167|127496|632|4488|2167|127496|632|4488|3|1|2152|23|877.45|26.32|903.77|51.99|1433.13|763.38|76.42|37.65|1511.44
2452366|69581|501|770|5089|5041|1753|770|5089|5041|1753|3|2|2154|27|1202.31|84.16|1286.47|97.00|691.20|0.00|1046.00|156.31|872.36
2452395|67567|215|990|127929|6661|4720|990|127929|6661|4720|3|2|2154|13|1532.31|137.90|1670.21|76.85|709.67|275.81|201.04|1055.46|924.42
2452336||1769||||||||||3|2155|||||69.99|158.02|142.40|185.88|46.48|
2452555||1379|8944|164334|3437||8944||3437|2307|5||2155|||1.15||13.52|||||31.96
2452724|80003|717|7096|38243|1870|2210|7096|38243|1870|2210|1|2|2156|40|4428.80|310.01|4738.81|34.06|720.80|221.44|631.10|3576.26|1064.87
2451932|78824|284|23|83863|3063|3783|23|83863|3063|3783|1|1|2157|66|3913.80|117.41|4031.21|81.40|659.34|2857.07|401.55|655.18|858.15
2451701|2733|1082|7628|179306|4744|1902|7628|179306|4744|1902|5|1|2157|5|669.75|13.39|683.14|11.17|97.80|348.27|112.51|208.97|122.36
2451752|63633|716|4349|120363|776|4309|4349|120363|776|4309|1|3|2158|6|51.90|0.00|51.90|3.58|21.30|14.01|15.15|22.74|24.88
2451532|55645|1150|708|91272|4829|1713|708|91272|4829|1713|2|3|2158|40|2283.20|45.66|2328.86|83.01|549.60|205.48|997.30|1080.42|678.27
2452672|45892|123|5612|104273|3814|3515|5612|104273|3814|3515|6|2|2159|9|880.56|0.00|880.56|22.24|236.52|493.11|162.72|224.73|258.76
2452323|46611|713|6627|139805|4423|521|6627|139805|4423|521|1|2|2160|12|349.80|27.98|377.78|35.10|34.08|41.97|178.54|129.29|97.16
2452503|61876|1591|6971|70420|5709|525|6971|70420|5709|525|3|2|2161|9|442.89|35.43|478.32|96.49|119.43|327.73|51.82|63.34|251.35
2452502|76233|337|7802|72779|956|4580|7802|72779|956|4580|3|1|2161|9|346.86|24.28|371.14|18.62|0.00|121.40|56.36|169.10|42.90
2451352|74727|961|6203|167015|867|3199|6203|167015|867|3199|4|2|2162|23|3241.85|226.92|3468.77|29.18|951.28|1491.25|70.02|1680.58|1207.38
2451400|37496|1514|3205|86955|2465|2495|3205|86955|2465|2495|4|3|2162|29|81.78|7.36|89.14|23.25|81.78|26.98|15.34|39.46|112.39
2451997|35430|1778|8311|138392|7113|3514|8311|138392|7113|3514|2|1|2163|80|4755.20|47.55|4802.75|48.32|1932.80|4327.23|38.51|389.46|2028.67
2451864|34502|1241|7428|93564|3600|3069|7428|93564|3600|3069|1|1|2164|2|93.98|4.69|98.67|87.99|53.70|31.95|26.05|35.98|146.38
2451708|44659|116|4690|63700|2823|1513|4690|63700|2823|1513|2|2|2164|64|2138.24|85.52|2223.76|49.45|171.52|1432.62|134.06|571.56|306.49
2451804|33419|719|1174|147654|2887|2520|1174|147654|2887|2520|5|1|2164|29|555.06|0.00|555.06|82.84|190.82|199.82|326.82|28.42|273.66
2451317|72386|949|6921|90286|7091|1376|6921|90286|7091|1376|1|1|2165|7|197.82|9.89|207.71|75.85|101.57|166.16|18.99|12.67|187.31
2451162|29234|517|7063|158815|379|2263|7063|158815|379|2263|2|1|2165|52|1769.04|17.69|1786.73|4.36|176.80|1043.73|681.79|43.52|198.85
2451712|23695|1330|8340|50938|463|701|8340|50938|463|701|1|3|2166|13|180.70|9.03|189.73|82.44|560.30|155.40|19.48|5.82|651.77
2451050|20237|880|2871|59503|5175|4880|2871|59503|5175|4880|2|1|2167|29|5186.65|155.59|5342.24|54.44|1838.31|466.79|991.17|3728.69|2048.34
2450917|82177|1568|7555|188529|4510|3564|7555|188529|4510|3564|1|2|2167|8|135.12|0.00|135.12|40.79|155.44|99.98|16.16|18.98|196.23
2451570|28424|1042|5174|73034|2381|961|5174|73034|2381|961|2|3|2168|2|25.38|1.77|27.15|86.81|59.66|1.77|16.99|6.62|148.24
2451593|48185|964|5095|101230|4532|674|5095|101230|4532|674|2|2|2168|25|1496.25|89.77|1586.02|2.99|65.00|568.57|909.12|18.56|157.76
2452709|73969|1527||104726||3344|737|104726||3344||2|2169|4|183.16||||37.16|12.82|30.66|139.68|
2452739|69222|715|3215|172179|6103|1747|3215|172179|6103|1747|1|3|2169|41|4106.56|369.59|4476.15|54.95|892.57|4106.56|0.00|0.00|1317.11
2452872|70800|1734|4446|40926|4526|2319|4446|40926|4526|2319|1|2|2169|43|581.36|5.81|587.17|80.15|733.15|308.12|194.00|79.24|819.11
2452746|63791|1350|4938|87437|256|4562|4938|87437|256|4562|1|2|2169|13|31.33|1.56|32.89|44.43|162.24|26.00|3.99|1.34|208.23
2452487|70398|689|207|109624|3761|1738|207|109624|3761|1738|1|2|2170|11|142.78|4.28|147.06|43.91|107.03|57.11|24.84|60.83|155.22
2452891|41740|1165|9063|25190|2917|1091|9063|25190|2917|1091|6|2|2171|21|3244.71|32.44|3277.15|5.93|213.78|1492.56|753.42|998.73|252.15
2451238|57275|433|7400|186897|3067|524|7400|186897|3067|524|4|2|2172|85|3556.40|248.94|3805.34|39.68|606.90|675.71|2218.13|662.56|895.52
2451384|40792|1766|3414|178183|6232|1041|3414|178183|6232|1041|1|1|2172|39|1309.62|117.86|1427.48|86.48|30.81|942.92|212.68|154.02|235.15
2451345|45912|1240|7930|163632|2887|542|7930|163632|2887|542|2|2|2172|12|33.48|1.00|34.48|44.31|285.24|19.41|1.82|12.25|330.55
2452013|63542|385|5174|84642|430|1011|5174|84642|430|1011|5|2|2173|33|318.45|22.29|340.74|89.86|0.00|85.98|185.97|46.50|112.15
||179|328||||328||3729|1806||1|2174|17|3110.49|62.20|3172.69||1229.61||1842.03|1081.84|1350.93
2452105|47549|1073||21550|2657|3317||21550||3317|3||2174|||104.31||38.33||193.72|168.53|1127.91|1665.77
2452370|11185|227|2626|152891|1208|3085|2626|152891|1208|3085|1|2|2176|24|2013.84|161.10|2174.94|84.78|584.64|1913.14|100.70|0.00|830.52
2452175|21755|655|4967|172406|5445|3884|4967|172406|5445|3884|5|1|2179|32|3470.40|34.70|3505.10|56.68|1573.12|2568.09|144.36|757.95|1664.50
2451897|76220|847|6810|89442|4074|2459|6810|89442|4074|2459|1|3|2180|47|5068.01|405.44|5473.45|23.17|2181.27|354.76|2498.02|2215.23|2609.88
2451001|38406|1546|2131|50214|3624|4194|2131|50214|3624|4194|1|1|2181|46|615.48|49.23|664.71|16.98|379.96|332.35|14.15|268.98|446.17
2451108|15201|1370|1703|175149|1988|154|1703|175149|1988|154|4|3|2181|13|33.54|3.01|36.55|19.13|4.29|16.09|8.72|8.73|26.43
2450967|46294|1694|6554|189452|7150|2448|6554|189452|7150|2448|2|1|2181|14|22.68|0.22|22.90|97.28|591.78|16.55|5.14|0.99|689.28
2452598|77915|1513|9405|73054|355|1856|9405|73054|355|1856|3|1|2183|33|98.34|6.88|105.22|80.37|56.10|94.40|3.07|0.87|143.35
2451675|77819|697|8268|132796|7164|1812|8268|132796|7164|1812|2|2|2185|22|248.38|9.93|258.31|77.50|105.16|201.18|0.94|46.26|192.59
2452605|30807|525|6739|11126|6953|660|6739|11126|6953|660|6|1|2186|59|754.61|67.91|822.52|64.12|0.00|641.41|50.94|62.26|132.03
2452668|76978|123|2897|151632|2367|2855|2897|151632|2367|2855|6|2|2186|47|3981.37|318.50|4299.87|41.67|1726.78|2030.49|117.05|1833.83|2086.95
2451830|71191|1085|8252|167553|1334|4122|8252|167553|1334|4122|5|3|2187|12|905.40|27.16|932.56|68.35|347.04|126.75|85.65|693.00|442.55
2451806|39406|1550|9025|108832|1119|3566|9025|108832|1119|3566|1|3|2187|4|5.48|0.27|5.75|66.26|3.64|2.95|2.22|0.31|70.17
|25203|1316|6815|4964|||6815|4964|||2|3|2188|48||147.54|7524.66|83.02|2354.40|2508.22|4089.87|779.03|
2452094|42400|373|3761|32308|3222|2376|3761|32308|3222|2376|2|2|2188|74|1159.58|104.36|1263.94|11.29|1070.04|359.46|632.09|168.03|1185.69
||308||36286||2293|||6086|2293|4||2189|38||1.62|||77.14|33.34|3.80|3.52|145.38
2451122|68961|598|3281|56656|5951|2886|3281|56656|5951|2886|1|3|2189|11|1796.41|35.92|1832.33|99.69|611.16|916.16|765.81|114.44|746.77
2452615|13511|654|4579|110631|490|2269|4579|110631|490|2269|6|1|2192|37|590.52|17.71|608.23|42.88|196.84|484.22|88.22|18.08|257.43
2452318|42493|1725|4017|134653|2329|1685|4017|134653|2329|||3|2193||4642.56||4921.11|75.90|1588.08|185.70||4144.88|1942.53
2452416|36471|1523||160304||1912|9340||||1|1|2193|1|86.29||||27.20|20.70|||80.30
2452516|73759|1439|9452|113201|4230|4219|9452|113201|4230|4219|1|2|2195|5|611.85|48.94|660.79|10.32|305.90|367.11|53.84|190.90|365.16
2452408|29094|139|288|115281|1474|3467|288|115281|1474|3467|5|2|2195|17|306.68|21.46|328.14|70.57|195.16|95.07|76.17|135.44|287.19
2451544|81081|878|8238|52646|4014|3702|8238|52646|4014|3702|1|3|2196|26|2288.00|0.00|2288.00|15.60|1144.00|1304.16|590.30|393.54|1159.60
2451713|60221|1429|8356|13783|4650|4997|8356|13783|4650|4997|4|2|2201|5|127.30|2.54|129.84|41.32|78.50|63.65|38.82|24.83|122.36
|73328|1538|4172|||||59711|||2||2202|77||180.68|3192.15|||1234.70|657.40||
2451427|73354|268|8544|142455|2879|3223|8544|142455|2879|3223|2|2|2202|18|796.86|55.78|852.64|44.16|234.36|764.98|13.70|18.18|334.30
2451340||1588||111356|3792|3228||111356||3228||3|2202|3|168.30|11.78|180.08|77.72||||47.97|
2452687|81566|828|2647|146246|2245|2691|2647|146246|2245|2691|3|2|2203|5|124.10|1.24|125.34|65.67|34.30|11.16|3.38|109.56|101.21
2452756|71894|507|7279|185438|1630|2182|7279|185438|1630|2182|1|2|2206|32|102.40|4.09|106.49|86.26|71.68|17.40|34.85|50.15|162.03
2452790|67002|1017|6767|94561|2035|3916|6767|94561|2035|3916|6|1|2206|21|512.82|30.76|543.58|95.65|1025.64|164.10|348.72|0.00|1152.05
2451621|34406|841|7230|60187|584|1261|7230|60187|584|1261|4|1|2207|17|849.49|16.98|866.47|50.75|0.00|33.97|570.86|244.66|67.73
2451131|29314|1504|2550|25695|4313|1971|2550|25695|4313|1971|2|2|2208|59|158.71|11.10|169.81|82.98|1058.46|122.20|16.42|20.09|1152.54
2452592|31195|331|8518|43944|2170|4396|8518|43944|2170|4396|3|1|2209|13|755.82|37.79|793.61|46.98|698.75|105.81|455.00|195.01|783.52
2452362|74547|1709|3856|142440|6017|2921|3856|142440|6017|2921|3|1|2210|57|9697.98|872.81|10570.79|69.63|1653.00|6206.70|2478.80|1012.48|2595.44
2452297|64594|903|2904|7142|3940|2658|2904|7142|3940|2658|1|1|2210|44|608.96|12.17|621.13|95.92|28.60|347.10|222.58|39.28|136.69
2451310|15190|727|4374|140016|5051|4813|4374|140016|5051|4813|4|3|2211|49|618.38|30.91|649.29|1.16|242.06|228.80|46.74|342.84|274.13
2451323|59385|1201|3637|146504|5964|2104|3637|146504|5964|2104|2|3|2211|68|1876.80|37.53|1914.33|47.37|1564.00|1557.74|54.24|264.82|1648.90
2451328|58508|314|9270|67479|1255|4824|9270|67479|1255|4824|4|2|2211|15|62.85|4.39|67.24|56.64|0.00|46.50|8.66|7.69|61.03
2451425|56523|836|1635|87926|3544|4075|1635|87926|3544|4075|1|1|2211|19|503.31|15.09|518.40|14.90|271.51|45.29|169.46|288.56|301.50
2451352|45739|322|2073|68920|5767|2614|2073|68920|5767|2614|4|3|2211|25|2566.50|51.33|2617.83|59.04|2566.50|307.98|2258.52|0.00|2676.87
2451285|72309|1424|9044|122924|995|4186|9044|122924|995|4186|4|2|2212|5|33.05|0.66|33.71|93.30|143.25|6.61|9.25|17.19|237.21
2451295|18247|622|6931|92447|1643|352|6931|92447|1643|352|1|1|2212|12|127.80|7.66|135.46|40.04|285.60|6.39|41.27|80.14|333.30
2452376|58576|917|2233|91089|1625|4168|2233|91089|1625|4168|1|2|2213|5|151.95|6.07|158.02|28.70|85.45|121.56|14.58|15.81|120.22
2452248|36887|927|4494|8752|5843|2541|4494|8752|5843|2541|5|2|2213|12|784.08|7.84|791.92|21.59|877.44|744.87|36.07|3.14|906.87
2452328|62547|1633|4914|126590|1499|1415|4914|126590|1499|1415|3|1|2213|1|53.28|4.26|57.54|59.98|34.10|39.96|10.65|2.67|98.34
2451762|54624|1724|6601|115118|675|2912|6601|115118|675|2912|1|3|2214|70|2330.30|163.12|2493.42|62.40|537.60|256.33|1991.01|82.96|763.12
2451639|18974|44|8245|176670|5655|3007|8245|176670|5655|3007|1|2|2215|39|1539.72|76.98|1616.70|91.98|1887.60|246.35|827.75|465.62|2056.56
2451764|46552|1579|1294|80318|3342|2966|1294|80318|3342|2966|1|3|2215|8|478.40|14.35|492.75|18.62|57.68|243.98|124.24|110.18|90.65
2451263|72444|961|8677|57032|5274|1949|8677|57032|5274|1949|2|2|2217|52|338.52|16.92|355.44|57.21|96.72|253.89|7.61|77.02|170.85
2452538|72935|1527|6313|182930|5547|3964|6313|182930|5547|3964|6|2|2218|33|822.03|49.32|871.35|60.81|352.11|90.42|577.97|153.64|462.24
2452413|40157|1350|2552|71553|3594|1315|2552|71553|3594|1315|1|1|2218|12|743.04|7.43|750.47|5.47|336.24|37.15|571.77|134.12|349.14
|49304|534||||3269||169070|5846||||2218|62||23.50|2373.92|11.53|2148.92|1316.23||258.55|2183.95
2452620|58873|997|1569|171432|6942|1405|1569|171432|6942|1405|3|1|2219|1|190.36|11.42|201.78|31.67|78.26|32.36|88.48|69.52|121.35
2452723|19799|321|7864|131663|6022|4254|7864|131663|6022|4254|1|1|2219|41|5096.30|254.81|5351.11|7.94|371.46|1223.11|1161.95|2711.24|634.21
2452268|48574|429|8681|34771|5374|4944|8681|34771|5374|4944|5|3|2221|13|1306.50|13.06|1319.56|4.08|522.60|705.51|546.90|54.09|539.74
2452384|80312|389|268|182203|5258|4953|268|182203|5258|4953|5|3|2221|41|928.65|46.43|975.08|11.55|510.45|770.77|45.78|112.10|568.43
2452342|70127|1145|4008|39395|1549|4496|4008|39395|1549|4496|1|3|2221|6|175.74|3.51|179.25|97.31|104.16|158.16|11.77|5.81|204.98
2452253|12710|1211|9652|76960|1515|823|9652|76960|1515|823|1|1|2221|59|1617.19|97.03|1714.22|21.19|269.04|404.29|921.80|291.10|387.26
|44508|556|2001||2732|||126230|2732|3521|4||2222|55||||40.39|22.00|402.13|126.75||
2451014|34743|632|1431|84433|6715|1357|1431|84433|6715|1357|1|1|2223|67|1428.44|42.85|1471.29|28.33|66.33|171.41|666.22|590.81|137.51
2452267|70524|47|5442|150362|675|315|5442|150362|675|315|5|2|2224|32|1388.48|13.88|1402.36|62.80|56.96|652.58|235.48|500.42|133.64
2452818|25472|1146|8215|11683|3038|2826|8215|11683|3038|2826|3|2|2225|47|201.63|16.13|217.76|9.51|214.32|92.74|92.55|16.34|239.96
2452776|21390|1789|8066|24741|6983|3418|8066|24741|6983|3418|6|2|2225|30|2338.50|70.15|2408.65|48.53|864.00|2104.65|144.98|88.87|982.68
2452526|77563|1301|1449|27692|6222|585|1449|27692|6222|585|3|1|2226|1|217.00|17.36|234.36|71.32|69.35|13.02|12.23|191.75|158.03
2452411|83133|1365|2908|139783|931|3766|2908|139783|931|3766|1|3|2226|28|1921.08|38.42|1959.50|77.75|421.68|787.64|487.37|646.07|537.85
2451451|71265|1513|7215|162604|6746|4535|7215|162604|6746|4535|4|1|2228|35|1705.55|17.05|1722.60|39.31|168.70|1006.27|76.92|622.36|225.06
2451210|66135|290|6752|109057|5122|4507|6752|109057|5122|4507|4|2|2228|55|931.70|27.95|959.65|53.85|0.00|680.14|113.20|138.36|81.80
2451291|57839|986|7207|65741|2348|4595|7207|65741|2348|4595|4|1|2230|18|213.48|14.94|228.42|56.74|49.68|157.97|23.31|32.20|121.36
2452280|62236|1451|2595|6162|2416|2103|2595|6162|2416|2103|3|1|2231|46|1230.50|24.61|1255.11|66.25|961.40|861.35|7.38|361.77|1052.26
2452280|70588|575|5362|40559|1562|4765|5362|40559|1562|4765|1|3|2231|8|110.88|8.87|119.75|72.62|4.56|76.50|20.62|13.76|86.05
2452144|69138|101|1510|146281|6059|1757|1510|146281|6059|1757|5|1|2231|1|22.24|0.44|22.68|15.50|15.47|13.34|1.60|7.30|31.41
2451160|67335|782|1491|34653|4808|3690|1491|34653|4808|3690|1|2|2235|7|455.49|13.66|469.15|76.81|109.13|450.93|4.42|0.14|199.60
2451190|77122|1118|1172|187651|6017|2816|1172|187651|6017|2816|4|3|2235|6|77.16|2.31|79.47|45.39|123.48|35.49|18.33|23.34|171.18
2451235|5137|764|1222|115723|2417|3238|1222|115723|2417|3238|1|3|2236|41|7078.24|566.25|7644.49|12.86|3696.56|4317.72|276.05|2484.47|4275.67
2451276|85221|13|6567|30731|3695|3459|6567|30731|3695|3459|2|1|2236|57|587.10|0.00|587.10|83.93|542.07|487.29|17.96|81.85|626.00
2451390|58161|542|4107|187834|761|1441|4107|187834|761|1441|1|2|2236|23|571.55|11.43|582.98|96.15|1302.03|457.24|30.86|83.45|1409.61
2452076|58901|179|2068|22503|6218|4540|2068|22503|6218|4540|5|2|2237|28|2640.96|184.86|2825.82|86.78|302.40|2614.55|9.50|16.91|574.04
2452195|38933|991|1921|20483|3718|1793|1921|20483|3718|1793|5|3|2237|16|1829.44|146.35|1975.79|41.24|634.08|182.94|1152.55|493.95|821.67
2452152|61524|1073|3395|169713|6511|469|3395|169713|6511|469|5|3|2237|38|845.12|59.15|904.27|12.81|594.70|684.54|43.35|117.23|666.66
2452433||567||69830|5883||6704|69830|5883||3|3|2238|10|907.70||962.16||315.10|871.39|15.61|20.70|395.57
2451923|23745|1391|8888|3194|5660|4199|8888|3194|5660|4199|1|2|2239|4|54.44|3.26|57.70|54.27|18.12|29.94|14.21|10.29|75.65
2451902|37210|1163|1418|189658|5660|3375|1418|189658|5660|3375|5|1|2239|3|67.08|4.69|71.77|65.48|68.52|43.60|12.20|11.28|138.69
2450942|10471|292|8831|42447|5183|3159|8831|42447|5183|3159|1|2|2241|4|69.12|5.52|74.64|70.35|64.52|66.35|1.55|1.22|140.39
2450961|71749|919|6502|124294|6133|3725|6502|124294|6133|3725|2|2|2241|89|2153.80|107.69|2261.49|92.00|1004.81|1636.88|320.49|196.43|1204.50
||149|7589|||1328|||||||2244||571.50|||||||399.14|
2451272|30759|224|7083|183531|139|4867|7083|183531|139|4867|4|3|2245|19|467.02|23.35|490.37|7.80|293.55|247.52|74.63|144.87|324.70
2451367|38201|1262|7219|182796|5413|4910|7219|182796|5413|4910|4|1|2245|16|112.64|5.63|118.27|62.78|13.12|52.94|57.31|2.39|81.53
2451371|5623|2|1370|155522|4554|3899|1370|155522|4554|3899|4|2|2245|12|160.56|6.42|166.98|64.10|116.76|36.92|14.83|108.81|187.28
2451338|54281|1670|4867|156351|2720|842|4867|156351|2720|842|2|1|2246|14|449.96|22.49|472.45|81.02|351.26|323.97|112.13|13.86|454.77
2451719|70027|163|8978|181593|1601|3736|8978|181593|1601|3736|1|2|2247|6|90.18|2.70|92.88|83.07|1.14|18.93|32.06|39.19|86.91
2451770|6955|1438|9026|133991|1276|2601|9026|133991|1276|2601|1|3|2248|3|0.93|0.00|0.93|19.22|2.34|0.69|0.21|0.03|21.56
2451621|63748|1363|8295|56005|4595|4745|8295|56005|4595|4745|1|1|2248|56|900.48|81.04|981.52|93.61|122.64|369.19|185.95|345.34|297.29
2452030|68304|536|5719|146471|6183|462|5719|146471|6183|462|1|2|2250|5|586.70|46.93|633.63|40.57|118.65|516.29|43.65|26.76|206.15
2452127|60813|680|569|106470|1091|1752|569|106470|1091|1752|5|2|2250|3|0.00|0.00|0.00|29.57|7.29|0.00|0.00|0.00|36.86
2452176|10547|1139|1836|26732|1628|4324|1836|26732|1628|4324|3|3|2251|36|3348.36|66.96|3415.32|15.35|1813.68|2009.01|723.24|616.11|1895.99
2451349|39187|685|2005|103580|6675|4810|2005|103580|6675|4810|4|3|2252|9|458.64|13.75|472.39|73.67|152.82|105.48|91.82|261.34|240.24
2452365|43348|1197|404|176256|2908|1313|404|176256|2908|1313|1|1|2253|30|5013.30|200.53|5213.83|31.73|892.80|1203.19|2705.17|1104.94|1125.06
2452213|75538|299|7609|119611|7133|1648|7609|119611|7133|1648|1|2|2254|64|14219.52|853.17|15072.69|61.49|2051.84|4550.24|966.92|8702.36|2966.50
2451739|12224|248|763|21253|4816|2066|763|21253|4816|2066|1|3|2256|13|2264.34|67.93|2332.27|85.96|801.84|1675.61|388.56|200.17|955.73
2451894|57102|1280|3202|81368|5661|114|3202|81368|5661|114|5|1|2257|16|30.72|2.76|33.48|1.07|72.96|14.74|2.39|13.59|76.79
2452000|70729|899|6359|171158|6437|2829|6359|171158|6437|2829|1|2|2257|7|92.89|3.71|96.60|53.58|51.45|30.65|30.49|31.75|108.74
2451067|76856|1129|6810|28683|5149|2895|6810|28683|5149|2895|2|3|2258|9|871.47|34.85|906.32|77.55|106.47|366.01|283.05|222.41|218.87
2451157|56125|620|9051|123284|4030|2743|9051|123284|4030|2743|4|2|2258|1|0.48|0.00|0.48|13.86|2.37|0.41|0.02|0.05|16.23
||1375|7486|21080|6754||7486||6754||3||2260|65|2644.85|26.44|2671.29|50.06||502.52|||
2452297|34463|891|1148|131827|5786|4705|1148|131827|5786|4705|5|2|2260|6|255.90|23.03|278.93|79.89|16.50|158.65|4.86|92.39|119.42
2451090|18634|466|157|63930|2870|403|157|63930|2870|403|4|3|2261|7|252.49|12.62|265.11|93.04|53.41|22.72|135.56|94.21|159.07
|56244|1412|6521||486||6521|78154||||3|2262|7|191.52|9.57||18.50||168.53|||
2452641|6226|217|5255|29380|3298|4543|5255|29380|3298|4543|1|1|2263|88|10092.72|908.34|11001.06|49.30|1523.28|9890.86|131.20|70.66|2480.92
2452590|42410|439|6810|68866|6875|3331|6810|68866|6875|3331|6|1|2263|23|1652.78|148.75|1801.53|56.99|220.34|1454.44|75.36|122.98|426.08
2452432|2518|763|3762|160476|743|2010|3762|160476|743|2010|3|2|2264|1|21.31|0.00|21.31|52.90|30.19|5.75|8.40|7.16|83.09
|62743|69||98047|2197|2387|4199|98047||||3|2264|2|107.44||110.66|36.05||||32.67|92.41
2451149|61663|1774|3788|5581|5694|4447|3788|5581|5694|4447|1|1|2265|53|8708.96|522.53|9231.49|97.87|435.13|6792.98|977.14|938.84|1055.53
2450963|35763|14|3453|42983|1953|203|3453|42983|1953|203|2|3|2266|1|65.12|3.25|68.37|17.08|50.09|20.83|15.94|28.35|70.42
2451010||1624||15540|1880|3700||||3700|2||2266|5|201.50|||29.82||187.39|||118.53
2451303|37872|940|1810|154201|2625|856|1810|154201|2625|856|1|3|2268|34|298.18|2.98|301.16|98.37|1032.58|190.83|23.61|83.74|1133.93
2452785|61371|108|7813|48576|4219|1375|7813|48576|4219|1375|3|3|2269|8|1002.24|20.04|1022.28|14.32|167.04|440.98|432.17|129.09|201.40
2451864|60624|535|7356|35862|2608|1234|7356|35862|2608|1234|2|2|2270|4|9.96|0.79|10.75|52.67|2.96|3.88|0.54|5.54|56.42
2451267|32780|481|5367|25368|748|2808|5367|25368|748|2808|1|2|2271|25|170.50|0.00|170.50|20.73|68.75|155.15|5.98|9.37|89.48
2451311|46213|1004|1633|76223|1806|2716|1633|76223|1806|2716|1|2|2271|7|147.63|13.28|160.91|80.68|251.51|131.39|13.80|2.44|345.47
2451385|18948|50|1333|89813|5446|726|1333|89813|5446|726|1|2|2271|8|895.28|0.00|895.28|19.15|352.24|214.86|47.62|632.80|371.39
2452480|77367|1447|6993|109508|983|3178|6993|109508|983|3178|5|2|2272|27|3489.75|34.89|3524.64|50.57|116.10|593.25|2867.53|28.97|201.56
2452418|26194|1545|6966|162611|6223|4475|6966|162611|6223|4475|3|1|2272|1|207.16|4.14|211.30|6.89|20.71|200.94|6.22|0.00|31.74
2452539|47518|324|7065|160025|2298|1138|7065|160025|2298|1138|1|1|2273|33|1356.30|40.68|1396.98|67.63|862.95|813.78|314.66|227.86|971.26
2452146|77941|1285|1023|183569|1442|2228|1023|183569|1442|2228|2|3|2274|15|681.15|6.81|687.96|43.81|729.75|177.09|438.53|65.53|780.37
2451531|81609|1297|6785|189473|5568|1383|6785|189473|5568|1383|4|1|2276|14|71.40|0.00|71.40|71.67|51.66|51.40|18.20|1.80|123.33
2451323|60884|200|2678|107271|3544|777|2678|107271|3544|777|4|1|2277|28|802.48|0.00|802.48|18.19|441.28|633.95|155.04|13.49|459.47
2451313||418|||4433|||82480||2266|1||2277|30||||19.48||665.37|279.46||
2452654|61255|639|9512|5659|1726|2833|9512|5659|1726|2833|6|3|2280|3|30.63|0.91|31.54|59.67|27.30|5.81|0.99|23.83|87.88
2452294|47270|1375|1693|82064|6082|4453|1693|82064|6082|4453|3|3|2283|4|17.60|0.52|18.12|49.28|62.84|3.87|3.02|10.71|112.64
2452348|26965|125|7068|130775|4722|2149|7068|130775|4722|2149|5|2|2283|36|273.60|8.20|281.80|48.98|611.64|268.12|0.82|4.66|668.82
2452227|37784|699|3320|164078|5603|1768|3320|164078|5603|1768|5|2|2283|4|446.08|17.84|463.92|55.90|101.36|62.45|118.92|264.71|175.10
2452255|64056|1421|6141|96373|1405|2284|6141|96373|1405|2284|5|2|2285|1|28.45|0.28|28.73|21.02|8.18|1.70|12.03|14.72|29.48
2451659|34539|476|5058|114668|551|4921|5058|114668|551|4921|1|3|2286|17|378.42|11.35|389.77|14.66|511.53|22.70|67.58|288.14|537.54
2452490|67676|617|3041|51769|3777|1898|3041|51769|3777|1898|3|3|2288|7|170.31|0.00|170.31|8.71|164.99|112.40|34.74|23.17|173.70
2452560|5574|953|9427|113449|2624|2646|9427|113449|2624|2646|1|2|2288|12|594.48|29.72|624.20|50.72|6.48|208.06|386.42|0.00|86.92
2452398|57943|1139|4085|15151|5817|4083|4085|15151|5817|4083|5|3|2288|5|11.90|0.71|12.61|48.70|23.85|7.73|1.91|2.26|73.26
2451025|70398|1268|4902|44803|5937|2078|4902|44803|5937|2078|1|3|2289|36|1573.56|110.14|1683.70|67.84|979.92|1384.73|164.28|24.55|1157.90
2451030|23894|1084||59864|6550||2560|59864||2916|2|2|2289||181.11|9.05||18.45||150.32||20.02|
2451125|26762|1678|305|77373|4074|1782|305|77373|4074|1782|2|3|2289|1|6.10|0.24|6.34|61.26|10.06|1.52|0.32|4.26|71.56
2452512|67575|1785|3120|73392|4144|2056|3120|73392|4144|2056|6|1|2291|31|2517.51|100.70|2618.21|28.21|209.56|1208.40|26.18|1282.93|338.47
2452601|15489|171|6919|171048|3864|3913|6919|171048|3864|3913|3|3|2292|40|284.40|2.84|287.24|68.54|189.60|88.16|166.80|29.44|260.98
2452472|40066|312|3902|33745|2675|3285|3902|33745|2675|3285|1|3|2292|24|374.64|26.22|400.86|74.46|1155.36|37.46|236.02|101.16|1256.04
2452662|9259|1368|811|97614|2384|2547|811|97614|2384|2547|1|1|2292|54|1637.82|0.00|1637.82|92.19|2106.00|1588.68|7.37|41.77|2198.19
2452435|57801|737|2594|54439|6284|329|2594|54439|6284|329|3|3|2293|23|1283.17|89.82|1372.99|67.54|938.40|1270.33|3.46|9.38|1095.76
2452284|57312|115|1437|5433|3029|4625|1437|5433|3029|4625|5|2|2293|2|68.38|0.00|68.38|84.23|37.20|17.09|11.79|39.50|121.43
2451969|46151|1667|981|103305|6476|2600|981|103305|6476|2600|2|3|2295|28|305.48|6.10|311.58|83.78|2872.24|119.13|102.49|83.86|2962.12
2451986|68290|14|6848|115293|5898|4623|6848|115293|5898|4623|2|2|2295|42|34.86|1.74|36.60|76.30|69.72|3.13|30.14|1.59|147.76
2452488|69079|785|994|113648|5855|909|994|113648|5855|909|5|1|2296|9|228.06|6.84|234.90|97.00|228.06|125.43|87.23|15.40|331.90
2452312|10427|1415|6615|85885|1875|1905|6615|85885|1875|1905|3|1|2296|29|2728.32|136.41|2864.73|12.85|55.68|1855.25|78.57|794.50|204.94
2452603|42061|588|7285|116963|6448|6|7285|116963|6448|6|6|3|2297|34|2079.10|103.95|2183.05|95.05|1825.80|1185.08|89.40|804.62|2024.80
2452168|69658|1177|5705|191035|3005|3902|5705|191035|3005|3902|5|1|2298|11|577.39|11.54|588.93|30.80|107.14|277.14|177.14|123.11|149.48
2451666|78869|448|1519|14735|5024|400|1519|14735|5024|400|1|3|2299|31|280.55|5.61|286.16|87.13|163.06|258.10|4.71|17.74|255.80
2451583|43320|1750|986|83678|6563|3175|986|83678|6563|3175|4|3|2299|31|512.43|40.99|553.42|15.85|182.90|425.31|27.00|60.12|239.74
2451634|86024|998|4823|30819|5102|4865|4823|30819|5102|4865|4|3|2299|1|76.24|4.57|80.81|20.41|23.20|36.59|36.47|3.18|48.18
||1313|4300||||||||||2300|65|3248.05||3410.45||1306.50||26.30|2604.63|1470.28
2452391|64908|1305|3230|165418|6653|3768|3230|165418|6653|3768|3|3|2301|18|2464.20|172.49|2636.69|17.00|851.22|24.64|1024.61|1414.95|1040.71
2452240||973|||6529||4479||6529|3401|3|3|2301|||0.00|130.48|||92.64|17.02||429.42
||1087||||4108||||4108|1||2301|16|1190.08||||144.16|178.51|50.57|961.00|274.84
|64355|1785|||2935|1405|4890|21905|2935||||2303|48|2125.44|106.27||40.58||||840.19|446.37
2452535|72586|1395|8980|71356|6725|2421|8980|71356|6725|2421|1|1|2303|6|81.96|1.63|83.59|20.75|75.12|49.17|5.90|26.89|97.50
2452320|48219|673|6318|45883|5848|1860|6318|45883|5848|1860|1|2|2304|6|1004.34|50.21|1054.55|39.53|78.96|783.38|53.03|167.93|168.70
2451736|30670|1229|9694|39700|6059|4665|9694|39700|6059|4665|1|2|2305|55|33.55|2.01|35.56|16.67|83.60|18.78|4.13|10.64|102.28
2451629|38436|1064|9752|181225|1691|484|9752|181225|1691|484|2|1|2305|25|3786.75|75.73|3862.48|16.88|833.00|530.14|1172.37|2084.24|925.61
2452576|75693|690|6487|32269|6884|3306|6487|32269|6884|3306|3|1|2307|21|204.75|14.33|219.08|32.95|677.46|55.28|1.49|147.98|724.74
2452700|33319|1209|6950|95853|1396|2572|6950|95853|1396|2572|6|3|2308|5|480.55|9.61|490.16|93.34|139.50|158.58|228.59|93.38|242.45
2452857|57764|600|6199|33405|4611|817|6199|33405|4611|817|1|1|2308|14|461.72|41.55|503.27|59.20|1282.54|180.07|171.80|109.85|1383.29
2452796|39066|25|215|162982|4789|1676|215|162982|4789|1676|1|2|2308|17|1753.72|105.22|1858.94|9.84|1471.86|1438.05|148.36|167.31|1586.92
2452773|78453|558|9961|164905|4362|4986|9961|164905|4362|4986|3|1|2308|30|674.40|40.46|714.86|53.36|102.30|175.34|474.10|24.96|196.12
2452852|23373|1446|854|80267|1327|787|854|80267|1327|787|6|1|2308|7|565.74|33.94|599.68|86.62|82.11|101.83|436.07|27.84|202.67
2451493|85994|848|286|184936|5619|3109|286|184936|5619|3109|4|3|2309|17|1956.87|0.00|1956.87|79.93|1558.22|1545.92|147.94|263.01|1638.15
2452483|48595|1509|2080|65083|2486|4489|2080|65083|2486|4489|1|2|2310|9|396.90|27.78|424.68|69.54|211.68|202.41|124.47|70.02|309.00
||1439||||387||||387|||2310|4|159.68|9.58|||196.52|97.40|||
2452056|45336|1363|8961|70669|5817|3598|8961|70669|5817|3598|1|3|2311|44|1647.80|65.91|1713.71|40.07|1235.52|1252.32|27.68|367.80|1341.50
2452246|65227|1449|4794|87135|483|1351|4794|87135|483|1351|1|3|2312|3|38.13|2.28|40.41|64.20|31.98|28.21|9.32|0.60|98.46
2451356|65303|980|5333|178601|382|4483|5333|178601|382|4483|2|3|2313|66|2395.80|167.70|2563.50|59.33|1339.80|766.65|1547.69|81.46|1566.83
2452137|76418|1485|5911|128654|3444|4987|5911|128654|3444|4987|1|3|2315|15|595.65|29.78|625.43|88.06|1139.55|71.47|104.83|419.35|1257.39
2452149|38084|1503|8948|9884|6933|1749|8948|9884|6933|1749|3|2|2315|81|2771.82|110.87|2882.69|91.71|1129.14|277.18|199.57|2295.07|1331.72
2451615|64009|1100|9720|11988|7056|2724|9720|11988|7056|2724|4|1|2317|56|1346.80|53.87|1400.67|16.57|688.80|67.34|358.24|921.22|759.24
||1390||95661||4818|8299|95661||||1|2317|24||173.41|2341.09|||151.73|685.42|1330.53|
2452915||1392|9801|||866|||||3||2318||991.17|39.64||||644.26||10.41|2356.11
2452906||930|4455|||||73011|1407|2083|||2318|2|||277.30|78.62|19.04|||180.36|
2452888|33407|981|2743|21340|2497|421|2743|21340|2497|421|3|3|2319|40|2888.00|86.64|2974.64|18.18|0.00|2656.96|34.65|196.39|104.82
2452701|10836|1765|9038|165053|4988|116|9038|165053|4988|116|1|1|2319|3|30.48|0.30|30.78|83.15|30.48|9.14|15.15|6.19|113.93
2452838|13180|1041|8276|130090|1024|998|8276|130090|1024|998|3|2|2319|3|188.97|0.00|188.97|38.06|83.70|54.80|116.72|17.45|121.76
2451429|52042|712|3416|119403|350|2817|3416|119403|350|2817|1|3|2320|52|1295.32|103.62|1398.94|82.65|258.96|505.17|63.21|726.94|445.23
2451166|25989|1364|7992|10541|5443|745|7992|10541|5443|745|4|2|2323|4|176.36|7.05|183.41|85.65|96.72|40.56|28.51|107.29|189.42
2451251|58312|1148|4881|162953|4032|3584|4881|162953|4032|3584|2|3|2323|29|272.31|21.78|294.09|64.18|242.73|46.29|131.09|94.93|328.69
2452751|46636|1233|9327|28021|4508|2475|9327|28021|4508|2475|6|3|2325|17|20.57|0.61|21.18|69.20|64.60|8.63|10.50|1.44|134.41
2452538|73069|595|8115|166867|5666|1018|8115|166867|5666|1018|6|3|2325|19|182.21|0.00|182.21|95.14|200.45|12.75|37.28|132.18|295.59
2451499|73459|1027|6543|115990|3677|4444|6543|115990|3677|4444|1|2|2326|56|1033.20|92.98|1126.18|97.08|1228.64|506.26|474.24|52.70|1418.70
2452923|44499|195|6280|86281|2362|403|6280|86281|2362|403|1|1|2327|8|1382.48|124.42|1506.90|54.39|45.52|1147.45|117.51|117.52|224.33
2452752|44255|1713|3587|103948|4629|2750|3587|103948|4629|2750|3|3|2327|49|2809.66|84.28|2893.94|57.25|4322.78|2753.46|51.70|4.50|4464.31
2452395|69043|1567|4685|106863|3841|19|4685|106863|3841|19|3|1|2328|37|943.87|0.00|943.87|45.78|943.87|169.89|371.51|402.47|989.65
2452313|73875|153|3826|149274|3809|4177|3826|149274|3809|4177|5|2|2328|29|934.38|18.68|953.06|72.79|24.36|766.19|100.91|67.28|115.83
2452117|55963|1517|3977|23845|1026|2174|3977|23845|1026|2174|1|2|2328|43|1478.77|14.78|1493.55|50.64|1000.18|561.93|660.12|256.72|1065.60
2452130|70385|703|8657|8662|3503|4024|8657|8662|3503|4024|5|1|2328|1|74.15|0.74|74.89|21.60|10.74|62.28|2.13|9.74|33.08
2452140|67030|1737|7391|120865|6659|1693|7391|120865|6659|1693|5|1|2328|60|9952.80|895.75|10848.55|39.69|3370.80|3284.42|5201.33|1467.05|4306.24
2452241|79271|739|5861|188956|2644|2859|5861|188956|2644|2859|1|1|2328|13|105.69|4.22|109.91|39.24|38.35|10.56|71.34|23.79|81.81
2452753|34046|648|1754|164728|3782|3749|1754|164728|3782|3749|3|3|2329|17|725.05|14.50|739.55|79.07|503.54|348.02|116.87|260.16|597.11
|75175|927|1510||6305|4879|1510|41844||4879|3||2329||||129.92|37.79||||59.29|193.21
2452649|11545|216|1154|60308|2822|1056|1154|60308|2822|1056|1|1|2329|15|218.70|2.18|220.88|80.23|30.45|102.78|84.62|31.30|112.86
2452396|3176|1333|4666|160702|3218|1647|4666|160702|3218|1647|1|2|2330|40|1596.40|111.74|1708.14|78.00|1523.60|846.09|97.54|652.77|1713.34
2451222|62531|1412|8847|117613|2299|4625|8847|117613|2299|4625|4|3|2331|18|51.84|2.07|53.91|22.04|67.14|45.61|1.43|4.80|91.25
2451340|49705|776|2748|115200|4532|2624|2748|115200|4532|2624|4|1|2334|4|378.88|34.09|412.97|18.79|40.72|117.45|151.62|109.81|93.60
2452040|75572|785|1971|180915|6579|4836|1971|180915|6579|4836|1|3|2336|10|59.80|4.78|64.58|99.19|33.20|58.60|0.69|0.51|137.17
2452207|59067|965|5000|44715|5870|3305|5000|44715|5870|3305|5|1|2336|32|2656.00|53.12|2709.12|48.38|1453.12|1354.56|533.59|767.85|1554.62
2452135|23256|225|6506|165617|5048|3672|6506|165617|5048|3672|1|3|2336|5|136.15|2.72|138.87|79.21|23.65|14.97|38.77|82.41|105.58
2452047|52683|1171|1092|84008|3051|1407|1092|84008|3051|1407|5|2|2336|3|137.10|5.48|142.58|27.94|14.22|91.85|19.45|25.80|47.64
|44867|1263|||||5480|134867|3614||||2336||||691.93||12.90|342.79|143.08|148.93|
2451611|67332|1270|6200|113392|1464|696|6200|113392|1464|696|1|1|2337|18|2811.06|196.77|3007.83|15.25|618.30|1433.64|867.77|509.65|830.32
2451763|44950|182|4386|71975|5404|4113|4386|71975|5404|4113|1|1|2339|9|322.83|9.68|332.51|27.95|194.85|106.53|173.04|43.26|232.48
2452115|67794|787|606|71486|2392|3491|606|71486|2392|3491|1|1|2340|10|1953.50|78.14|2031.64|67.55|325.50|1250.24|464.15|239.11|471.19
2452135|55878|2|606|71486|2392|3491|606|71486|2392|3491|2|3|2340|6|239.70|2.39|242.09|90.43|119.82|105.46|17.45|116.79|212.64
2451999|50278|371|5580|7508|109|3350|5580|7508|109|3350|2|2|2344|13|286.52|2.86|289.38|82.85|33.28|183.37|5.15|98.00|118.99
2452503|61235|309|5017|29592|3367|1742|5017|29592|3367|1742|3|3|2346|88|1730.08|51.90|1781.98|91.55|1730.08|865.04|622.82|242.22|1873.53
2452014|69061|265|7503|105737|3284|3998|7503|105737|3284|3998|2|1|2347|8|43.04|3.87|46.91|45.91|94.00|25.82|16.87|0.35|143.78
2452054|36035|1775|4219|108121|423|3325|4219|108121|423|3325|2|2|2347|12|1166.52|93.32|1259.84|53.21|0.00|1073.19|46.66|46.67|146.53
2452230|39418|225|7823|86270|1757|571|7823|86270|1757|571|1|1|2348|9|1351.53|121.63|1473.16|46.53|463.32|432.48|358.42|560.63|631.48
2452099|38867|3|9730|47052|821|4743|9730|47052|821|4743|3|1|2348|1|57.21|1.14|58.35|96.34|8.37|50.91|3.02|3.28|105.85
2452333|55460|1779|1400|24948|4143|4538|1400|24948|4143|4538|3|3|2349|11|121.66|0.00|121.66|90.92|38.94|52.31|40.22|29.13|129.86
2452491|74158|35|1688|134331|4141|1191|1688|134331|4141|1191|3|3|2349|59|1381.78|96.72|1478.50|40.88|351.64|1312.69|53.89|15.20|489.24
2451935|71208|1394|8159|56767|3662|1437|8159|56767|3662|1437|1|3|2350|3|236.40|0.00|236.40|77.61|19.02|160.75|30.26|45.39|96.63
2451433|35557|487|1600|61946|739|3685|1600|61946|739|3685|2|2|2351|48|2748.48|54.96|2803.44|7.59|371.04|659.63|1295.08|793.77|433.59
2452072||1199|4898|40968|4671|1934|||4671|1934|2||2354|1||0.00||39.71||22.02|||49.01
2451953|18460|1481|7187|42542|2537|12|7187|42542|2537|12|2|1|2354|46|1902.10|95.10|1997.20|30.99|677.12|760.84|456.50|684.76|803.21
2451323|5043|1009|5647|190412|4537|1735|5647|190412|4537|1735|4|1|2355|7|922.25|27.66|949.91|93.34|703.43|156.78|306.18|459.29|824.43
2451358|14884|286|1487|35889|1651|4933|1487|35889|1651|4933|2|3|2355|12|1626.84|48.80|1675.64|37.13|435.72|325.36|1106.25|195.23|521.65
2451435|45104|625|7881|5004|3214|4057|7881|5004|3214|4057|2|2|2355|1|10.14|0.10|10.24|18.31|2.64|3.75|1.72|4.67|21.05
2451638|77146|334|6373|108777|3148|4512|6373|108777|3148|4512|4|2|2357|43|1686.46|118.05|1804.51|14.02|0.00|252.96|387.04|1046.46|132.07
2451503|27349|1610|1112|95070|7188|3026|1112|95070|7188|3026|1|1|2357|91|1505.14|75.25|1580.39|16.28|6020.56|1279.36|36.12|189.66|6112.09
2451702|22793|58|6878|165208|6818|3588|6878|165208|6818|3588|2|2|2357|84|4732.56|141.97|4874.53|46.17|0.00|3786.04|56.79|889.73|188.14
2451607|15773|841|2160|183441|3555|3676|2160|183441|3555|3676|4|3|2358|11|67.87|6.10|73.97|26.01|326.04|51.58|8.14|8.15|358.15
|63008|813||28308|4088|348|5215|28308|4088|348||2|2359|9||9.93|208.65|||37.75|||96.81
2451165|66300|928|7966|141985|3124|3303|7966|141985|3124|3303|1|1|2360|25|277.75|11.11|288.86|31.42|58.50|13.88|224.28|39.59|101.03
2451108|26275|1162|4780|42581|1295|329|4780|42581|1295|329|1|3|2360|18|403.38|24.20|427.58|3.84|433.62|278.33|80.03|45.02|461.66
2451235|47076|115|3365|137010|3182|914|3365|137010|3182|914|1|2|2360|3|5.55|0.11|5.66|94.87|19.41|3.60|0.17|1.78|114.39
2450979|66925|1357|9313|75597|841|3852|9313|75597|841|3852|1|3|2362|6|269.04|0.00|269.04|20.97|191.04|239.44|15.39|14.21|212.01
2451586||1699|4342||5302||4342||5302||2||2364|62|7435.66|669.20||6.34|||1093.04|468.45|3599.46
2451798|20953|166|3279|156920|6688|2216|3279|156920|6688|2216|1|2|2364|7|7.63|0.68|8.31|29.25|24.92|7.24|0.08|0.31|54.85
2451744|58594|1255|7737|188202|7180|725|7737|188202|7180|725|1|3|2366|36|1152.72|0.00|1152.72|11.69|144.00|472.61|74.81|605.30|155.69
2451850|61180|32|2063|29955|1400|3092|2063|29955|1400|3092|2|1|2366|40|1248.40|62.42|1310.82|94.25|2080.80|861.39|174.15|212.86|2237.47
2452482|65155|139|5632|131715|5158|2674|5632|131715|5158|2674|5|2|2368|3|16.95|0.00|16.95|37.04|44.52|1.69|10.83|4.43|81.56
2452754|52168|714|9898|140677|3409|1988|9898|140677|3409|1988|6|3|2369|26|306.80|15.34|322.14|45.83|523.64|159.53|134.01|13.26|584.81
2452873|31362|1183|3650|56797|4231|98|3650|56797|4231|98|6|3|2370|86|1487.80|0.00|1487.80|78.57|0.00|967.07|369.71|151.02|78.57
2452504|51052|427|6316|162757|2845|1086|6316|162757|2845|1086|5|3|2371|22|493.90|24.69|518.59|15.61|172.70|69.14|267.59|157.17|213.00
||680|6794||340|1913||||||1|2372||56.27||||||||
2451409|74703|884|9920|90731|2582|1313|9920|90731|2582|1313|4|3|2372|8|287.12|17.22|304.34|44.61|75.20|34.45|45.48|207.19|137.03
2451664|37510|1261|5605|73862|2759|1089|5605|73862|2759|1089|2|1|2374|9|796.86|0.00|796.86|3.71|166.77|55.78|88.92|652.16|170.48
2451506|13423|460|6449|125345|594|243|6449|125345|594|243|1|1|2376|9|88.65|7.97|96.62|43.04|56.70|26.59|9.30|52.76|107.71
2451603|41623|1462|36|63260|4908|3996|36|63260|4908|3996|4|1|2376|8|134.08|1.34|135.42|45.44|268.16|81.78|1.04|51.26|314.94
2451791|19122|662|1430|188115|1873|3318|1430|188115|1873|3318|1|1|2376|10|39.70|0.39|40.09|29.23|0.80|31.76|7.78|0.16|30.42
2451705|40255|88|||4438|||32877|4438|1919|||2377|20|718.60|0.00|718.60|69.66||222.76||14.88|227.86
2451001|73913|1118|4803|74729|782|1348|4803|74729|782|1348|4|2|2380|1|65.33|4.57|69.90|92.73|14.07|61.41|1.99|1.93|111.37
2451100|77175|118|5631|48451|1751|3811|5631|48451|1751|3811|4|1|2380|1|75.51|3.77|79.28|42.46|19.10|54.36|13.53|7.62|65.33
2451059|30567|1387|2570|119672|3174|3523|2570|119672|3174|3523|2|2|2380|51|2885.58|28.85|2914.43|39.49|2014.50|836.81|983.40|1065.37|2082.84
2451084|3761|37|5418|139416|512|1728|5418|139416|512|1728|2|1|2380|48|1154.40|34.63|1189.03|33.18|1836.48|1096.68|5.77|51.95|1904.29
2451140|55827|1690|4519|181604|4416|4741|4519|181604|4416|4741|4|2|2380|3|386.76|23.20|409.96|77.31|76.44|15.47|363.86|7.43|176.95
2451410|17726|613|2078|15265|3779|1006|2078|15265|3779|1006|1|1|2381|3|11.97|0.35|12.32|54.77|67.86|2.03|8.94|1.00|122.98
||1280||108528|||7848||1655|535||3|2381|||||7.90|||441.29||
2451591|62539|1520|9035|59993|1191|3222|9035|59993|1191|3222|1|3|2381|70|2508.10|125.40|2633.50|76.63|3314.50|75.24|1094.78|1338.08|3516.53
2452498|31716|1127|1392|180864|976|1968|1392|180864|976|1968|1|3|2382|19|344.85|31.03|375.88|22.42|228.00|306.91|22.76|15.18|281.45
2452488|43122|943|1487|77111|5295|752|1487|77111|5295|752|5|2|2382|22|1637.68|65.50|1703.18|31.88|0.00|229.27|774.62|633.79|97.38
2451235|72396|784|718|162994|2790|979|718|162994|2790|979|2|3|2385|21|449.40|4.49|453.89|82.02|193.20|390.97|26.87|31.56|279.71
2452558|78330|1499|645|18336|1707|2638|645|18336|1707|2638|3|1|2386|45|1264.50|88.51|1353.01|50.53|855.00|1125.40|133.53|5.57|994.04
2452546|5165|1189|7479|1446|2613|980|7479|1446|2613|980|1|1|2386|8|448.64|4.48|453.12|3.63|180.72|340.96|100.14|7.54|188.83
2452053|15270|793|2873|88439|118|564|2873|88439|118|564|2|1|2387|12|1192.44|95.39|1287.83|64.87|777.60|0.00|942.02|250.42|937.86
2452407|46099|413|9933|17359|3938|364|9933|17359|3938|364|5|2|2390|14|423.78|29.66|453.44|21.83|101.64|372.92|34.07|16.79|153.13
2452333|34357|323|8881|4020|4529|3078|8881|4020|4529|3078|3|1|2390|36|1263.24|88.42|1351.66|66.07|902.16|378.97|813.52|70.75|1056.65
2452399||1183|||2722|||||808|1|2|2390|2|||173.25|17.58|133.68||||164.09
2452823|65821|1071|92|37785|678|4571|92|37785|678|4571|6|1|2392|13|847.47|42.37|889.84|11.62|141.18|694.92|112.88|39.67|195.17
2452916|30076|511|2322|5471|1867|2663|2322|5471|1867|2663|1|3|2392|17|1292.85|25.85|1318.70|66.18|0.00|1073.06|151.65|68.14|92.03
2451522|49038|544|9204|151652|5827|1115|9204|151652|5827|1115|1|1|2393|65|4530.50|226.52|4757.02|96.80|3142.10|2265.25|498.35|1766.90|3465.42
2451720|45691|1177|7784|90076|7135|187|7784|90076|7135|187|2|2|2393|28|2452.80|0.00|2452.80|73.14|606.48|981.12|382.63|1089.05|679.62
2452174|60585|907|9400|32222|5317|1099|9400|32222|5317|1099|1|2|2394|22|13.64|0.27|13.91|76.03|59.18|0.13|3.64|9.87|135.48
2452072|65739|513||||4380||||4380|3||2394|23||104.99||||||831.53|
2452269|25273|1783|8025|98419|4733|1287|8025|98419|4733|1287|3|2|2394|3|253.11|17.71|270.82|87.42|129.87|217.67|10.98|24.46|235.00
2451250|32576|46|4944|11130|3189|888|4944|11130|3189|888|1|2|2395|34|1163.14|69.78|1232.92|52.17|516.80|1070.08|65.14|27.92|638.75
2451306|49590|997|3085|820|42|2097|3085|820|42|2097|1|2|2395|9|7.65|0.38|8.03|51.28|122.49|1.68|4.71|1.26|174.15
2451183|75926|1582|9203|136338|2786|4354|9203|136338|2786|4354|1|2|2396|45|1313.55|105.08|1418.63|37.88|386.10|341.52|427.69|544.34|529.06
2452284|65916|1519|7267|119105|6063|2814|7267|119105|6063|2814|3|3|2397|15|354.00|14.16|368.16|11.13|144.45|166.38|30.01|157.61|169.74
2452399|69875|593|5478|4152|59|406|5478|4152|59|406|5|2|2397|1|47.12|1.41|48.53|72.07|33.20|27.80|11.39|7.93|106.68
2451254|6873|1453|6041|159359|3430|1748|6041|159359|3430|1748|4|1|2398|34|1099.56|0.00|1099.56|64.29|112.20|131.94|812.80|154.82|176.49
2451568|84412|1309|4507|66883|6779|2915|4507|66883|6779|2915|1|1|2399|5|274.95|10.99|285.94|62.58|226.45|8.24|10.66|256.05|300.02
2451659|73577|226|7235|61825|5582|3132|7235|61825|5582|3132|4|1|2399|49|1981.07|79.24|2060.31|86.74|740.39|1049.96|288.64|642.47|906.37
2451320|75220|224|3809|73109|649|1469|3809|73109|649|1469|4|1|2403|16|1013.92|30.41|1044.33|10.42|397.12|223.06|292.61|498.25|437.95
2451641|74339|1523|7627|35964|3821|4871|7627|35964|3821|4871|2|3|2404|1|42.93|1.71|44.64|18.42|7.05|8.15|17.04|17.74|27.18
2451193|40416|85|3713|111598|5901|91|3713|111598|5901|91|4|2|2407|8|33.44|1.67|35.11|22.29|1.28|28.75|3.28|1.41|25.24
2451296|74684|136|9612|65681|4103|2125|9612|65681|4103|2125|4|3|2407|4|26.92|0.80|27.72|40.96|12.48|6.99|18.13|1.80|54.24
2451252|22802|1576|2878|14421|124|1900|2878|14421|124|1900|1|1|2407|4|106.88|9.61|116.49|68.35|37.28|103.67|1.79|1.42|115.24
2452054|72567|1349|9859|138361|6703|1725|9859|138361|6703|1725|5|3|2408|6|859.44|0.00|859.44|59.32|184.14|395.34|338.79|125.31|243.46
2452090|45631|1136|2978|58697|5525|3826|2978|58697|5525|3826|1|3|2408|37|1644.65|148.01|1792.66|81.21|69.19|1167.70|476.95|0.00|298.41
2452664|73390|564|2592|101453|1994|2095|2592|101453|1994|2095|6|1|2409|8|175.44|15.78|191.22|40.15|7.76|59.64|46.32|69.48|63.69
2452260|10064|1781|2742|133463|3591|2239|2742|133463|3591|2239|3|3|2410|1|27.01|2.43|29.44|85.75|13.75|10.26|0.16|16.59|101.93
2452431|67782|1731|3327|67792|4897|3635|3327|67792|4897|3635|1|3|2415|3|19.41|0.77|20.18|48.98|194.25|1.16|1.46|16.79|244.00
2452368|38332|1303|1816|134662|3875|3728|1816|134662|3875|3728|5|3|2415|27|1631.07|16.31|1647.38|82.72|173.34|554.56|1022.68|53.83|272.37
2452457|11332|499|8120|123793|793|4106|8120|123793|793|4106|1|2|2416|9|343.80|0.00|343.80|52.05|103.50|137.52|55.69|150.59|155.55
2452454|58232|1283|2474|147755|4829|430|2474|147755|4829|430|3|2|2417|15|352.50|31.72|384.22|85.39|43.95|59.92|87.77|204.81|161.06
2452333|7411|153|2050|57704|1951|2678|2050|57704|1951|2678|1|1|2417|33|2170.08|195.30|2365.38|4.37|863.61|1432.25|715.69|22.14|1063.28
2452394|51605|703|5889|57724|4086|961|5889|57724|4086|961|5|2|2417|11|228.69|13.72|242.41|40.02|71.83|196.67|27.53|4.49|125.57
2452862|66510|948|8198|56751|104|1057|8198|56751|104|1057|1|1|2418|65|8797.75|175.95|8973.70|72.61|3950.05|1847.52|486.51|6463.72|4198.61
2452724|79507|279|8942|159681|4580|599|8942|159681|4580|599|6|3|2418|6|112.26|8.98|121.24|85.83|20.76|25.81|76.94|9.51|115.57
2451246|62079|1000|9206|32248|617|699|9206|32248|617|699|2|1|2419|65|5547.10|443.76|5990.86|4.58|1437.80|5047.86|364.44|134.80|1886.14
2451253|66996|511|2325|51145|4445|4305|2325|51145|4445|4305|4|1|2419|19|181.45|9.07|190.52|95.53|207.48|16.33|128.79|36.33|312.08
2451651|38699|1402|3726|143790|3774|4798|3726|143790|3774|4798|1|3|2420|7|0.00|0.00|0.00|51.14|47.88|0.00|0.00|0.00|99.02
2451723|43465|451|8370|188423|3789|3922|8370|188423|3789|3922|1|2|2420|40|1496.80|89.80|1586.60|65.89|1796.00|1421.96|6.73|68.11|1951.69
2452154|73930|59|4692|66965|518|78|4692|66965|518|78|3|1|2422|15|516.30|25.81|542.11|23.63|841.50|165.21|319.49|31.60|890.94
2451132|32861|368|2656|159922|821|880|2656|159922|821|880|4|1|2423|30|3534.60|318.11|3852.71|73.92|257.70|3075.10|303.27|156.23|649.73
||1766||182650|4705|||||520|4||2424|2||13.79|167.09||||||
2450948|47747|218|3689|109246|5876|2393|3689|109246|5876|2393|2|1|2424|77|2571.80|128.59|2700.39|3.46|5256.79|1440.20|826.06|305.54|5388.84
2451106|30243|1141|7518|56202|1606|1497|7518|56202|1606|1497|4|2|2424|92|6920.24|484.41|7404.65|11.94|166.52|5813.00|210.37|896.87|662.87
2450949|60705|553|2045|137432|6979|1046|2045|137432|6979|1046|2|2|2424|27|2482.38|148.94|2631.32|49.57|1598.13|744.71|139.01|1598.66|1796.64
||854|8531|54104|5837||8531|54104|5837|3490||3|2424|23|1439.80||||265.19||7.77||
2452281|42081|1421|6291|126025|1632|4526|6291|126025|1632|4526|1|3|2425|55|35.20|2.81|38.01|82.10|42.90|10.91|1.21|23.08|127.81
2452709|44395|1404|7808|110072|3329|913|7808|110072|3329|913|6|3|2426|4|140.76|5.63|146.39|35.67|34.36|80.23|7.86|52.67|75.66
2452862|52400|673|4333|178581|3149|4157|4333|178581|3149|4157|3|3|2426|2|82.62|5.78|88.40|6.29|18.22|64.44|3.45|14.73|30.29
|20834|913|1018||3667|||98566|3667|1415||2|2427|28|||97.66|51.07|||6.65||394.29
2451805|73202|236|9336|5774|3055|2289|9336|5774|3055|2289|1|2|2427|26|541.06|16.23|557.29|90.47|570.96|389.56|104.53|46.97|677.66
2452299|56884|959|302|111560|51|3502|302|111560|51|3502|5|3|2428|16|136.64|9.56|146.20|14.90|0.00|12.29|48.49|75.86|24.46
2452312|21315|337|5259|134809|279|589|5259|134809|279|589|1|1|2429|78|5585.58|335.13|5920.71|23.20|2049.84|3239.63|1876.76|469.19|2408.17
2452179|54853|41|9836|93311|4226|4374|9836|93311|4226|4374|5|3|2429|80|11242.40|674.54|11916.94|49.53|3564.00|11017.55|123.66|101.19|4288.07
2452342|78715|223|5599|152978|1397|2696|5599|152978|1397|2696|1|1|2429|4|100.56|1.00|101.56|15.28|112.60|87.48|2.87|10.21|128.88
2452674|12827|1506|1403|185461|3632|3170|1403|185461|3632|3170|6|1|2430|42|309.12|9.27|318.39|13.06|876.54|157.65|143.89|7.58|898.87
2450893|59982|196|3296|53035|3894|1793|3296|53035|3894|1793|4|2|2432|69|8300.01|415.00|8715.01|87.53|2979.42|5478.00|28.22|2793.79|3481.95
2450982|65868|452|1194|68679|3077|2242|1194|68679|3077|2242|2|2|2432|9|449.01|22.45|471.46|24.29|0.00|260.42|98.06|90.53|46.74
2450876|61724|1534|79|26931|3623|4395|79|26931|3623|4395|2|1|2432|59|1074.98|42.99|1117.97|38.55|318.01|945.98|81.27|47.73|399.55
2450984|13359|1603|329|40579|236|13|329|40579|236|13|1|2|2432|59|11306.17|565.30|11871.47|96.16|5249.23|2939.60|3346.62|5019.95|5910.69
2451697|7461|565|9492|10676|3780|724|9492|10676|3780|724|1|2|2433|8|119.84|2.39|122.23|89.42|24.40|61.11|46.98|11.75|116.21
2451255|45945|1718|5430|164736|5369|715|5430|164736|5369|715|4|3|2435|26|504.66|5.04|509.70|97.48|302.64|479.42|0.75|24.49|405.16
|22060|1280|5227||3886|3439|5227||3886|3439|1||2435||1334.75||1414.83|12.85||934.32||348.38|
2451712|75144|686|1399|164723|6527|691|1399|164723|6527|691|4|1|2436|13|390.65|19.53|410.18|36.53|131.82|164.07|6.79|219.79|187.88
2452681|27801|1410|2410|16861|2432|1043|2410|16861|2432|1043|3|2|2437|49|68.11|2.04|70.15|97.26|866.32|67.42|0.15|0.54|965.62
2452602|63663|1569|3273|126052|31|2563|3273|126052|31|2563|6|3|2437|6|132.66|6.63|139.29|39.88|87.18|66.33|37.14|29.19|133.69
2452653|79010|690|4182|51354|5966|4858|4182|51354|5966|4858|1|1|2437|9|717.48|64.57|782.05|26.73|368.37|186.54|79.64|451.30|459.67
2451528|47225|1112|8363|134286|3329|3812|8363|134286|3329|3812|1|3|2439|8|608.48|48.67|657.15|59.31|417.20|285.98|306.37|16.13|525.18
2452559|62571|1755|4875|39595|6395|2602|4875|39595|6395|2602|1|3|2440|4|138.20|12.43|150.63|61.34|304.08|66.33|38.09|33.78|377.85
2451495|21545|1766|603|182764|6412|2893|603|182764|6412|2893|4|2|2441|54|128.52|6.42|134.94|39.22|316.98|7.71|93.02|27.79|362.62
2451523|46647|1240|3408|65634|6580|2966|3408|65634|6580|2966|2|2|2441|17|513.91|5.13|519.04|3.22|31.28|421.40|85.10|7.41|39.63
2451484|29505|553|261|44793|5118|4570|261|44793|5118|4570|2|3|2441|63|61.11|2.44|63.55|44.36|191.52|3.66|25.85|31.60|238.32
2452308|65743|1135|9629|180394|6759|477|9629|180394|6759|477|1|1|2443|8|13.28|0.00|13.28|73.25|106.40|9.16|0.86|3.26|179.65
2452196|31373|273|1901|19609|917|272|1901|19609|917|272|1|1|2443|64|1579.52|63.18|1642.70|73.56|0.00|489.65|719.31|370.56|136.74
2452324|73438|661|4378|65808|4038|3115|4378|65808|4038|3115|1|2|2444|10|29.00|2.32|31.32|33.78|11.60|28.71|0.23|0.06|47.70
2452371|32759|1783|1287|8604|3281|4878|1287|8604|3281|4878|5|1|2445|31|638.91|57.50|696.41|86.02|79.67|242.78|297.09|99.04|223.19
2451722|37294|1514|8167|166887|3174|2454|8167|166887|3174|2454|1|3|2448|7|190.26|13.31|203.57|68.72|10.08|19.02|101.03|70.21|92.11
2452096|19071|237|1705|159532|2306|1953|1705|159532|2306|1953|5|1|2450|15|1861.05|130.27|1991.32|31.24|1127.10|1246.90|128.97|485.18|1288.61
2451562|31439|1328|1706|32553|6440|2207|1706|32553|6440|2207|2|3|2451|5|316.75|15.83|332.58|9.80|37.80|259.73|57.02|0.00|63.43
2452445|28670|1689|4663|177238|1286|2421|4663|177238|1286|2421|5|2|2453|11|1305.37|26.10|1331.47|85.55|205.04|587.41|172.31|545.65|316.69
2451426|67643|1396|6356|1223|777|4764|6356|1223|777|4764|2|1|2454|7|167.37|8.36|175.73|36.13|195.30|127.20|10.04|30.13|239.79
2451331|60721|373|8334|119129|51|686|8334|119129|51|686|1|1|2454|7|199.36|11.96|211.32|57.05|160.37|37.87|161.49|0.00|229.38
2451210|70984|1486|5340|125836|3132|3628|5340|125836|3132|3628|1|2|2454|76|4079.68|285.57|4365.25|11.32|1019.92|1835.85|516.08|1727.75|1316.81
2451191|65701|778|4845|172059|6553|4007|4845|172059|6553|4007|1|2|2454|77|4754.75|190.19|4944.94|72.79|2376.99|4136.63|531.58|86.54|2639.97
2451333|19004|775|1327|22219|6678|577|1327|22219|6678|577|4|3|2454|25|2662.00|239.58|2901.58|65.14|1774.50|1490.72|948.73|222.55|2079.22
2452572|73097|1239|675|128937|959|2301|675|128937|959|2301|1|1|2455|69|1293.06|77.58|1370.64|50.03|2020.32|374.98|73.44|844.64|2147.93
2452694|35439|264|9070|131510|3983|263|9070|131510|3983|263|3|1|2455|12|477.12|4.77|481.89|50.58|38.40|362.61|22.90|91.61|93.75
2451492|69126|1016|8697|19523|6109|3815|8697|19523|6109|3815|4|1|2456|50|639.00|6.39|645.39|80.58|108.50|57.51|377.96|203.53|195.47
2452566|71233|823|3262|182710|2238|4926|3262|182710|2238|4926|1|1|2457|3|152.34|9.14|161.48|64.14|260.25|143.19|6.40|2.75|333.53
2451678|25287|1273|4909|16733|6270|374|4909|16733|6270|374|1|1|2458|19|1554.39|124.35|1678.74|74.36|647.71|1305.68|54.71|194.00|846.42
2451529|72375|572|3665|91951|510|509|3665|91951|510|509|1|3|2460|1|23.22|0.23|23.45|22.43|22.44|8.35|14.42|0.45|45.10
2451946|19768|91|7474||||7474|154652||1222||3|2461|43|6066.87||6430.88||1899.74||3745.68||
2451785|25678|701|4262|148361|4540|1479|4262|148361|4540|1479|2|1|2461|4|157.88|1.57|159.45|3.24|27.60|3.15|119.14|35.59|32.41
2452478|28733|921|3703|90942|1301|2253|3703|90942|1301|2253|1|3|2464|9|578.97|17.36|596.33|43.09|198.99|573.18|5.38|0.41|259.44
||1653||47516|||4171||6461|3206|||2464||1622.46|32.44|1654.90||289.59||||404.85
2451872|45695|632|4032|45551|1597|3403|4032|45551|1597|3403|2|3|2465|32|3379.20|236.54|3615.74|52.26|83.20|2297.85|984.02|97.33|372.00
2452429|67775|663|7339|111791|3438|172|7339|111791|3438|172|1|2|2466|18|30.60|1.83|32.43|32.52|4.68|11.01|5.09|14.50|39.03
2452427|31290|595|7339|111791|3438|172|7339|111791|3438|172|3|2|2466|11|248.82|9.95|258.77|85.07|218.35|146.80|36.72|65.30|313.37
2452858|37330|549|5957|173775|6746|364|5957|173775|6746|364|6|1|2467|83|4273.67|341.89|4615.56|67.49|6647.47|982.94|1118.84|2171.89|7056.85
2452642|64113|535|4651|13581|4464|547|4651|13581|4464|547|1|3|2469|4|358.36|7.16|365.52|61.50|154.72|86.00|234.22|38.14|223.38
2452688|33153|66|3791|98287|6976|4145|3791|98287|6976|4145|1|3|2471|28|3500.28|70.00|3570.28|37.96|451.64|1190.09|1755.74|554.45|559.60
2452808|77895|1545|6172|89198|1264|210|6172|89198|1264|210|3|2|2471|21|1226.40|61.32|1287.72|34.37|444.57|809.42|137.60|279.38|540.26
2452062|45302|713|7741|162422|341|4740|7741|162422|341|4740|1|1|2472|2|2.56|0.20|2.76|94.09|45.04|0.28|0.52|1.76|139.33
2451686|43590|422|820|83274|6415|4036|820|83274|6415|4036|4|2|2473|77|13568.17|542.72|14110.89|43.30|4855.62|4341.81|5535.81|3690.55|5441.64
2451620|78416|280|9384|94552|6840|3568|9384|94552|6840|3568|1|3|2473|25|61.50|0.61|62.11|23.72|1.00|7.99|23.00|30.51|25.33
2451686|33385|1612|7846|190837|1141|565|7846|190837|1141|565|4|1|2473|4|45.16|3.16|48.32|64.84|264.56|5.41|24.64|15.11|332.56
2452144|45817|101|6149|173306|6110|3067|6149|173306|6110|3067|3|2|2474|16|1306.88|117.61|1424.49|1.66|712.80|1202.32|75.28|29.28|832.07
2452854|25426|835|9293|39364|7162|4520|9293|39364|7162|4520|3|2|2475|48|5092.32|305.53|5397.85|29.13|1838.88|0.00|4430.31|662.01|2173.54
2452431|45227|1761|5695|127057|226|3268|5695|127057|226|3268|1|3|2476|6|374.34|18.71|393.05|23.78|7.14|250.80|34.59|88.95|49.63
2451666|50255|187|3478|146564|930|4409|3478|146564|930|4409|1|2|2478|32|610.88|12.21|623.09|96.35|1282.88|177.15|281.92|151.81|1391.44
2452526|46492|1449|4503|91696|2460|1831|4503|91696|2460|1831|5|3|2479|28|1490.44|14.90|1505.34|58.82|1137.36|491.84|299.58|699.02|1211.08
2452407|61167|861|4503|91696|2460|1831|4503|91696|2460|1831|5|1|2479|3|129.33|6.46|135.79|85.69|152.82|59.49|37.01|32.83|244.97
2452441|35073|775|254|116909|1724|3459|254|116909|1724|3459|1|1|2479|3|379.14|22.74|401.88|9.47|11.82|269.18|2.19|107.77|44.03
2451563|33326|1465|6403|14801|1262|3796|6403|14801|1262|3796|2|3|2481|43|108.36|5.41|113.77|33.00|686.71|97.52|3.25|7.59|725.12
2451600|57407|343|2670|115242|4007|4099|2670|115242|4007|4099|1|3|2481|22|156.86|10.98|167.84|24.46|287.76|119.21|6.02|31.63|323.20
2451961|55398|1681|1050|167987|284|4301|1050|167987|284|4301|1|3|2482|14|1159.48|92.75|1252.23|97.26|659.96|939.17|156.42|63.89|849.97
2451645|18404|382|9325|66336|1474|2725|9325|66336|1474|2725|4|2|2484|8|1467.52|14.67|1482.19|33.22|146.72|220.12|798.33|449.07|194.61
2452135|7303|97|118|190108|3171|2521|118|190108|3171|2521|1|3|2485|17|0.00|0.00|0.00|64.69|230.52|0.00|0.00|0.00|295.21
2452709|47599|195|1931|78497|1063|2229|1931|78497|1063|2229|3|3|2486|72|455.76|9.11|464.87|7.43|282.24|27.34|59.97|368.45|298.78
2451434|66082|398|6029|145615|34|2260|6029|145615|34|2260|2|1|2487|1|16.64|0.49|17.13|19.13|44.00|11.14|4.01|1.49|63.62
2452169|51161|1219|3266|10748|2597|39|3266|10748|2597|39|1|1|2489|5|263.60|7.90|271.50|20.45|58.55|108.07|155.53|0.00|86.90
2452382|85716|1761|5590|132326|4375|3391|5590|132326|4375|3391|5|2|2489|50|6307.00|0.00|6307.00|50.19|531.50|1261.40|4944.68|100.92|581.69
||1637|||5750|2832||||2832|5||2490|57|||251.94|56.67||45.34|||504.69
2452841|29169|1443|5414|48508|1602|143|5414|48508|1602|143|6|2|2491|2|9.08|0.81|9.89|90.69|1.60|6.17|0.23|2.68|93.10
2452071|62214|1451|8465|11276|4087|251|8465|11276|4087|251|5|1|2492|41|938.49|46.92|985.41|45.07|202.13|375.39|275.91|287.19|294.12
2451972|30741|575|1931|153073|3528|1303|1931|153073|3528|1303|5|3|2492|23|1128.84|11.28|1140.12|61.47|934.26|383.80|573.68|171.36|1007.01
2452845|77897|1111|3964|35728|2852|4696|3964|35728|2852|4696|1|2|2493|7|37.24|1.86|39.10|10.12|180.18|2.60|21.82|12.82|192.16
2451766|68143|1796|756|150106|3089|3079|756|150106|3089|3079|1|3|2494|7|244.23|9.76|253.99|11.40|244.23|19.53|173.01|51.69|265.39
|56403|457||149658|2477|||149658|||1||2495|17|82.45||88.22||604.69||11.87|17.82|629.90
2452465|83714|29|3609|5385|3161|3090|3609|5385|3161|3090|5|2|2495|2|93.04|5.58|98.62|39.71|9.96|80.94|5.08|7.02|55.25
2451466|55716|1507|2867|90428|4663|4971|2867|90428|4663|4971|4|2|2497|23|26.91|1.34|28.25|85.57|134.78|3.22|20.61|3.08|221.69
2452656|34122|381|202|26011|2460|3189|202|26011|2460|3189|3|1|2498|6|268.02|18.76|286.78|48.11|74.28|235.85|19.62|12.55|141.15
2452660|72372|1677|1447|150149|5571|633|1447|150149|5571|633|3|3|2498|3|100.44|0.00|100.44|75.29|50.76|13.05|0.87|86.52|126.05
2451698|74195|1189|2567|4058|589|600|2567|4058|589|600|2|2|2499|9|76.14|1.52|77.66|92.48|435.33|70.81|3.62|1.71|529.33
2452525|20910|393|8233|140053|3313|2053|8233|140053|3313|2053|6|3|2500|41|1346.44|0.00|1346.44|81.26|869.61|578.96|637.00|130.48|950.87
|40769|1765||51432||||51432|6504|1136|1|3|2500||2666.93|||50.64|444.23||325.36|208.03|
2451433|36274|418|8099|172967|3082|3997|8099|172967|3082|3997|2|1|2501|9|812.79|32.51|845.30|47.76|61.65|146.30|399.89|266.60|141.92
2452708|21428|702|6927|130465|676|2774|6927|130465|676|2774|6|1|2503|51|150.96|7.54|158.50|20.61|468.69|27.17|16.09|107.70|496.84
2452735|42854|1005|8915|51866|850|4441|8915|51866|850|4441|6|1|2503|20|5500.80|495.07|5995.87|38.50|1500.20|4345.63|773.96|381.21|2033.77
2451357|74845|514|6577|92942|5947|3232|6577|92942|5947|3232|1|1|2504|33|172.59|15.53|188.12|19.21|42.90|62.13|2.20|108.26|77.64
2451782|72326|875|8166|147156|2339|1249|8166|147156|2339|1249|5|3|2505|4|190.48|1.90|192.38|40.48|3.96|133.33|54.29|2.86|46.34
2452132|58832|949|2928|87823|6878|4606|2928|87823|6878|4606|3|1|2507|56|2142.56|171.40|2313.96|61.47|1450.96|1992.58|121.48|28.50|1683.83
2452037|62606|249|2095|121466|4084|1302|2095|121466|4084|1302|5|1|2507|19|316.73|19.00|335.73|16.17|137.94|15.83|282.84|18.06|173.11
2452803|82313|138|3676|53172|3181|1710|3676|53172|3181|1710|1|1|2508|35|2241.75|22.41|2264.16|32.16|1242.15|2219.33|14.34|8.08|1296.72
2452811|41345|1182|8170|103633|1609|1352|8170|103633|1609|1352|6|1|2508|28|45.08|0.90|45.98|61.27|1583.68|9.91|32.70|2.47|1645.85
|77377|225|4630||||4630||5699|2010|6|3|2508||136.45|5.45|||17.05||28.38|15.29|
2452744|42421|879|9681|183621|7081|1981|9681|183621|7081|1981|1|1|2509|19|1841.86|18.41|1860.27|44.52|837.14|128.93|325.45|1387.48|900.07
2451397|33486|889|174|130088|1122|196|174|130088|1122|196|4|3|2510|4|450.04|9.00|459.04|22.19|296.08|373.53|43.61|32.90|327.27
2451216|55773|250|142|142862|3662|822|142|142862|3662|822|1|3|2512|28|313.88|28.24|342.12|81.19|251.16|69.05|181.17|63.66|360.59
2451769|43628|1706|8494|53575|5809|490|8494|53575|5809|490|1|2|2513|12|30.48|2.13|32.61|11.00|244.56|11.88|14.13|4.47|257.69
2451761|70030|817|8720|167496|5585|2041|8720|167496|5585|2041|1|2|2513|5|156.90|14.12|171.02|78.94|27.25|125.52|6.58|24.80|120.31
2452354|34803|847|7378|83547|4549|2758|7378|83547|4549|2758|3|1|2514|4|35.44|0.00|35.44|24.46|63.00|7.44|20.44|7.56|87.46
2451919|19496|791|6597|130061|2085|4076|6597|130061|2085|4076|2|2|2516|5|640.95|0.00|640.95|6.87|158.15|38.45|283.17|319.33|165.02
2451651|6033|523|3361|151524|4934|497|3361|151524|4934|497|4|2|2518|37|1406.37|14.06|1420.43|83.67|1293.52|126.57|486.32|793.48|1391.25
2451500|19172|1772|4520|8160|6553|3346|4520|8160|6553|3346|4|2|2518|56|10888.64|435.54|11324.18|77.96|5389.44|9690.88|802.49|395.27|5902.94
2451714|78098|1376|7095|122500|4898|2976|7095|122500|4898|2976|4|3|2518|5|31.60|0.63|32.23|55.74|11.35|20.54|2.43|8.63|67.72
2451620|46617|319|3624||||3624|||||2|2519|||5.98|105.66|47.58||77.75||11.41|
2452620|60513|1389|4383|79390|1037|211|4383|79390|1037|211|3|3|2520|1|51.55|4.12|55.67|74.33|34.85|19.07|8.12|24.36|113.30
2452887|65727|726|9391|38108|5545|622|9391|38108|5545|622|1|2|2521|70|2804.90|112.19|2917.09|56.22|1337.70|1598.79|892.52|313.59|1506.11
2452708|50713|1399|6561|92592|2096|4840|6561|92592|2096|4840|1|1|2521|21|2514.33|226.28|2740.61|99.71|960.54|1106.30|915.21|492.82|1286.53
2451624|61558|193|5679|146710|4094|2278|5679|146710|4094|2278|2|3|2523|25|16.50|0.49|16.99|0.75|583.50|14.02|0.47|2.01|584.74
2452330|25909|189|4936|59205|4241|4117|4936|59205|4241|4117|5|1|2525|10|101.80|5.09|106.89|64.45|63.60|23.41|51.73|26.66|133.14
2451369|54551|1699|3852|40083|1114|3992||40083|||1||2526|12||1.21||96.51||20.34||3.51|178.72
2451298|40135|1477|8331|64667|3196|3652|8331|64667|3196|3652|4|1|2526|10|1133.50|0.00|1133.50|33.62|176.30|612.09|172.06|349.35|209.92
2451194|37743|554|5647|87284|361|1118|5647|87284|361|1118|1|3|2526|42|4278.96|385.10|4664.06|75.19|2705.64|3423.16|196.83|658.97|3165.93
2451775|22696|1669|8978|1082|1539|2396|8978|1082|1539|2396|2|1|2528|85|2390.20|215.11|2605.31|62.53|2498.15|2079.47|118.07|192.66|2775.79
2452830|66607|1651|4257|75251|5205|4279|4257|75251|5205|4279|6|1|2530|7|125.02|11.25|136.27|95.71|55.02|55.00|24.50|45.52|161.98
2452427|36589|847|4929|56689|1009|3249|4929|56689|1009|3249|3|1|2531|66|988.02|88.92|1076.94|69.65|438.90|928.73|16.00|43.29|597.47
2452263|53950|1253|2485|38426|5247|4628|2485|38426|5247|4628|1|3|2531|48|605.28|54.47|659.75|33.81|69.60|575.01|21.18|9.09|157.88
2452501|36326|709|2521|123732|6143|1307|2521|123732|6143|1307|5|3|2531|1|57.57|5.18|62.75|46.63|69.69|31.08|17.74|8.75|121.50
2451450|66612|812|3814|72206|3031|63|3814|72206|3031|63|2|1|2532|23|1710.51|68.42|1778.93|44.32|0.00|530.25|861.58|318.68|112.74
|37235|1384|||4382|3645|||4382|3645|1|1|2532|40|1163.60|0.00|1163.60|75.77||325.80|||
2451133|67190|476|4405|146237|5109|461|4405|146237|5109|461|4|2|2533|24|523.44|36.64|560.08|78.15|559.68|439.68|3.35|80.41|674.47
2451114|15535|1477|6647|2461|5955|209|6647|2461|5955|209|4|3|2533|68|7965.52|79.65|8045.17|47.71|8508.84|2867.58|1223.50|3874.44|8636.20
2452622|64021|1536|7639|103333|2573|4373|7639|103333|2573|4373|6|1|2537|28|1098.72|10.98|1109.70|77.84|642.60|428.50|20.10|650.12|731.42
2451258|72524|604|2217|77741|498|3462|2217|77741|498|3462|2|2|2538|70|3885.00|233.10|4118.10|70.13|568.40|2447.55|244.36|1193.09|871.63
2451097|35463|532|6035|188931|994|4050|6035|188931|994|4050|4|3|2538|4|214.76|12.88|227.64|65.36|131.64|135.29|51.65|27.82|209.88
2451210|49425|1136|3273|176196|6559|3602|3273|176196|6559|3602|4|2|2538|77|4839.45|435.55|5275.00|34.34|1305.92|4403.89|30.48|405.08|1775.81
2451911|40327|1567|2118|119449|7180|2111|2118|119449|7180|2111|1|1|2539|32|956.16|76.49|1032.65|55.65|43.84|143.42|178.80|633.94|175.98
2451958|37953|974|8687|64457|3634|684|8687|64457|3634|684|1|3|2539|14|589.96|5.89|595.85|15.17|56.98|353.97|82.59|153.40|78.04
2452294|70616|1347|7880|44553|5339|92|7880|44553|5339|92|3|1|2540|78|10747.62|429.90|11177.52|30.01|3167.58|1719.61|4243.16|4784.85|3627.49
2452453|70568|233|8837|159402|5967|4932|8837|159402|5967|4932|3|2|2540|20|2332.60|186.60|2519.20|15.14|42.40|1236.27|1019.58|76.75|244.14
2452274|74050|725|9800|167402|251|1100|9800|167402|251|1100|1|2|2540|7|488.88|14.66|503.54|34.35|147.56|356.88|44.88|87.12|196.57
2451837|28168|1316|7404|22640|4916|1719|7404|22640|4916|1719|2|2|2541|22|833.58|16.67|850.25|50.90|122.54|241.73|361.02|230.83|190.11
2452413|63819|737|8252|179233|2697|4634|8252|179233|2697|4634|5|3|2542|15|358.50|0.00|358.50|47.48|203.70|3.58|184.55|170.37|251.18
2452471||1563||70774|6607|1920|6428||6607|1920|1|2|2542|16||||20.19|3.84||||
2452462|31040|1163|5141|127944|394|3597|5141|127944|394|3597|3|3|2542|9|202.59|14.18|216.77|51.46|192.24|91.16|51.25|60.18|257.88
2451933|47104|373|2762|127925|4928|1211|2762|127925|4928|1211|5|2|2543|3|401.91|4.01|405.92|74.60|137.10|80.38|205.77|115.76|215.71
2451957|27777|1352|2670|119499|1448|284|2670|119499|1448|284|2|3|2543|2|47.62|1.90|49.52|38.36|2.26|45.71|1.20|0.71|42.52
2451920|18816|206|2105|126052|3519|3873|2105|126052|3519|3873|1|2|2543|39|692.64|20.77|713.41|12.60|36.27|193.93|344.10|154.61|69.64
2451923|23066|775|4474|23763|1979|2308|4474|23763|1979|2308|5|1|2543|5|88.90|7.11|96.01|25.26|19.30|56.00|3.61|29.29|51.67
2451577|33495|1538|6890|43056|902|3708|6890|43056|902|3708|4|2|2545|7|554.96|27.74|582.70|28.69|265.37|177.58|128.30|249.08|321.80
2451493|71342|292|5119|50490|5301|39|5119|50490|5301|39|2|1|2545|38|610.28|42.71|652.99|97.22|360.62|286.83|87.33|236.12|500.55
2451671|71392|200|2985|133038|5399|4407|2985|133038|5399|4407|2|1|2545|1|12.52|0.25|12.77|18.93|20.27|0.00|4.75|7.77|39.45
2452113|78631|377|7286|55162|3678|1074|7286|55162|3678|1074|2|1|2546|4|295.48|0.00|295.48|15.41|43.76|283.66|2.48|9.34|59.17
2451469|59186|628|6625|60980|5975|4697|6625|60980|5975|4697|2|2|2547|20|1794.00|35.88|1829.88|14.16|209.20|1650.48|48.79|94.73|259.24
2451271|44726|1105|1713|81802|3331|4940|1713|81802|3331|4940|2|2|2547|4|255.36|2.55|257.91|41.15|44.68|51.07|8.17|196.12|88.38
2452088|31952|1250|4534|97741|2421|4788|4534|97741|2421|4788|1|2|2548|6|16.32|0.65|16.97|60.12|88.80|12.40|1.29|2.63|149.57
2452054|64755|632|3667|55711|2588|72|3667|55711|2588|72|2|3|2548|48|2725.92|163.55|2889.47|18.93|484.32|545.18|2137.12|43.62|666.80
||103|3289|||1650|3289||6463|1650|5||2548|12||10.11|||||||
2451403|26372|892|8780|16374|1921|3468|8780|16374|1921|3468|4|2|2549|5|23.50|2.11|25.61|88.84|5.65|5.40|2.17|15.93|96.60
2452029|76255|323|5294|22909|5004|4059|5294|22909|5004|4059|2|2|2550|41|4364.04|218.20|4582.24|86.48|249.28|1527.41|2581.33|255.30|553.96
2451789|16296|1279|6850|37065|4160|4462|6850|37065|4160|4462|5|3|2553|24|1492.80|59.71|1552.51|23.17|261.12|1298.73|85.39|108.68|344.00
2451638|42194|1517|6850|37065|4160|4462|6850|37065|4160|4462|5|1|2553|37|2281.05|22.81|2303.86|43.64|2924.85|638.69|394.16|1248.20|2991.30
2451958|50079|1508|5589|102274|4512|4997|5589|102274|4512|4997|5|3|2554|3|479.82|19.19|499.01|78.82|91.86|412.64|21.49|45.69|189.87
2452182|36499|851|1316|53328|3293|258|1316|53328|3293|258|2|1|2554|70|1806.70|126.46|1933.16|35.04|568.40|650.41|774.71|381.58|729.90
2452114|2341|511|1508|156409|1150|771|1508|156409|1150|771|1|1|2554|26|3411.46|272.91|3684.37|71.26|1279.20|2797.39|546.52|67.55|1623.37
2451396|57610|175|5947|46194|3274|3361|5947|46194|3274|3361|2|3|2555|2|44.44|3.11|47.55|54.07|5.64|7.11|35.83|1.50|62.82
2451212|37315|104|9057|43164|904|4251|9057|43164|904|4251|2|3|2556|3|61.59|1.23|62.82|25.70|41.04|24.63|35.85|1.11|67.97
2451248|23958|44|9280|66036|5399|82|9280|66036|5399|82|1|2|2556|4|40.40|1.61|42.01|42.84|10.08|31.51|4.17|4.72|54.53
||1690|2753||6426|2239||68286||2239|||2558|38||12.39|||||||439.71
2451129|65582|224|9494|62966|758|943|9494|62966|758|943|4|1|2559|38|1814.50|163.30|1977.80|3.41|736.82|1215.71|586.81|11.98|903.53
2451168|37192|1171|3324|19031|1251|1238|3324|19031|1251|1238|2|1|2559|1|13.53|0.00|13.53|97.68|9.15|1.35|8.40|3.78|106.83
2451592|20971|1009|4088|157389|3857|1318|4088|157389|3857|1318|2|2|2561|7|281.33|2.81|284.14|53.25|234.43|168.79|38.26|74.28|290.49
2451640|49288|1255|7692|40021|3370|2079|7692|40021|3370|2079|4|1|2561|14|850.64|25.51|876.15|15.71|571.34|740.05|13.27|97.32|612.56
2451799|33045|1295|2067|182404|4981|4085|2067|182404|4981|4085|2|2|2562|11|184.58|9.22|193.80|55.57|46.09|86.75|48.91|48.92|110.88
2451968|68328|967|1469|69636|3723|450|1469|69636|3723|450|5|3|2563|67|1583.88|95.03|1678.91|25.47|1431.79|997.84|234.41|351.63|1552.29
2451793|71824|715|1760|98536|1345|1114|1760|98536|1345|1114|5|2|2563|23|4213.37|42.13|4255.50|25.93|227.70|0.00|1390.41|2822.96|295.76
2451524|43893|193|9530|93424|4278|3452|9530|93424|4278|3452|4|3|2564|69|5139.12|102.78|5241.90|85.28|1190.25|1541.73|215.84|3381.55|1378.31
2451216|27457|1435|6282|48422|6642|4822|6282|48422|6642|4822|1|1|2566|24|1049.04|20.98|1070.02|89.95|335.52|199.31|790.24|59.49|446.45
2452457|37470|889|7878|40446|4341|3749|7878|40446|4341|3749|3|1|2567|41|419.02|16.76|435.78|70.49|1341.93|356.16|57.20|5.66|1429.18
2452369|28253|547|8047|18664|2208|2712|8047|18664|2208|2712|5|2|2567|19|3084.65|277.61|3362.26|72.12|217.74|3053.80|17.27|13.58|567.47
2451854|80253|1241|8455|58438|1188|2531|8455|58438|1188|2531|2|3|2568|29|1921.83|96.09|2017.92|29.59|991.80|634.20|218.89|1068.74|1117.48
2451942|17585|854|5947|74449|1944|4766|5947|74449|1944|4766|2|3|2568|20|970.60|9.70|980.30|95.31|832.00|640.59|300.30|29.71|937.01
2451759|60629|571|3570|149055|1276|2297|3570|149055|1276|2297|2|3|2568|1|40.61|0.40|41.01|63.35|42.70|28.83|0.70|11.08|106.45
2451683|82866|776|9001|35531|701|4998|9001|35531|701|4998|4|2|2569|2|126.08|6.30|132.38|88.75|57.78|15.12|84.32|26.64|152.83
2452132|66927|499|1389|126943|4177|3124|1389|126943|4177|3124|1|3|2571|67|1879.35|131.55|2010.90|93.02|1349.38|1672.62|157.11|49.62|1573.95
2451850|79178|278|713|97031|4436|4274|713|97031|4436|4274|5|2|2572|47|260.85|0.00|260.85|65.54|63.92|18.25|26.68|215.92|129.46
2451783|13491|1657|9083|64809|3815|1428|9083|64809|3815|1428|2|2|2573|7|63.56|1.90|65.46|20.77|170.80|22.88|24.81|15.87|193.47
2451709|39863|524|5200|139470|1900|2450|5200|139470|1900|2450|1|2|2573|10|62.30|4.98|67.28|58.26|23.20|49.21|9.94|3.15|86.44
2451020|82681|28|3970|114046|5482|1638|3970|114046|5482|1638|4|3|2574|42|2873.22|143.66|3016.88|57.27|280.14|0.00|1867.59|1005.63|481.07
2451076|37296|130|3614|115450|4693|2856|3614|115450|4693|2856|2|3|2574|75|539.25|0.00|539.25|70.00|72.75|463.75|75.50|0.00|142.75
2451074|10630|679|9180|65938|4696|454|9180|65938|4696|454|4|1|2574|5|335.90|26.87|362.77|75.33|390.35|0.00|94.05|241.85|492.55
2451793|62933|1396|1717|116638|4279|4713|1717|116638|4279|4713|2|2|2575|5|74.55|6.70|81.25|84.00|49.00|37.27|27.58|9.70|139.70
2451667|78737|1486|5018|83699|3980|3414|5018|83699|3980|3414|2|3|2575|16|559.84|5.59|565.43|58.61|43.04|218.33|17.07|324.44|107.24
2452410|38049|1139|1160|125599|5398|2964|1160|125599|5398|2964|1|1|2578|2|55.84|4.46|60.30|46.17|102.86|54.16|0.53|1.15|153.49
2451286|43702|190|844|22563|6795|4994|844|22563|6795|4994|1|3|2580|2|6.94|0.06|7.00|72.29|62.58|6.31|0.47|0.16|134.93
2451186|27930|1177|4163|163179|4266|2360|4163|163179|4266|2360|2|3|2580|59|1043.12|31.29|1074.41|57.47|1043.12|1043.12|0.00|0.00|1131.88
2452787|85958|1647|6635|51817|5272|814|6635|51817|5272|814|1|1|2581|33|155.10|3.10|158.20|86.44|84.48|26.36|123.59|5.15|174.02
2452897|71379|1665|3903|165752|4001|3450|3903|165752|4001|3450|3|1|2581|40|9163.60|824.72|9988.32|62.47|1573.20|8705.42|394.03|64.15|2460.39
2451432|21779|1316|3003|8573|5583|2073|3003|8573|5583|2073|2|2|2584|34|2984.52|59.69|3044.21|46.72|2131.80|626.74|943.11|1414.67|2238.21
2452385|5001|1263|855|110885|3075|4985|855|110885|3075|4985|1|1|2585|23|226.09|20.34|246.43|25.71|83.72|128.87|49.58|47.64|129.77
2452725|67416|1566|9929|77883|6797|984|9929|77883|6797|984|6|2|2586|9|0.00|0.00|0.00|95.21|0.00|0.00|0.00|0.00|95.21
2452847|39539|1275|1202|11273|5551|102|1202|11273|5551|102|6|1|2586|27|2581.20|25.81|2607.01|72.11|168.21|1600.34|882.77|98.09|266.13
2452638|74763|511|774|145497|4700|2063|774|145497|4700|2063|1|1|2587|20|1174.40|70.46|1244.86|77.27|565.40|1080.44|74.22|19.74|713.13
2452870|53728|241|||1954|||41065||2970||2|2587|1|||||||11.28||70.57
2452218|36618|595|2273|79616|5679|382|2273|79616|5679|382|3|1|2588|21|60.06|1.80|61.86|92.39|751.59|39.03|3.78|17.25|845.78
2452698|19916|339|8877|154332|3514|3809|8877|154332|3514|3809|3|2|2593|9|187.20|5.61|192.81|65.13|55.17|56.16|7.86|123.18|125.91
2451318|80188|1088|1378||5985||1378|52905|||4||2594||||||235.04|153.68|||245.04
2451330|64586|1084|198|131979|6207|588|198|131979|6207|588|1|1|2594|12|336.36|6.72|343.08|50.94|127.20|127.81|47.96|160.59|184.86
2451301|62213|1550|6604|16395||4217|6604||3146|4217|||2594|22|||2167.07|||278.33|495.84||866.53
2452803|72205|975|7161|156533|6418|70|7161|156533|6418|70|3|2|2597|23|1022.58|71.58|1094.16|54.91|1221.30|1002.12|2.65|17.81|1347.79
2452809|74748|1039|4772|73226|3920|94|4772|73226|3920|94|3|3|2597|5|252.30|7.56|259.86|29.11|175.80|141.28|93.25|17.77|212.47
2452822||366||101895|6958|1461|||6958|1461|3|2|2597|40|6190.00|61.90||2.12|3204.00|||42.72|
2452233|19833|395|1473|6075|1190|4472|1473|6075|1190|4472|3|1|2598|7|149.66|2.99|152.65|8.74|241.08|17.95|17.12|114.59|252.81
2452651|44774|1227|166|143789|1172|3275|166|143789|1172|3275|3|2|2599|28|4030.88|161.23|4192.11|32.52|1820.28|40.30|2354.44|1636.14|2014.03
2451281|76791|169|8404|125195|1779|690|8404|125195|1779|690|2|1|2600|27|2412.99|48.25|2461.24|72.93|1343.52|2195.82|134.64|82.53|1464.70
2452084|74094|830|9358|144033|1988|2750|9358|144033|1988|2750|2|1|2601|26|1133.86|34.01|1167.87|46.61|579.54|419.52|435.74|278.60|660.16
2451541|72251|1066|5005|61505|1718|1298|5005|61505|1718|1298|1|2|2604|5|46.20|1.38|47.58|87.94|149.00|20.32|0.77|25.11|238.32
2451516|35993|1081|5658|153799|3940|34|5658|153799|3940|34|4|3|2604|14|1900.08|152.00|2052.08|43.29|489.30|1577.06|216.42|106.60|684.59
2451451|37890|92|7614|124278|462|3286|7614|124278|462|3286|4|3|2604|11|2435.62|146.13|2581.75|66.37|219.12|974.24|686.84|774.54|431.62
2451479|75352|1543|9097|189049|1208|1040|9097|189049|1208|1040|2|2|2604|37|3610.09|108.30|3718.39|82.88|2256.26|866.42|219.49|2524.18|2447.44
|68091|1273|||||||1640||||2605|16|1608.32|16.08||26.25|348.48|900.65|686.43|21.24|
2451512|72099|1652|1769|136723|1310|2057|1769|136723|1310|2057|1|2|2605|8|101.04|2.02|103.06|90.56|191.52|10.10|81.84|9.10|284.10
2451632|25276|914|6023|134791|5559|327|6023|134791|5559|327|1|3|2606|15|3615.45|180.77|3796.22|81.55|1750.65|3362.36|253.09|0.00|2012.97
2451630|36291|110|9758|22556|3627|2185|9758|22556|3627|2185|2|3|2606|40|148.40|7.42|155.82|94.18|29.60|26.71|120.47|1.22|131.20
2452364|68179|1021|5069|75374|1519|1544|5069|75374|1519|1544|1|1|2607|21|1547.28|77.36|1624.64|85.19|544.74|139.25|168.96|1239.07|707.29
2451787|31867|1787|860|181539|6298|2417|860|181539|6298|2417|1|1|2609|14|110.32|2.20|112.52|81.55|20.86|79.43|19.15|11.74|104.61
2451838|67955|1385|3344|191598|6845|1019|3344|191598|6845|1019|5|3|2609|35|2485.00|149.10|2634.10|70.95|1373.40|1838.90|219.67|426.43|1593.45
2451315||415||88441|3765|3929||88441||3929|2|2|2611|13|257.27|2.57|259.84||374.27||||
2451319|82684|1436|6504|126937|730|996|6504|126937|730|996|2|1|2611|17|404.94|24.29|429.23|70.18|7.48|336.10|61.95|6.89|101.95
2451397|69958|740|9119|76520|3074|2075|9119|76520|3074|2075|4|3|2611|19|42.94|2.14|45.08|80.07|70.68|41.65|0.39|0.90|152.89
2451397|74787|1567|4200|40469|4018|3527|4200|40469|4018|3527|4|3|2611|9|144.63|8.67|153.30|84.51|182.34|124.38|4.05|16.20|275.52
2451940|47615|1130|1195|98084|173|3262|1195|98084|173|3262|1|3|2612|9|370.08|7.40|377.48|22.56|487.80|122.12|183.49|64.47|517.76
2452437|48393|1317|1220|60256|6092|1375|1220|60256|6092|1375|3|1|2613|3|25.89|0.51|26.40|59.82|6.63|1.29|7.13|17.47|66.96
2452305|56550|207|3724|31477|2350|2063|3724|31477|2350|2063|3|3|2613|40|2052.00|41.04|2093.04|33.55|1293.60|1374.84|135.43|541.73|1368.19
2452396|41393|1341|9863|86532|2994|4536|9863|86532|2994|4536|3|2|2614|55|4726.70|330.86|5057.56|0.66|3991.35|4726.70|0.00|0.00|4322.87
2452800|33967|168|670|166189|3181|4060|670|166189|3181|4060|1|3|2615|12|1197.72|35.93|1233.65|92.59|621.00|550.95|12.93|633.84|749.52
2451658|37109|694|6977|96036|1255|3347|6977|96036|1255|3347|4|1|2616|14|759.50|7.59|767.09|8.06|412.30|508.86|157.90|92.74|427.95
2451794|43431|121|2235|121916|5677|2351|2235|121916|5677|2351|4|2|2616|1|22.92|1.14|24.06|18.13|2.86|16.04|6.12|0.76|22.13
2451693|3644|1231|2542|97159|4816|3800|2542|97159|4816|3800|4|1|2616|5|132.30|11.90|144.20|86.16|75.60|84.67|17.62|30.01|173.66
2452105|73553|107|6967|10742|6117|2292|6967|10742|6117|2292|1|2|2617|28|220.64|4.41|225.05|80.87|1398.60|66.19|32.43|122.02|1483.88
2452003|36551|277|8230|21948|6099|1057|8230|21948|6099|1057|5|2|2617|37|2516.37|125.81|2642.18|43.32|1803.38|2189.24|176.65|150.48|1972.51
2452053|71247|1163|8000|38946|1205|2784|8000|38946|1205|2784|3|1|2617|17|1369.86|13.69|1383.55|62.60|261.63|287.67|854.93|227.26|337.92
2451904|61665|1397|2505|40655|2645|4915|2505|40655|2645|4915|2|3|2618|37|2796.83|223.74|3020.57|57.35|1726.42|2545.11|218.99|32.73|2007.51
2451811|69780|206|4697|114520|2583|1773|4697|114520|2583|1773|5|1|2618|7|233.45|2.33|235.78|33.30|36.47|133.06|77.30|23.09|72.10
2452248|74747|1789|195|160211|1347|3723|195|160211|1347|3723|3|2|2619|52|5298.28|264.91|5563.19|56.15|4155.84|5192.31|52.98|52.99|4476.90
2452221|17676|1779|4876|111792|3541|4050|4876|111792|3541|4050|5|3|2621|1|168.96|6.75|175.71|4.63|88.50|116.58|46.61|5.77|99.88
2452412|28605|1159|3392|127767|6735|2830|3392|127767|6735|2830|5|2|2621|11|246.95|12.34|259.29|7.71|306.24|108.65|17.97|120.33|326.29
2452416|45332|249|1582|46526|6383|607|1582|46526|6383|607|1|3|2621|15|42.45|3.39|45.84|4.90|19.95|28.01|6.64|7.80|28.24
2451537|67168|229|5002|43885|3455|3258|5002|43885|3455|3258|1|1|2622|12|67.68|4.06|71.74|88.01|67.68|62.94|2.37|2.37|159.75
|39825|1264||79617|6547|2397|47||6547|2397|||2622|54|488.70|0.00|||57.78|||233.12|
2451764|36139|121|2406|3058|6510|4362|2406|3058|6510|4362|2|2|2623|22|154.22|13.87|168.09|35.76|61.16|124.91|27.84|1.47|110.79
2451649|66806|986|612|116010|7088|3126|612|116010|7088|3126|4|2|2624|10|259.00|0.00|259.00|96.06|214.30|119.14|51.74|88.12|310.36
2451981|21882|1115|2665|25786|1674|2402|2665|25786|1674|2402|5|2|2625|20|2008.20|0.00|2008.20|73.99|785.80|1305.33|449.83|253.04|859.79
2452043|26959|949|3054|191274|2294|3114|3054|191274|2294|3114|5|1|2625|1|20.55|1.84|22.39|52.98|21.00|15.82|2.55|2.18|75.82
2451934|18036|517|1428|137460|6052|1164|1428|137460|6052|1164|5|3|2625|50|2504.00|0.00|2504.00|6.00|2021.00|2178.48|175.78|149.74|2027.00
2452396|60808|315|1712|37500|168|1596|1712|37500|168|1596|1|2|2626|42|1318.38|118.65|1437.03|68.99|434.28|500.98|73.56|743.84|621.92
2452675|26832|1107|5140|64934|5975|4769|5140|64934|5975|4769|1|1|2628|3|119.88|5.99|125.87|43.87|98.85|92.30|0.82|26.76|148.71
2451672|26686|200|9305|94269|5713|2717|9305|94269|5713|2717|1|2|2629|5|4.95|0.34|5.29|47.30|0.80|3.36|1.01|0.58|48.44
||1588|9798||3763||9798|9637||2722|||2629|59||674.05|10303.44|63.25||||592.21|
2452333|59555|329|2329|108168|694|3700|2329|108168|694|3700|3|1|2631|56|2410.24|144.61|2554.85|52.19|1559.60|891.78|1396.98|121.48|1756.40
2452404|41272|1259|1137|173442|5667|4332|1137|173442|5667|4332|1|2|2631|4|56.76|4.54|61.30|12.09|86.80|21.00|27.17|8.59|103.43
2452226|45535|297|5447|113563|6672|2708|5447|113563|6672|2708|3|3|2631|36|541.80|37.92|579.72|30.25|115.92|384.67|40.85|116.28|184.09
2451413|61225|1162|3695|15737|692|4214|3695|15737|692|4214|4|1|2632|24|1403.52|28.07|1431.59|51.60|244.08|1066.67|151.58|185.27|323.75
2451285|26863|820|3462|162298|4265|1185|3462|162298|4265|1185|1|2|2632|9|104.76|0.00|104.76|46.20|219.06|35.61|20.74|48.41|265.26
2451686|53498|1652|5798|122475|3632|2149|5798|122475|3632|2149|2|1|2634|53|10018.59|901.67|10920.26|40.88|445.20|9918.40|7.01|93.18|1387.75
2451744|49177|11|3843|169026|2209|3192|3843|169026|2209|3192|1|2|2634|6|468.90|32.82|501.72|25.78|106.80|182.87|105.83|180.20|165.40
2451712|9955|32|6994|37865|223|3661|6994|37865|223|3661|1|3|2635|5|61.80|5.56|67.36|89.75|169.95|14.21|35.69|11.90|265.26
2451559|67634|1084|8059|66231|4356|2528|8059|66231|4356|2528|4|3|2635|10|549.80|38.48|588.28|34.69|39.20|49.48|350.22|150.10|112.37
2451751|69521|1678|5987|73475|5603|4811|5987|73475|5603|4811|2|3|2635|38|183.54|0.00|183.54|62.32|70.68|31.20|134.05|18.29|133.00
2451672|35103|1016|9179|93515|3898|234|9179|93515|3898|234|4|3|2638|10|632.30|31.61|663.91|19.97|370.90|0.00|436.28|196.02|422.48
2451278|12224|1591|4144|7700|5096|2172|4144|7700|5096|2172|4|2|2639|4|98.00|2.94|100.94|12.09|14.84|17.64|6.42|73.94|29.87
2451198|65337|544|2805|94783|4921|2132|2805|94783|4921|2132|1|1|2639|29|905.96|54.35|960.31|79.75|2164.27|597.93|83.16|224.87|2298.37
2452677|13768|1491|3820|166256|3812|3561|3820|166256|3812|3561|1|1|2641|76|314.64|18.87|333.51|91.48|3860.80|59.78|79.00|175.86|3971.15
2451231|61475|919|697|177904|5191|1238|697|177904|5191|1238|4|1|2644|32|230.08|0.00|230.08|2.07|1535.04|126.54|91.11|12.43|1537.11
2451166|58429|418|6327|146537|2634|1411|6327|146537|2634|1411|1|1|2644|72|210.96|4.21|215.17|52.27|615.60|63.28|124.05|23.63|672.08
2451990|73735|848||48240|4966|2779|||||||2645||604.65||634.88|88.57|||||584.83
2451816|33403|776|2832|147213|1947|1528|2832|147213|1947|1528|1|3|2645|10|1685.40|0.00|1685.40|80.70|102.10|1432.59|212.36|40.45|182.80
2452679|46015|1716|9008|23064|6518|2965|9008|23064|6518|2965|3|2|2646|33|1595.22|111.66|1706.88|82.37|688.71|95.71|929.69|569.82|882.74
2451323|77648|1148|1053|66819|3305|231|1053|66819|3305|231|1|3|2648|73|1042.44|41.69|1084.13|60.91|416.83|604.61|380.91|56.92|519.43
2451595|83512|892|2507|835|2970|1978|2507|835|2970|1978|1|1|2649|87|1464.21|58.56|1522.77|9.21|243.60|1171.36|225.49|67.36|311.37
2452663|68928|1668|9925|18414|6183|2112|9925|18414|6183|2112|6|3|2650|23|1793.31|89.66|1882.97|50.37|591.33|968.38|437.21|387.72|731.36
2452646|52363|1561|5834|93371|6188|4965|5834|93371|6188|4965|1|2|2650|14|1105.72|88.45|1194.17|19.01|1105.72|221.14|831.50|53.08|1213.18
2451442|3089|1126|5249|132618|5620|3382|5249|132618|5620|3382|2|1|2651|1|79.35|3.17|82.52|29.35|2.40|18.25|16.49|44.61|34.92
2451332|32976|830|775|66626|6510|2401|775|66626|6510|2401|2|1|2651|38|1445.52|0.00|1445.52|85.31|3433.68|592.66|196.15|656.71|3518.99
2451159|55298|494|5758|134437|6796|1515|5758|134437|6796|1515|4|1|2654|39|1565.85|46.97|1612.82|41.90|218.40|1111.75|99.90|354.20|307.27
||1577|||5058|||||4400|||2655|2|1.28||||18.10|1.10|0.11||28.92
2451606|39382|208|2136|7488|1965|3482|2136|7488|1965|3482|4|1|2656|38|2996.68|29.96|3026.64|22.98|799.14|958.93|916.98|1120.77|852.08
2451779|71048|205|1067|85898|6842|753|1067|85898|6842|753|2|1|2656|1|106.83|4.27|111.10|76.22|12.91|65.16|38.75|2.92|93.40
2451685|71869|1711|9457|95751|4318|525|9457|95751|4318|525|2|3|2656|42|230.16|4.60|234.76|10.25|76.44|46.03|62.60|121.53|91.29
2451949|40245|116|4149|144130|3871|4379|4149|144130|3871|4379|1|1|2658|54|7619.94|76.19|7696.13|89.40|1215.54|6019.75|624.07|976.12|1381.13
2452266|17985|439|1823|13782|7134|4613|1823|13782|7134|4613|5|2|2659|37|5520.40|441.63|5962.03|56.70|2560.77|3974.68|865.60|680.12|3059.10
2452391|34871|1061|7974|97973|6052|1491|7974|97973|6052|1491|3|1|2659|5|70.35|0.70|71.05|44.43|221.15|45.72|0.49|24.14|266.28
2452062|64859|539|6342|190675|2481|174|6342|190675|2481|174|2|3|2660|29|3785.37|340.68|4126.05|91.40|816.35|643.51|2607.74|534.12|1248.43
2451171|44978|1348|4287|155784|3474|1091|4287|155784|3474|1091|1|2|2661|29|2537.50|203.00|2740.50|42.13|37.12|152.25|1359.59|1025.66|282.25
2451026|45285|1015|8829|180091|520|4542|8829|180091|520|4542|4|3|2661|35|6379.80|510.38|6890.18|61.94|245.35|5805.61|281.35|292.84|817.67
2451308|26266|1405|606|166906|5719|4499|606|166906|5719|4499|1|2|2661|30|2147.10|171.76|2318.86|44.03|1908.30|1760.62|69.56|316.92|2124.09
2451220|22903|242|3266|41819|6499|492|3266|41819|6499|492|4|1|2664|1|46.21|1.38|47.59|81.52|15.40|36.50|2.23|7.48|98.30
2451698|34929|1054|774|92289|5197|1032|774|92289|5197|1032|2|2|2665|60|4947.00|445.23|5392.23|50.87|4030.80|1484.10|3185.86|277.04|4526.90
2451978|27169|32|5842|160018|6514|897|5842|160018|6514|897|5|3|2666|1|39.74|3.57|43.31|40.86|0.00|26.62|1.96|11.16|44.43
2452080|70869|685|8749|79771|5880|4622|8749|79771|5880|4622|2|2|2666|43|473.43|42.60|516.03|82.18|1036.30|260.38|6.39|206.66|1161.08
2452066|48926|1391|6981|47030|5352|161|6981|47030|5352|161|5|3|2666|60|5038.80|0.00|5038.80|33.05|533.40|4686.08|246.90|105.82|566.45
2451667|75165|997|7817|80545|3593|681|7817|80545|3593|681|4|2|2667|47|374.12|7.48|381.60|70.16|1496.48|130.94|192.11|51.07|1574.12
2451763||320||||1966|2940|114282||||1|2667||792.09|63.36||67.56|517.92|570.30|||
2451644|41846|1052|9291|2669|2047|225|9291|2669|2047|225|2|1|2667|15|117.30|4.69|121.99|61.11|18.75|73.89|26.04|17.37|84.55
2451366|24087|1010|1679|149822|6252|715|1679|149822|6252|715|2|2|2669|58|1048.64|20.97|1069.61|50.59|1136.22|335.56|206.79|506.29|1207.78
2451549|45288|250|1213|122520|4180|1887|1213|122520|4180|1887|2|1|2669|5|63.90|3.19|67.09|19.44|188.00|22.36|41.54|0.00|210.63
2451246|79117|1648|1317|54652|2787|1122|1317|54652|2787|1122|4|2|2673|16|168.00|3.36|171.36|73.39|5.76|77.28|7.25|83.47|82.51
2452091|49539|1574|1830|98158|3319|3487|1830|98158|3319|3487|1|3|2674|85|296.65|0.00|296.65|86.79|1434.80|8.89|247.47|40.29|1521.59
2452051|38688|1639|6491|79018|825|392|6491|79018|825|392|5|3|2674|68|609.96|54.89|664.85|91.67|2528.24|408.67|18.11|183.18|2674.80
2452156|49975|668|1720|65370|6860|3630|1720|65370|6860|3630|2|1|2675|71|215.84|6.47|222.31|73.33|485.64|60.43|18.64|136.77|565.44
2452105|39235|383|2474|183014|4594|2254|2474|183014|4594|2254|2|1|2675|1|43.12|0.86|43.98|25.19|23.52|33.63|0.37|9.12|49.57
2451990||311||74838||1483||74838||1483|||2675||2627.87|||10.04|475.30|578.13|||
2451828|31870|889|5173|142472|5531|3910|5173|142472|5531|3910|1|3|2677|2|84.00|3.36|87.36|27.31|107.34|9.24|72.51|2.25|138.01
||1621|9508|190367|1353|4652|9508|190367|||3|2|2678|14|||936.54|||420.13|31.86|423.29|
2452060|53422|531|8482|90025|1455|518|8482|90025|1455|518|3|3|2678|1|3.61|0.21|3.82|32.22|7.23|1.69|0.55|1.37|39.66
2452683|26710|597|1288|152926|5157|4315|1288|152926|5157|4315|3|2|2679|60|603.00|12.06|615.06|17.07|297.00|289.44|197.54|116.02|326.13
2452764|73503|1641|6398|175248|3491|1614|6398|175248|3491|1614|6|1|2679|39|76.05|5.32|81.37|49.21|671.19|28.13|27.79|20.13|725.72
2452721|49323|378|617|40443|4022|1001|617|40443|4022|1001|1|2|2679|11|1022.23|71.55|1093.78|52.17|397.43|286.22|404.80|331.21|521.15
2452521|24255|582|9873|49168|7157|3546|9873|49168|7157|3546|6|1|2680|26|248.82|0.00|248.82|88.26|122.98|104.50|40.40|103.92|211.24
2452478|65451|577|3876|59432|4508|424|3876|59432|4508|424|1|3|2680|65|167.70|11.73|179.43|79.78|3868.80|73.78|79.83|14.09|3960.31
2451545|67193|1057|4796|118691|859|4114|4796|118691|859|4114|1|3|2682|33|5856.84|527.11|6383.95|39.67|2147.31|0.00|3104.12|2752.72|2714.09
2451532|69138|328|7813|90025|7164|2063|7813|90025|7164|2063|2|1|2683|12|368.88|11.06|379.94|87.30|105.36|339.36|18.89|10.63|203.72
2451463|48591|871|2057|58272|7127|2615|2057|58272|7127|2615|2|2|2685|23|888.72|53.32|942.04|67.09|671.14|862.05|13.33|13.34|791.55
2451251|49456|448|9447|70624|681|4051|9447|70624|681|4051|2|3|2687|52|1605.76|144.51|1750.27|3.83|24.44|1461.24|144.52|0.00|172.78
2451429|34942|1156|2564|35904|1051|3518|2564|35904|1051|3518|1|2|2687|5|77.75|4.66|82.41|91.11|23.50|52.09|1.28|24.38|119.27
2451310|76655|1537|7867|158418|3002|4393|7867|158418|3002|4393|1|2|2687|4|24.36|0.97|25.33|16.88|7.00|8.52|15.36|0.48|24.85
2452762|45870|1653|6015|48258|1814|1537|6015|48258|1814|1537|3|3|2688|29|359.60|14.38|373.98|4.63|207.93|64.72|11.79|283.09|226.94
2452353|25368|377|2266|14036|1863|2777|2266|14036|1863|2777|3|1|2689|2|21.22|1.48|22.70|46.78|84.94|1.06|18.54|1.62|133.20
2452461|45307|1275|8963|167349|1175|3881|8963|167349|1175|3881|3|1|2690|12|1090.80|32.72|1123.52|35.78|308.40|610.84|393.56|86.40|376.90
2452731|74493|925|6226|186410|3907|1171|6226|186410|3907|1171|6|2|2693|14|249.06|19.92|268.98|13.24|59.22|214.19|8.36|26.51|92.38
2452114|21372|1591|6269|111081|1090|4292|6269|111081|1090|4292|2|3|2694|39|1462.11|116.96|1579.07|38.94|1211.34|1125.82|10.08|326.21|1367.24
||356|9711|120196||||120196||173|4||2696|52|5024.76|401.98|5426.74||||||
2451560|66744|1126|1094|58043|705|3734|1094|58043|705|3734|4|2|2696|8|705.92|21.17|727.09|93.33|166.96|691.80|11.57|2.55|281.46
2451516|20930|457|6159|17759|6352|3072|6159|17759|6352|3072|1|2|2696|31|219.17|0.00|219.17|97.67|120.59|63.55|77.81|77.81|218.26
2451595|32591|943|2650|64233|4823|4686|2650|64233|4823|4686|1|2|2696|64|7372.16|73.72|7445.88|95.50|74.24|1105.82|6203.67|62.67|243.46
2451439|66854|28|3761|20977|7073|1482|3761|20977|7073|1482|4|2|2696|15|181.05|0.00|181.05|69.25|27.75|150.27|23.70|7.08|97.00
2452774|32941|1647|8905|87347|6509|4158|8905|87347|6509|4158|1|2|2697|69|9461.28|851.51|10312.79|98.18|2081.04|2270.70|6471.52|719.06|3030.73
2452851|30694|234|6352|56877|6489|3334|6352|56877|6489|3334|6|3|2697|4|120.08|9.60|129.68|55.46|8.00|66.04|25.93|28.11|73.06
2452546|20035|1080|9477|3367|4537|3020|9477|3367|4537|3020|1|1|2699|2|6.96|0.00|6.96|73.88|5.32|2.85|2.83|1.28|79.20
2452175|49192|751|855|51207|2119|1951|855|51207|2119|1951|1|2|2700|13|476.32|33.34|509.66|42.83|333.32|200.05|74.59|201.68|409.49
2452227|51306|1111|7250||6988|4307|||||5|1|2700||||890.71|||486.59|||917.98
2451269|71985|688|5979|171013|4687|4241|5979|171013|4687|4241|2|3|2702|31|736.87|14.73|751.60|38.67|56.42|324.22|354.87|57.78|109.82
2451363||1423|1454|||1435|1454|164672|||2||2702||1346.40|||1.18|||26.65|417.67|
2451923|16243|911|3322|105729|3096|3136|3322|105729|3096|3136|5|3|2704|16|3368.80|0.00|3368.80|58.99|673.76|1482.27|905.53|981.00|732.75
2451992|43266|1016|1386|22526|5219|4359|1386|22526|5219|4359|2|3|2704|37|755.54|37.77|793.31|91.49|338.18|151.10|54.39|550.05|467.44
2452021|54153|1202|6230|151789|5395|3954|6230|151789|5395|3954|5|1|2705|65|1407.90|28.15|1436.05|57.66|2514.20|253.42|565.69|588.79|2600.01
2452025|46386|674|7478|177831|1431|1184|7478|177831|1431|1184|5|1|2705|17|133.96|2.67|136.63|34.19|417.01|77.69|6.75|49.52|453.87
2451961|63723|1031|9401|172661|6288|4508|9401|172661|6288|4508|5|1|2705|53|645.01|6.45|651.46|68.28|645.01|387.00|49.02|208.99|719.74
2452574|41556|1518|5108|9630|1752|321|5108|9630|1752|321|6|3|2706|1|169.53|13.56|183.09|30.85|64.42|77.98|61.33|30.22|108.83
2452333|46512|135|8721|178180|3366|1912|8721|178180|3366|1912|1|3|2707|4|803.80|0.00|803.80|10.45|143.52|554.62|47.34|201.84|153.97
2452227|64709|493|8725|165515|3505|3295|8725|165515|3505|3295|1|2|2707|10|1210.50|12.10|1222.60|12.43|158.50|992.61|98.05|119.84|183.03
2451194|60758|766|5340|24316|1292|1068|5340|24316|1292|1068|4|3|2708|42|5664.12|0.00|5664.12|43.05|1601.88|2775.41|2744.27|144.44|1644.93
2452659|51299|1753|7989|47609|5869|2456|7989|47609|5869|2456|3|2|2709|8|367.04|29.36|396.40|97.07|226.32|132.13|136.24|98.67|352.75
2452267|33447|879|7990|36622|1654|3486|7990|36622|1654|3486|1|3|2712|39|7.80|0.54|8.34|75.36|39.78|7.41|0.05|0.34|115.68
2452464|25939|545|5632|29680|1601|3809|5632|29680|1601|3809|5|2|2712|68|4303.72|258.22|4561.94|3.86|411.40|258.22|809.10|3236.40|673.48
2451194|19488|1564|7457|65296|6622|4181|7457|65296|6622|4181|1|3|2714|3|93.39|2.80|96.19|92.16|144.33|77.51|3.01|12.87|239.29
2451218|10028|1394|8143|29123|710|4617|8143|29123|710|4617|2|1|2714|21|3103.17|155.15|3258.32|80.79|924.21|2358.40|22.34|722.43|1160.15
2451116|55867|1024|626|171708|6150|4312|626|171708|6150|4312|4|2|2716|16|125.92|11.33|137.25|9.84|167.84|122.14|2.26|1.52|189.01
2451218|32831|472|667|122472|3844|1209|667|122472|3844|1209|1|1|2716|1|6.05|0.24|6.29|55.43|35.47|1.57|2.46|2.02|91.14
2452467|61384|1635|8209|158187|4692|1510|8209|158187|4692|1510|5|1|2717|16|240.16|9.60|249.76|20.54|114.08|33.62|130.12|76.42|144.22
2451070|62759|514|5757|79063|642|308|5757|79063|642|308|4|1|2718|47|1450.89|0.00|1450.89|23.41|216.67|827.00|93.58|530.31|240.08
2452250|39845|1379|4074|183569|231|2886|4074|183569|231|2886|5|3|2719|39|4118.79|329.50|4448.29|94.78|2088.45|2059.39|1173.85|885.55|2512.73
2451990|54064|51|3307|12997|3487|777|3307|12997|3487|777|5|2|2719|63|4173.12|292.11|4465.23|88.65|458.64|3839.27|163.58|170.27|839.40
2452058|45639|1193|874|82705|7176|2174|874|82705|7176|2174|5|3|2719|1|66.99|6.02|73.01|46.29|18.81|12.72|2.71|51.56|71.12
2451423|10690|1780|5834|78192|1030|4028|5834|78192|1030|4028|1|3|2721|14|474.60|9.49|484.09|40.37|97.02|132.88|105.93|235.79|146.88
2452333|11962|383|4616|142682|2348|4014|4616|142682|2348|4014|5|3|2723|2|10.96|0.10|11.06|14.26|48.72|5.37|1.22|4.37|63.08
2452190|45623|1491|6660|103913|2653|1273|6660|103913|2653|1273|3|1|2724|42|507.78|25.38|533.16|29.00|489.72|15.23|285.67|206.88|544.10
2451337|65946|1648|6124|117296|4468|4440|6124|117296|4468|4440|1|3|2726|19|733.97|14.67|748.64|28.81|865.64|205.51|31.70|496.76|909.12
2451727|36313|997|2019|67594|5776|631|2019|67594|5776|631|4|1|2729|50|3283.00|0.00|3283.00|68.85|1005.00|1214.71|413.65|1654.64|1073.85
2451718|73375|692|1744|143065|4179|3173|1744|143065|4179|3173|2|1|2729|23|3462.65|277.01|3739.66|8.65|629.51|1765.95|797.44|899.26|915.17
2451825|80236|217|958|190482|6533|897|958|190482|6533|897|1|2|2730|32|3044.16|243.53|3287.69|86.84|1461.12|2313.56|694.07|36.53|1791.49
2452368|57462|279|4340|191070|7127|3544|4340|191070|7127|3544|1|3|2733|23|347.99|17.39|365.38|51.33|788.67|240.11|66.88|41.00|857.39
2452558|76310|183|6412|17421|3823|4352|6412|17421|3823|4352|5|3|2733|53|1306.98|39.20|1346.18|15.51|545.90|470.51|175.65|660.82|600.61
2452130|56711|891|1952|165734|4763|4545|1952|165734|4763|4545|1|1|2735|1|118.20|0.00|118.20|8.16|85.02|56.73|22.74|38.73|93.18
2451902|26930|116|7214|151089|5571|3973|7214|151089|5571|3973|2|3|2736|23|100.28|3.00|103.28|35.21|48.07|71.19|14.54|14.55|86.28
2452497|60559|234|1968|135974|2107|3553|1968|135974|2107|3553|3|2|2737|9|468.36|37.46|505.82|71.01|624.51|0.00|37.46|430.90|732.98
2452614|27347|1482|8162|31573|1464|2762|8162|31573|1464|2762|1|2|2737|14|22.12|0.88|23.00|44.60|10.22|9.73|9.16|3.23|55.70
2452760|63376|153|4651|11314|650|473|4651|11314|650|473|6|3|2742|7|55.23|1.65|56.88|73.63|248.64|2.76|5.24|47.23|323.92
2451378|47847|1654|746|79446|3506|3039|746|79446|3506|3039|1|2|2743|1|60.64|0.60|61.24|59.40|55.25|35.17|7.38|18.09|115.25
2451406|39277|337|8290|24523|4916|2829|8290|24523|4916|2829|1|2|2743|11|383.57|34.52|418.09|79.87|557.92|0.00|326.03|57.54|672.31
2451673|67296|268|7495|95510|325|2693|7495|95510|325|2693|4|3|2744|14|748.72|52.41|801.13|69.28|122.50|224.61|157.23|366.88|244.19
2452906|62856|1573|1257|55238|7186|1527|1257|55238|7186|1527|1|1|2746|1|70.62|5.64|76.26|24.51|34.17|64.26|2.86|3.50|64.32
2452518|64128|851|4894|58208|4482|3323|4894|58208|4482|3323|5|3|2747|52|2613.52|156.81|2770.33|15.90|1456.00|339.75|1909.96|363.81|1628.71
2451095|47057|19|6518|7070|2695|4207|6518|7070|2695|4207|4|3|2748|2|7.78|0.54|8.32|18.27|40.92|4.51|2.35|0.92|59.73
2452721|65199|321|8370|49424|1711|2605|8370|49424|1711|2605|6|3|2749|37|280.83|14.04|294.87|18.84|2135.64|61.78|13.14|205.91|2168.52
2451782|63899|35|8106|16839|5412|2065|8106|16839|5412|2065|2|2|2750|60|633.00|25.32|658.32|67.42|1561.80|82.29|214.77|335.94|1654.54
2451860|76627|1543|5816|1066|6636|446|5816|1066|6636|446|2|3|2750|6|355.44|21.32|376.76|11.66|170.58|238.14|38.70|78.60|203.56
2451778|23757|949|2296|182775|5974|1613|2296|182775|5974|1613|5|3|2750|4|190.28|7.61|197.89|64.33|57.52|13.31|31.85|145.12|129.46
2451929|12036|248|3244|62895|3106|4390|3244|62895|3106|4390|1|2|2750|1|109.71|9.87|119.58|12.91|107.52|30.71|49.77|29.23|130.30
2451794|44452|1501|5707|65266|4712|1191|5707|65266|4712|1191|2|3|2751|13|1110.46|11.10|1121.56|22.48|317.20|466.39|470.17|173.90|350.78
2451717|42519|1397|9352|97997|2802|974|9352|97997|2802|974|2|2|2751|6|370.92|0.00|370.92|40.61|0.00|126.11|190.95|53.86|40.61
|31093|1255|||511||9396|170210||||3|2752||420.70|||||25.24|||225.56
||658|8078|176039||1114|8078||5153|1114|||2754||180.53||180.53||180.53|99.29|44.68|36.56|
2452747|14490|457|2605|178719|4066|1573|2605|178719|4066|1573|1|1|2755|27|23.49|0.93|24.42|40.22|640.98|19.73|1.42|2.34|682.13
2452760|76941|943|2826|151913|6760|2127|2826|151913|6760|2127|6|2|2755|23|1347.57|121.28|1468.85|95.76|106.95|889.39|109.96|348.22|323.99
2452365|46021|253|4604|134400|756|3479|4604|134400|756|3479|1|1|2756|7|65.94|0.65|66.59|51.34|131.95|54.73|7.17|4.04|183.94
2451703|58278|788|134|104036|5025|4447|134|104036|5025|4447|4|3|2757|8|1136.56|22.73|1159.29|40.37|146.64|841.05|41.37|254.14|209.74
2452754|44571|588|7053|34654|448|1722|7053|34654|448|1722|1|3|2760|3|29.01|1.74|30.75|82.14|16.11|23.49|5.13|0.39|99.99
2451463|85467|1550|2517|85064|5644|584|2517|85064|5644|584|4|1|2762|16|1881.44|131.70|2013.14|87.07|1707.20|1260.56|304.23|316.65|1925.97
2451951|22806|1691|7993|175462|3138|4687|7993|175462|3138|4687|2|1|2765|9|351.72|14.06|365.78|75.03|202.77|232.13|45.44|74.15|291.86
2452660|58789|498|862|182836|5850|1544|862|182836|5850|1544|3|2|2766|21|1428.63|100.00|1528.63|33.44|833.28|800.03|44.00|584.60|966.72
2452716|46499|483|543|55237|1978|872|543|55237|1978|872|1|3|2766|10|89.60|0.00|89.60|94.80|318.60|0.00|8.96|80.64|413.40
2452831|32843|954|8829|63125|61|2230|8829|63125|61|2230|3|3|2766|4|606.72|12.13|618.85|95.89|114.20|315.49|55.33|235.90|222.22
2452280|40898|1403|8182|118035|4928|301|8182|118035|4928|301|5|3|2767|16|321.60|3.21|324.81|7.69|428.80|308.73|5.27|7.60|439.70
2452501|35701|99|4634|163735|454|2693|4634|163735|454|2693|1|2|2770|65|70.20|3.51|73.71|83.84|18.20|9.82|29.58|30.80|105.55
2451582|34532|1772|2706|55624|2702|4300|2706|55624|2702|4300|1|3|2771|1|156.66|6.26|162.92|81.33|59.68|112.79|12.72|31.15|147.27
2451775|67543|1352|6705||3916|||43767|||||2772|2|48.28|1.44|||45.98|1.44|20.60|26.24|54.48
2451686|46031|206|1596|189587|6345|3696|1596|189587|6345|3696|2|1|2772|15|273.15|21.85|295.00|10.70|409.80|38.24|82.21|152.70|442.35
2452580|50236|489|8204|126416|3348|3320|8204|126416|3348|3320|6|2|2773|12|127.20|5.08|132.28|43.68|31.80|113.20|13.58|0.42|80.56
2452675|26249|15|6181|119105|7149|3233|6181|119105|7149|3233|6|3|2773|3|52.68|1.05|53.73|48.56|105.39|30.55|20.80|1.33|155.00
2451155|65347|1354|657|162523|3741|3039|657|162523|3741|3039|4|1|2774|4|159.76|1.59|161.35|74.54|164.32|11.18|5.94|142.64|240.45
2452356|54374|663|4425|16247|5782|2237|4425|16247|5782|2237|1|3|2775|4|18.72|0.56|19.28|75.03|22.32|14.41|4.26|0.05|97.91
2451959|66983|85|906|59114|1929|2664|906|59114|1929|2664|1|1|2776|5|105.55|4.22|109.77|52.36|259.90|97.10|5.07|3.38|316.48
2451960|41478|1577|7940|72279|2985|684|7940|72279|2985|684|2|3|2776|5|336.90|10.10|347.00|35.34|32.05|178.55|42.75|115.60|77.49
2452377|41295|1027|6292|181473|6094|2348|6292|181473|6094|2348|3|3|2777|30|530.40|26.52|556.92|55.47|235.80|79.56|238.94|211.90|317.79
2451261|73097|256|8445|150484|2283|3802|8445|150484|2283|3802|4|2|2779|7|32.69|0.00|32.69|95.62|7.00|4.57|14.34|13.78|102.62
2451266|74478|451|8519|55679|1159|4679|8519|55679|1159|4679|2|2|2779|1|18.33|0.36|18.69|1.38|22.56|0.73|13.55|4.05|24.30
2452875|43146|486|9654|162007|3720|2706|9654|162007|3720|2706|6|3|2780|44|3450.92|138.03|3588.95|27.07|2823.48|138.03|496.93|2815.96|2988.58
2452736|44002|804|9797|31035|866|4577|9797|31035|866|4577|6|2|2780|33|1757.58|17.57|1775.15|38.52|1240.47|826.06|298.08|633.44|1296.56
2451458|66288|740||123434|636|4158|||636|4158||1|2781|30|||1162.48|41.29||||513.95|
2452006|4399|1733|4857|168284|6991|2858|4857|168284|6991|2858|2|2|2783|8|423.12|21.15|444.27|43.85|262.88|156.55|258.57|8.00|327.88
2452080|58253|533|8006|109579|6592|685|8006|109579|6592|685|2|3|2783|51|4000.95|320.07|4321.02|31.07|67.32|760.18|2754.65|486.12|418.46
2451737|72682|1483|6840|181164|1841|4565|6840|181164|1841|4565|4|2|2784|21|1581.93|94.91|1676.84|99.84|237.09|664.41|284.43|633.09|431.84
2451625|37064|1766|6881|102562|3796|4630|6881|102562|3796|4630|2|3|2784|1|165.86|14.92|180.78|55.08|14.01|9.95|24.94|130.97|84.01
2452284|4474|1775|4681|190539|77|575|4681|190539|77|575|3|3|2785|30|645.60|58.10|703.70|44.76|291.30|380.90|251.46|13.24|394.16
2452190|72582|205|2020|64402|6864|2086|2020|64402|6864|2086|1|1|2786|5|47.70|2.86|50.56|13.58|44.40|38.16|7.05|2.49|60.84
2452522|26276|1465|8119|29484|1602|4320|8119|29484|1602|4320|1|3|2787|2|183.68|7.34|191.02|71.82|36.72|56.94|2.53|124.21|115.88
2452290|76068|1527|2563|156009|4942|755|2563|156009|4942|755|3|3|2789|31|3013.82|120.55|3134.37|12.15|2009.11|602.76|1591.29|819.77|2141.81
2452222|57084|715|5120|97504|881|2585|5120|97504|881|2585|5|1|2789|1|8.08|0.72|8.80|68.25|5.86|6.86|0.19|1.03|74.83
2452239|19457|1349|1713|165864|1342|4733|1713|165864|1342|4733|5|3|2789|25|1904.25|152.34|2056.59|1.11|581.25|76.17|786.07|1042.01|734.70
2452231|75393|1347|2326|72813|5107|1274|2326|72813|5107|1274|1|3|2789|39|715.26|57.22|772.48|48.75|312.78|607.97|25.74|81.55|418.75
2451186|56796|1771|1433|110126|7059|2272|1433|110126|7059|2272|4|3|2790|11|116.71|8.16|124.87|24.29|571.89|8.16|51.01|57.54|604.34
2451540|42195|826|2837|180670|4616|929|2837|180670|4616|929|4|2|2791|8|927.44|64.92|992.36|29.94|365.76|704.85|60.09|162.50|460.62
2451934|44490|1711|9558|72917|4483|322|9558|72917|4483|322|1|3|2792|39|3037.32|91.11|3128.43|62.32|1428.96|2369.10|334.11|334.11|1582.39
2452147|42163|583|9282|31533|2377|548|9282|31533|2377|548|2|1|2792|11|1025.75|41.03|1066.78|86.80|28.49|410.30|387.73|227.72|156.32
2451414|24230|1702|3258|77646|3907|2255|3258|77646|3907|2255|4|3|2793|3|186.81|16.81|203.62|45.78|101.19|173.73|12.94|0.14|163.78
2451193|10924|1090|1511|101437|6723|1529|1511|101437|6723|1529|1|1|2793|5|224.90|20.24|245.14|66.44|218.65|80.96|128.10|15.84|305.33
2451862|50140|311|2067|163324|6981|2191|2067|163324|6981|2191|1|3|2794|1|3.21|0.12|3.33|66.30|8.56|1.79|0.05|1.37|74.98
2451991|19591|200|6098|42961|6144|4214|6098|42961|6144|4214|5|3|2794|90|2810.70|140.53|2951.23|64.44|320.40|1236.70|503.68|1070.32|525.37
2452183|57244|347|7414|67030|3366|3542|7414|67030|3366|3542|2|3|2798|18|605.52|6.05|611.57|5.15|434.34|411.75|162.76|31.01|445.54
2452714|58045|895|8081|88861|6201|4861|8081|88861|6201|4861|1|1|2799|8|1229.84|61.49|1291.33|28.61|189.20|455.04|573.35|201.45|279.30
2452780|14377|1059|3274|173553|199|3838|3274|173553|199|3838|6|1|2799|45|2175.75|152.30|2328.05|84.79|179.10|2175.75|0.00|0.00|416.19
2452688|70469|1626|3084|116590|3056|3642|3084|116590|3056|3642|3|2|2799|11|147.73|2.95|150.68|49.63|99.44|70.91|76.82|0.00|152.02
2452607|72961|498|2689|100002|7075|1068|2689|100002|7075|1068|3|3|2800|56|486.08|38.88|524.96|12.70|276.08|213.87|209.60|62.61|327.66
2452545|73030|990|2212|31445|3191|2257|2212|31445|3191|2257|6|2|2800|64|4059.52|162.38|4221.90|85.47|1178.24|2679.28|1187.00|193.24|1426.09
2452532|62286|1231|451|125463|2555|4760|451|125463|2555|4760|3|2|2800|3|130.71|11.76|142.47|11.40|65.34|31.37|11.92|87.42|88.50
2450940|55943|817|4366|61141|7163|4738|4366|61141|7163|4738|2|2|2802|36|5090.04|152.70|5242.74|90.37|2203.92|3868.43|525.29|696.32|2446.99
2450961|31516|938|5638|27021|3331|354|5638|27021|3331|354|1|2|2804|6|538.50|26.92|565.42|84.48|386.04|500.80|30.91|6.79|497.44
2451845|57637|121|5992|60069|2866|3503|5992|60069|2866|3503|5|2|2807|16|243.20|19.45|262.65|12.77|729.92|124.03|7.15|112.02|762.14
2451664|67877|1231|6532|20116|4740|1444|6532|20116|4740|1444|2|1|2807|1|75.85|6.06|81.91|64.83|27.86|45.51|6.06|24.28|98.75
2451869|71668|205|7804|69490|3896|189|7804|69490|3896|189|1|3|2808|34|3565.58|213.93|3779.51|87.60|3748.50|3565.58|0.00|0.00|4050.03
|3425|1531||||4925|||||2|1|2809||4526.28||4707.33|2.45||||1385.05|
2452291|28721|973|7445|161440|4282|1324|7445|161440|4282|1324|1|2|2810|3|58.08|5.22|63.30|87.74|11.16|52.27|4.99|0.82|104.12
2451210|68725|739|4207|27810|4453|976|4207|27810|4453|976|1|1|2811|5|465.10|32.55|497.65|19.32|45.90|167.43|50.60|247.07|97.77
2452748|7573|936|7996|35323|3577|2144|7996|35323|3577|2144|3|2|2812|5|46.85|2.34|49.19|68.60|9.85|20.61|14.69|11.55|80.79
2452727|79183|1075|7383|166373|5090|920|7383|166373|5090|920|1|2|2812|6|407.28|8.14|415.42|30.63|290.94|252.51|15.47|139.30|329.71
2451215|21739|368|1774|2666|5158|250|1774|2666|5158|250|2|1|2813|14|476.42|14.29|490.71|46.01|262.64|314.43|131.21|30.78|322.94
2452715|76076|595|7530|163405|5793|701|7530|163405|5793|701|3|1|2814|16|599.36|0.00|599.36|61.70|662.56|83.91|113.39|402.06|724.26
2452850|66076|733|1421|118027|120|2446|1421|118027|120|2446|3|1|2814|23|698.51|0.00|698.51|85.21|320.62|593.73|18.86|85.92|405.83
||492|||1390||5007|98434|||||2815|76|||241.89|||19.97|179.73|22.22|
2452840|47381|246|6416|104928|4320|4472|6416|104928|4320|4472|1|1|2815|36|2120.40|127.22|2247.62|50.56|518.76|1675.11|236.00|209.29|696.54
2452424|71198|617|2070|187913|2796|1959|2070|187913|2796|1959|5|3|2817|5|456.65|27.39|484.04|9.93|315.60|36.53|369.70|50.42|352.92
2451089|45453|1000|4356|48760|4091|582|4356|48760|4091|582|1|1|2818|6|32.76|2.29|35.05|65.33|98.34|0.00|9.17|23.59|165.96
2451233|48871|613|2395|158984|3368|3792|2395|158984|3368|3792|2|1|2818|50|715.00|64.35|779.35|24.31|634.00|614.90|71.07|29.03|722.66
2451054|37238|1718|6054|127937|2620|3256|6054|127937|2620|3256|4|2|2818|23|291.64|20.41|312.05|77.93|69.69|142.90|123.45|25.29|168.03
2451116|80588|898|9013|135241|4862|3010|9013|135241|4862|3010|1|1|2818|10|846.20|8.46|854.66|10.45|470.10|566.95|128.45|150.80|489.01
2451908|70694|1261|2762|15188|2621|974|2762|15188|2621|974|5|1|2819|6|549.84|27.49|577.33|40.57|215.40|340.90|48.05|160.89|283.46
2451959|42546|1061||||581|4478|109957|||5|3|2819||||60.21||86.88|42.84|||
2451493|32310|710|6865|61191|2797|4563|6865|61191|2797|4563|4|2|2820|4|188.64|15.09|203.73|82.55|91.68|122.61|60.08|5.95|189.32
2451210|77348|733|6950|81669|5475|361|6950|81669|5475|361|2|2|2821|67|2884.35|86.53|2970.88|30.45|1167.14|2278.63|163.54|442.18|1284.12
2451365|38946|374|2694|142002|3310|2971|2694|142002|3310|2971|4|2|2822|55|2263.80|158.46|2422.26|74.04|884.40|249.01|1188.72|826.07|1116.90
|26343|856||47686|3308|4523|||3308|4523|4||2822|||0.00|184.14|49.56||165.72|14.73||270.28
2452883|14965|213|5371|114225|3319|2693|5371|114225|3319|2693|3|1|2823|1|119.85|8.38|128.23|16.03|93.63|118.65|0.50|0.70|118.04
2452825|76930|939|2106|123348|303|1625|2106|123348|303|1625|1|2|2824|18|463.32|37.06|500.38|14.54|319.14|454.05|0.83|8.44|370.74
2452342|52195|395|9110|133879|568|497|9110|133879|568|497|3|2|2825|43|5196.12|363.72|5559.84|70.15|2039.06|3169.63|1641.45|385.04|2472.93
2452425|59366|63|1754|6915|29|1990|1754|6915|29|1990|1|3|2825|40|772.80|54.09|826.89|15.29|95.20|363.21|126.97|282.62|164.58
2452137|45063|1123|2356|11964|852|4900|2356|11964|852|4900|3|1|2826|22|77.66|2.32|79.98|13.41|320.76|17.86|38.87|20.93|336.49
2452121|24070|1291|7917|91142|6174|4526|7917|91142|6174|4526|1|2|2826|27|1912.95|172.16|2085.11|97.08|875.34|1434.71|411.28|66.96|1144.58
2452220|70248|485|9566|1313|1540|4127|9566|1313|1540|4127|3|2|2826|40|2349.60|93.98|2443.58|79.72|2886.80|1785.69|11.27|552.64|3060.50
2452804||15|||6898|||94274|6898|3962|3||2828||293.24||304.96|18.89||114.36|101.96||163.25
2452410|42275|375|8731|120461|4991|1721|8731|120461|4991|1721|1|2|2829|24|245.76|14.74|260.50|31.67|273.84|149.91|16.29|79.56|320.25
2451469|31955|1759|6635|89090|1705|3240|6635|89090|1705|3240|1|2|2830|11|1117.60|33.52|1151.12|26.36|461.89|33.52|151.77|932.31|521.77
2451623|19221|206|7752|79512|6552|552|7752|79512|6552|552|1|3|2830|41|958.17|0.00|958.17|48.44|283.72|47.90|573.47|336.80|332.16
2451508|32712|778|3689|146422|5875|4168|3689|146422|5875|4168|2|3|2830|61|2992.05|209.44|3201.49|48.57|182.39|329.12|2156.97|505.96|440.40
2451653|26650|1315|7942|145901|3940|2892|7942|145901|3940|2892|2|1|2830|76|2707.12|162.42|2869.54|72.85|515.28|1461.84|684.90|560.38|750.55
2451149|51554|655|3887|62911|5380|1169|3887|62911|5380|1169|2|2|2831|4|71.68|5.73|77.41|9.31|129.08|9.31|2.49|59.88|144.12
2451147|47605|1717|2125|102258|4791|4524|2125|102258|4791|4524|2|1|2831|6|188.88|5.66|194.54|95.16|104.22|177.54|2.15|9.19|205.04
2451367|3729|1280|88|101574|227|873|88|101574|227|873|4|1|2832|30|670.20|0.00|670.20|95.22|167.40|556.26|7.97|105.97|262.62
2451355|50321|1520|709|51684|739|2754|709|51684|739|2754|4|1|2832|23|1632.77|114.29|1747.06|38.71|782.23|1126.61|101.23|404.93|935.23
|77557|946|||||||||||2834||||||74.40|884.03|||
2451219|44287|506|7663|27889|2915|4988|7663|27889|2915|4988|1|1|2835|73|1874.64|56.23|1930.87|50.12|937.32|1330.99|505.59|38.06|1043.67
2452362||723|||5670||||5670||3|3|2836||4510.00|90.20|4600.20||2577.08|4013.90|||2754.96
2452309|77408|793|5930|153704|5227|2637|5930|153704|5227|2637|3|1|2836|48|426.72|0.00|426.72|65.24|124.32|187.75|2.38|236.59|189.56
2451049|53591|802|1793|148133|3466|2726|1793|148133|3466|2726|4|3|2837|34|666.06|46.62|712.68|29.96|608.26|366.33|221.80|77.93|684.84
2450881|70981|70|1009|106788|3767|2746|1009|106788|3767|2746|4|1|2837|62|7963.90|637.11|8601.01|91.71|2012.52|7884.26|58.13|21.51|2741.34
2450990|45039|583|2438|48343|4841|866|2438|48343|4841|866|1|2|2837|30|3459.60|276.76|3736.36|87.92|2543.70|864.90|2179.54|415.16|2908.38
2452321|43233|1797|5487|136443|5672|3988|5487|136443|5672|3988|3|2|2838|12|51.84|2.59|54.43|69.79|143.64|48.21|2.06|1.57|216.02
2451807|19321|827|3663|140684|1225|||140684|1225|3406|||2840||794.43|||93.39||||77.87|
2451836|33795|1549|4864|42534|5917|3420|4864|42534|5917|3420|5|1|2840|10|249.00|7.47|256.47|6.56|144.40|214.14|29.63|5.23|158.43
|33970|1316|9040|||2820|||741|2820|2||2841|||9.65|||0.00||4.24|17.00|52.01
2451227|46304|1352||||1256|1765|77873|2508|||2|2841||218.53|15.29|233.82||174.07|118.00|74.39|26.14|191.67
2452466|21813|1453|7700|40278|2729|3420|7700|40278|2729|3420|3|2|2843|2|309.54|27.85|337.39|67.20|38.08|77.38|155.54|76.62|133.13
2451728|68071|643|6141|6794|6840|4613|6141|6794|6840|4613|4|3|2844|7|132.02|0.00|132.02|32.11|18.83|38.28|70.30|23.44|50.94
2451297|49791|1363|264|50643|1902|1521|264|50643|1902|1521|1|3|2845|73|458.44|22.92|481.36|43.40|724.16|343.83|112.31|2.30|790.48
2451443|75891|850|8664|18578|2059|3333|8664|18578|2059|3333|2|2|2845|51|1377.00|68.85|1445.85|71.97|4050.93|261.63|769.60|345.77|4191.75
2451131|70666|1549|1851|179176|4661|466|1851|179176|4661|466|2|3|2847|3|30.99|2.78|33.77|14.53|2.55|3.71|21.82|5.46|19.86
2451406|56561|541|9089|51589|3576|443|9089|51589|3576|443|1|3|2848|12|37.44|0.74|38.18|5.39|214.32|33.32|2.67|1.45|220.45
||310|||||7762|53834|5438|||2|2849|10|93.40|8.40|||299.00|38.29|18.73||397.95
2451430|71067|418|581|67688|6268|888|581|67688|6268|888|1|1|2849|10|637.20|44.60|681.80|26.14|205.10|312.22|136.49|188.49|275.84
2451597|63392|646|1950|116579|6041|2710|1950|116579|6041|2710|2|2|2850|39|3137.55|62.75|3200.30|56.59|918.06|2792.41|289.91|55.23|1037.40
2451677|25307|770|1360|4653|5946|1839|1360|4653|5946|1839|4|1|2850|27|1159.92|0.00|1159.92|41.18|221.40|324.77|141.97|693.18|262.58
2451727|72538|1027|6948|87435|1969|3856|6948|87435|1969|3856|1|2|2851|14|583.52|11.67|595.19|75.33|460.74|204.23|193.43|185.86|547.74
2451555|73670|410|536|165468|2753|3238|536|165468|2753|3238|1|2|2851|3|192.45|13.47|205.92|97.73|96.21|117.39|13.51|61.55|207.41
2451768|13297|856|3056|103298|7140|935|3056|103298|7140|935|2|1|2851|22|12.32|0.86|13.18|6.27|6.16|0.36|2.87|9.09|13.29
2452305|19414|155|1462|115391|5447|4416|1462|115391|5447|4416|3|1|2852|3|76.98|4.61|81.59|64.06|34.41|21.55|43.23|12.20|103.08
2452447|14299|221|9380|94274|4768|3615|9380|94274|4768|3615|5|3|2853|20|94.40|8.49|102.89|96.03|256.60|72.68|8.03|13.69|361.12
2451696|66586|494|5775|62455|3855|1495|5775|62455|3855|1495|2|3|2855|1|53.62|3.75|57.37|5.37|27.53|20.91|32.71|0.00|36.65
2451340|39490|1345|2306|46417|6756|3942|2306|46417|6756|3942|2|1|2856|38|2452.52|147.15|2599.67|8.21|796.86|2084.64|150.83|217.05|952.22
2451646|34272|85|5002|80118|4227|463|5002|80118|4227|463|2|1|2857|14|746.34|67.17|813.51|30.70|501.20|291.07|63.73|391.54|599.07
2451551|31259|136|845|20846|4254|4335|845|20846|4254|4335|4|1|2857|23|370.07|25.90|395.97|84.83|190.67|303.45|65.28|1.34|301.40
2452126|71412|491|6825|48072|2968|1744|6825|48072|2968|1744|1|1|2858|3|122.61|7.35|129.96|80.61|84.87|74.79|39.21|8.61|172.83
2451252|39006|1400|9056|91498|947|2069|9056|91498|947|2069|1|1|2859|20|1890.60|94.53|1985.13|86.34|1849.60|623.89|1165.37|101.34|2030.47
2451079|69488|620|1193|47464|6215|2879|1193|47464|6215|2879|4|3|2860|46|3066.82|61.33|3128.15|50.58|1703.84|2913.47|90.47|62.88|1815.75
2452161|76802|44|4822|159029|3796|3330|4822|159029|3796|3330|1|1|2861|18|393.30|31.46|424.76|18.62|431.64|353.97|12.97|26.36|481.72
2451910|37051|8|4236|61618|2330|522|4236|61618|2330|522|1|3|2863|1|31.39|0.31|31.70|21.92|28.70|9.41|2.19|19.79|50.93
2452139|33058|475|1544|142922|413|4071|1544|142922|413|4071|2|3|2864|54|9535.32|858.17|10393.49|95.96|3526.74|3814.12|2460.11|3261.09|4480.87
2452685|58185|801|3082|160342|3955|1415|3082|160342|3955|1415|3|1|2865|59|1451.99|116.15|1568.14|42.10|695.02|551.75|828.22|72.02|853.27
2452700|46602|415|5590|77679|775|4344|5590|77679|775|4344|6|2|2865|33|922.68|36.90|959.58|67.65|1085.37|304.48|197.82|420.38|1189.92
2452734|15195|361|183|117391|6006|1694|183|117391|6006|1694|6|3|2865|1|86.23|0.86|87.09|12.00|49.85|10.34|35.66|40.23|62.71
2452122|21111|665|5581|64896|6771|4966|5581|64896|6771|4966|5|3|2866|6|877.20|52.63|929.83|71.06|186.06|157.89|258.95|460.36|309.75
2451797|13368|835|3207|2779|3631|4843|3207|2779|3631|4843|2|1|2868|32|21.44|0.64|22.08|39.03|150.08|7.50|4.73|9.21|189.75
2452173|36133|1682|6406|10189|5972|4755|6406|10189|5972|4755|1|3|2869|85|6425.15|0.00|6425.15|11.11|2846.65|771.01|3109.77|2544.37|2857.76
2452289|28872|693|7125|112433|3068|1663|7125|112433|3068|1663|5|2|2871|63|30.87|2.46|33.33|0.93|437.22|27.78|1.48|1.61|440.61
2452531|66989|1211|1218|185510|4362|2781|1218|185510|4362|2781|1|3|2871|4|88.80|2.66|91.46|31.87|19.96|55.05|1.35|32.40|54.49
2451764||1772|6659|160117|4022||||4022|3880|||2873||5489.25|164.67||19.85|2472.75|219.57|||
2451689|78092|1580|9283|150003|596|2229|9283|150003|596|2229|4|2|2873|4|66.00|1.98|67.98|57.10|15.96|10.56|9.97|45.47|75.04
2451703|40659|1202|6768|129177|5793|882|6768|129177|5793|882|2|3|2873|27|1863.00|55.89|1918.89|18.23|588.33|1751.22|89.42|22.36|662.45
2451673|31384|1388|452|135868|371|1354|452|135868|371|1354|2|1|2873|4|10.56|0.00|10.56|69.31|3.28|3.80|1.41|5.35|72.59
2451583|4726|1585|8116|74320|2411|4335|8116|74320|2411|4335|2|2|2874|6|372.06|22.32|394.38|36.33|157.80|334.85|30.88|6.33|216.45
2451530|44268|1252|1558|102466|1807|4908|1558|102466|1807|4908|2|2|2874|2|24.20|0.72|24.92|69.35|50.98|11.13|8.75|4.32|121.05
2452364|33459|853|2173|161181|1634|1087|2173|161181|1634|1087|5|2|2875|58|1103.74|99.33|1203.07|42.41|494.74|894.02|88.08|121.64|636.48
2451162|58344|1766|8716|171517|2045|2886|8716|171517|2045|2886|2|3|2879|6|368.70|7.37|376.07|37.88|22.08|0.00|3.68|365.02|67.33
2451076|76250|950|5624|24664|857|2097|5624|24664|857|2097|1|1|2879|74|277.50|2.77|280.27|45.03|289.34|13.87|171.35|92.28|337.14
2450996|55004|1141|223|113263|3503|4143|223|113263|3503|4143|1|1|2879|8|111.60|5.58|117.18|36.01|254.24|43.52|36.76|31.32|295.83
2451023|49265|1477|3738|117282|6619|2683|3738|117282|6619|2683|1|3|2880|24|1251.60|87.61|1339.21|19.85|786.72|1176.50|34.54|40.56|894.18
2450981|42631|1075|3730|114392|5694|476|3730|114392|5694|476|2|3|2880|10|12.60|0.88|13.48|59.74|21.60|1.63|2.96|8.01|82.22
2451296|38851|1435|4286|16672|5025|1771|4286|16672|5025|1771|1|2|2881|3|7.20|0.21|7.41|13.58|19.20|3.96|0.48|2.76|32.99
2451499|4147|1072|1395|76647|6699|2704|1395|76647|6699|2704|4|3|2881|4|38.64|1.54|40.18|33.43|30.88|12.75|13.20|12.69|65.85
|61762|1645||113650||4941|3828||4719|4941|2||2881|||||32.97|1184.65|1902.47||0.00|1255.66
2451583|33160|734|7577|190859|3374|96|7577|190859|3374|96|2|2|2881|3|3.18|0.19|3.37|33.44|47.97|0.34|0.93|1.91|81.60
2452799|46474|348|6074|7957|5647|10|6074|7957|5647|10|1|3|2882|8|156.32|14.06|170.38|64.04|11.44|146.94|1.40|7.98|89.54
2452856|62302|162|7441|161301|4168|3555|7441|161301|4168|3555|3|1|2882|12|1030.32|92.72|1123.04|9.18|348.72|82.42|132.70|815.20|450.62
2451258|47131|820|2115|58116|5124|4805|2115|58116|5124|4805|2|2|2883|20|445.60|8.91|454.51|67.39|350.20|298.55|79.40|67.65|426.50
2451279|45712|655|1882|543|724|1945|1882|543|724|1945|2|2|2883|14|92.54|8.32|100.86|1.24|49.28|35.16|21.80|35.58|58.84
2451253|63614|920|9660|9482|4297|4039|9660|9482|4297|4039|1|1|2883|37|2742.44|54.84|2797.28|95.11|903.54|1206.67|1320.76|215.01|1053.49
2452001|29384|1028|||5168|1672||163184||1672|2||2884|6|854.76|68.38|923.14||||221.55||
2451833|25384|926|7051|56643|2282|2721|7051|56643|2282|2721|2|1|2884|31|4423.39|176.93|4600.32|57.53|272.18|2830.96|254.78|1337.65|506.64
2452048|13969|1633||7515|6316|||||||1|2884|9||||||1.22|||111.37
2451943|43477|215|4765|85652|2539|4579|4765|85652|2539|4579|2|2|2884|1|13.25|0.66|13.91|71.62|3.12|1.85|2.05|9.35|75.40
2451938|50067|1169|2838|43212|3586|3713|2838|43212|3586|3713|1|2|2884|2|17.64|1.23|18.87|3.75|70.58|0.00|3.35|14.29|75.56
2451893|42835|749|569|173564|1279|187|569|173564|1279|187|1|3|2884|17|381.31|26.69|408.00|79.12|172.21|7.62|242.89|130.80|278.02
2452057|44880|995|3162|21603|3164|365|3162|21603|3164|365|5|3|2886|40|944.80|28.34|973.14|61.06|1260.00|340.12|278.15|326.53|1349.40
2452084||812|6242|34182|3162||||3162|||1|2886||165.30|6.61|171.91|21.65|0.00||84.04||28.26
2452058|30872|185|7921|87590|3532|1914|7921|87590|3532|1914|2|1|2886|81|91.53|0.00|91.53|52.78|115.02|52.17|9.84|29.52|167.80
2452828|78662|222|1576|3422|6308|4674|1576|3422|6308|4674|6|1|2888|43|1707.53|85.37|1792.90|39.84|547.39|256.12|130.62|1320.79|672.60
2452755|22213|1056|5751|62885|212|4466|5751|62885|212|4466|6|1|2888|1|9.26|0.64|9.90|84.01|5.19|2.40|1.02|5.84|89.84
2452766|60017|279|5223|18654|2994|3814|5223|18654|2994|3814|3|2|2889|60|6930.60|485.14|7415.74|50.72|2449.80|4019.74|1455.43|1455.43|2985.66
2452793||577||||1964||97926||||3|2889|22||11.61||57.34|309.32||428.16||378.27
2451302|33403|1142|82|129411|580|1429|82|129411|580|1429|4|3|2891|5|481.80|33.72|515.52|36.37|21.90|428.80|45.05|7.95|91.99
2452329|48509|423|4750|164925|620|3508|4750|164925|620|3508|5|2|2892|36|527.40|5.27|532.67|67.61|806.76|26.37|220.45|280.58|879.64
2451451|13225|1150|3365|45811|1457|1703|3365|45811|1457|1703|2|3|2893|26|1489.80|89.38|1579.18|44.78|735.02|29.79|1387.00|73.01|869.18
2451372|32254|1153|4419|183807|2795|4583|4419|183807|2795|4583|1|1|2893|12|1476.36|118.10|1594.46|37.55|475.68|1225.37|30.11|220.88|631.33
2451695|27738|331|385|81282|5939|716|385|81282|5939|716|1|2|2894|21|1363.11|81.78|1444.89|89.51|471.66|313.51|73.47|976.13|642.95
||183|||6201||9409|27645|6201|3997|1||2896|||9.39|143.67|67.82|95.94||12.78||
2451143|18962|610|5744|149025|6786|2307|5744|149025|6786|2307|4|2|2898|60|4965.60|397.24|5362.84|65.10|1810.80|3922.82|990.64|52.14|2273.14
2451254|76739|788|8338|47289|6080|2798|8338|47289|6080|2798|2|1|2898|4|92.44|8.31|100.75|41.23|64.72|92.44|0.00|0.00|114.26
2451522|49528|496|2819|171629|726|456|2819|171629|726|456|1|2|2900|18|0.36|0.02|0.38|25.36|19.26|0.03|0.18|0.15|44.64
2451589|29220|952|5148|19322|6856|310|5148|19322|6856|310|4|1|2900|69|1978.23|0.00|1978.23|16.48|988.77|1602.36|236.79|139.08|1005.25
2452713|37490|573|56|93435|2861|4640|56|93435|2861|4640|6|1|2901|23|298.77|11.95|310.72|27.89|1062.60|110.54|1.88|186.35|1102.44
2452553|26526|1398|8735|150117|5386|1335|8735|150117|5386|1335|3|2|2901|2|31.44|0.00|31.44|48.48|33.98|11.00|6.74|13.70|82.46
2452617|62352|1353|5614|78738|5462|4786|5614|78738|5462|4786|3|3|2901|28|2297.12|0.00|2297.12|87.35|829.36|1837.69|289.44|169.99|916.71
2452603|26406|1488|2976|138335|7101|4587|2976|138335|7101|4587|1|1|2901|4|34.96|2.09|37.05|44.44|49.52|4.54|28.89|1.53|96.05
2451688|42640|971|5194|119732|3150|1081|5194|119732|3150|1081|5|1|2904|11|416.35|8.32|424.67|48.43|233.75|216.50|107.91|91.94|290.50
2451670|7169|1697|2041|68435|3653|3424|2041|68435|3653|3424|2|2|2904|31|3235.16|97.05|3332.21|21.91|257.30|1229.36|982.84|1022.96|376.26
2451530|24216|1183|1062|164394|3166|4618|1062|164394|3166|4618|4|1|2905|3|583.83|40.86|624.69|56.17|70.32|519.60|50.74|13.49|167.35
2452393|57753|129|4760|76490|6300|717|4760|76490|6300|717|1|3|2906|32|1213.76|109.23|1322.99|23.06|22.72|376.26|142.37|695.13|155.01
2452424|66215|1387|6540|27503|6626|1916|6540|27503|6626|1916|1|1|2906|45|686.70|27.46|714.16|52.50|9.45|247.21|65.92|373.57|89.41
2451317|38336|643|482|165262|2202|1662|482|165262|2202|1662|2|3|2908|29|1474.36|29.48|1503.84|45.91|417.60|132.69|670.83|670.84|492.99
2451159|27769|346|4137|127969|1401|3433|4137|127969|1401|3433|4|1|2908|10|92.50|0.92|93.42|17.78|21.30|33.30|25.45|33.75|40.00
2452033|1661|1651|8870|188497|5357|577|8870|188497|5357|577|1|2|2910|5|61.50|3.07|64.57|63.24|44.60|29.52|2.87|29.11|110.91
2452740|31047|1101|1431|92046|4054|3589|1431|92046|4054|3589|3|1|2912|21|813.96|73.25|887.21|15.24|770.07|529.07|236.45|48.44|858.56
2452005|19121|167|6358|152042|6126|257|6358|152042|6126|257|1|1|2913|13|140.27|5.61|145.88|55.67|26.52|36.47|52.93|50.87|87.80
2451891|74932|1075|2019|95780|3941|302|2019|95780|3941|302|2|1|2913|39|612.69|42.88|655.57|47.44|195.00|189.93|245.20|177.56|285.32
2451304|69015|463|2599|142065|4171|3557|2599|142065|4171|3557|4|1|2914|15|994.20|69.59|1063.79|94.42|165.60|228.66|688.98|76.56|329.61
2451232|65620|1520|4677|55980|6323|2346|4677|55980|6323|2346|1|1|2914|4|191.44|5.74|197.18|72.52|70.04|185.69|0.97|4.78|148.30
2451247|68335|241|9000|179455|5270|758|9000|179455|5270|758|4|2|2914|30|363.90|18.19|382.09|72.31|304.50|327.51|27.65|8.74|395.00
2452334|68787|537|5639|169562|605|3041|5639|169562|605|3041|3|1|2915|3|216.63|15.16|231.79|96.49|114.03|45.49|77.01|94.13|225.68
2452439|43381|1255|653|52325|5404|4203|653|52325|5404|4203|5|3|2915|19|0.00|0.00|0.00|98.92|64.22|0.00|0.00|0.00|163.14
2452313|70902|625|7672|8544|1929|3034|7672|8544|1929|3034|5|1|2915|3|432.96|12.98|445.94|48.39|181.83|138.54|17.66|276.76|243.20
2452816|39036|1525|7301|39008|4075|1462|7301|39008|4075|1462|1|3|2916|90|707.40|7.07|714.47|61.80|884.70|49.51|6.57|651.32|953.57
2452488|45279|1441|4165|186248|938|4148|4165|186248|938|4148|5|2|2918|23|1261.32|37.83|1299.15|27.16|1202.67|706.33|421.79|133.20|1267.66
2452454|43188|1659|8831|99701|5564|154|8831|99701|5564|154|5|3|2918|69|1335.15|120.16|1455.31|74.57|392.61|1188.28|136.58|10.29|587.34
||285|5153||6438||5153|30692|6438||5|3|2918|20|460.40|||||386.73|38.30||216.87
2452808|67589|1569|3755|136793|2711|3789|3755|136793|2711|3789|3|1|2921|69|7803.21|156.06|7959.27|92.41|1434.51|1170.48|66.32|6566.41|1682.98
2451780|39538|754|9637|84572|5267|2035|9637|84572|5267|2035|1|2|2923|68|3755.64|338.00|4093.64|76.77|2847.16|2666.50|108.91|980.23|3261.93
2451597|73680|656|9159||778|4564||40945||||2|2923|1||0.00||38.28|||||103.93
2451605|69139|1748|6046|186950|4174|885|6046|186950|4174|885|1|1|2923|10|226.50|13.59|240.09|20.01|168.20|11.32|94.67|120.51|201.80
2452400|62007|441|3519|182887|655|4823|3519|182887|655|4823|5|3|2925|10|907.30|0.00|907.30|22.77|553.60|471.79|278.72|156.79|576.37
2451655|25584|818|970|11891|6892|53|970|11891|6892|53|4|3|2926|26|1397.24|41.91|1439.15|60.70|698.62|992.04|316.05|89.15|801.23
2451604|66604|940|1464|44345|6026|4954|1464|44345|6026|4954|1|1|2926|8|190.80|11.44|202.24|69.69|38.88|57.24|30.71|102.85|120.01
2452214|6360|1229|6786|109419|5743|3114|6786|109419|5743|3114|3|1|2927|31|3285.38|229.97|3515.35|36.86|1442.43|1051.32|1362.77|871.29|1709.26
2451405|6091|1672|4983|57959|4102|1638|4983|57959|4102|1638|4|2|2929|80|1696.00|33.92|1729.92|28.31|360.80|848.00|619.04|228.96|423.03
2452306|34809|449|641|15048|7055|4062|641|15048|7055|4062|1|1|2930|5|329.15|29.62|358.77|78.70|205.05|95.45|81.79|151.91|313.37
2451257|17571|373|9031|90326|4004|1809|9031|90326|4004|1809|4|2|2931|2|3.52|0.14|3.66|20.83|13.54|2.32|0.16|1.04|34.51
|11640|628|||||4430||4638||2||2932|52|7061.08|635.49|7696.57|8.36|529.36||||1173.21
2451471|58584|752|6072|117772|1759|1426|6072|117772|1759|1426|1|1|2932|2|119.08|8.33|127.41|28.64|18.32|54.77|45.66|18.65|55.29
2451397|58163|518|362|47973|343|3840|362|47973|343|3840|1|1|2932|16|1263.36|88.43|1351.79|71.75|244.48|1124.39|13.89|125.08|404.66
2451468|66715|1112|9487|94468|42|1543|9487|94468|42|1543|4|2|2932|19|41.99|2.93|44.92|15.21|0.00|12.59|21.16|8.24|18.14
2452342|33887|1777|2729|23124|5279|1554|2729|23124|5279|1554|1|3|2933|7|115.08|3.45|118.53|18.27|88.90|64.44|39.49|11.15|110.62
2451789|35622|1168|186|102893|4287|3114|186|102893|4287|3114|1|1|2935|38|1641.60|131.32|1772.92|27.16|645.24|541.72|560.93|538.95|803.72
2451531|15901|424|3979|135921|823|1245|3979|135921|823|1245|2|1|2935|1|27.39|1.09|28.48|15.84|8.75|15.33|1.32|10.74|25.68
|71811|271|8243|112265|2014||8243|112265|2014|||3|2936|||||90.48|146.97|42.96|27.26||
2451594|57841|398|2838|165200|2922|1117|2838|165200|2922|1117|4|1|2936|15|468.45|23.42|491.87|0.91|191.55|135.85|159.64|172.96|215.88
2451691|34771|886|8267|34863|2499|4415|8267|34863|2499|4415|4|2|2937|10|298.30|0.00|298.30|55.60|74.50|101.42|157.50|39.38|130.10
2451372|3937|943|6180|12611|5842|1473|6180|12611|5842|1473|2|2|2938|74|1525.14|106.75|1631.89|28.68|3136.12|503.29|449.61|572.24|3271.55
2451106|17048|1780|9639|5282|4638|4161|9639|5282|4638|4161|2|2|2939|2|126.62|0.00|126.62|16.31|80.34|17.72|23.95|84.95|96.65
2450946|39062|1591|4533|169425|2124|1543|4533|169425|2124|1543|2|1|2939|50|5213.00|52.13|5265.13|29.29|52.50|2137.33|1722.37|1353.30|133.92
2452926|33016|543|9615|5366|877|4708|9615|5366|877|4708|3|1|2940|43|2418.32|0.00|2418.32|6.13|0.00|2079.75|159.12|179.45|6.13
2452881|58236|631|9557|41130|5743|4989|9557|41130|5743|4989|3|3|2940|80|1855.20|55.65|1910.85|36.44|195.20|1224.43|239.69|391.08|287.29
2452728|32797|1245|4950|70768|1353|1331|4950|70768|1353|1331|6|3|2940|51|1702.89|85.14|1788.03|74.38|2081.31|1396.36|101.15|205.38|2240.83
|44704|1283|4250|180573||||180573||3012|||2941||8.91||||||4.60|3.78|50.77
2451851|36587|710|513|16484|3415|466|513|16484|3415|466|1|1|2942|37|29.23|1.46|30.69|58.61|205.35|10.23|12.35|6.65|265.42
2451718|67315|1658|5775|4830|2125|4100|5775|4830|2125|4100|5|3|2942|35|432.25|17.29|449.54|63.25|339.85|380.38|2.07|49.80|420.39
2451176|56905|184|8886|185755|1471|3140|8886|185755|1471|3140|4|1|2944|5|19.30|0.19|19.49|26.14|24.55|17.94|0.73|0.63|50.88
2451335|81436|1564|4300|17019|3225|3864|4300|17019|3225|3864|4|1|2944|76|665.00|53.20|718.20|3.34|310.84|432.25|214.13|18.62|367.38
2450965|31642|331|8096|54211|6853|4655|8096|54211|6853|4655|1|3|2945|35|2258.55|158.09|2416.64|21.82|1114.05|293.61|1395.10|569.84|1293.96
2452623|69180|258|322|30632|6542|1652|322|30632|6542|1652|6|3|2947|30|3057.30|244.58|3301.88|37.96|927.90|1987.24|139.10|930.96|1210.44
2452748|67551|1035|6904|153326|355|2657|6904|153326|355|2657|3|1|2948|4|391.56|27.40|418.96|81.26|193.72|285.83|26.43|79.30|302.38
2451579|22589|1519|6200|176335|1262|949|6200|176335|1262|949|1|2|2949|7|36.47|1.82|38.29|29.01|34.02|25.89|4.23|6.35|64.85
2451666|75011|733|4780|107768|4036|264|4780|107768|4036|264|5|2|2951|14|439.46|17.57|457.03|3.96|77.14|96.68|20.56|322.22|98.67
2451240|8043|14|8507|29378|536|3727|8507|29378|536|3727|2|3|2952|57|327.18|29.44|356.62|15.25|23.37|183.22|86.37|57.59|68.06
2451281|37196|211|5858|52250|3442|3481|5858|52250|3442|3481|4|3|2952|34|1535.10|61.40|1596.50|25.64|1157.70|997.81|107.45|429.84|1244.74
2451332|69841|1|9988|108349|2790|1991|9988|108349|2790|1991|1|1|2952|10|191.40|5.74|197.14|14.38|105.10|68.90|39.20|83.30|125.22
2451204|51298|824|1116|52344|5572|3047|1116|52344|5572|3047|1|1|2955|23|1276.73|76.60|1353.33|58.89|233.91|1225.66|37.79|13.28|369.40
2451985|45557|1157|6545|34631|1084|4930|6545|34631|1084|4930|1|2|2957|2|237.00|0.00|237.00|29.48|81.36|229.89|6.54|0.57|110.84
2452056|70509|668|5064|21|6945|862|5064|21|6945|862|5|1|2957|34|1386.18|69.30|1455.48|52.31|170.68|1067.35|296.51|22.32|292.29
2452821|33458|1267|8874|23621|5408|428|8874|23621|5408|428|3|1|2958|18|3630.78|254.15|3884.93|25.07|355.14|2287.39|26.86|1316.53|634.36
2451073|70320|220|9349|148900|7091|409|9349|148900|7091|409|4|2|2960|1|8.70|0.52|9.22|6.34|38.67|1.04|2.37|5.29|45.53
2450978|58882|955|8667|122713|6359|405|8667|122713|6359|405|4|2|2960|34|1431.06|85.86|1516.92|0.88|530.06|1116.22|251.87|62.97|616.80
2452354|46258|265|1246|165077|1788|106|1246|165077|1788|106|1|2|2961|21|615.09|55.35|670.44|4.12|319.41|282.94|102.96|229.19|378.88
2452296|48539|275|8180|136326|6952|1338|8180|136326|6952|1338|1|2|2961|70|8607.20|86.07|8693.27|89.87|5521.60|3098.59|1211.89|4296.72|5697.54
2451240|55335|619|4995|20870|3225|3293|4995|20870|3225|3293|4|2|2962|75|604.50|0.00|604.50|85.34|680.25|296.20|262.05|46.25|765.59
2451892|66027|1081|1739|143232|5638|611|1739|143232|5638|611|2|3|2963|51|132.09|3.96|136.05|3.37|264.18|55.47|45.97|30.65|271.51
2451811|67098|614|4170|45753|6663|3886|4170|45753|6663|3886|5|2|2963|56|1637.44|114.62|1752.06|70.55|1300.32|1195.33|402.32|39.79|1485.49
2451949|83206|427|8269|162522|5895|4755|8269|162522|5895|4755|5|2|2964|3|40.95|2.86|43.81|41.48|39.72|33.98|0.62|6.35|84.06
2451627|54469|607|3907|157046|5272|3131|3907|157046|5272|3131|1|3|2965|51|2535.72|126.78|2662.50|73.14|1267.86|1952.50|93.31|489.91|1467.78
2451586|42030|628|487|182273|4139|2318|487|182273|4139|2318|4|1|2965|3|174.63|12.22|186.85|52.80|58.20|110.01|51.04|13.58|123.22
2451622|3581|307|7463|96994|4558|3129|7463|96994|4558|3129|2|3|2965|2|181.32|3.62|184.94|47.83|56.92|61.64|56.24|63.44|108.37
2451072|48650|1324|6559|184953|5027|4461|6559|184953|5027|4461|4|3|2968|35|1898.75|132.91|2031.66|99.86|3001.60|56.96|534.11|1307.68|3234.37
2452804|58687|792|6224|119537|1010|4050|6224|119537|1010|4050|6|2|2969|3|28.41|0.56|28.97|53.26|15.84|14.20|9.23|4.98|69.66
2452723|74652|1189|2643|133741|3079|1344|2643|133741|3079|1344|6|1|2969|18|2367.72|213.09|2580.81|19.22|579.78|378.83|1710.44|278.45|812.09
2452792|30200|1098|1991|141019|2927|395|1991|141019|2927|395|3|3|2970|23|166.29|3.32|169.61|67.90|27.14|113.07|25.01|28.21|98.36
2452707||673||54098|6822|3706|||6822|3706||1|2970||33.01|1.32|||||13.73|3.44|79.94
2451800|12469|1663|1933|92944|1795|1326|1933|92944|1795|1326|1|2|2971|14|82.88|0.00|82.88|47.51|0.00|82.05|0.08|0.75|47.51
2451702|55992|1015|3973|9185|110|1202|3973|9185|110|1202|1|1|2971|57|259.92|20.79|280.71|12.55|154.47|142.95|100.59|16.38|187.81
2452505|59308|171|6038|41370|6702|434|6038|41370|6702|434|3|3|2972|1|41.54|0.83|42.37|63.23|12.11|30.73|9.72|1.09|76.17
2451399|11145|1670|9176|5230|4|4418|9176|5230|4|4418|2|2|2973|12|2094.24|167.53|2261.77|87.65|467.88|1068.06|933.82|92.36|723.06
2451442|48408|1072|2744|72472|760|1968|2744|72472|760|1968|4|2|2973|9|639.72|25.58|665.30|88.12|544.86|76.76|67.55|495.41|658.56
2451462|43914|1645|7560|155601|3242|3683|7560|155601|3242|3683|1|2|2973|65|1543.10|15.43|1558.53|49.11|2174.90|1357.92|98.14|87.04|2239.44
2452077|68102|221|5161|11274|7067|620|5161|11274|7067|620|5|2|2975|22|1556.94|93.41|1650.35|13.67|903.32|1027.58|317.61|211.75|1010.40
2452178|34327|11|2075|27062|6976|4403|2075|27062|6976|4403|2|2|2975|47|187.06|13.09|200.15|2.88|249.57|147.77|31.03|8.26|265.54
2452076|77000|91|8315|6753|584|542|8315|6753|584|542|5|2|2975|63|1604.61|0.00|1604.61|54.99|1039.50|1428.10|160.62|15.89|1094.49
2451713|44568|536|9876|43626|6576|4926|9876|43626|6576|4926|1|3|2977|6|133.92|1.33|135.25|65.97|156.24|45.53|68.94|19.45|223.54
2452074|33152|1313|7984|139580|6296|1299|7984|139580|6296|1299|1|1|2978|66|1696.86|0.00|1696.86|6.15|1626.24|1459.29|49.88|187.69|1632.39
2452043|26894|1333|7071|86518|3772|4146|7071|86518|3772|4146|1|1|2978|1|90.37|4.51|94.88|71.14|53.70|48.79|40.74|0.84|129.35
2452094|69856|113|5500|75983|6113|243|5500|75983|6113|243|2|2|2978|3|4.50|0.27|4.77|38.28|63.09|3.55|0.30|0.65|101.64
2451919|79412|859|1541|82263|1032|3954|1541|82263|1032|3954|5|3|2978|6|29.58|0.59|30.17|88.09|384.66|29.58|0.00|0.00|473.34
2452362|72920|1757|6546|177571|1749|774|6546|177571|1749|774|3|2|2980|31|676.73|0.00|676.73|44.97|225.37|54.13|12.45|610.15|270.34
2452305|53135|1779|4583|79599|6168|3984|4583|79599|6168|3984|3|1|2980|43|4042.86|161.71|4204.57|38.81|388.72|3193.85|645.24|203.77|589.24
2451875|63445|775|5532|168197|1262|774|5532|168197|1262|774|2|1|2983|2|81.06|7.29|88.35|35.52|13.50|4.05|37.73|39.28|56.31
2452895|47580|607|1622|134469|1236|4243|1622|134469|1236|4243|3|3|2984|25|1198.75|35.96|1234.71|15.58|26.50|479.50|424.35|294.90|78.04
2452754|10859|115|7374|174701|3722|1496|7374|174701|3722|1496|3|3|2984|4|66.44|0.66|67.10|44.58|64.64|33.22|30.56|2.66|109.88
2452320|59871|1429|8634|143860|2126|3825|8634|143860|2126|3825|5|3|2985|4|0.56|0.04|0.60|21.06|1.48|0.51|0.03|0.02|22.58
2451936|23673|914|9550|35835|553|4431|9550|35835|553|4431|1|2|2986|29|2184.28|196.58|2380.86|61.80|638.00|873.71|104.84|1205.73|896.38
2451409|13160|208|6089|21004|912|1347|6089|21004|912|1347|1|2|2987|7|293.93|17.63|311.56|8.57|36.68|167.54|83.41|42.98|62.88
2451707|62540|65|8713|84918|6676|3281|8713|84918|6676|3281|5|1|2989|22|516.56|20.66|537.22|20.72|1009.58|36.15|4.80|475.61|1050.96
2451193|14363|316|2589|17150|5151|4785|2589|17150|5151|4785|2|1|2990|43|6666.29|533.30|7199.59|20.31|2318.56|6132.98|495.97|37.34|2872.17
2451208|25250|1408|3575|173996|6657|2551|3575|173996|6657|2551|1|1|2990|18|862.20|51.73|913.93|6.19|187.38|422.47|87.94|351.79|245.30
2451246|12888|145|4242|13114|3153|4185|4242|13114|3153|4185|4|3|2990|8|1397.28|83.83|1481.11|97.56|357.84|1173.71|134.14|89.43|539.23
2451080|38254|482|3079|22982|5525|3548|3079|22982|5525|3548|4|2|2991|21|0.00|0.00|0.00|37.95|170.52|0.00|0.00|0.00|208.47
2451237|32861|1429|966|103761|1276|3431|966|103761|1276|3431|4|1|2991|5|187.80|0.00|187.80|16.07|80.45|56.34|92.02|39.44|96.52
2451157|72880|1231|4315|21167|932|4017|4315|21167|932|4017|1|3|2991|15|582.45|0.00|582.45|13.46|522.15|448.48|26.79|107.18|535.61
2451024|47980|1682|7404|182239|5554|3382|7404|182239|5554|3382|2|2|2991|11|39.27|0.00|39.27|36.27|99.88|6.67|3.58|29.02|136.15
2451666|10852|1346|7749|177019|5329|2472|7749|177019|5329|2472|4|3|2993|35|1311.10|52.44|1363.54|43.57|936.60|996.43|119.57|195.10|1032.61
2451594|41323|1015|7009|154811|4293|1535|7009|154811|4293|1535|2|2|2993|37|1842.23|36.84|1879.07|66.33|578.68|1786.96|40.89|14.38|681.85
2451753|75520|1664|8242|90826|2210|2947|8242|90826|2210|2947|2|2|2993|8|542.64|16.27|558.91|12.68|271.28|347.28|121.12|74.24|300.23
2452570|11744|204|1439|164329|2226|2043|1439|164329|2226|2043|3|2|2996|16|110.08|6.60|116.68|86.27|8.00|63.84|40.69|5.55|100.87
2452539||1465|||6641|2010||||2010|1||2997|9|724.23|43.45||77.73||28.96||250.30|185.08
2451393|61388|265|7839|118552|4145|4498|7839|118552|4145|4498|4|1|2998|2|83.64|6.69|90.33|69.11|25.44|2.50|33.26|47.88|101.24
2451205|66017|1597|2838|101736|6954|3659|2838|101736|6954|3659|2|1|2999|18|796.86|31.87|828.73|57.58|764.28|0.00|87.65|709.21|853.73
2451244|77279|487|3401|60192|5256|7|3401|60192|5256|7|4|3|2999|15|1123.80|67.42|1191.22|10.99|235.20|663.04|234.98|225.78|313.61
2451140|5274|1010|4810|107891|1739|2627|4810|107891|1739|2627|2|3|2999|2|84.14|1.68|85.82|45.19|53.68|81.61|1.23|1.30|100.55
2451090|81978|1057|4695|25018|1101|3351|4695|25018|1101|3351|2|1|3000|9|39.06|0.00|39.06|65.74|117.36|16.40|14.04|8.62|183.10
2451757|61180|803|3950|77967|1984|3801|3950|77967|1984|3801|5|3|3001|26|2057.90|82.31|2140.21|76.67|164.58|1070.10|661.82|325.98|323.56
2451598|14678|1531|1591|114417|1356|1662|1591|114417|1356|1662|2|1|3001|22|2172.94|195.56|2368.50|49.96|851.40|847.44|768.79|556.71|1096.92
2452613||582|6258|87225||||87225||1359|||3002||5010.88|||78.04||4760.33|42.59|207.96|
2452663|45859|450|5645|37438|5711|3344|5645|37438|5711|3344|6|2|3002|50|3405.00|136.20|3541.20|86.45|951.50|102.15|1387.19|1915.66|1174.15
2452288|81887|1731|3765|87691|5570|4249|3765|87691|5570|4249|5|1|3004|25|355.00|14.20|369.20|44.06|428.00|319.50|27.33|8.17|486.26
2452781|20919|1201|3486|166329|6692|3295|3486|166329|6692|3295|6|3|3005|33|241.23|7.23|248.46|47.06|255.09|91.66|113.67|35.90|309.38
2452704|28673|1705|7189|169345|6941|3617|7189|169345|6941|3617|6|3|3005|1|30.20|1.81|32.01|69.28|60.40|10.26|6.18|13.76|131.49
2452906|31794|1569|1641|140696|4038|4413|1641|140696|4038|4413|3|2|3005|3|424.47|33.95|458.42|41.90|189.75|123.09|244.11|57.27|265.60
2452863||324||137995|3291||5499|137995||||3|3005||87.57|||67.19|1198.47||24.17||1265.66
2451935|35559|523|8330|60266|7115|3484|8330|60266|7115|3484|5|3|3006|69|115.23|8.06|123.29|13.27|577.53|48.39|17.37|49.47|598.86
2451875|53774|332|8584|101215|5733|2684|8584|101215|5733|2684|1|2|3006|38|2710.54|189.73|2900.27|97.17|1589.92|2466.59|204.91|39.04|1876.82
2452876|35255|447|1798|113194|2397|273|1798|113194|2397|273|6|3|3009|25|2790.25|195.31|2985.56|39.77|974.75|2176.39|331.48|282.38|1209.83
2451999|55101|1771|6892|48088|3571|4487|6892|48088|3571|4487|1|2|3011|9|240.48|12.02|252.50|41.41|92.52|113.02|126.18|1.28|145.95
2452024|68137|1220|4230|163687|5751|935|4230|163687|5751|935|2|1|3011|6|891.72|53.50|945.22|59.64|481.02|374.52|103.44|413.76|594.16
2452105|56385|607|7679|3975|7038|2094|7679|3975|7038|2094|5|1|3012|2|182.02|3.64|185.66|99.93|26.76|83.72|33.42|64.88|130.33
2452190|60133|1245|8131|41031|1564|2457|8131|41031|1564|2457|5|1|3013|2|229.70|4.59|234.29|54.85|119.70|34.45|103.48|91.77|179.14
2452509|23309|1182|5921|66937|3553|3369|5921|66937|3553|3369|1|2|3014|22|210.10|6.30|216.40|60.94|188.76|191.19|13.42|5.49|256.00
2451260|36823|502|6819|112906|113|407|6819|112906|113|407|2|1|3016|16|781.28|0.00|781.28|90.26|398.24|664.08|79.69|37.51|488.50
2451301|28602|242|1577|121744|3478|1205|1577|121744|3478|1205|2|1|3018|85|16155.95|484.67|16640.62|51.49|4738.75|484.67|3290.96|12380.32|5274.91
2451668|60526|961|448|29479|3710|3341|448|29479|3710|3341|1|3|3019|33|513.81|20.55|534.36|59.43|128.37|359.66|9.24|144.91|208.35
2451694|31052|313|21|82007|4793|4979|21|82007|4793|4979|2|3|3019|16|208.16|18.73|226.89|56.45|142.72|12.48|84.14|111.54|217.90
2451739|38991|838|7598|144989|1420|731|7598|144989|1420|731|1|2|3020|41|2705.18|27.05|2732.23|99.81|667.48|2245.29|32.19|427.70|794.34
2452357|29641|1521|226|155314|2755|2843|226|155314|2755|2843|3|3|3021|1|134.39|6.71|141.10|7.52|4.07|24.19|80.44|29.76|18.30
2451382|58699|1372|7127|139483|1726|3002|7127|139483|1726|3002|1|2|3022|47|2559.62|127.98|2687.60|15.74|3679.63|2559.62|0.00|0.00|3823.35
2451121|69549|1748|7046|110407|8|3089|7046|110407|8|3089|4|1|3025|1|59.86|0.59|60.45|52.65|11.97|58.66|0.84|0.36|65.21
2451054|67966|25|9958|52863|6008|3586|9958|52863|6008|3586|2|1|3025|8|40.64|2.84|43.48|36.89|15.60|18.28|13.86|8.50|55.33
2451149|57147|1460|3716|184824|1132|3640|3716|184824|1132|3640|2|2|3025|9|570.15|11.40|581.55|29.41|116.10|205.25|295.56|69.34|156.91
2451179|54475|1669|1303|88740|4737|2654|1303|88740|4737|2654|4|1|3025|19|34.58|0.00|34.58|47.15|18.43|19.71|9.66|5.21|65.58
2451168|36615|1598|3970|24589|6648|187|3970|24589|6648|187|2|3|3025|50|512.00|40.96|552.96|15.31|375.00|327.68|7.37|176.95|431.27
2451263|65809|1651|7124|37359|3834|36|7124|37359|3834|36|4|1|3028|15|296.10|23.68|319.78|87.81|438.15|35.53|164.15|96.42|549.64
|13070|11||94208|1653|||||2745|||3029|1|18.36||19.46||14.92||||43.08
2452459|35545|1607|3212|35644|4396|988|3212|35644|4396|988|3|1|3029|7|1236.27|24.72|1260.99|93.63|154.49|148.35|935.61|152.31|272.84
2451433||319|6395|123640|||6395|||||3|3030||||||||19.02||83.24
2451330|81940|1042|7442|186573|744|595|7442|186573|744|595|1|1|3030|19|51.49|2.05|53.54|4.47|180.50|3.60|37.83|10.06|187.02
2451363|68718|1171|7534|160304|7074|3844|7534|160304|7074|3844|4|2|3030|18|2199.06|43.98|2243.04|43.32|1671.12|967.58|923.61|307.87|1758.42
2452703|64408|1747|5082|148638|1987|3816|5082|148638|1987|3816|1|3|3032|50|800.00|24.00|824.00|97.97|424.50|264.00|273.36|262.64|546.47
2452545|59208|474|7653|60624|4315|2846|7653|60624|4315|2846|1|1|3032|22|1213.96|97.11|1311.07|53.44|959.42|910.47|218.51|84.98|1109.97
2452013|41978|1127|9428|59275|5122|3369|9428|59275|5122|3369|1|2|3033|58|2869.26|200.84|3070.10|91.30|2975.40|344.31|1060.47|1464.48|3267.54
2452368|58766|907|6575|45796|5497|5|6575|45796|5497|5|5|3|3034|4|454.32|22.71|477.03|24.85|363.44|336.19|107.49|10.64|411.00
2452497|9008|1207|1035|160055|6835|2735|1035|160055|6835|2735|3|2|3034|25|11.00|0.00|11.00|22.38|455.50|4.51|1.42|5.07|477.88
2452827|69501|894|4346|9954|4042|3490|4346|9954|4042|3490|3|1|3036|79|1445.70|0.00|1445.70|33.06|4698.92|708.39|663.57|73.74|4731.98
2452631|20621|1494|7536|168154|1525|896|7536|168154|1525|896|1|3|3036|1|63.44|4.44|67.88|22.47|21.39|19.03|9.32|35.09|48.30
2452753|83953|1663|6273|108283|6453|143|6273|108283|6453|143|6|2|3036|37|2678.43|214.27|2892.70|43.19|3601.95|1044.58|441.13|1192.72|3859.41
2452296|79011|1733|6120|97968|2823|2551|6120|97968|2823|2551|3|1|3037|41|232.88|2.32|235.20|3.36|58.22|34.93|102.93|95.02|63.90
2451626|38531|238|222||6899|4214||13224|||1|2|3039|22||146.64|3079.46|60.06|752.84||354.87||959.54
2451959|37324|505|7386|75011|5436|4461|7386|75011|5436|4461|2|3|3040|10|2702.30|135.11|2837.41|54.01|54.50|81.06|602.88|2018.36|243.62
2452070|48142|896|8625|57927|2782|3884|8625|57927|2782|3884|5|2|3040|15|1737.30|69.49|1806.79|13.23|434.25|990.26|119.52|627.52|516.97
2452094||409|8828|20539||1601||20539|10||5||3040|44|2365.00|165.55|2530.55|81.71|3153.48|496.65||280.26|3400.74
2452082|47587|173|1029|146608|5627|3773|1029|146608|5627|3773|3|3|3041|23|521.64|46.94|568.58|14.63|11.96|203.43|194.10|124.11|73.53
2451709|32405|1502|2415|112708|2808|3828|2415|112708|2808|3828|1|2|3043|67|1475.34|103.27|1578.61|51.84|224.45|708.16|46.03|721.15|379.56
2451298|74701|1100|4849|126494|4332|2297|4849|126494|4332|2297|1|3|3044|16|232.96|18.63|251.59|34.55|17.92|23.29|90.15|119.52|71.10
2452315|39530|437|6487|27803|8|1133|6487|27803|8|1133|1|2|3045|12|493.68|19.74|513.42|40.90|106.68|468.99|9.13|15.56|167.32
2452369|86128|67|1733|20570|1134|4458|1733|20570|1134|4458|5|2|3045|12|634.68|0.00|634.68|67.26|535.56|539.47|66.64|28.57|602.82
2451606|68793|1238|6627|6276|5|294|6627|6276|5|294|2|3|3046|8|512.24|35.85|548.09|40.80|79.36|143.42|62.69|306.13|156.01
2452160|60056|1731|2650|191028|5166|3271|2650|191028|5166|3271|5|2|3047|7|241.71|7.25|248.96|24.86|176.96|222.37|5.80|13.54|209.07
2452223|21821|297|7557|108615|7033|2171|7557|108615|7033|2171|1|1|3047|25|1204.00|36.12|1240.12|12.48|835.25|445.48|576.47|182.05|883.85
2452484|63166|1677|736|156067|5925|1743|736|156067|5925|1743|3|2|3048|7|207.41|0.00|207.41|34.41|199.71|168.00|26.79|12.62|234.12
2452346|49215|1081|354|132213|4232|771|354|132213|4232|771|5|2|3048|10|582.00|34.92|616.92|55.57|68.10|500.52|52.14|29.34|158.59
2451356|74162|1034|1568|161821|4667|3040|1568|161821|4667|3040|2|1|3050|48|6600.48|330.02|6930.50|5.78|1257.12|462.03|5524.60|613.85|1592.92
2451540|70039|619|7296|138204|632|500|7296|138204|632|500|1|2|3051|11|991.98|9.91|1001.89|98.86|108.46|89.27|839.52|63.19|217.23
2451535|59534|1414|4107|12293|1679|4865|4107|12293|1679|4865|2|1|3051|39|8750.04|700.00|9450.04|60.55|480.48|4200.01|3003.01|1547.02|1241.03
2451807|56416|938|8625|123246|2154|4695|8625|123246|2154|4695|1|2|3053|38|4566.46|91.32|4657.78|37.13|1401.06|2146.23|1790.97|629.26|1529.51
2452742|73900|1057|1330|123805|887|2042|1330|123805|887|2042|6|2|3054|59|633.66|19.00|652.66|22.22|1034.27|0.00|272.47|361.19|1075.49
2452741|19010|1374||74430|1234|||||4798|1||3054|24|966.24|77.29||77.67|467.52|||514.53|
|33519|403||||2833||||2833|3||3055|||||21.91|42.12|54.16|15.59|62.37|
2452804|29132|1650|3385|||1922||133335|2692|1922|1||3056||354.53|3.54|||125.29|272.98|||
2451526|73317|1483|4779|77688|3797|4306|4779|77688|3797|4306|1|1|3057|23|47.61|0.47|48.08|21.49|70.84|13.80|25.01|8.80|92.80
2452808|25201|789|8521|72024|3607|4503|8521|72024|3607|4503|3|2|3058|31|179.80|7.19|186.99|71.03|97.96|12.58|21.73|145.49|176.18
2451596|57343|1273|3179|101224|3462|3380|3179|101224|3462|3380|2|3|3059|10|1064.80|10.64|1075.44|41.91|760.50|362.03|84.33|618.44|813.05
2452426|58974|309|7953|34597|4121|4605|7953|34597|4121|4605|1|1|3060|13|149.24|5.96|155.20|60.75|158.60|20.89|100.11|28.24|225.31
2452033|22509|542|8710|178841|3005|376|8710|178841|3005|376|5|2|3061|9|0.00|0.00|0.00|18.86|231.75|0.00|0.00|0.00|250.61
2451674|54495|1508|3243|142329|1052|1168|3243|142329|1052|1168|2|3|3063|87|8106.66|486.39|8593.05|60.24|347.13|1945.59|3696.64|2464.43|893.76
2451282|48558|445|9090|22622|3467|1479|9090|22622|3467|1479|1|2|3064|83|629.97|18.89|648.86|57.17|179.28|18.89|281.09|329.99|255.34
2451433|76929|1376|73|51727|||73|51727|261|||1|3065|27||77.29|936.16||628.29|403.66||232.16|800.80
2452742|38892|1381|8264|83051|3118|4698|8264|83051|3118|4698|6|3|3066|1|5.40|0.10|5.50|98.05|0.33|4.37|0.58|0.45|98.48
2452913|46848|499|1659|13785|1861|3657|1659|13785|1861|3657|6|3|3066|16|614.88|30.74|645.62|23.26|699.84|36.89|283.21|294.78|753.84
2452092|45148|578|1634|52563|965|2407|1634|52563|965|2407|5|3|3068|18|1388.70|41.66|1430.36|22.63|0.00|860.99|58.04|469.67|64.29
2452641|38752|1617|3221|179023|2152|2194|3221|179023|2152|2194|1|2|3069|12|26.04|2.08|28.12|5.70|15.48|18.22|1.48|6.34|23.26
2452665|82785|1383|4636|101023|3297|251|4636|101023|3297|251|6|3|3069|4|521.48|31.28|552.76|4.89|21.04|328.53|82.96|109.99|57.21
2452472|58968|822|4213|69605|70|1022|4213|69605|70|1022|1|2|3073|7|1165.36|81.57|1246.93|56.74|327.74|198.11|706.09|261.16|466.05
2452609|56724|181|4833|74919|4765|2484|4833|74919|4765|2484|1|3|3075|7|369.46|14.77|384.23|51.97|187.46|103.44|234.09|31.93|254.20
2452382|56329|1015|5013|149759|5305|3251|5013|149759|5305|3251|6|3|3076|32|1278.40|89.48|1367.88|33.49|2352.00|1150.56|124.00|3.84|2474.97
2452456|45831|570|1750|26259|335|1404|1750|26259|335|1404|6|2|3076|26|228.80|18.30|247.10|37.56|317.20|194.48|29.85|4.47|373.06
2451372|75136|350|3981|102436|2411|826|3981|102436|2411|826|4|3|3077|1|168.46|10.10|178.56|36.05|60.31|99.39|15.88|53.19|106.46
2451086|30203|98|5364|84100|4803|3499|5364|84100|4803|3499|1|3|3078|26|1648.66|16.48|1665.14|61.31|3231.28|939.73|276.48|432.45|3309.07
2450939|37693|694|2144|96220|4569|2558|2144|96220|4569|2558|4|1|3078|53|306.87|15.34|322.21|70.01|1709.78|165.70|45.17|96.00|1795.13
2451128|51045|496|751|101478|3838|1605|751|101478|3838|1605|2|2|3078|5|162.75|1.62|164.37|60.15|9.30|117.18|13.21|32.36|71.07
2451129|47228|716|4683|500|1004|2341|4683|500|1004|2341|1|2|3078|28|1433.32|114.66|1547.98|77.21|564.20|472.99|460.95|499.38|756.07
2452561|81963|719|7358|43785|419|2526|7358|43785|419|2526|5|2|3079|1|110.97|2.21|113.18|96.34|12.33|8.87|49.00|53.10|110.88
2452460|67697|1117|4227|148863|2163|4583|4227|148863|2163|4583|5|2|3080|23|244.26|19.54|263.80|39.42|274.85|78.16|116.27|49.83|333.81
2452800|61803|723|2812|118294|4976|2258|2812|118294|4976|2258|6|3|3082|2|7.28|0.07|7.35|15.38|12.50|6.04|1.06|0.18|27.95
2452905|57019|1371|7000|25541|915|96|7000|25541|915|96|6|2|3082|62|2894.16|173.64|3067.80|69.57|1884.18|1476.02|411.26|1006.88|2127.39
2452814|50001|1452|5872|148115|3252|3549|5872|148115|3252|3549|6|1|3082|17|2319.48|139.16|2458.64|22.51|54.57|46.38|1159.28|1113.82|216.24
2452195|6567|435|8586|132185|6904|2863|8586|132185|6904|2863|5|2|3083|97|679.00|13.58|692.58|45.12|2347.40|441.35|99.81|137.84|2406.10
2452619|66251|921|5892|93727|1242|3317|5892|93727|1242|3317|1|3|3084|13|13.65|1.09|14.74|51.11|65.91|10.23|0.47|2.95|118.11
2452573|70024|235|7711|42993|6455|1877|7711|42993|6455|1877|3|2|3084|24|382.80|0.00|382.80|79.10|278.40|30.62|3.52|348.66|357.50
2451508|73773|1684|4631|8957|3970|1816|4631|8957|3970|1816|1|1|3086|6|296.40|23.71|320.11|68.90|305.16|165.98|6.52|123.90|397.77
2452811|5602|90|817|165459|3494|2056|817|165459|3494|2056|1|3|3087|15|2205.30|22.05|2227.35|53.21|715.95|0.00|2028.87|176.43|791.21
|83463|746|8840||1144|496|8840||1144||||3088|44|4658.72|279.52|4938.24|18.48||||1997.67|
2452442|78036|137|3383|17744|2025|4193|3383|17744|2025|4193|3|2|3089|23|34.96|1.74|36.70|46.27|367.31|4.89|6.91|23.16|415.32
2452264|61007|225|7354|174598|4209|460|7354|174598|4209|460|3|1|3089|13|2147.99|0.00|2147.99|67.82|1048.97|1997.63|40.59|109.77|1116.79
2451065|34933|784|6363|37539|2955|2298|6363|37539|2955|2298|1|1|3090|42|3449.88|275.99|3725.87|77.68|1645.14|2725.40|391.21|333.27|1998.81
2451327|72083|1336|4933|14675|1648|1054|4933|14675|1648|1054|1|2|3091|10|400.40|36.03|436.43|32.06|102.40|172.17|146.06|82.17|170.49
|66200|73||142605|6432|||142605|6432||||3091||73.18|2.19|75.37|51.13|60.98|||26.56|
2451273|65602|1564|8396|19894|6432|497|8396|19894|6432|497|4|2|3091|2|2.74|0.21|2.95|61.07|1.48|0.93|0.23|1.58|62.76
2452198|27295|247|1867|15856|4692|2881|1867|15856|4692|2881|5|3|3092|68|4614.48|323.01|4937.49|48.74|346.80|692.17|3098.62|823.69|718.55
2451565|50092|727|7741|145623|4465|1227|7741|145623|4465|1227|2|1|3093|45|580.05|40.60|620.65|37.67|463.95|580.05|0.00|0.00|542.22
2451464|32621|1201|4675|110316|2870|4391|4675|110316|2870|4391|4|1|3093|38|3253.18|292.78|3545.96|44.47|478.42|650.63|2550.49|52.06|815.67
2451484|65912|145|7299|39415|1738|2134|7299|39415|1738|2134|4|3|3093|25|1572.75|94.36|1667.11|99.92|335.75|802.10|585.69|184.96|530.03
2451420|75149|1705|7620|75495|5049|1250|7620|75495|5049|1250|2|2|3093|26|905.06|72.40|977.46|72.75|689.52|733.09|34.39|137.58|834.67
2452001|54100|1043|5792|187668|2744|2973|5792|187668|2744|2973|2|1|3094|4|491.32|29.47|520.79|10.61|120.20|461.84|10.90|18.58|160.28
2451846|7019|674|1689|91529|4616|856|1689|91529|4616|856|2|2|3095|8|196.80|9.84|206.64|43.57|30.24|78.72|23.61|94.47|83.65
2451099|67254|1132|1539|135085|1431|177|1539|135085|1431|177|2|3|3096|25|4517.25|180.69|4697.94|82.32|1505.75|903.45|72.27|3541.53|1768.76
2451677|54715|592|8773|89930|5247|3484|8773|89930|5247|3484|1|1|3097|36|4194.72|251.68|4446.40|15.49|92.16|503.36|959.75|2731.61|359.33
2452726|25909|1074|8499|66828|6997|446|8499|66828|6997|446|1|3|3098|9|2216.52|22.16|2238.68|44.53|957.15|975.26|1179.19|62.07|1023.84
2451747|73816|1325|539|163875|2571|940|539|163875|2571|940|1|3|3099|73|34.31|3.08|37.39|1.00|57.67|2.74|14.83|16.74|61.75
2451849|57431|521|5484|166515|6379|1850|5484|166515|6379|1850|5|3|3099|43|349.59|17.47|367.06|56.06|2856.49|10.48|237.37|101.74|2930.02
2451781|14844|967|4925|11589|60|3004|4925|11589|60|3004|2|3|3100|19|2013.43|60.40|2073.83|98.79|161.88|1127.52|513.82|372.09|321.07
2451852||1183||44357||365|||5941|365||2|3101||2229.20|||20.19||713.34|257.69|1258.17|
2451278|57262|1495|3932|88945|4118|4811|3932|88945|4118|4811|1|1|3102|2|302.34|12.09|314.43|2.12|125.42|108.84|178.02|15.48|139.63
2451261||745|4348|140635|||4348|140635|5929||2|2|3102|34|||||||128.73||
2451298|47425|22|1488|38795|3462|1402|1488|38795|3462|1402|1|1|3102|30|1402.20|0.00|1402.20|73.65|1487.10|1332.09|48.37|21.74|1560.75
2451467|72331|418|6877|102616|515|2334|6877|102616|515|2334|4|1|3103|41|2726.50|163.59|2890.09|5.79|888.88|327.18|743.78|1655.54|1058.26
2451535|68133|1730|8155|86441|407|2733|8155|86441|407|2733|1|3|3103|48|1306.56|13.06|1319.62|80.21|801.60|274.37|805.10|227.09|894.87
2452802|84406|1641|7666|150360|3854|4395|7666|150360|3854|4395|6|1|3104|6|619.08|49.52|668.60|48.27|271.74|61.90|440.17|117.01|369.53
2452112|72011|571|523|156628|6220|3845|523|156628|6220|3845|5|1|3105|6|1362.12|13.62|1375.74|51.68|157.68|1362.12|0.00|0.00|222.98
2452235|58750|539|1614|104526|765|1517|1614|104526|765|1517|2|3|3105|52|0.00|0.00|0.00|94.84|68.12|0.00|0.00|0.00|162.96
2452155|62127|1583|3956|150960|6924|1455|3956|150960|6924|1455|5|1|3105|8|318.80|25.50|344.30|52.02|274.32|162.58|23.43|132.79|351.84
2452289||1331||71703||2302|4560||2686|2302|||3106||28.44||29.29|31.55|41.71|23.03|0.81||
2452309|45814|1169|5193|112173|3473|4060|5193|112173|3473|4060|3|3|3106|7|110.11|2.20|112.31|44.09|38.43|9.90|33.06|67.15|84.72
2452438|6141|429|8920|2771|975|626|8920|2771|975|626|1|3|3109|5|571.25|17.13|588.38|66.80|413.65|119.96|356.51|94.78|497.58
2452380|77838|1111|7670|87985|6573|4848|7670|87985|6573|4848|6|2|3111|45|1854.90|92.74|1947.64|20.57|2014.20|1576.66|16.69|261.55|2127.51
2451295|71662|1567|939|17737|6342|620|939|17737|6342|620|1|1|3112|7|181.23|5.43|186.66|9.57|257.25|76.11|56.76|48.36|272.25
2452186|17491|147|3827|39854|474|3221|3827|39854|474|3221|3|3|3113|51|6517.80|195.53|6713.33|21.32|1975.23|5149.06|218.99|1149.75|2192.08
2452116|60258|271|9845|174|5656|3385|9845|174|5656|3385|1|3|3113|25|4116.75|247.00|4363.75|52.51|221.25|3952.08|69.16|95.51|520.76
2451925|58277|713|1326|128250|4247|1931|1326|128250|4247|1931|1|2|3114|27|3296.43|197.78|3494.21|68.79|509.76|1153.75|1692.71|449.97|776.33
2451304|51414|799|39|77507|3215|803|39|77507|3215|803|2|1|3115|30|843.30|75.89|919.19|1.32|386.10|640.90|18.21|184.19|463.31
2451193|83608|452|7259|87972|1325|958|7259|87972|1325|958|2|2|3115|4|124.28|6.21|130.49|58.56|43.00|19.88|1.04|103.36|107.77
2451171||1310||135582|2220|4651||||4651||2|3115|3||0.00|382.74||||113.21|219.78|156.95
2451926|80739|985|3356|153633|2950|500|3356|153633|2950|500|1|2|3116|32|259.84|15.59|275.43|4.43|132.48|226.06|12.16|21.62|152.50
2452681|82953|1495|6082|60084|2886|1841|6082|60084|2886|1841|1|3|3117|41|3765.44|263.58|4029.02|37.25|784.33|2974.69|751.21|39.54|1085.16
2452823|59206|1237|9576|157508|4047|4259|9576|157508|4047|4259|1|3|3117|11|703.45|21.10|724.55|97.66|478.72|576.82|89.90|36.73|597.48
2452788|46029|834|997|131376|5995|1494|997|131376|5995|1494|6|2|3117|1|0.19|0.01|0.20|96.17|2.25|0.01|0.09|0.09|98.43
2452905|26003|1291|6938|159257|5336|3335|6938|159257|5336|3335|6|1|3117|52|853.84|0.00|853.84|33.21|512.20|247.61|236.42|369.81|545.41
2451289|58578|1351|5928|91801|4587|3140|5928|91801|4587|3140|4|1|3118|73|4564.69|273.88|4838.57|80.13|789.86|91.29|2639.30|1834.10|1143.87
2451304|70940|55|1533|94961|3189|1170|1533|94961|3189|1170|4|1|3118|3|390.81|0.00|390.81|65.44|159.87|300.92|44.94|44.95|225.31
2451277|27120|1592|3777|138975|4380|3058|3777|138975|4380|3058|1|2|3118|22|148.50|7.42|155.92|39.09|85.14|16.33|99.12|33.05|131.65
2451539|15553|164|3495|33299|1343|2620|3495|33299|1343|2620|4|1|3119|18|3281.94|196.91|3478.85|11.48|708.48|1411.23|93.53|1777.18|916.87
2451671|46606|895|4488|20275|5935|35|4488|20275|5935|35|4|3|3119|93|10057.95|603.47|10661.42|47.40|810.96|5531.87|407.34|4118.74|1461.83
2450955|44808|1351|763|85696|4516|4169|763|85696|4516|4169|1|3|3120|65|769.60|23.08|792.68|57.37|423.15|430.97|152.38|186.25|503.60
2451534|27970|316|1974|179926|1478|630|1974|179926|1478|630|1|3|3121|4|15.32|0.00|15.32|52.18|69.04|5.97|5.42|3.93|121.22
2451686|45014|727|9827|183721|895|4829|9827|183721|895|4829|1|2|3121|21|447.72|4.47|452.19|74.76|189.00|223.86|152.22|71.64|268.23
2451757|68047|1309|7174|108909|2964|1259|7174|108909|2964|1259|1|2|3123|11|74.03|0.00|74.03|26.71|78.43|19.98|11.89|42.16|105.14
2452238|40799|1541|3739|36609|4952|1935|3739|36609|4952|1935|5|2|3125|6|196.56|13.75|210.31|67.93|49.14|167.07|2.94|26.55|130.82
2452264|65152|935|3136|148964|4472|4340|3136|148964|4472|4340|1|2|3125|1|59.34|2.37|61.71|31.71|0.92|58.15|1.02|0.17|35.00
2452192|31094|807|878|179336|2627|2125|878|179336|2627|2125|1|1|3125|47|2765.95|165.95|2931.90|71.98|668.81|1770.20|936.00|59.75|906.74
2451507|80851|1318|33|87740|6840|2020|33|87740|6840|2020|4|2|3126|5|627.70|6.27|633.97|63.79|353.50|12.55|565.93|49.22|423.56
2451395|17641|1552|3283|34964|1045|4126|3283|34964|1045|4126|4|2|3126|36|4251.96|42.51|4294.47|66.96|525.24|2381.09|785.76|1085.11|634.71
2451430|58861|1396|5888|118314|5413|3952|5888|118314|5413|3952|4|3|3126|23|34.27|2.39|36.66|50.47|1689.58|10.62|15.37|8.28|1742.44
||121|8743|166655|||||||||3127|74|||4824.62|57.78|||324.73||243.34
2451576|47495|991|2405|50080|3548|1343|2405|50080|3548|1343|2|3|3129|19|666.52|59.98|726.50|71.18|22.80|299.93|186.96|179.63|153.96
2452493|67599|61|1790|166741|6492|1443|1790|166741|6492|1443|1|2|3130|61|1497.55|59.90|1557.45|40.46|104.31|89.85|70.38|1337.32|204.67
2452557|67744|969|660|134646|759|865|660|134646|759|865|3|3|3130|32|5843.52|58.43|5901.95|45.91|552.64|701.22|2571.15|2571.15|656.98
2452288|3393|1703|9507|191476|3685|2974|9507|191476|3685|2974|5|3|3130|8|781.12|31.24|812.36|57.66|446.32|109.35|268.70|403.07|535.22
2451829|58769|175|9447|113399|5784|4376|9447|113399|5784|4376|2|2|3131|41|4193.89|125.81|4319.70|6.65|889.29|1803.37|2223.18|167.34|1021.75
2452549|35190|372|5122|69690|3265|3560|5122|69690|3265|3560|1|3|3132|68|8886.92|710.95|9597.87|59.55|670.48|8087.09|199.95|599.88|1440.98
2452586|55448|1470|4108|103693|5998|4390|4108|103693|5998|4390|6|1|3132|57|222.30|20.00|242.30|34.36|652.08|75.58|73.36|73.36|706.44
2452599|55757|1374|9897|26526|6082|1351|9897|26526|6082|1351|6|2|3133|44|3105.96|279.53|3385.49|56.16|555.72|776.49|465.89|1863.58|891.41
2452303|25664|783|3393|137762|1251|4180|3393|137762|1251|4180|1|2|3134|16|1448.96|43.46|1492.42|85.20|557.28|1086.72|97.80|264.44|685.94
2451264|39710|205|4367|107671|3888|425|4367|107671|3888|425|1|3|3135|39|315.90|9.47|325.37|52.56|157.95|173.74|44.06|98.10|219.98
2452312|53081|1157|8182|143206|7190|1094|8182|143206|7190|1094|5|3|3138|55|234.85|4.69|239.54|23.04|45.65|65.75|157.26|11.84|73.38
|75316|1537||||1022|2875|175884|||3||3138||257.04|2.57|||449.82||||514.09
2452104|24521|755|2266|56577|728|359|2266|56577|728|359|2|2|3141|27|198.72|1.98|200.70|10.70|86.94|79.48|62.00|57.24|99.62
2452004||1441|||5331||8860||||1|1|3141|||||99.99|121.08||0.00|0.00|221.07
2452011|82783|557|4726|129483|1360|1677|4726|129483|1360|1677|5|3|3141|9|469.26|37.54|506.80|1.63|26.64|253.40|125.19|90.67|65.81
2452147|35224|1669|6031|113615|123|4831|6031|113615|123|4831|1|1|3141|35|763.35|53.43|816.78|22.16|40.60|0.00|236.63|526.72|116.19
2452702|78137|1219|4097|49375|4926|1717|4097|49375|4926|1717|6|3|3142|20|1502.00|30.04|1532.04|67.98|1765.00|195.26|875.51|431.23|1863.02
2452721|40696|396|6955|69861|6720|2579|6955|69861|6720|2579|3|2|3142|4|0.00|0.00|0.00|50.22|81.52|0.00|0.00|0.00|131.74
2451766|52985|400|6527|69258|4102|513|6527|69258|4102|513|4|3|3144|47|2899.90|144.99|3044.89|82.10|0.00|1884.93|101.49|913.48|227.09
2452360|17866|217|3324|86005|766|2087|3324|86005|766|2087|1|2|3145|9|984.15|0.00|984.15|99.30|641.79|708.58|250.76|24.81|741.09
2452536|67311|489|1564|180704|5924|2904|1564|180704|5924|2904|6|1|3145|87|6224.85|311.24|6536.09|99.62|3678.36|4232.89|1235.01|756.95|4089.22
2451778|51013|1564|7152|77992|6639|2959|7152|77992|6639|2959|1|1|3146|55|5296.50|317.79|5614.29|82.49|3646.50|4607.95|110.16|578.39|4046.78
2452715|69580|859|4330|117148|5533|4511|4330|117148|5533|4511|1|1|3147|85|292.40|5.84|298.24|53.95|351.05|87.72|182.16|22.52|410.84
2452921|39395|972|6005|96846|6600|3874|6005|96846|6600|3874|6|1|3147|52|837.72|58.64|896.36|23.43|917.28|83.77|105.55|648.40|999.35
2452012|68571|170|7816|22405|6321|2550|7816|22405|6321|2550|2|3|3148|27|3819.15|305.53|4124.68|6.10|1198.80|3666.38|129.85|22.92|1510.43
2452027|74156|200|9893|170583|2346|149|9893|170583|2346|149|2|3|3148|22|2659.80|79.79|2739.59|27.95|1586.42|1675.67|511.74|472.39|1694.16
2451125|34272|64||70417|2906|||70417|||2||3149|28||243.58||76.73|||649.89|1591.11|
2452628|31878|858|9403|170134|4390|4486|9403|170134|4390|4486|3|1|3150|67|1413.03|70.65|1483.68|24.07|893.11|1342.37|15.54|55.12|987.83
2452191|25812|191|6822|5470|3718|2966|6822|5470|3718|2966|3|1|3152|15|973.05|9.73|982.78|57.67|437.85|788.17|61.01|123.87|505.25
2452249|18701|257|5121|62857|1393|2329|5121|62857|1393|2329|1|2|3152|10|8.10|0.72|8.82|68.04|0.30|4.45|1.31|2.34|69.06
2451694|25415|538|3395|185601|2894|3820|3395|185601|2894|3820|2|3|3157|34|2235.16|44.70|2279.86|83.41|708.56|558.79|1089.64|586.73|836.67
2452208|68796|255|5188|172833|4271|189|5188|172833|4271|189|3|3|3158|39|2559.96|102.39|2662.35|57.23|554.97|2150.36|61.44|348.16|714.59
2452777|34334|1215|2514|175303|3965|514|2514|175303|3965|514|3|1|3161|5|116.10|2.32|118.42|68.32|17.85|73.14|29.21|13.75|88.49
2452010|67731|805|6259|158829|4599|2369|6259|158829|4599|2369|2|3|3162|17|106.93|2.13|109.06|0.75|68.51|79.12|6.67|21.14|71.39
2452109|4689|833|2845|175120|2242|3117|2845|175120|2242|3117|2|1|3164|43|725.84|43.55|769.39|87.80|2581.29|689.54|19.60|16.70|2712.64
||1189|3531||6540|3268|||6540||||3165||146.64|0.00|||316.68||||402.21
2451319|15570|67|9639|48049|6699|429|9639|48049|6699|429|4|2|3165|58|703.54|28.14|731.68|54.83|546.94|323.62|18.99|360.93|629.91
2451883|78506|1495|2249|57622|1748|3521|2249|57622|1748|3521|2|3|3166|20|83.00|0.83|83.83|44.23|10.20|5.81|37.82|39.37|55.26
2451756|40499|1237|7554|47612|2357|4935|7554|47612|2357|4935|1|1|3166|42|94.50|8.50|103.00|6.77|236.46|86.94|3.25|4.31|251.73
2452754|80748|1471|3269|37658|447|1636|3269|37658|447|1636|3|1|3167|28|200.48|10.02|210.50|28.60|61.88|38.09|14.61|147.78|100.50
2452069|25408|1766|4356|149293|3590|7|4356|149293|3590|7|1|1|3168|3|514.71|0.00|514.71|84.57|89.28|200.73|87.91|226.07|173.85
2452323|81346|1167|6091|82135|5426|3670|6091|82135|5426|3670|3|2|3169|33|209.55|18.85|228.40|55.14|60.39|190.69|0.75|18.11|134.38
2452134|17409|1151|3272|71263|7014|3485|3272|71263|7014|3485|2|3|3171|30|2969.10|29.69|2998.79|86.76|636.00|1454.85|499.70|1014.55|752.45
2452140|35354|853|7292|59066|920|3734|7292|59066|920|3734|1|2|3172|34|123.76|2.47|126.23|65.47|14.28|61.88|4.95|56.93|82.22
||989|1138|24946|3041|4216|1138|24946|3041||3||3172||2953.28|265.79||80.32||||276.43|1242.61
2451620|77787|802|2742|108920|3305|4210|2742|108920|3305|4210|2|3|3173|8|151.76|1.51|153.27|18.13|242.88|39.45|103.32|8.99|262.52
2452623|34298|297|1957|173086|2742|558|1957|173086|2742|558|1|1|3175|41|101.27|0.00|101.27|90.32|912.25|42.53|25.25|33.49|1002.57
2452531|70730|1374|753|80436|1319|3249|753|80436|1319|3249|1|2|3175|43|4679.26|93.58|4772.84|73.01|3977.07|1731.32|619.06|2328.88|4143.66
2451980|46964|266|5491|161171|5091|2291|5491|161171|5091|2291|1|1|3177|1|162.46|14.62|177.08|90.48|51.18|48.73|35.25|78.48|156.28
2452056|78190|1712|8809|144509|2002|2022|8809|144509|2002|2022|5|3|3177|1|32.10|0.64|32.74|59.24|8.85|15.08|9.70|7.32|68.73
2451398|66181|1222|3770|90370|2250|4090|3770|90370|2250|4090|2|1|3179|64|678.40|20.35|698.75|46.21|233.60|495.23|144.70|38.47|300.16
2451529|81154|94|2725|29160|6075|4397|2725|29160|6075|4397|4|2|3181|42|803.88|24.11|827.99|84.50|618.24|305.47|129.58|368.83|726.85
2451734|22173|469|9435|167682|2856|3543|9435|167682|2856|3543|2|1|3181|20|2368.40|118.42|2486.82|64.95|78.80|1397.35|233.05|738.00|262.17
2452104|50201|197|3026|98626|1921|9|3026|98626|1921|9|1|3|3183|14|548.80|16.46|565.26|83.49|43.82|384.16|98.78|65.86|143.77
2452625|23753|267|6435|122375|6715|4008|6435|122375|6715|4008|6|2|3184|57|5063.31|253.16|5316.47|94.84|2411.10|2784.82|2027.85|250.64|2759.10
2451274|68988|1780|5264|67280|1343|1606|5264|67280|1343|1606|1|2|3185|32|889.28|80.03|969.31|59.03|619.84|53.35|167.18|668.75|758.90
2451320|35421|1096|||3190||9927|159295||845||1|3185||799.96||863.95|||||35.84|
2451206|21416|878|1198|91409|293|4217|1198|91409|293|4217|4|3|3185|14|2.94|0.11|3.05|59.39|137.34|0.14|2.35|0.45|196.84
2451131|18967|716|604|8169|2407|485|604|8169|2407|485|4|2|3186|13|538.33|16.14|554.47|51.34|399.49|527.56|4.09|6.68|466.97
2451250|47148|764|2228|67003|6625|2600|2228|67003|6625|2600|1|3|3186|2|3.64|0.29|3.93|63.35|4.64|3.38|0.11|0.15|68.28
2452349|36831|1519|6264|134607|1303|3199|6264|134607|1303|3199|5|1|3187|42|1995.84|79.83|2075.67|20.53|3512.88|1656.54|74.64|264.66|3613.24
2451695|60864|1700|2877|72600|1123|446|2877|72600|1123|446|1|1|3189|18|356.22|7.12|363.34|83.25|140.94|252.91|33.05|70.26|231.31
2451790|78782|1324|1798|108386|5934|2|1798|108386|5934|2|4|1|3189|60|92.40|3.69|96.09|1.62|833.40|57.28|15.45|19.67|838.71
2451409|52181|86|2325|163675|1392|4302|2325|163675|1392|4302|1|1|3190|30|3405.60|34.05|3439.65|69.09|189.00|0.00|851.40|2554.20|292.14
2451292|30522|1207|8398|168676|7034|1352|8398|168676|7034|1352|1|3|3190|13|197.47|5.92|203.39|97.41|103.87|116.50|22.67|58.30|207.20
2452047|24269|1430|7284|10612|1187|3515|7284|10612|1187|3515|5|1|3191|7|54.18|1.08|55.26|20.68|34.79|26.00|20.57|7.61|56.55
2452096|74288|1244|4240|34372|6151|130|4240|34372|6151|130|1|2|3191|2|7.22|0.64|7.86|64.16|40.92|6.71|0.42|0.09|105.72
2452207|70001|1703|33|166223|1500|610|33|166223|1500|610|3|2|3194|63|1941.66|135.91|2077.57|43.73|1664.46|1436.82|181.74|323.10|1844.10
2451160|51686|1634|3646|66720|1601|4555|3646|66720|1601|4555|4|1|3195|12|517.80|25.89|543.69|30.67|345.24|46.60|315.70|155.50|401.80
2451359|32474|568|3541|184864|3798|2892|3541|184864|3798|2892|2|2|3196|3|120.87|7.25|128.12|35.02|5.25|24.17|44.48|52.22|47.52
2451365|16545|946|7708|88572|4876|3460|7708|88572|4876|3460|2|2|3196|8|68.08|2.04|70.12|96.92|108.88|34.72|17.34|16.02|207.84
2451455|68863|1648|5195|124877|3952|2354|5195|124877|3952|2354|2|3|3196|11|48.07|1.44|49.51|9.25|128.37|38.45|5.67|3.95|139.06
2451274|34765|1318|4591|108840|3009|3865|4591|108840|3009|3865|2|1|3197|67|389.94|3.89|393.83|23.01|4876.26|308.05|9.00|72.89|4903.16
2451272|43824|1501|5600|147806|1692|3138|5600|147806|1692|3138|1|1|3197|32|4677.76|46.77|4724.53|93.29|2094.40|1356.55|199.27|3121.94|2234.46
2452155|69525|1199|2586|44224|3702|3860|2586|44224|3702|3860|2|2|3198|21|1950.48|117.02|2067.50|44.55|1311.45|1716.42|128.73|105.33|1473.02
2452002|71215|368|6569|91285|5314|2710|6569|91285|5314|2710|1|2|3201|27|117.45|9.39|126.84|88.93|79.38|78.69|12.01|26.75|177.70
2451807|69619|1778|3698|39683|6661|2966|3698|39683|6661|2966|5|2|3201|81|379.89|18.99|398.88|15.40|33.21|265.92|101.43|12.54|67.60
2451864|34291|530|||315|||||3708|5|2|3202||197.76|||13.37|||75.14|23.74|
2451092|85509|148|1594|1982|5890|1438|1594|1982|5890|1438|2|1|3203|23|0.00|0.00|0.00|5.18|46.00|0.00|0.00|0.00|51.18
2451181|13985|757|2231|133915|5919|4563|2231|133915|5919|4563|2|3|3203|9|234.81|4.69|239.50|60.30|186.57|211.32|2.58|20.91|251.56
2451224|42126|649|9561|79611|5981|2638|9561|79611|5981|2638|2|3|3203|7|410.41|32.83|443.24|4.86|250.53|299.59|97.52|13.30|288.22
2451043|41534|361|7479|47719|3686|1213|7479|47719|3686|1213|4|1|3203|7|856.03|34.24|890.27|83.10|25.90|479.37|263.66|113.00|143.24
2451004|61703|1064|3594|32134|4434|2901|3594|32134|4434|2901|2|3|3204|38|399.00|15.96|414.96|93.03|219.26|191.52|8.29|199.19|328.25
2451572|20530|427|700|100145|2230|2548|700|100145|2230|2548|4|1|3205|35|5828.55|116.57|5945.12|86.09|3053.05|4487.98|201.08|1139.49|3255.71
2451642|59616|344|957|170309|1821|900|957|170309|1821|900|2|2|3205|6|465.78|23.28|489.06|17.04|136.32|321.38|66.42|77.98|176.64
2451231|43952|307|1992|173551|1350|4582|1992|173551|1350|4582|4|2|3206|39|947.70|47.38|995.08|95.05|578.37|568.62|140.25|238.83|720.80
2452606|69154|859|1624|66832|3320|1368|1624|66832|3320|1368|6|2|3207|44|2486.88|49.73|2536.61|22.31|3108.60|2163.58|3.23|320.07|3180.64
2452424|58800|972|3076|67172|6308|677|3076|67172|6308|677|1|2|3208|7|141.33|11.30|152.63|40.52|63.42|111.65|13.35|16.33|115.24
|57362|1371|||||3823|177661|5339|497|||3208||||713.18|||405.53|20.55||357.07
2452541|17004|1698|6389|62362|4015|28|6389|62362|4015|28|3|3|3208|64|2472.96|173.10|2646.06|43.18|3029.12|2102.01|289.34|81.61|3245.40
2452360|11767|319|4073|154439|4085|2444|4073|154439|4085|2444|5|3|3210|4|7.00|0.28|7.28|42.11|14.00|2.73|4.09|0.18|56.39
2452254||225|5572|82696|4413||5572|82696||3210|1|2|3210|29|210.54|12.63||46.95|500.25||0.16||
2452490|50173|91|1383|101932|6961|950|1383|101932|6961|950|1|1|3211|31|128.03|2.56|130.59|2.27|1056.48|14.08|52.41|61.54|1061.31
2452500|6769|1777|8378|154660|1869|3591|8378|154660|1869|3591|3|3|3212|20|156.60|12.52|169.12|55.21|45.80|68.90|5.26|82.44|113.53
2452579|68006|141|6164|4861|4918|3295|6164|4861|4918|3295|1|1|3212|20|4038.00|0.00|4038.00|19.09|881.80|1817.10|310.92|1909.98|900.89
2452318|22242|1045|7446|92716|2979|4522|7446|92716|2979|4522|1|3|3213|20|391.00|11.73|402.73|33.59|608.20|375.36|12.19|3.45|653.52
2452308|59711|581|517|105563|3409|1055|517|105563|3409|1055|1|3|3213|64|3153.92|94.61|3248.53|91.15|1171.20|3090.84|20.18|42.90|1356.96
2451011|36417|235|8203|53422|6001|3500|8203|53422|6001|3500|1|3|3215|34|7700.32|462.01|8162.33|73.96|3614.54|3157.13|3271.09|1272.10|4150.51
2451138|67094|1693|11|132110|2849|4715|11|132110|2849|4715|4|1|3215|62|59.52|5.35|64.87|46.01|719.82|22.61|22.51|14.40|771.18
2451026|64522|1652|3159|65742|2678|1461|3159|65742|2678|1461|1|1|3215|7|255.92|10.23|266.15|43.68|111.02|122.84|107.79|25.29|164.93
2452098|33134|223|9234|132625|703|2861|9234|132625|703|2861|2|1|3216|61|1495.72|89.74|1585.46|22.30|679.54|1017.08|205.81|272.83|791.58
2452708|24973|1254|9792|185407|2269|4084|9792|185407|2269|4084|6|3|3217|14|385.14|7.70|392.84|20.26|667.52|192.57|136.72|55.85|695.48
2451691|70639|632|5210|67935|7060|3385|5210|67935|7060|3385|4|2|3218|2|20.88|0.62|21.50|52.10|12.60|8.97|5.12|6.79|65.32
2451722|36254|103|7384|146521|4698|4002|7384|146521|4698|4002|4|2|3218|10|257.30|10.29|267.59|42.91|132.30|182.68|27.60|47.02|185.50
2451683|31018|1126|4687|69105|803|2414|4687|69105|803|2414|1|2|3220|1|92.94|3.71|96.65|32.97|68.34|20.44|49.30|23.20|105.02
2451484|21796|1357|3025|157285|6985|4412|3025|157285|6985|4412|1|1|3221|4|12.28|0.00|12.28|35.23|27.36|8.22|0.16|3.90|62.59
2452597|1397|1327|8020|97183|6106|796|8020|97183|6106|796|3|2|3222|27|1255.23|25.10|1280.33|65.48|770.31|765.69|376.94|112.60|860.89
2452446|68777|1669|1686|187300|5121|4815|1686|187300|5121|4815|3|1|3222|66|2600.40|156.02|2756.42|84.69|341.88|1066.16|291.50|1242.74|582.59
2452531|73572|285|6976|19097|145|1106|6976|19097|145|1106|1|3|3222|10|351.80|7.03|358.83|3.02|215.00|151.27|134.35|66.18|225.05
2451981|14456|817|4913|108896|4846|1189|4913|108896|4846|1189|5|3|3223|16|759.68|53.17|812.85|29.59|216.96|243.09|506.25|10.34|299.72
2451489|67644|1750|9932|141787|2202|1537|9932|141787|2202|1537|2|3|3224|50|1360.00|81.60|1441.60|12.98|1074.00|1047.20|143.88|168.92|1168.58
2451299|17076|1372|9078|120254|5463|1319|9078|120254|5463|1319|2|3|3226|3|117.84|0.00|117.84|48.39|3.78|68.34|23.76|25.74|52.17
2451797|26542|479|6180|106681|7055|2316|6180|106681|7055|2316|5|3|3227|10|795.60|55.69|851.29|74.71|145.60|461.44|250.62|83.54|276.00
2451213|12643|439|5500|85041|789|3857|5500|85041|789|3857|2|1|3228|17|38.42|1.92|40.34|28.43|18.53|34.19|1.31|2.92|48.88
2452452|46167|1231|2773|99537|908|2152|2773|99537|908|2152|3|2|3229|30|1320.30|52.81|1373.11|78.73|962.70|356.48|19.27|944.55|1094.24
2452395|77632|1267|6845|114414|5056|185|6845|114414|5056|185|1|2|3230|13|705.90|14.11|720.01|5.51|811.72|268.24|188.19|249.47|831.34
2452310|48324|1389|5508|85753|3518|4323|5508|85753|3518|4323|1|1|3230|6|654.66|58.91|713.57|55.35|163.62|189.85|246.34|218.47|277.88
2452850|25633|1569|570|10587|4717|814|570|10587|4717|814|3|2|3231|4|0.00|0.00|0.00|92.53|60.24|0.00|0.00|0.00|152.77
2452894|28021|405|8157|124063|5969|4075|8157|124063|5969|4075|1|3|3231|2|88.38|5.30|93.68|37.82|11.84|65.40|10.57|12.41|54.96
2452943|41370|1183|1737|100492|6927|1275|1737|100492|6927|1275|6|1|3231|12|22.68|0.45|23.13|48.39|378.36|1.58|8.65|12.45|427.20
|46987|1202|7252|103641|3423|2132|7252|103641|3423|2132|2|1|3232|13|381.55|0.00||77.61||282.34|||357.89
2451493|71106|469|8872|69367|4469|91|8872|69367|4469|91|1|1|3233|34|180.54|10.83|191.37|47.76|120.36|169.70|0.32|10.52|178.95
2452119|66694|683|5409|100740|4184|348|5409|100740|4184|348|5|3|3234|45|2377.80|95.11|2472.91|5.93|61.65|214.00|1514.66|649.14|162.69
2452116|23226|1535|1249|192069|6522|2182|1249|192069|6522|2182|5|2|3234|12|1483.56|0.00|1483.56|10.04|49.44|534.08|778.57|170.91|59.48
2452102|8917|663|7494|167528|2522|2036|7494|167528|2522|2036|3|3|3235|53|3369.21|303.22|3672.43|10.61|2125.30|943.37|266.84|2159.00|2439.13
2451200|66490|566|2610|67996|4822|2328|2610|67996|4822|2328|1|3|3236|23|383.41|26.83|410.24|97.93|24.84|379.57|2.64|1.20|149.60
2451092|79051|247|1499|174108|5517|3926|1499|174108|5517|3926|2|2|3236|1|53.76|2.68|56.44|9.91|28.80|42.47|2.14|9.15|41.39
2451889|29057|869|986|172575|4291|1520|986|172575|4291|1520|2|3|3238|1|3.95|0.31|4.26|66.19|7.90|1.61|1.73|0.61|74.40
2452089|37340|1154|1798|62058|5085|4105|1798|62058|5085|4105|2|1|3238|56|3069.92|61.39|3131.31|53.39|1089.20|2425.23|593.11|51.58|1203.98
2452035|37393|757|3796|62833|4190|387|3796|62833|4190|387|2|1|3238|31|1245.89|12.45|1258.34|52.87|1107.63|112.13|963.69|170.07|1172.95
||800|6470|108814|518|695|6470|108814||695||1|3238||||1785.77||||1088.63||861.97
2452502||1339||||732|3682|83020||732||3|3239|29||81.86||91.19|2210.09|5403.03|||2383.14
2452215|68810|1035|8718|88261|3244|3860|8718|88261|3244|3860|5|2|3242|8|278.64|22.29|300.93|16.17|176.48|267.49|2.11|9.04|214.94
2452161|73185|781|9279|20309|5579|2329|9279|20309|5579|2329|5|3|3242|7|30.24|2.11|32.35|87.55|15.68|26.91|1.89|1.44|105.34
2452314|29068|1769|7746|81016|6286|3556|7746|81016|6286|3556|3|3|3242|5|46.05|0.46|46.51|64.49|9.20|23.48|4.51|18.06|74.15
2452793|33424|1485|1951|147646|2014|269|1951|147646|2014|269|6|3|3243|20|1443.40|43.30|1486.70|91.62|746.60|375.28|726.32|341.80|881.52
||777|||7154||4678|130876||592|||3243|9|489.33|||85.87|80.28||23.49||
2452947|68749|853|1295|178615|5102|1182|1295|178615|5102|1182|6|1|3243|24|1667.76|83.38|1751.14|59.96|254.88|150.09|303.53|1214.14|398.22
||1513|1225|191956|207||||||||3244|18|240.66|||||||112.45|
||626|9948|23060|4205|||23060|||||3246|12||1.04||86.05|146.52|9.67|10.22||
2451244|15470|982|9508|139643|2771|579|9508|139643|2771|579|2|1|3246|36|8368.92|0.00|8368.92|90.36|3537.36|3933.39|842.75|3592.78|3627.72
2452422|66797|519|3503||6176||3503||6176||3|3|3247|6||10.28||73.37|75.36|329.24|2.74||159.01
2452150|62198|209|9469|141778|6327|2803|9469|141778|6327|2803|5|3|3248|27|963.90|19.27|983.17|100.00|706.86|510.86|203.86|249.18|826.13
2452309|36122|331|1332|23265|398|931|1332|23265|398|931|3|1|3251|72|72.00|0.00|72.00|54.41|116.64|66.24|0.51|5.25|171.05
2452140|49612|1761|3150|171669|3261|3140|3150|171669|3261|3140|5|1|3252|49|465.99|32.61|498.60|36.91|203.84|214.35|70.45|181.19|273.36
2452031||1235|7391||5202|2131||78113||||2|3252|17|1878.33|0.00|1878.33|4.68|823.82|225.39|1570.29||
2451420|11341|1309|1852|17246|833|147|1852|17246|833|147|1|2|3255|34|3924.62|39.24|3963.86|22.98|1798.60|1805.32|487.43|1631.87|1860.82
2451387|26460|112|4237|103904|5604|511|4237|103904|5604|511|1|1|3255|8|37.68|1.50|39.18|6.60|16.24|13.56|8.92|15.20|24.34
2451939|82116|1045|1146|54673|4713|1273|1146|54673|4713|1273|1|1|3256|21|375.06|22.50|397.56|46.63|431.34|318.80|18.56|37.70|500.47
2451654|77546|913|6740|163953|3566|3379|6740|163953|3566|3379|1|3|3257|8|794.08|7.94|802.02|42.10|269.36|412.92|289.68|91.48|319.40
2451614|80395|254|6181|179408|5915|1582|6181|179408|5915|1582|1|3|3257|1|43.93|0.87|44.80|56.94|19.97|30.75|10.93|2.25|77.78
2451070||145|6644||||||||2||3258|77|125.51|3.76|129.27|40.91|90.09|||0.00|
2452551|62242|519|4977|166726||4930|4977||||1||3259||746.98|67.22||10.83|339.56|268.91|||
2452129|25580|1573|8870|143621|1652|643|8870|143621|1652|643|3|1|3260|70|446.60|4.46|451.06|36.28|917.70|415.33|16.88|14.39|958.44
2451986|81804|902|4070|148534|5845|1556|4070|148534|5845|1556|1|1|3261|13|555.23|22.20|577.43|39.04|177.19|521.91|3.33|29.99|238.43
2451234|12412|200|7729|17180|4829|1278|7729|17180|4829|1278|1|1|3262|20|201.20|6.03|207.23|99.24|114.80|10.06|21.02|170.12|220.07
2451618|65223|946|9638|25935|3752|809|9638|25935|3752|809|1|1|3263|60|1468.20|14.68|1482.88|68.39|46.20|675.37|681.83|111.00|129.27
2451681|73726|278|2005|132722|3839|3556|2005|132722|3839|3556|4|3|3263|2|98.86|2.96|101.82|86.93|114.96|71.17|22.42|5.27|204.85
2451525|66484|1399|7553|115133|4186|4479|7553|115133|4186|4479|2|2|3263|51|4370.70|0.00|4370.70|8.39|1420.35|262.24|2999.17|1109.29|1428.74
2451639|74510|487|3264|116456|6495|4734|3264|116456|6495|4734|1|1|3264|49|407.19|36.64|443.83|32.67|271.46|191.37|192.07|23.75|340.77
2451742|48329|1010|389|152370|5598|179|389|152370|5598|179|4|3|3264|2|26.28|1.57|27.85|33.25|14.76|6.83|11.08|8.37|49.58
2452377|66090|985|4944|19378|3412|1999|4944|19378|3412|1999|1|1|3268|50|2280.50|91.22|2371.72|88.42|1481.00|615.73|649.26|1015.51|1660.64
2451206|19383|404||153582|795|2328|||795|2328||3|3269||493.56||537.98|23.23||345.49|112.53|35.54|
2452448|65519|307|1546|42668|594|200|1546|42668|594|200|6|1|3271|28|2080.96|187.28|2268.24|95.27|416.08|1685.57|272.81|122.58|698.63
2451830|67488|560|2747|43066|5785|2057|2747|43066|5785|2057|1|3|3272|51|7454.67|74.54|7529.21|49.19|691.56|7305.57|89.46|59.64|815.29
2452009|7221|755|7248||1370|2831|||||||3274||6.32|0.31|||50.62|1.32|0.60||131.06
2452725|31011|216|7727|6726|1772|1371|7727|6726|1772|1371|1|1|3275|30|4526.10|90.52|4616.62|70.91|1740.90|1810.44|1412.14|1303.52|1902.33
2452725|58419|445|9647|156801|6308|662|9647|156801|6308|662|3|1|3276|18|646.92|38.81|685.73|7.11|164.16|368.74|89.01|189.17|210.08
2452721|22332|781|6101|160707|3516|4325|6101|160707|3516|4325|3|1|3276|24|516.00|0.00|516.00|25.28|15.12|247.68|225.38|42.94|40.40
2452809|20761|654|3609|93442|1868|2621|3609|93442|1868|2621|6|3|3276|5|47.95|2.39|50.34|83.29|28.20|36.44|3.56|7.95|113.88
2452692||481||80342|1616|1130|1788||||3||3276||355.50|3.55|||||1.42||
2452144|24940|1076|4551|73834|2957|3007|4551|73834|2957|3007|2|1|3277|3|516.75|31.00|547.75|35.87|119.25|227.37|130.22|159.16|186.12
2452029|64240|1100|5554|48481|3568|2175|5554|48481|3568|2175|5|3|3277|28|2197.16|65.91|2263.07|84.52|869.12|1713.78|454.37|29.01|1019.55
2452063|43610|1099|788|30368|775|295|788|30368|775|295|5|3|3277|37|3827.28|153.09|3980.37|81.37|573.87|1760.54|227.34|1839.40|808.33
2451577|49276|1399|4644|85937|1534|1218|4644|85937|1534|1218|2|2|3278|55|4088.15|204.40|4292.55|38.52|212.30|2861.70|1189.65|36.80|455.22
2451289|64475|361|2026|90614|6082|4510|2026|90614|6082|4510|2|2|3279|11|78.87|0.00|78.87|67.52|276.32|59.94|3.97|14.96|343.84
2451838|39858|145|1048|10687|5206|1638|1048|10687|5206|1638|1|1|3280|12|924.72|9.24|933.96|83.01|462.36|776.76|68.06|79.90|554.61
2452052|20247|301|8439|6739|6366|706|8439|6739|6366|706|2|2|3281|14|43.68|0.43|44.11|29.00|765.80|22.27|9.84|11.57|795.23
2452125|58666|8|4572|68682|679|3709|4572|68682|679|3709|1|3|3281|12|304.32|6.08|310.40|8.87|502.80|273.88|9.74|20.70|517.75
2451748|33128|40|1999|186598|317|1476|1999|186598|317|1476|4|2|3282|2|391.26|19.56|410.82|45.63|260.84|35.21|167.34|188.71|326.03
2451572|70545|544|5025|115997|5656|2548|5025|115997|5656|2548|4|2|3282|9|24.39|1.70|26.09|95.36|131.22|2.43|18.66|3.30|228.28
2452640|40792|588|2|117339|6676|1813|2|117339|6676|1813|3|1|3283|55|3240.60|194.43|3435.03|80.60|2570.15|324.06|2391.56|524.98|2845.18
2452675|68055|1551|4380|32191|722|93|4380|32191|722|93|1|1|3283|89|1917.06|0.00|1917.06|15.25|742.26|191.70|310.56|1414.80|757.51
2452650|52944|1495|1987|184814|5481|2828|1987|184814|5481|2828|6|2|3285|4|9.84|0.09|9.93|38.32|8.08|2.95|3.65|3.24|46.49
2452281|60820|1379|1975|86092|3056|3973|1975|86092|3056|3973|1|3|3286|7|234.22|11.71|245.93|5.64|223.02|67.92|34.92|131.38|240.37
2452441|24457|51|7926|88882|2285|3088|7926|88882|2285|3088|1|2|3286|71|997.55|9.97|1007.52|30.26|3991.62|99.75|296.27|601.53|4031.85
2451320|34710|218|2044|68459|394|4769|2044|68459|394|4769|2|1|3287|61|841.19|25.23|866.42|45.33|1130.94|689.77|77.22|74.20|1201.50
2451195|39569|718|4596|133898|6960|4942|4596|133898|6960|4942|2|1|3287|43|2579.14|25.79|2604.93|98.29|368.08|2295.43|226.96|56.75|492.16
|69745|176|||6468|2029||128554||2029|2||3288||3403.80||||||655.23|195.72|883.06
||329|6039|||4581|6039||5718|||1|3288||||6219.21||3350.60|2909.90||2711.93|
2451606|80820|976|3256|165742|2501|100|3256|165742|2501|100|1|3|3289|5|596.60|17.89|614.49|7.29|86.45|250.57|235.30|110.73|111.63
2451593|22679|445|1682|63949|3863|4377|1682|63949|3863|4377|4|1|3289|22|162.80|0.00|162.80|88.81|561.00|161.17|1.10|0.53|649.81
2451566|77018|1696|9166|91127|6321|2722|9166|91127|6321|2722|1|1|3290|21|1578.15|78.90|1657.05|21.99|507.15|236.72|764.61|576.82|608.04
2451677|16676|853|5538|86513|5041|2416|5538|86513|5041|2416|2|2|3291|9|825.30|41.26|866.56|94.45|463.50|412.65|226.95|185.70|599.21
2451566|71898|1400|6885|5914|4190|4019|6885|5914|4190|4019|4|3|3293|2|80.08|0.00|80.08|55.19|28.94|56.05|19.22|4.81|84.13
2451468|29514|932|9263|177551|5999|3214|9263|177551|5999|3214|2|2|3293|20|681.00|34.05|715.05|10.46|49.80|217.92|319.52|143.56|94.31
2451931|70507|1592|8363|36268|1486|3871|8363|36268|1486|3871|2|1|3294|53|728.22|7.28|735.50|51.92|409.69|597.14|69.47|61.61|468.89
2452689|22014|1011|3186|4878|137|2589|3186|4878|137|2589|3|2|3295|55|447.70|26.86|474.56|29.27|3135.55|416.36|16.61|14.73|3191.68
||907|8469|15615||||||1147|||3296|3|||350.51||||||
2451835||226|5647|128459||1876||128459|6184||1|2|3296||||||51.81|69.85|||145.26
2452689|36926|1071|3433|17660|2287|2514|3433|17660|2287|2514|1|1|3297|12|780.96|54.66|835.62|85.02|244.56|413.90|150.49|216.57|384.24
2452583|45413|1521|585|10798|3891|3944|585|10798|3891|3944|3|2|3297|2|141.28|7.06|148.34|77.38|85.22|60.75|70.06|10.47|169.66
2452742|24911|291|7401|157596|7071|506|7401|157596|7071|506|3|1|3298|26|219.44|6.58|226.02|99.67|219.44|50.47|38.86|130.11|325.69
2451233|70302|298|2028|149646|2384|1962|2028|149646|2384|1962|2|2|3299|38|1135.06|34.05|1169.11|53.93|1186.74|510.77|318.38|305.91|1274.72
2452561|49572|151|2433|93146|5412|3078|2433|93146|5412|3078|5|2|3301|12|157.20|0.00|157.20|13.04|42.36|77.02|33.67|46.51|55.40
2452526|74169|1137|2339|97766|2303|1407|2339|97766|2303|1407|5|2|3301|21|1824.06|18.24|1842.30|76.76|43.89|310.09|15.13|1498.84|138.89
2452427||1347|8528|144575|1869||8528|144575|||1||3301|12|568.44|||17.36|160.08||131.99|112.44|222.91
2452775|51999|528|2833|5656|2286|2989|2833|5656|2286|2989|6|2|3302|24|112.32|6.73|119.05|93.44|312.24|10.10|87.90|14.32|412.41
2452858|68660|1449|4036|37047|4891|1342|4036|37047|4891|1342|3|3|3302|16|216.64|10.83|227.47|50.54|228.64|136.48|3.20|76.96|290.01
2451414|61655|1435|9416|10558|4500|1642|9416|10558|4500|1642|4|2|3303|57|2220.15|22.20|2242.35|95.55|1421.01|932.46|1081.65|206.04|1538.76
2451419|67075|1072|4128|181186|964|3182|4128|181186|964|3182|4|2|3303|8|155.76|9.34|165.10|52.77|436.24|82.55|20.49|52.72|498.35
2451282|70391|932|2807|107343|599|1248|2807|107343|599|1248|1|1|3303|24|3371.76|303.45|3675.21|75.99|1348.56|2393.94|899.59|78.23|1728.00
2451335|40536|1321||21433|3505||2161|21433||577|||3303|31|||212.01|||131.73|||1216.08
2451427|76474|1196|359|32153|2874|1508|359|32153|2874|1508|4|1|3303|3|83.61|0.00|83.61|5.70|10.56|81.93|1.52|0.16|16.26
2452294|39720|1751|2343|27149|6035|2281|2343|27149|6035|2281|5|3|3304|22|1279.96|102.39|1382.35|43.63|771.98|985.56|132.48|161.92|918.00
2452406|69319|1053|292|105346|4800|901|292|105346|4800|901|6|2|3305|16|1257.92|100.63|1358.55|70.17|789.92|301.90|745.69|210.33|960.72
2452450|43835|1121|458|650|6875|1707|458|650|6875|1707|3|3|3307|11|481.36|38.50|519.86|20.45|272.69|110.71|177.91|192.74|331.64
2452437|56097|349|1162|118784|4213|4362|1162|118784|4213|4362|3|1|3307|15|1317.75|0.00|1317.75|75.67|217.05|764.29|154.96|398.50|292.72
2451758|67320|1408|1119|69204|1896|2061|1119|69204|1896|2061|4|1|3309|12|1071.96|75.03|1146.99|90.07|714.60|739.65|6.64|325.67|879.70
2452748|68056|1359|688|25691|1894|1144|688|25691|1894|1144|6|3|3311|19|137.18|1.37|138.55|14.18|33.63|16.46|54.32|66.40|49.18
2452603|32158|223|4872|156861|7010|3679|4872|156861|7010|3679|1|3|3312|14|756.00|7.56|763.56|57.36|371.42|393.12|112.49|250.39|436.34
2452072|22041|1217|3269|5149|116|916|3269|5149|116|916|5|2|3313|19|22.99|1.60|24.59|87.44|72.01|12.18|5.40|5.41|161.05
2452162|58566|410|3244|30053|2415|4024|3244|30053|2415|4024|2|1|3313|1|33.32|2.99|36.31|6.64|14.81|24.99|3.74|4.59|24.44
2451159||1520|5997|38609||||38609|||||3314|22|857.34|25.72|883.06|36.98|||||390.06
2452056|77846|271|8613|118924|6595|4833|8613|118924|6595|4833|3|1|3315|5|1.80|0.10|1.90|13.21|9.20|0.64|0.96|0.20|22.51
2452008|48816|883|1541|149993|718|2483|1541|149993|718|2483|5|2|3315|28|1328.32|66.41|1394.73|45.79|0.00|810.27|435.16|82.89|112.20
2451618|75395|505|4946|67669|2839|3609|4946|67669|2839|3609|4|3|3316|36|117.00|2.34|119.34|5.56|279.00|25.74|39.24|52.02|286.90
2452916|40184|1305|9900|183471|5282|773|9900|183471|5282|773|3|2|3318|32|1796.16|0.00|1796.16|89.38|363.52|449.04|619.67|727.45|452.90
|42779|973||27751|||7924||3305|||1|3318|50||302.60|||667.50|2193.85|444.82|1143.83|
2452082|78358|1706|9254|182721|4141|4208|9254|182721|4141|4208|2|1|3319|1|8.79|0.08|8.87|42.95|15.83|6.94|0.48|1.37|58.86
2451304|34909|1306|1331|154780|7109|4398|1331|154780|7109|4398|4|3|3320|47|642.49|32.12|674.61|92.85|420.18|160.62|173.47|308.40|545.15
2451942|31878|1136|6366|22410|6247|811|6366|22410|6247|811|1|2|3321|62|184.76|1.84|186.60|82.57|77.50|49.88|99.81|35.07|161.91
2452813|43881|1275|2471|101454|6277|3580|2471|101454|6277|3580|3|1|3322|12|2011.80|160.94|2172.74|1.22|792.48|100.59|1070.27|840.94|954.64
2452820|57960|372|6580|127701|5062|4703|6580|127701|5062|4703|3|3|3322|40|3742.40|37.42|3779.82|67.77|336.40|0.00|2806.80|935.60|441.59
2452736|22673|1725|2340|28688|2691|581|2340|28688|2691|581|3|2|3322|25|2043.75|102.18|2145.93|62.03|955.50|102.18|232.98|1708.59|1119.71
2451950|14924|1367|2354|70883|4259|2035|2354|70883|4259|2035|5|2|3323|63|1870.47|168.34|2038.81|72.23|1151.01|1758.24|80.80|31.43|1391.58
2451798||919|542|179728||1573|542|179728|4147|1573|||3323|3|667.92|20.03||42.42|129.03|380.71||235.52|
2452232||829||||2947|||5341||||3325||915.95||943.42||193.48||14.65||
2452426|63267|791|8313|95856|4966|3869|8313|95856|4966|3869|1|3|3325|35|584.85|29.24|614.09|44.79|847.00|40.93|473.21|70.71|921.03
2452263|49581|819|2561|53192|4143|2534|2561|53192|4143|2534|1|1|3325|15|28.35|2.55|30.90|2.56|85.05|5.38|17.22|5.75|90.16
2451834|74397|1768|2941|10674|5607|4893|2941|10674|5607|4893|1|3|3326|22|2647.26|52.94|2700.20|75.43|1193.94|1720.71|305.76|620.79|1322.31
2452438|641|1219|2980|82139|2545|3351|2980|82139|2545|3351|1|2|3327|15|98.25|3.93|102.18|66.54|29.40|18.66|15.12|64.47|99.87
2452485|79403|201|1142|173169|1483|3277|1142|173169|1483|3277|1|2|3328|7|233.03|20.97|254.00|77.46|127.61|67.57|49.63|115.83|226.04
2452304|26559|1589|3623|94575|1447|2159|3623|94575|1447|2159|3|1|3328|7|91.63|0.91|92.54|75.82|143.99|33.90|34.06|23.67|220.72
2452929|67647|895|4121|155230|866|4215|4121|155230|866|4215|1|3|3329|16|1031.04|30.93|1061.97|53.81|1103.04|618.62|263.94|148.48|1187.78
2452733|25957|1341|2017|109355|933|3191|2017|109355|933|3191|1|3|3329|78|1789.32|107.35|1896.67|97.33|2411.76|411.54|454.66|923.12|2616.44
||275||||190|8059|117305||||1|3330||5401.55|108.03|5509.58|56.77|1662.10||0.00|0.00|
2452286|44341|1775|6885|76379|2113|2127|6885|76379|2113|2127|1|1|3330|69|5106.00|153.18|5259.18|62.01|1384.83|3114.66|776.62|1214.72|1600.02
2452946|47549|1771|5096|155717|545|893|5096|155717|545|893|6|2|3331|7|605.43|54.48|659.91|75.45|209.51|151.35|313.31|140.77|339.44
2452845|46413|457|9605|43563|1808|1133|9605|43563|1808|1133|3|1|3331|31|2856.65|142.83|2999.48|9.64|1028.27|399.93|49.13|2407.59|1180.74
2452649|57105|30|3344|96215|5519|1783|3344|96215|5519|1783|6|2|3331|58|2146.58|171.72|2318.30|21.52|1321.24|665.43|740.57|740.58|1514.48
2452718|48511|49|3649|105245|1161|2317|3649|105245|1161|2317|3|2|3331|16|241.28|0.00|241.28|32.07|271.52|205.08|10.13|26.07|303.59
2451671|76337|1067|4391|38218|6718|2505|4391|38218|6718|2505|2|3|3332|16|397.60|27.83|425.43|59.63|194.72|282.29|64.57|50.74|282.18
2451407|52275|1294|43|35428|960|3012|43|35428|960|3012|1|3|3333|20|1377.00|68.85|1445.85|2.05|1063.00|275.40|473.68|627.92|1133.90
2451517|68422|908|2034|120131|5428|2525|2034|120131|5428|2525|1|1|3333|22|298.76|17.92|316.68|82.66|28.60|194.19|57.51|47.06|129.18
2451648|61837|1387|2161|36813|6872|851|2161|36813|6872|851|4|3|3334|1|22.50|0.22|22.72|53.30|2.66|9.22|1.19|12.09|56.18
2451655|58797|148|3169|133881|833|3265|3169|133881|833|3265|1|1|3334|13|163.02|13.04|176.06|75.83|105.04|102.70|53.68|6.64|193.91
2451494|48910|1190|7958|76427|7169|1798|7958|76427|7169|1798|1|1|3334|22|3369.52|101.08|3470.60|23.83|1376.32|2864.09|459.94|45.49|1501.23
2451312|61396|1471|3512|28729|3866|1643|3512|28729|3866|1643|4|3|3335|13|2857.01|257.13|3114.14|79.73|1327.43|914.24|1612.49|330.28|1664.29
2451644|36450|1744|5723|89319|4308|3424|5723|89319|4308|3424|4|2|3336|24|1575.84|0.00|1575.84|17.70|1013.04|913.98|403.73|258.13|1030.74
2451815|41771|50|221|88310|5519|4521|221|88310|5519|4521|2|2|3336|24|2373.60|71.20|2444.80|49.36|1528.56|1329.21|31.33|1013.06|1649.12
2451735|70029|1312|7585|15626|5234|3835|7585|15626|5234|3835|1|3|3336|1|55.31|2.21|57.52|18.52|6.50|35.39|19.52|0.40|27.23
2452483|74092|1605|5277|50034|5031|108|5277|50034|5031|108|5|3|3338|13|1005.68|0.00|1005.68|46.10|247.78|251.42|196.10|558.16|293.88
2451513|44731|619|7680|35693|346|1079|7680|35693|346|1079|1|3|3340|4|146.36|1.46|147.82|39.29|193.44|89.27|52.52|4.57|234.19
2451435|63092|1576|3169|2161|5826|1978|3169|2161|5826|1978|1|1|3340|1|90.92|2.72|93.64|93.01|36.36|50.91|6.40|33.61|132.09
2451400|5673|784|4110|2054|2329|644|4110|2054|2329|644|2|3|3340|30|1104.30|33.12|1137.42|94.91|463.80|44.17|328.64|731.49|591.83
2452387|34318|93|3616|32488|7040|552|3616|32488|7040|552|5|1|3341|15|276.75|0.00|276.75|43.76|141.75|33.21|46.27|197.27|185.51
2452117|74567|1629|3307|558|5522|1606|3307|558|5522|1606|5|3|3341|2|103.08|4.12|107.20|11.36|34.36|55.66|18.49|28.93|49.84
2452433|70917|607|5962|172434|4859|1331|5962|172434|4859|1331|1|2|3342|30|2273.10|45.46|2318.56|47.88|1092.90|591.00|285.95|1396.15|1186.24
2452271|79218|1573|7523|67782|6761|4180|7523|67782|6761|4180|1|1|3342|22|937.86|37.51|975.37|44.13|535.92|487.68|310.62|139.56|617.56
2452340|31516|181|5816|187718|3460|1082|5816|187718|3460|1082|3|1|3342|10|1143.30|102.89|1246.19|93.91|543.70|114.33|72.02|956.95|740.50
2452475||753|4816|||2050|4816|||2050|||3342|||29.16|758.24||83.16|102.07|238.26||118.34
2452478|27374|1105|3740|149782|577|1219|3740|149782|577|1219|5|1|3342|15|543.90|10.87|554.77|36.31|312.00|255.63|282.50|5.77|359.18
2451343|23983|1354|8325|85525|6829|3053|8325|85525|6829|3053|1|2|3343|35|1295.70|103.65|1399.35|19.40|0.00|945.86|48.97|300.87|123.05
2451452|64389|709|232|44561|3850|3059|232|44561|3850|3059|4|3|3343|22|309.10|15.45|324.55|65.04|255.42|98.91|172.35|37.84|335.91
2451286|73074|1472|2371|97811|3411|131|2371|97811|3411|131|2|2|3344|55|6554.90|524.39|7079.29|96.25|418.00|327.74|4109.92|2117.24|1038.64
2451271|45651|1186|4308|69774|1353|3652|4308|69774|1353|3652|4|2|3345|12|677.28|20.31|697.59|6.35|246.24|155.77|234.67|286.84|272.90
2452400|75684|709|3826|106425|73|841|3826|106425|73|841|1|2|3347|11|82.39|0.82|83.21|32.53|133.10|23.06|1.18|58.15|166.45
2452738|65797|873|9910|179901|4212|4163|9910|179901|4212|4163|6|2|3348|22|1459.48|0.00|1459.48|37.38|886.16|1036.23|321.67|101.58|923.54
2452482|66444|699|1844|51204||324||51204|4564||1||3349|||79.41|||||260.17||600.56
2451687|26636|613|7508|97724|2947|1443|7508|97724|2947|1443|2|2|3350|21|325.92|19.55|345.47|81.26|258.30|32.59|219.99|73.34|359.11
2451864|75231|1763|3755|147868|1987|3506|3755|147868|1987|3506|1|3|3350|16|1454.24|0.00|1454.24|98.59|230.72|828.91|575.30|50.03|329.31
2451916|36465|1442|3755|147868|1987|3506|3755|147868|1987|3506|5|2|3350|34|2789.02|223.12|3012.14|34.68|752.76|2203.32|29.28|556.42|1010.56
2451972|22945|613|6858|24635|7052|4949|6858|24635|7052|4949|1|2|3351|25|153.00|10.71|163.71|4.87|175.75|38.25|33.27|81.48|191.33
2452067|82484|1417|246|34672|4091|3790|246|34672|4091|3790|2|1|3351|72|560.16|33.60|593.76|51.79|355.68|425.72|6.72|127.72|441.07
2451259|63847|55|4317|93281|6165|689|4317|93281|6165|689|2|1|3352|62|10803.50|972.31|11775.81|76.40|5686.02|2052.66|5775.55|2975.29|6734.73
2452161|18899|145|9747|180819|4818|2730|9747|180819|4818|2730|5|1|3354|65|2156.70|86.26|2242.96|55.02|1403.35|1552.82|36.23|567.65|1544.63
2451224|49389|544|3399|172463|4087|431|3399|172463|4087|431|2|3|3355|26|1802.58|18.02|1820.60|54.75|630.76|1766.52|32.81|3.25|703.53
2451392|46743|1556|6419|1923|4754|3898|6419|1923|4754|3898|2|1|3355|27|1910.52|0.00|1910.52|26.83|775.98|1719.46|9.55|181.51|802.81
2451147|43096|1520|5169|116736|943|830|5169|116736|943|830|4|3|3360|55|358.05|14.32|372.37|43.06|107.25|343.72|10.31|4.02|164.63
2452527|31613|1191|5041|71543|3278|1773|5041|71543|3278|1773|1|3|3363|23|561.66|22.46|584.12|92.86|1644.96|421.24|131.99|8.43|1760.28
|72277|808|||||2026||6885||||3364|||47.83|731.23|89.35|||352.09|30.62|527.63
2451212|53572|1306|7150|91153|1796|1166|7150|91153|1796|1166|4|1|3364|10|190.30|17.12|207.42|43.02|35.60|106.56|46.89|36.85|95.74
2451640|19527|1154|5466|20890|4187|4124|5466|20890|4187|4124|4|2|3367|52|3957.20|356.14|4313.34|32.50|1978.60|118.71|1765.70|2072.79|2367.24
2451814|64896|1531|6724|73872|653|1194|6724|73872|653|1194|1|3|3368|38|298.68|11.94|310.62|88.44|24.70|224.01|19.41|55.26|125.08
2451986|72076|1130|5898|33122|186|2283|5898|33122|186|2283|5|1|3368|26|726.70|65.40|792.10|95.17|866.32|152.60|442.05|132.05|1026.89
2451928|67612|524|6901|138949|1717|1125|6901|138949|1717|1125|5|3|3368|47|674.92|40.49|715.41|62.44|107.63|465.69|58.58|150.65|210.56
2451589|51532|1226|1600|126425|3857|3762|1600|126425|3857|3762|2|2|3369|3|64.86|0.64|65.50|2.10|2.43|25.29|8.30|31.27|5.17
2451637|38626|217|6181|147922|303|811|6181|147922|303|811|2|2|3369|50|7389.00|221.67|7610.67|93.50|1526.00|5246.19|1092.83|1049.98|1841.17
2451519|68143|164|4083|17061|5239|217|4083|17061|5239|217|2|2|3369|13|584.74|29.23|613.97|26.96|1461.85|29.23|244.42|311.09|1518.04
2452001|37749|1214|5698|6135|2572|2409|5698|6135|2572|2409|2|2|3370|12|250.08|12.50|262.58|59.22|84.12|247.57|2.45|0.06|155.84
2452048|27470|809|7373|136078|4143|2975|7373|136078|4143|2975|1|2|3370|28|451.92|27.11|479.03|57.69|183.12|280.19|121.92|49.81|267.92
2451425|28798|991|1469|91823|5137|2971|1469|91823|5137|2971|2|2|3371|13|806.65|0.00|806.65|63.38|366.60|40.33|199.24|567.08|429.98
2452296|32990|1371|6918|12376|2041|2379|6918|12376|2041|2379|3|3|3372|61|1168.76|35.06|1203.82|67.42|353.19|1040.19|118.28|10.29|455.67
2452321|56517|1451|7676|77958|1233|3235|7676|77958|1233|3235|1|3|3372|61|147.62|10.33|157.95|69.98|1062.01|48.71|42.53|56.38|1142.32
2452849|72592|121|3169|91722|4657|3552|3169|91722|4657|3552|3|2|3373|28|2038.12|142.66|2180.78|57.98|967.96|1671.25|110.06|256.81|1168.60
2452927|2322|391|4348|31886|1744|1642|4348|31886|1744|1642|1|3|3373|10|578.70|11.57|590.27|85.51|154.30|86.80|452.54|39.36|251.38
2452856|29890|13|9580|172431|3842|4620|9580|172431|3842|4620|6|2|3373|10|983.80|68.86|1052.66|91.75|355.80|550.92|242.41|190.47|516.41
2452812|40147|543|8342|80518|4581|1877|8342|80518|4581|1877|6|1|3373|38|411.16|32.89|444.05|13.39|221.54|37.00|333.00|41.16|267.82
2451478|84847|520|3411|128497|336|3822|3411|128497|336|3822|1|1|3376|10|942.10|84.78|1026.88|58.57|77.20|678.31|195.20|68.59|220.55
2451333|60563|631|7|60201|7148|3742|7|60201|7148|3742|2|2|3379|2|34.28|1.02|35.30|59.40|4.60|2.74|4.10|27.44|65.02
||422|9826|74615||||74615|6091||4|3|3379||616.32|36.97||16.72|545.12||279.56|65.58|598.81
2451169|16244|554|3464|92002|1293|984|3464|92002|1293|984|4|3|3381|52|3421.08|136.84|3557.92|96.52|2067.00|1984.22|502.90|933.96|2300.36
2452445|76146|156|6831|156489|1474|1219|6831|156489|1474|1219|1|2|3383|27|1987.47|19.87|2007.34|40.41|1005.21|1729.09|62.01|196.37|1065.49
2452663|32388|913|3371|120335|5779|2383|3371|120335|5779|2383|1|2|3387|12|2672.52|133.62|2806.14|71.78|377.88|1122.45|356.51|1193.56|583.28
2452595|30340|237|7966|67193|4020|94|7966|67193|4020|94|3|1|3387|2|43.06|1.72|44.78|26.90|30.76|38.75|4.09|0.22|59.38
2451961|64754|461|8146|141243|2500|1877|8146|141243|2500|1877|5|2|3392|29|398.17|15.92|414.09|13.62|483.72|59.72|145.53|192.92|513.26
2452019|45663|487|6829|55261|6653|3365|6829|55261|6653|3365|5|2|3392|9|581.94|46.55|628.49|93.93|383.58|174.58|293.29|114.07|524.06
2451464|70943|1501|7901|45685|6909|166|7901|45685|6909|166|4|2|3394|7|13.65|0.68|14.33|39.76|29.54|12.69|0.68|0.28|69.98
2452197|59854|1085|5434|104584|981|4778|5434|104584|981|4778|1|3|3396|40|6748.00|607.32|7355.32|59.45|4559.60|6343.12|178.14|226.74|5226.37
2452686|74433|1368|2274|||1897|||807||||3397||||||43.60||||
2452701|81800|919|7692|76262|159|569|7692|76262|159|569|3|1|3397|36|3137.40|156.87|3294.27|64.17|1361.52|2447.17|538.37|151.86|1582.56
2452806|45889|1176|8057|105469|2161|13|8057|105469|2161|13|3|3|3397|15|1700.70|85.03|1785.73|26.66|204.00|544.22|925.18|231.30|315.69
2452175|57816|1705|9272|144095|5845|3108|9272|144095|5845|3108|1|1|3401|13|288.60|5.77|294.37|15.70|1049.49|77.92|179.07|31.61|1070.96
2452240|18432|707|4563|43176|4829|3162|4563|43176|4829|3162|5|3|3401|51|0.00|0.00|0.00|83.56|546.72|0.00|0.00|0.00|630.28
2452028|44652|1795|6102|165421|4867|4226|6102|165421|4867|4226|3|3|3403|17|684.08|6.84|690.92|8.86|1070.83|547.26|94.40|42.42|1086.53
2452318|56161|767|4033|88993|6753|2313|4033|88993|6753|2313|1|2|3403|31|1968.81|137.81|2106.62|70.93|725.09|1791.61|108.09|69.11|933.83
2452680|48289|966|2773|179478|456|1074|2773|179478|456|1074|6|2|3404|18|546.84|27.34|574.18|67.56|1608.84|377.31|154.27|15.26|1703.74
|81257|873||||1968|4301|106870|||||3404|16|1398.08|13.98|1412.06|99.50||1048.56|104.85||
2451101|64903|1540|3006|38326|286|2726|3006|38326|286|2726|2|3|3406|45|1762.65|158.63|1921.28|35.42|506.25|52.87|718.10|991.68|700.30
2451090|55931|1477|9165|46875|6712|2662|9165|46875|6712|2662|2|2|3406|25|506.50|15.19|521.69|48.67|303.75|465.98|5.26|35.26|367.61
2451195|76305|166|9036|61400|4846|4972|9036|61400|4846|4972|2|3|3406|37|21.09|0.42|21.51|91.85|1044.14|8.01|6.27|6.81|1136.41
2451047|54983|934|1596|64713|5830|3147|1596|64713|5830|3147|2|3|3406|52|6326.32|0.00|6326.32|30.61|2883.92|759.15|2505.22|3061.95|2914.53
2452326|63059|811|416|38727|2125|4756|416|38727|2125|4756|3|3|3407|41|874.53|0.00|874.53|30.22|264.45|795.82|44.07|34.64|294.67
2452613||648|3373|37058|1383||3373|37058|||||3409||||10950.57|98.34|1162.80|||696.22|2165.31
2452805|59853|1293|1048|188068|5408|1588|1048|188068|5408|1588|6|2|3412|3|188.19|13.17|201.36|43.53|8.40|82.80|81.15|24.24|65.10
2452630|28145|919|1225|94911|6117|316|1225|94911|6117|316|1|1|3412|26|2734.68|54.69|2789.37|48.04|1750.06|2406.51|108.29|219.88|1852.79
2451950|73870|1172|5414|38439|3224|3529|5414|38439|3224|3529|5|2|3413|29|42.63|2.13|44.76|57.53|33.93|14.92|16.07|11.64|93.59
2451789|62545|1639|5005|50677|4622|2054|5005|50677|4622|2054|4|3|3414|6|82.80|5.79|88.59|70.73|14.40|65.41|10.95|6.44|90.92
2451736|44611|1327|9306|145044|3342|4560|9306|145044|3342|4560|4|2|3415|4|54.00|3.24|57.24|75.91|18.32|14.58|17.73|21.69|97.47
2451599|72153|1658|719|104253|5020|2794|719|104253|5020|2794|4|2|3415|7|267.75|13.38|281.13|78.51|24.99|262.39|0.48|4.88|116.88
2451692|40300|506|3800|146182|2917|4299|3800|146182|2917|4299|2|3|3415|55|1208.90|60.44|1269.34|60.22|101.75|471.47|508.82|228.61|222.41
2451668|36228|1690|7980|8140|4700|260|7980|8140|4700|260|2|2|3416|1|39.40|3.54|42.94|66.58|16.49|1.18|4.58|33.64|86.61
2452042|69536|1495|993|4278|5083|728|993|4278|5083|728|2|1|3417|23|787.98|15.75|803.73|53.33|186.53|496.42|113.70|177.86|255.61
2451281|71229|1184|8185|164928|358|3668|8185|164928|358|3668|2|1|3420|6|40.02|1.20|41.22|11.72|53.82|23.61|4.26|12.15|66.74
2452640|76403|1653|7172|142425|2558|4204|7172|142425|2558|4204|6|2|3421|30|2956.80|0.00|2956.80|25.11|1913.10|354.81|650.49|1951.50|1938.21
2452015|66597|917|732|94695|2672|1889|732|94695|2672|1889|3|1|3423|12|356.76|17.83|374.59|95.08|388.44|292.54|48.16|16.06|501.35
2451787|71566|272|7209|5424|1959|2134|7209|5424|1959|2134|1|1|3425|10|501.20|45.10|546.30|99.69|416.10|400.96|66.15|34.09|560.89
||911|2082||1881||2082|114805|1881||2|1|3425||774.15||||583.60|565.12||85.71|
2452090|43181|875|7148|168161|5207|2260|7148|168161|5207|2260|5|3|3426|6|560.76|22.43|583.19|59.62|6.42|67.29|88.82|404.65|88.47
2452246|65032|757|3340|157082|4311|420|3340|157082|4311|420|5|3|3427|65|5.20|0.15|5.35|60.26|200.20|3.90|0.09|1.21|260.61
||1386||180112|4300|3001||180112|4300|||2|3429||||4614.43|6.45|||||
2451245|38574|1195|2076|144408|6147|3159|2076|144408|6147|3159|4|3|3431|50|482.50|14.47|496.97|21.42|206.50|159.22|229.52|93.76|242.39
2452169||437||61946|||8366|||||2|3432||22.12||23.44|40.29|37.21||6.17||
2451323|49423|1243|7321|4338|6602|4866|7321|4338|6602|4866|4|3|3435|31|487.94|43.91|531.85|88.69|950.46|87.82|284.08|116.04|1083.06
2451134|34105|494|8238|45947|136|2285|8238|45947|136|2285|4|3|3435|39|1303.77|39.11|1342.88|20.29|521.43|0.00|717.07|586.70|580.83
2451138|3397|1294|1766|32626|173|353|1766|32626|173|353|4|1|3435|23|3781.43|151.25|3932.68|17.50|451.95|1626.01|2112.31|43.11|620.70
2451217|80024|115|762|173839|5316|3993|762|173839|5316|3993|2|2|3436|14|542.50|32.55|575.05|54.67|693.14|200.72|157.21|184.57|780.36
2452663|49395|288|4728|154301|6947|1633|4728|154301|6947|1633|1|3|3437|44|363.00|29.04|392.04|88.50|153.12|261.36|15.24|86.40|270.66
2452673|52034|672|7829|41894|3832|57|7829|41894|3832|57|3|1|3437|11|69.30|5.54|74.84|84.89|87.12|40.19|1.74|27.37|177.55
||1089|7361||3853|3899|||||||3437|50|2608.50|26.08|2634.58|31.05|295.50||273.89|821.68|
2452689|8052|1611|6491|29657|2663|302|6491|29657|2663|302|6|1|3440|16|1044.96|52.24|1097.20|10.28|767.36|710.57|133.75|200.64|829.88
2452078|62285|937|2864|72327|2270|3420|2864|72327|2270|3420|1|1|3441|72|4088.16|327.05|4415.21|94.76|5451.12|940.27|2518.31|629.58|5872.93
2452086|72548|1765|1359|1639|3359|712|1359|1639|3359|712|5|2|3441|6|70.74|2.12|72.86|10.60|34.14|9.19|16.00|45.55|46.86
2452085|50165|495|1364|89374|2504|3074|1364|89374|2504|3074|5|2|3441|52|406.12|20.30|426.42|72.14|1364.48|365.50|22.74|17.88|1456.92
2452087|43744|1723|2476|73470|1537|4091|2476|73470|1537|4091|5|2|3441|3|82.59|0.00|82.59|3.28|12.48|9.91|42.15|30.53|15.76
2452311||951|||4478|||55657|||||3443||131.88|7.91|139.79||||12.10|55.16|
2452183|61608|219|5799|117632|6345|2618|5799|117632|6345|2618|1|3|3443|66|857.34|77.16|934.50|4.33|32.34|282.92|396.34|178.08|113.83
2452654|28614|126|9435|159655|5955|2015|9435|159655|5955|2015|3|1|3445|2|46.00|3.68|49.68|88.88|20.18|16.10|1.49|28.41|112.74
2451850|11632|1265|1359|175882|3412|3862|1359|175882|3412|3862|5|2|3446|15|172.95|3.45|176.40|8.37|478.95|70.90|1.02|101.03|490.77
2452103|75341|907|4619|32142|3345|908|4619|32142|3345|908|5|1|3447|33|568.26|11.36|579.62|89.99|311.19|363.68|171.84|32.74|412.54
2452136|41747|1207|6139|81392|1525|3818|6139|81392|1525|3818|1|3|3447|76|2629.60|105.18|2734.78|76.24|131.48|1288.50|254.80|1086.30|312.90
2452207|33993|859|3524|19696|7035|1214|3524|19696|7035|1214|5|3|3447|1|120.75|8.45|129.20|99.62|55.12|71.24|0.99|48.52|163.19
2452054|49813|349|4647|124631|5142|1613|4647|124631|5142|1613|1|3|3448|2|15.96|0.47|16.43|32.50|20.88|13.56|1.34|1.06|53.85
2451982|73633|19|9284|110950|4903|2889|9284|110950|4903|2889|5|3|3448|1|6.62|0.26|6.88|74.60|10.04|1.05|1.05|4.52|84.90
2451932|73270|251|3653|70946|319|2852|3653|70946|319|2852|5|3|3449|26|1337.18|106.97|1444.15|88.11|1193.92|1283.69|0.53|52.96|1389.00
2451658|68139|376|5567|121892|5690|3575|5567|121892|5690|3575|4|3|3450|41|1558.82|46.76|1605.58|85.64|1215.65|1215.87|339.52|3.43|1348.05
2452822|69079|207|9263|58337|258|3132|9263|58337|258|3132|1|2|3452|7|791.91|15.83|807.74|57.87|349.09|348.44|124.17|319.30|422.79
2452746|66303|360|8100|161985|6143|3941|8100|161985|6143|3941|6|2|3452|31|81.84|6.54|88.38|62.31|456.01|3.27|14.14|64.43|524.86
2452369|9032|235|5565|54760|5188|4776|5565|54760|5188|4776|5|1|3453|17|1864.73|0.00|1864.73|25.12|647.53|1342.60|490.80|31.33|672.65
2452464|45885|1693|9985|167761|5857|4146|9985|167761|5857|4146|1|2|3453|58|4656.24|372.49|5028.73|81.18|2294.48|4516.55|34.92|104.77|2748.15
2452358|48864|605|5152|172973|6794|462|5152|172973|6794|462|1|1|3454|8|16.08|0.96|17.04|41.70|76.48|3.85|3.79|8.44|119.14
2452123|34453|525|1125|13938|3424|3797|1125|13938|3424|3797|3|1|3456|80|510.40|5.10|515.50|39.99|4392.00|188.84|106.11|215.45|4437.09
2451320|5144|1154|9769|106020|3151|3042|9769|106020|3151|3042|2|1|3457|1|6.12|0.30|6.42|34.42|2.58|5.50|0.41|0.21|37.30
2451572|71863|1069|8519|119627|1502|4370|8519|119627|1502|4370|2|3|3463|1|39.73|3.57|43.30|23.96|13.24|30.98|7.00|1.75|40.77
|22341|1009|2130||7052|||180551|7052||2||3463|33||55.37|||800.25|595.27|702.28||
2450949|15476|442|5043|31823|250|4630|5043|31823|250|4630|4|1|3464|17|163.03|0.00|163.03|5.07|45.73|128.79|5.82|28.42|50.80
2450925|46913|907|878|180866|1527|675|878|180866|1527|675|1|2|3464|6|296.16|14.80|310.96|50.19|0.00|225.08|46.20|24.88|64.99
2450915|43581|1333|||5960||2974|9987|5960|2453||1|3464|25|884.00||954.72|26.00|644.50||||
2451741|70000|319|1613|86194|6535|3996|1613|86194|6535|3996|1|1|3465|24|541.20|27.06|568.26|33.54|1319.04|422.13|61.91|57.16|1379.64
2452506||1767|3174|165242||51||||51||2|3466||180.32|5.40|||133.12|81.14||35.71|
2451708|55386|794|4800|146577|3281|3098|4800|146577|3281|3098|2|2|3468|59|1519.25|91.15|1610.40|78.49|827.18|319.04|1104.19|96.02|996.82
2452521|31432|1489|1672|117439|246|2686|1672|117439|246|2686|3|1|3469|34|10.88|0.97|11.85|60.05|77.52|6.41|0.49|3.98|138.54
2452340|81071|813|685|33913|1141|4216|685|33913|1141|4216|5|2|3469|1|0.89|0.08|0.97|64.43|33.28|0.50|0.25|0.14|97.79
2451372|12562|764|3287|99860|52|884|3287|99860|52|884|4|2|3470|5|169.05|10.14|179.19|24.09|40.55|155.52|6.62|6.91|74.78
2451658|65506|37|7352|96971|4783|722|7352|96971|4783|722|4|3|3471|62|457.56|22.87|480.43|77.13|801.04|155.57|27.17|274.82|901.04
2451805|82820|757||191032|5529|1466|202|191032||||3|3471|||7.12|||144.72||2.24||202.53
||1325||87734|||7772|||3065|||3472|16|213.76|6.41|220.17||438.88||||
2452085|55918|563|7511|188539|6767|4995|7511|188539|6767|4995|3|2|3472|16|105.76|0.00|105.76|19.68|248.96|82.49|17.45|5.82|268.64
2451371|45679|464|9351|148691|2991|2011|9351|148691|2991|2011|4|2|3473|3|148.29|1.48|149.77|76.59|289.56|111.21|20.76|16.32|367.63
2451262|73692|424|5466|91001|3369|944|5466|91001|3369|944|1|2|3473|3|145.26|10.16|155.42|93.51|94.11|39.22|15.90|90.14|197.78
2452657|9642|234|2447|180244|3608|3765|2447|180244|3608|3765|3|2|3474|7|470.47|42.34|512.81|45.23|342.86|423.42|25.40|21.65|430.43
2452756|53248|279|3097|84867|6645|3670|3097|84867|6645|3670|1|1|3474|24|804.00|64.32|868.32|37.01|196.80|257.28|185.88|360.84|298.13
2452406||809|||1159|3987||||3987|1||3475|13|232.83|6.98||31.51|512.20||68.45|127.13|550.69
2452219|78768|1439|9374|37912|3217|1315|9374|37912|3217|1315|3|1|3475|15|3290.85|296.17|3587.02|18.21|39.60|32.90|32.57|3225.38|353.98
2452411|81961|1363|6376|190209|1675|1748|6376|190209|1675|1748|5|3|3475|3|3.42|0.00|3.42|56.97|5.82|1.71|0.94|0.77|62.79
2452627|33490|1099|4003|142853|1143|3066|4003|142853|1143|3066|6|2|3476|3|16.02|0.00|16.02|15.62|0.81|0.96|9.93|5.13|16.43
2452886|76664|115|8000|145354|2675|4436|8000|145354|2675|4436|1|3|3476|16|319.52|12.78|332.30|27.76|152.16|54.31|103.43|161.78|192.70
2452662|36209|987|5555|56047|1372|504|5555|56047|1372|504|1|2|3476|9|386.91|3.86|390.77|88.30|57.96|170.24|97.50|119.17|150.12
2452571|42145|1674|7090|19101|5112|3523|7090|19101|5112|3523|3|1|3477|28|745.36|29.81|775.17|90.26|160.72|387.58|239.71|118.07|280.79
2452723|36226|1059|170|38162|2507|2852|170|38162|2507|2852|6|3|3479|64|6960.00|278.40|7238.40|40.20|3422.72|4106.40|856.08|1997.52|3741.32
2452272|41240|583|3979|180235|2251|1540|3979|180235|2251|1540|5|2|3480|44|1312.08|0.00|1312.08|61.69|0.00|1062.78|142.10|107.20|61.69
2452061|33304|585|698|153648|5111|541|698|153648|5111|541|3|3|3480|81|1209.33|108.83|1318.16|49.01|595.35|713.50|406.58|89.25|753.19
2451467|74035|1310|3364|142714|6144|334|3364|142714|6144|334|2|2|3483|4|119.88|2.39|122.27|36.88|106.56|50.34|6.25|63.29|145.83
|37691|1534|4574||2740|623|4574|117017|2740|||2|3483|30|1797.00||||2053.50|143.76|694.36||
2452622|61473|510|9568|75919|190|1054|9568|75919|190|1054|3|3|3484|64|61.44|1.22|62.66|60.64|677.12|58.98|0.66|1.80|738.98
2452020|71245|1025|5199|180889|3106|1636|5199|180889|3106|1636|1|2|3485|16|2298.56|206.87|2505.43|75.66|1787.68|45.97|450.51|1802.08|2070.21
2451979|43629|1256|1545|101828|3711|2394|1545|101828|3711|2394|1|2|3485|68|7664.28|459.85|8124.13|39.61|1596.64|613.14|282.04|6769.10|2096.10
2451028|73554|1346|7508|95957|5173|582|7508|95957|5173|582|2|1|3487|58|6.96|0.00|6.96|73.31|279.56|4.73|1.51|0.72|352.87
2450914|33128|1327|4673|98291|3462|280|4673|98291|3462|280|4|3|3488|5|461.40|41.52|502.92|89.71|173.00|276.84|149.49|35.07|304.23
2451101|67106|1598|9248|135940|4792|317|9248|135940|4792|317|1|2|3488|1|11.00|0.99|11.99|17.96|55.03|1.21|5.97|3.82|73.98
2450925|44980|284|9946|173135|5011|1520|9946|173135|5011|1520|4|2|3488|76|332.12|13.28|345.40|74.53|1282.12|182.66|112.09|37.37|1369.93
2452037|72703|793|128|4732|456|2267|128|4732|456|2267|2|3|3489|2|8.62|0.77|9.39|4.85|5.42|5.86|0.96|1.80|11.04
2451315|54569|1784|2032|140106|3987|1388|2032|140106|3987|1388|1|3|3490|35|29.40|2.05|31.45|32.89|27.65|14.70|11.31|3.39|62.59
2451114|35695|1610|3680|185224|2335|1239|3680|185224|2335|1239|1|3|3492|14|54.46|3.26|57.72|87.94|43.54|54.46|0.00|0.00|134.74
2451318|61965|1318|1382|59606|3910|727|1382|59606|3910|727|4|3|3492|36|1977.84|79.11|2056.95|90.21|1977.84|1443.82|416.53|117.49|2147.16
2451203|68322|841|2400|34034|5221|808|2400|34034|5221|808|1|3|3492|8|15.12|0.15|15.27|35.98|118.40|9.22|5.66|0.24|154.53
2452011|72806|1157|6300|32729|4871|4380|6300|32729|4871|4380|2|3|3494|6|205.14|0.00|205.14|30.70|148.38|73.85|56.45|74.84|179.08
2451942|55541|1537|1559|57605|3091|1304|1559|57605|3091|1304|1|1|3494|7|959.28|38.37|997.65|60.94|652.82|729.05|151.95|78.28|752.13
2452155|49554|577|9998|107112|6306|3013|9998|107112|6306|3013|1|1|3495|64|197.12|9.85|206.97|28.71|988.16|7.88|174.10|15.14|1026.72
2451035|10182|704|823|42754|1838|3569|823|42754|1838|3569|4|1|3496|32|5006.08|450.54|5456.62|8.50|3223.04|4255.16|352.93|397.99|3682.08
2451069|58021|968|9796|95486|3656|4386|9796|95486|3656|4386|4|1|3496|69|7948.11|238.44|8186.55|0.98|2477.10|2066.50|3352.51|2529.10|2716.52
2450962|69932|1702|5097|173330|6876|4742|5097|173330|6876|4742|4|1|3496|38|2217.68|110.88|2328.56|74.91|1400.68|1995.91|215.11|6.66|1586.47
2451163|73409|1090|4302|66872|4882|2572|4302|66872|4882|2572|4|1|3496|1|5.76|0.23|5.99|46.54|11.53|1.38|4.16|0.22|58.30
2452815|39937|1195|3220|138585|190|75|3220|138585|190|75|6|2|3498|12|26.04|0.00|26.04|16.98|8.04|1.56|16.15|8.33|25.02
2452336|85139|89|8899|50880|1934|2875|8899|50880|1934|2875|5|2|3499|7|532.70|42.61|575.31|99.22|399.56|298.31|79.69|154.70|541.39
2452349|66435|1585|7955|36302|1129|4469|7955|36302|1129|4469|1|1|3499|8|389.12|15.56|404.68|12.36|564.88|19.45|192.22|177.45|592.80
|52966|555||105949||4057|9728|||4057||1|3500|12|||813.71|37.27|386.76|7.97||481.78|439.98
2452847|62557|807|8636|156570|3031|2405|8636|156570|3031|2405|3|3|3500|66|2226.84|155.87|2382.71|29.12|1514.04|1870.54|252.97|103.33|1699.03
2452599|35232|673|6716|47820|4134|3175|6716|47820|4134|3175|6|2|3503|9|562.50|50.62|613.12|77.16|244.17|506.25|52.87|3.38|371.95
2452426|10758|505|8486|110485|4597|2276|8486|110485|4597|2276|3|2|3503|30|6277.80|251.11|6528.91|24.08|1333.80|2762.23|1652.31|1863.26|1608.99
2452603|36795|174|8569|63804|5199|2914|8569|63804|5199|2914|1|1|3504|1|0.80|0.06|0.86|69.85|35.25|0.47|0.01|0.32|105.16
2452593|29413|1525|1358|92920|4802|2324|1358|92920|4802|2324|6|1|3504|60|4316.40|129.49|4445.89|49.23|2910.60|863.28|34.53|3418.59|3089.32
2452511|31453|996|7189|187174|4919|1784|7189|187174|4919|1784|1|2|3504|17|127.84|7.67|135.51|25.87|82.11|16.61|24.47|86.76|115.65
2451338||919||184059|||9899|184059||||1|3506|||0.00|||72.20|||742.68|
2451304|34861|1174|2900|66363|593|4416|2900|66363|593|4416|2|2|3506|75|4636.50|46.36|4682.86|31.34|1224.75|741.84|1947.33|1947.33|1302.45
2451040|43993|1354|373|120476|6099|1562|373|120476|6099|1562|1|3|3507|10|289.10|8.67|297.77|71.88|544.30|138.76|111.25|39.09|624.85
2451040|72296|217|1889|58505|7041|4970|1889|58505|7041|4970|1|2|3507|26|961.48|48.07|1009.55|71.43|281.32|403.82|211.91|345.75|400.82
2452293|61748|15|6762|86483|1845|247|6762|86483|1845|247|5|2|3509|19|276.07|19.32|295.39|33.34|2024.83|93.86|74.70|107.51|2077.49
2452310|12233|399|7317|154493|2502|3871|7317|154493|2502|3871|5|1|3510|3|45.69|0.45|46.14|54.37|7.26|24.67|13.24|7.78|62.08
2451043|77464|1402|425|59941|337|2540|425|59941|337|2540|2|1|3511|4|364.00|29.12|393.12|37.30|74.64|141.96|11.10|210.94|141.06
2451960|48144|1376|633|68246|1939|745|633|68246|1939|745|1|2|3512|5|112.70|7.88|120.58|33.81|34.55|12.39|50.15|50.16|76.24
2452046|17387|950|8240|85240|1393|2746|8240|85240|1393|2746|1|2|3514|49|1271.06|114.39|1385.45|91.77|172.97|864.32|345.72|61.02|379.13
2452079|21181|803|4033|40286|6139|2439|4033|40286|6139|2439|2|2|3515|46|113.16|4.52|117.68|88.52|396.98|109.76|0.34|3.06|490.02
2451316|22485|62|5836|72861|5839|3017|5836|72861|5839|3017|4|3|3516|71|6603.71|330.18|6933.89|43.92|4042.74|1320.74|5282.97|0.00|4416.84
2451681|32243|1342|732|63618|3144|1150|732|63618|3144|1150|2|2|3517|20|994.00|39.76|1033.76|49.32|1443.00|765.38|112.02|116.60|1532.08
2451744|63219|1699|9287|3572|5730|3175|9287|3572|5730|3175|2|2|3517|67|4347.63|217.38|4565.01|68.35|5362.01|2521.62|493.02|1332.99|5647.74
2452325|38948|179|6143|30511|3726|294|6143|30511|3726|294|1|3|3518|12|54.60|2.18|56.78|88.22|35.64|46.41|7.86|0.33|126.04
2452268|47866|1671|9366|17194|5869|3497|9366|17194|5869|3497|3|2|3518|18|1053.36|42.13|1095.49|61.71|94.32|337.07|229.21|487.08|198.16
2452130|7229|599|2666|21866|6906|2026|2666|21866|6906|2026|2|1|3519|2|57.50|4.02|61.52|18.99|101.20|23.57|12.21|21.72|124.21
2452399|70579|1405|3573|97562|64|2086|3573|97562|64|2086|5|1|3520|1|40.72|0.40|41.12|86.02|6.10|0.00|20.36|20.36|92.52
2451430|32025|394|70|39152|4027|2982|70|39152|4027|2982|4|3|3521|6|74.28|5.19|79.47|36.89|108.90|5.94|24.60|43.74|150.98
2452004|43496|1310|5660|95809|1798|420|5660|95809|1798|420|2|3|3522|6|1023.78|40.95|1064.73|88.07|575.16|51.18|350.13|622.47|704.18
2452149|67611|1349|9375|156862|4029|803|9375|156862|4029|803|3|2|3523|12|23.76|0.23|23.99|62.12|525.12|20.19|1.32|2.25|587.47
2452184|1976|1137|597|129634|2318|1355|597|129634|2318|1355|3|3|3523|5|216.75|15.17|231.92|73.03|284.05|201.57|1.21|13.97|372.25
2452062|16489|1045|5829|49108|6834|3960|5829|49108|6834|3960|3|3|3523|70|1892.10|56.76|1948.86|99.49|709.10|1532.60|86.28|273.22|865.35
2450967|56801|1153|1868|94414|5280|2186|1868|94414|5280|2186|4|1|3524|65|1684.80|134.78|1819.58|84.63|5897.45|117.93|172.35|1394.52|6116.86
2450979|79096|1592|3879|174635|6671|2467|3879|174635|6671|2467|2|2|3524|38|4316.04|302.12|4618.16|90.93|1885.18|2287.50|1075.12|953.42|2278.23
2451968|59380|1651|2722|153334|186|4718|2722|153334|186|4718|1|1|3525|10|169.70|1.69|171.39|12.76|164.50|3.39|138.03|28.28|178.95
2452403|83192|779|4771|34659|7027|3308|4771|34659|7027|3308|5|2|3526|19|637.45|25.49|662.94|41.00|838.66|312.35|68.27|256.83|905.15
2451710|76814|1258|8904|25139|6847|2242|8904|25139|6847|2242|2|1|3527|1|16.27|1.13|17.40|51.37|8.76|9.59|2.27|4.41|61.26
2451688|74109|1730|4564|56810|5409|3455|4564|56810|5409|3455|4|3|3527|55|2611.40|26.11|2637.51|54.84|2321.00|0.00|1592.95|1018.45|2401.95
2452953|62800|1164|2962|181627|1288|422|2962|181627|1288|422|6|2|3528|9|365.22|18.26|383.48|70.07|182.61|303.13|4.96|57.13|270.94
2451893|24549|1400|8244|132407|1690|860|8244|132407|1690|860|5|1|3529|32|2132.16|0.00|2132.16|20.59|491.84|255.85|1463.52|412.79|512.43
2451896|55175|179|3671|105560|1802|2044|3671|105560|1802|2044|2|3|3529|59|4314.67|258.88|4573.55|9.43|1406.56|474.61|76.80|3763.26|1674.87
2452652|60443|895|8872|103775|3638|2174|8872|103775|3638|2174|3|3|3530|63|4842.18|193.68|5035.86|85.53|2766.96|1840.02|2611.87|390.29|3046.17
2452567|60925|253|3258|136967|883|3472|3258|136967|883|3472|1|2|3530|19|416.48|0.00|416.48|24.19|357.01|137.43|53.01|226.04|381.20
2451315|68457|1688|2308|92283|6145|1640|2308|92283|6145|1640|1|3|3531|12|1216.92|48.67|1265.59|39.87|347.64|450.26|7.66|759.00|436.18
2452116|65839|1561|9033|33284|1502|2313|9033|33284|1502|2313|5|3|3533|20|1822.20|0.00|1822.20|75.29|19.40|145.77|838.21|838.22|94.69
2451982|59273|905|1712|115027|4709|4384|1712|115027|4709|4384|1|3|3533|65|12021.75|601.08|12622.83|58.36|4529.85|5890.65|490.48|5640.62|5189.29
2451086|34149|1135|1649|70851|3812|2086|1649|70851|3812|2086|1|1|3534|82|720.78|28.83|749.61|97.92|971.70|663.11|8.65|49.02|1098.45
2451022|79197|272|8119|79441|6203|3445|8119|79441|6203|3445|2|1|3534|2|18.60|0.00|18.60|59.40|23.60|8.37|1.53|8.70|83.00
2452264|61099|1295|8976|79252|5481|3510|8976|79252|5481|3510|1|1|3535|26|3366.74|269.33|3636.07|51.95|1708.46|2087.37|473.36|806.01|2029.74
2451128|76704|220|5138|38784|1150|3356|5138|38784|1150|3356|2|3|3536|83|1320.53|105.64|1426.17|3.89|879.80|858.34|138.65|323.54|989.33
2452335|46213|1261|4332|100369|2086|163|4332|100369|2086|163|1|1|3538|34|96.22|0.96|97.18|39.60|235.62|83.71|7.88|4.63|276.18
2452217|54713|1693|2856|90312|6375|2511|2856|90312|6375|2511|3|3|3539|74|3434.34|240.40|3674.74|99.78|2910.42|34.34|1258.00|2142.00|3250.60
2452412|81000|1443|9876|176017|191|1725|9876|176017|191|1725|1|2|3541|25|969.50|29.08|998.58|73.80|510.75|785.29|34.99|149.22|613.63
2451526|68544|1028|5484|86807|6690|246|5484|86807|6690|246|2|1|3542|3|26.55|1.59|28.14|81.70|8.37|22.56|2.47|1.52|91.66
2451284|75861|262|1613|10723|2520|3150|1613|10723|2520|3150|4|1|3545|49|2969.89|207.89|3177.78|36.95|873.18|326.68|1533.06|1110.15|1118.02
2451267|54094|1132|3504|152783|4222|534|3504|152783|4222|534|1|3|3545|1|3.27|0.13|3.40|58.19|2.18|2.84|0.10|0.33|60.50
2452681|77862|759|1002|74688|5607|886|1002|74688|5607|886|1|2|3546|33|403.26|16.13|419.39|1.97|552.42|201.63|26.21|175.42|570.52
2452343|51909|1315|4635|115010|1738|4666|4635|115010|1738|4666|5|3|3548|20|2133.00|127.98|2260.98|43.03|396.00|1471.77|390.12|271.11|567.01
2452390|30670|247|7407|37869|6298|367|7407|37869|6298|367|3|1|3549|1|56.01|3.92|59.93|57.94|32.43|45.36|1.27|9.38|94.29
2452288||729||24613|3847|634|1026|24613||634|1||3549|24|1576.08||1654.88|40.87||1245.10|195.27|135.71|
2452541|55493|1629|8663|106892|2034|3696|8663|106892|2034|3696|5|2|3550|35|1024.10|51.20|1075.30|10.59|570.50|655.42|110.60|258.08|632.29
2451146|27909|736|9259|131677|208|1906|9259|131677|208|1906|1|2|3552|3|38.64|1.15|39.79|29.06|63.12|30.13|7.31|1.20|93.33
2451415|6644|1718|4270|159079|6175|2304|4270|159079|6175|2304|1|3|3555|1|32.94|2.96|35.90|96.01|30.03|15.48|4.88|12.58|129.00
2451324|51903|1520|7833|137354|5195|476|7833|137354|5195|476|2|1|3555|18|174.96|15.74|190.70|68.30|11.52|83.98|22.74|68.24|95.56
2452468|48039|783|9441|31556|2391|4066|9441|31556|2391|4066|3|1|3556|17|217.43|19.56|236.99|53.32|130.39|4.34|21.30|191.79|203.27
2451681|65141|1147|803|158333|6536|3179|803|158333|6536|3179|4|1|3557|53|483.36|29.00|512.36|47.38|21.73|348.01|56.84|78.51|98.11
2451784|21829|722|5691|184269|3040|4691|5691|184269|3040|4691|2|2|3557|10|10.80|0.64|11.44|13.71|245.00|2.26|6.49|2.05|259.35
2451045|41627|1009|8046|190882|791|3187|8046|190882|791|3187|4|3|3558|20|1095.60|10.95|1106.55|76.17|537.80|120.51|68.25|906.84|624.92
2451101|79088|884|2963|20619|1555|1051|2963|20619|1555|1051|2|1|3558|71|3141.04|282.69|3423.73|40.17|905.96|345.51|1621.40|1174.13|1228.82
2452351|28697|697|2772|35295|1131|934|2772|35295|1131|934|3|1|3560|1|1.00|0.03|1.03|35.95|5.38|0.19|0.30|0.51|41.36
2452438|44081|23|7925|187703|4921|4419|7925|187703|4921|4419|3|2|3560|33|1529.55|15.29|1544.84|15.37|1147.08|1254.23|225.76|49.56|1177.74
2452472|44056|691|9777|79953|5136|1192|9777|79953|5136|1192|1|2|3561|10|636.70|31.83|668.53|67.84|454.80|140.07|4.96|491.67|554.47
2452670|43568|847|8830|343|896|3529|8830|343|896|3529|1|2|3563|61|1491.45|29.82|1521.27|72.00|0.00|969.44|250.56|271.45|101.82
|59548|291|||2784||7105|||1047|||3564||1974.08|138.18|2112.26||1676.16|1520.04|154.37|299.67|
2452097|49312|1715|4473|101515|2284|2766|4473|101515|2284|2766|5|2|3564|66|445.50|13.36|458.86|16.02|390.06|115.83|174.72|154.95|419.44
2452184|39120|563|2520|103217|3081|1585|2520|103217|3081|1585|3|3|3564|2|231.62|4.63|236.25|55.86|0.00|104.22|104.46|22.94|60.49
2452579|45080|1332|5805|69188|1004|227|5805|69188|1004|227|6|3|3565|9|32.85|0.98|33.83|67.57|26.37|3.28|12.41|17.16|94.92
2452482|30680|1535|5510|21023|6249|2395|5510|21023|6249|2395|3|2|3566|13|136.50|9.55|146.05|47.20|23.66|0.00|92.82|43.68|80.41
2451745|18237|464|8593|53174|2668|1929|8593|53174|2668|1929|2|1|3569|8|521.20|5.21|526.41|93.51|388.56|333.56|131.34|56.30|487.28
2452027|36995|181|3299|102307|1348|2796|3299|102307|1348|2796|1|2|3570|1|82.82|1.65|84.47|17.76|23.00|53.00|19.08|10.74|42.41
2452049|68753|752|316|1871|579|2087|316|1871|579|2087|1|1|3570|61|5766.33|288.31|6054.64|14.46|2418.04|2075.87|2730.94|959.52|2720.81
2451443|71042|1180|6781|62221|1501|1908|6781|62221|1501|1908|1|3|3571|30|63.30|2.53|65.83|98.45|190.20|53.17|0.10|10.03|291.18
2451427|82515|224|7422|144428|3947|233|7422|144428|3947|233|4|3|3571|4|2.96|0.05|3.01|80.69|2.32|2.78|0.16|0.02|83.06
2452462|35302|1075|1089|151985|3441|817|1089|151985|3441|817|3|1|3572|1|36.38|0.36|36.74|48.59|29.50|24.37|9.72|2.29|78.45
2452407|45250|889|6182|9961|4060|399|6182|9961|4060|399|5|3|3572|1|93.79|3.75|97.54|42.39|79.36|60.96|10.50|22.33|125.50
2452405|40273|807|1248|115298|7141|2064|1248|115298|7141|2064|5|3|3572|38|1129.36|101.64|1231.00|72.70|736.44|395.27|403.74|330.35|910.78
2452293|72968|547|7335|108496|5210|2924|7335|108496|5210|2924|5|3|3572|17|9.52|0.57|10.09|26.12|367.88|4.56|0.74|4.22|394.57
2451291|9076|770|3841|157183|4652|3434|3841|157183|4652|3434|2|1|3574|14|168.70|8.43|177.13|14.34|93.66|57.35|45.65|65.70|116.43
2451228|49969|844|2176|155925|6587|2369|2176|155925|6587|2369|2|1|3576|14|369.32|22.15|391.47|35.34|85.96|107.10|152.08|110.14|143.45
2451168|40070|556|3367|5197|114|911|3367|5197|114|911|2|2|3577|10|149.40|0.00|149.40|36.53|11.00|41.83|25.81|81.76|47.53
2452497|21789|53|9173|36868|1956|724|9173|36868|1956|724|5|2|3579|14|297.22|14.86|312.08|5.67|668.78|86.19|14.77|196.26|689.31
2452782|7229|219|6750|184954|5911|3715|6750|184954|5911|3715|6|2|3580|5|5.50|0.16|5.66|42.88|5.70|0.99|3.20|1.31|48.74
2452729||1242||152454|3801|1061|||3801|||3|3580||194.88|||45.60|||0.00||123.07
|8343|811||47552|||||4450||2|2|3582|||8.27|173.85|75.79|52.87|87.75|||136.93
2451414|18415|658|8094|90378|2502|4306|8094|90378|2502|4306|4|2|3583|37|231.99|13.91|245.90|27.22|1470.75|97.43|52.47|82.09|1511.88
2451963|64219|74|8207|152989|2331|1993|8207|152989|2331|1993|1|2|3584|2|240.16|12.00|252.16|67.65|81.08|69.64|8.52|162.00|160.73
2451881|19824|1219|7630|55241|7007|4293|7630|55241|7007|4293|5|2|3584|23|4151.96|41.51|4193.47|5.56|721.97|830.39|631.09|2690.48|769.04
2452006|78443|1064|9885|108693|1054|3262|9885|108693|1054|3262|2|2|3584|54|5859.54|0.00|5859.54|65.81|257.58|3398.53|959.79|1501.22|323.39
2450920|69186|1156|4993|162074|6835|1556|4993|162074|6835|1556|2|2|3585|17|0.00|0.00|0.00|33.77|493.00|0.00|0.00|0.00|526.77
2452189|28138|149|5356|135899|1369|4952|5356|135899|1369|4952|1|1|3592|45|1515.60|15.15|1530.75|8.62|3157.65|0.00|1106.38|409.22|3181.42
2452143|17367|757|9059|111171|1203|2475|9059|111171|1203|2475|2|2|3592|53|852.24|42.61|894.85|21.38|1818.43|835.19|5.45|11.60|1882.42
2451658|70647|172|5588|78187|2753|4912|5588|78187|2753|4912|2|2|3593|9|91.98|0.91|92.89|10.60|14.31|70.82|15.65|5.51|25.82
2451525|45193|1489|6623|118056|6369|42|6623|118056|6369|42|1|1|3593|33|6003.36|240.13|6243.49|32.97|1147.74|5943.32|33.02|27.02|1420.84
2451760|56486|665|9633|113257|1710|4756|9633|113257|1710|4756|2|1|3594|1|138.76|8.32|147.08|4.09|56.37|120.72|7.39|10.65|68.78
2452036|79140|836|3908|88213|1031|2569|3908|88213|1031|2569|2|3|3595|38|745.18|44.71|789.89|61.31|725.04|29.80|658.14|57.24|831.06
2451458|15393|1780||74037|2728|||74037|2728|3452|||3596|||11.92|||227.25|361.83|35.79|0.00|274.77
2451252|38235|1700|2968|19128|1641|2554|2968|19128|1641|2554|2|2|3597|38|2867.10|57.34|2924.44|96.55|255.74|1863.61|190.66|812.83|409.63
2451461|4128|1324|7916|178220|2284|2868|7916|178220|2284|2868|2|2|3597|14|407.96|20.39|428.35|38.49|109.34|85.67|135.36|186.93|168.22
2452172|63211|305|7215|71149|2603|697|7215|71149|2603|697|1|1|3599|39|265.98|18.61|284.59|66.80|573.30|140.96|71.26|53.76|658.71
2452615|42871|805|4581|80048|4922|4269|4581|80048|4922|4269|1|2|3600|11|136.18|10.89|147.07|41.82|14.85|114.39|16.56|5.23|67.56
2452092|48201|511|2681|177670|2739|1721|2681|177670|2739|1721|3|1|3601|3|17.40|1.04|18.44|52.69|91.44|8.00|0.75|8.65|145.17
2452119|75952|5|6478|21972|3579|1553|6478|21972|3579|1553|5|1|3601|56|3180.80|254.46|3435.26|89.33|1781.36|95.42|1974.64|1110.74|2125.15
|35362|1269|||6627||9209|6198|6627|||1|3602|||1.49||||8.23||16.55|99.37
2452269|19359|95|7840|29353|6919|3292|7840|29353|6919|3292|3|3|3602|74|4983.16|448.48|5431.64|38.24|2382.80|3089.55|1533.82|359.79|2869.52
2452244|44083|231|2738|136630|6442|1847|2738|136630|6442|1847|5|1|3603|11|347.93|6.95|354.88|54.64|179.30|34.79|128.38|184.76|240.89
2451833|36918|191|6992|76770|435|4580|6992|76770|435|4580|2|2|3604|81|3513.78|35.13|3548.91|84.21|2308.50|281.10|2683.12|549.56|2427.84
2451777|38234|553|8160|169074|1941|808|8160|169074|1941|808|1|3|3606|44|1320.44|92.43|1412.87|99.90|528.00|1109.16|196.49|14.79|720.33
2452565||1629||118988|||92|118988|1851||1||3610|11||3.75|45.44|34.89|13.86||0.99||
2452594||1543|6409|55761|1000|672|6409|55761|1000|672||1|3610|||42.52|||163.43|361.48||81.66|252.39
2452319|44568|653|8163|27339||||||1964||1|3611||3898.93||4015.89|49.41|3527.51|1949.46|662.81||3693.88
2452366|42365|865|6346|169936|119|4582|6346|169936|119|4582|3|2|3612|59|2899.85|144.99|3044.84|55.99|3213.14|985.94|880.39|1033.52|3414.12
2452406|48310|325|9543|30783|3976|3929|9543|30783|3976|3929|5|2|3612|22|742.94|29.71|772.65|79.12|392.70|378.89|265.75|98.30|501.53
2452288|25662|195|8241|131149|890|238|8241|131149|890|238|1|1|3612|30|2839.50|198.76|3038.26|83.19|1670.40|2271.60|164.69|403.21|1952.35
2451259|36022|286|5088|10710|1419|2361|5088|10710|1419|2361|1|1|3613|46|4306.52|172.26|4478.78|24.62|1250.28|559.84|1873.34|1873.34|1447.16
2452322|64840|801|4270|126110|1150|4590|4270|126110|1150|4590|3|2|3615|80|10116.80|505.84|10622.64|91.05|4900.00|1922.19|6227.90|1966.71|5496.89
2451965|50135|1003|8944|32250|3556|4815|8944|32250|3556|4815|1|2|3616|35|4002.25|160.09|4162.34|77.69|2118.55|120.06|2523.42|1358.77|2356.33
2452074|79890|703|385|174445|2952|3212|385|174445|2952|3212|5|2|3616|55|4018.30|120.54|4138.84|78.63|1562.55|1968.96|1537.00|512.34|1761.72
2452091|64580|1736|2626|164525|7097|3309|2626|164525|7097|3309|1|3|3616|40|4116.80|41.16|4157.96|33.74|2176.40|946.86|1204.57|1965.37|2251.30
2451938|5506|1747|8553|86435|5517|1999|8553|86435|5517|1999|2|3|3616|45|1043.10|62.58|1105.68|51.54|613.80|730.17|147.07|165.86|727.92
2451275|40015|457|9919|24168|4130|3459|9919|24168|4130|3459|1|3|3617|7|343.77|17.18|360.95|8.86|143.92|237.20|2.13|104.44|169.96
2452878|41490|810|4408|35376|24|432|4408|35376|24|432|3|3|3618|26|345.80|24.20|370.00|31.16|783.90|204.02|48.20|93.58|839.26
2452761|15507|661|99|30178|6224|2263|99|30178|6224|2263|3|2|3618|3|98.10|0.00|98.10|83.66|179.88|41.20|26.17|30.73|263.54
2452707|31549|139|997|145675|833|2751|997|145675|833|2751|3|1|3618|10|17.00|0.85|17.85|10.91|4.00|5.61|5.12|6.27|15.76
||869||89113|301|||||602|2|3|3619|25||18.00||42.14|537.50|384.00||8.64|
2452177|25708|361|1281|111395|69|4863|1281|111395|69|4863|5|2|3619|28|2596.16|155.76|2751.92|14.02|204.12|363.46|491.19|1741.51|373.90
2452414|74092|697|1956|41263|5897|244|1956|41263|5897|244|1|3|3620|1|20.81|0.20|21.01|33.89|48.90|12.48|2.16|6.17|82.99
2452155|55443|116|5299|68864|589|4834|5299|68864|589|4834|2|3|3621|34|172.72|10.36|183.08|66.32|123.08|96.72|72.20|3.80|199.76
2452105|56887|571|4198||5612|4119||110185||4119|||3621|5|||229.19|29.89|202.75||||237.13
2452039|4567|716|3243|120132|1981|4750|3243|120132|1981|4750|5|2|3623|21|758.10|30.32|788.42|44.13|322.56|500.34|41.24|216.52|397.01
2452042|46224|391|3882|22107|4412|4230|3882|22107|4412|4230|1|3|3623|41|884.78|17.69|902.47|34.18|286.18|238.89|12.91|632.98|338.05
2452304|83290|1181|7498|37237|4096|4795|7498|37237|4096|4795|3|1|3624|7|380.52|19.02|399.54|72.47|101.15|277.77|94.53|8.22|192.64
2452538|29076|1386|5326|91954|1382|3210|5326|91954|1382|3210|3|1|3625|59|656.08|45.92|702.00|22.28|4725.31|459.25|153.52|43.31|4793.51
2452512|45478|1122|6513|131890|1954|1451|6513|131890|1954|1451|1|2|3625|36|40.32|1.20|41.52|31.19|27.72|34.67|3.44|2.21|60.11
2452825|47475|235|6135|42654|6180|4179|6135|42654|6180|4179|3|2|3626|7|503.58|25.17|528.75|20.32|320.46|236.68|248.21|18.69|365.95
2452050|61864|229|4310|24259|6128|4637|4310|24259|6128|4637|5|1|3627|72|1288.80|0.00|1288.80|48.39|1525.68|708.84|556.76|23.20|1574.07
2451362|52668|1636|708|162848|3708|161|708|162848|3708|161|2|2|3629|45|237.15|0.00|237.15|87.53|2929.05|168.37|37.82|30.96|3016.58
2451401|69460|1646|4587|155650|6506|3642|4587|155650|6506|3642|2|1|3629|3|0.00|0.00|0.00|38.89|50.82|0.00|0.00|0.00|89.71
2451352|73568|724|8942|141162|5029|2696|8942|141162|5029|2696|2|3|3629|21|98.28|8.84|107.12|74.70|196.77|13.75|75.23|9.30|280.31
2451334|65113|1480|1934|2590|5726|1375|1934|2590|5726|1375|2|2|3629|30|1269.60|50.78|1320.38|1.48|1238.40|418.96|255.19|595.45|1290.66
2451375|55053|506|9035|114743|564|4752|9035|114743|564|4752|1|1|3630|37|943.50|66.04|1009.54|38.75|355.57|179.26|61.13|703.11|460.36
2451332|59888|172|9602|142179|4549|4646|9602|142179|4549|4646|2|2|3631|54|1148.58|22.97|1171.55|81.57|884.52|872.92|16.53|259.13|989.06
2451541|64344|1520|5477|161262|614|4359|5477|161262|614|4359|1|1|3632|76|6368.80|382.12|6750.92|43.69|4776.60|6368.80|0.00|0.00|5202.41
2451658|43449|413|4389|173866|1263|1500|4389|173866|1263|1500|5|2|3633|19|639.16|31.95|671.11|58.13|93.86|51.13|376.33|211.70|183.94
2451647|49907|323|5142|16359|1896|3473|5142|16359|1896|3473|1|1|3633|29|198.36|5.95|204.31|34.48|216.34|17.85|90.25|90.26|256.77
2451866|27574|265|3546|69306|6153|4633|3546|69306|6153|4633|1|1|3633|73|602.25|30.11|632.36|9.07|56.94|162.60|61.55|378.10|96.12
2452755|31100|1617|658|172889|353|2824|658|172889|353|2824|1|3|3634|19|459.80|18.39|478.19|10.02|55.10|285.07|153.76|20.97|83.51
2451512|13827|355|3098|132148|3631|3674|3098|132148|3631|3674|1|2|3635|9|767.70|15.35|783.05|58.90|147.60|138.18|415.48|214.04|221.85
2451507|73981|979|4698|108267|4316|4925|4698|108267|4316|4925|1|2|3635|36|1013.40|70.93|1084.33|77.86|1351.44|283.75|525.34|204.31|1500.23
2452803|70585|847|343|8069|5442|1568|343|8069|5442|1568|3|1|3637|56|1317.68|26.35|1344.03|67.46|1202.88|26.35|852.27|439.06|1296.69
2451936|81900|317|3606|122510|3621|2052|3606|122510|3621|2052|5|1|3638|8|337.44|20.24|357.68|20.31|165.44|107.98|229.46|0.00|205.99
2451882|14876|145|7920|186173|713|286|7920|186173|713|286|5|3|3638|64|3158.40|157.92|3316.32|59.85|165.76|94.75|153.18|2910.47|383.53
2451543|61486|1003|9599|98693|4094|735|9599|98693|4094|735|4|1|3639|52|4985.24|448.67|5433.91|86.05|1980.16|1894.39|1421.79|1669.06|2514.88
2451979|75214|163|5365|183303|4761|212|5365|183303|4761|212|2|3|3640|22|0.00|0.00|0.00|73.46|7.92|0.00|0.00|0.00|81.38
2451286|73103|1450|3344|38450|4116|3102|3344|38450|4116|3102|1|1|3641|13|216.45|15.15|231.60|77.00|49.92|25.97|161.90|28.58|142.07
2452867|78097|1305|4373|138763|6428|1053|4373|138763|6428|1053|6|1|3643|56|3642.24|109.26|3751.50|46.97|472.64|983.40|1223.06|1435.78|628.87
2451968|77849|793|5608|120921|3994|3387|5608|120921|3994|3387|1|2|3644|83|5097.86|0.00|5097.86|15.88|3111.67|3262.63|1101.13|734.10|3127.55
2451368|69344|290|821|70404|594|4704|821|70404|594|4704|2|2|3645|40|189.20|3.78|192.98|93.89|35.20|170.28|2.45|16.47|132.87
2451032|36474|878|5259|105342|6898|4141|5259|105342|6898|4141|2|3|3646|83|856.56|0.00|856.56|45.54|1284.84|248.40|200.69|407.47|1330.38
2451382|41732|340|6114|77940|2519|2545|6114|77940|2519|2545|1|3|3647|8|19.92|0.00|19.92|63.52|166.56|15.13|2.63|2.16|230.08
2451260|58184|505|8405|25732|4739|706|8405|25732|4739|706|4|1|3647|55|2933.70|88.01|3021.71|11.14|1322.75|1085.46|868.67|979.57|1421.90
2451398|74024|1622|6861|132408|5908|3408|6861|132408|5908|3408|4|2|3647|31|2357.55|70.72|2428.27|18.98|666.50|212.17|107.26|2038.12|756.20
2451755|77975|1181|943|186362|5348|3127|943|186362|5348|3127|5|3|3648|17|3361.92|134.47|3496.39|43.40|1206.83|2992.10|14.79|355.03|1384.70
2451944|64822|1262|4577|106929|6194|179|4577|106929|6194|179|1|1|3648|28|2846.76|56.93|2903.69|80.34|1094.80|2163.53|252.79|430.44|1232.07
2451885|17312|241|3307|27844|4334|4624|3307|27844|4334|4624|2|3|3649|47|210.09|18.90|228.99|47.05|61.57|14.70|78.15|117.24|127.52
2451872|73851|1580|9607|79470|5813|3669|9607|79470|5813|3669|2|2|3649|12|776.04|15.52|791.56|48.75|794.04|46.56|408.50|320.98|858.31
2451631|8262|1043|9166|120540|394|2608|9166|120540|394|2608|5|3|3650|51|4101.93|287.13|4389.06|32.92|2139.96|984.46|3086.29|31.18|2460.01
||1792|4461|116769|||4461||||1|2|3651|8|785.68|70.71|856.39|||471.40|||511.16
2451119|79684|388||137715|||7695||1208|3541|4|3|3652|1||0.60|20.93||26.31||||90.67
2452298|18413|1239|1420|139073|1606|3499|1420|139073|1606|3499|1|1|3656|30|6678.00|0.00|6678.00|21.67|4039.80|3873.24|1682.85|1121.91|4061.47
2451954|15693|644|2259|163743|3627|1711|2259|163743|3627|1711|1|1|3658|24|154.80|13.93|168.73|92.64|712.32|95.97|5.88|52.95|818.89
2452039|51094|959|2562|80467|2405|1350|2562|80467|2405|1350|5|1|3658|35|1768.90|159.20|1928.10|41.98|3333.75|70.75|1443.42|254.73|3534.93
2452415|31588|35|2101|165427|5313|3072|2101|165427|5313|3072|1|2|3660|5|133.00|6.65|139.65|45.08|96.05|11.97|81.09|39.94|147.78
2452247|42857|949|9589|71209|2862|922|9589|71209|2862|922|1|1|3660|93|7110.78|639.97|7750.75|92.61|7719.93|639.97|5823.72|647.09|8452.51
2452405|53082|169|929|150838|4300|1609|929|150838|4300|1609|1|2|3660|2|102.24|5.11|107.35|1.55|123.20|87.92|7.58|6.74|129.86
2451929|31215|554|7941|128332|4083|4154|7941|128332|4083|4154|1|3|3661|1|39.21|0.78|39.99|26.65|76.13|20.38|7.34|11.49|103.56
2452166|77146|191|3320|78334|1428|1929|3320|78334|1428|1929|5|1|3662|15|265.50|5.31|270.81|75.54|181.65|42.48|200.71|22.31|262.50
2452085|69524|257|6051|89858|5345|439|6051|89858|5345|439|5|3|3662|7|337.40|0.00|337.40|2.68|289.24|33.74|15.18|288.48|291.92
||1735|3163|158986|||3163||4249|2839|5|1|3662|||38.44||21.22|1153.44|53.82|707.98||
2452180|75726|1005|3828|90893|5751|3736|3828|90893|5751|3736|5|2|3663|6|137.88|8.27|146.15|28.55|166.62|42.74|36.15|58.99|203.44
2451423|57827|619|9814|51163|4083|2170|9814|51163|4083|2170|2|1|3664|73|944.62|0.00|944.62|20.92|821.25|330.61|577.16|36.85|842.17
2451559|47993|32|6636|37203|2570|2737|6636|37203|2570|2737|1|3|3667|20|253.00|12.65|265.65|57.29|949.20|177.10|61.47|14.43|1019.14
2451336|36585|1498|4345|100522|1946|1523|4345|100522|1946|1523|1|1|3668|39|273.39|10.93|284.32|74.79|138.06|46.47|176.99|49.93|223.78
2451766|74428|1522|3090|64536|5215|701|3090|64536|5215|701|1|1|3669|51|1830.39|91.51|1921.90|26.86|1830.39|713.85|200.97|915.57|1948.76
2451774||103|6070|102908|2339|4050||||4050|4|1|3669|18||61.99||||247.98|401.20|39.68|272.51
2451309|57070|1732|1331|170187|3763|2579|1331|170187|3763|2579|2|1|3670|3|31.26|1.56|32.82|92.47|11.16|21.25|9.00|1.01|105.19
2452663|40522|285|4731|105678|3952|2139|4731|105678|3952|2139|6|2|3671|39|1082.64|21.65|1104.29|38.24|304.20|627.93|254.63|200.08|364.09
2451596|55459|907|5559|102432|2072|1952|5559|102432|2072|1952|1|2|3672|19|284.24|5.68|289.92|20.42|90.44|31.26|182.14|70.84|116.54
2451417|58106|1429|4348|113783|3505|2460|4348|113783|3505|2460|4|3|3674|32|480.00|19.20|499.20|27.51|121.28|249.60|39.16|191.24|167.99
2452563|48205|511|6872||4544|27|6872|||27|3|2|3680|23||31.05|419.29||365.47||51.55||481.51
2452716|80374|1581|2109|23498|760|4862|2109|23498|760|4862|1|1|3683|22|28.16|2.53|30.69|69.28|16.72|8.16|8.40|11.60|88.53
2452712|46651|601|1662|95132|1435|3345|1662|95132|1435|3345|3|1|3683|41|212.79|8.51|221.30|11.45|58.63|112.77|52.01|48.01|78.59
2452326|79665|115|4679|74107|2702|1090|4679|74107|2702|1090|1|3|3684|46|334.88|3.34|338.22|30.10|419.06|184.18|134.12|16.58|452.50
2451963|76662|1016|7508|128168|5341|1881|7508|128168|5341|1881|1|1|3685|17|617.27|49.38|666.65|26.00|199.07|191.35|174.62|251.30|274.45
2451759|13237|197|7475|91464|3773|1522|7475|91464|3773|1522|1|1|3685|2|56.72|2.26|58.98|6.85|51.46|43.67|11.22|1.83|60.57
2451986|43699|659|995|90658|881|1624|995|90658|881|1624|2|1|3685|36|430.92|12.92|443.84|22.34|2298.96|4.30|187.71|238.91|2334.22
2451924|44895|175|2705|5054|2876|2585|2705|5054|2876|2585|5|3|3687|5|223.30|2.23|225.53|99.87|117.50|167.47|48.57|7.26|219.60
2450993|14174|880|7673|46821|6642|2150|7673|46821|6642|2150|4|3|3688|15|351.75|28.14|379.89|84.91|29.25|306.02|31.09|14.64|142.30
2452702|73087|1458|374|171801|3948|3582|374|171801|3948|3582|6|3|3689|35|5545.75|443.66|5989.41|65.42|3295.25|1275.52|341.61|3928.62|3804.33
||571|5977|77482|4954|3219|||4954|3219|3||3690|||||||||22.51|380.31
2452104|78081|1283|8132|62130|2881|3479|8132|62130|2881|3479|1|2|3691|11|94.38|2.83|97.21|99.30|32.67|26.42|39.41|28.55|134.80
||1567||20521||4157||||4157|5|2|3691|7|||156.55||417.55|71.56||41.88|
2452008|82616|739|7013|36232|5691|3030|7013|36232|5691|3030|2|3|3691|8|48.72|4.38|53.10|94.54|16.24|38.00|10.61|0.11|115.16
2451601|33995|1411|4943|79890|2390|3937|4943|79890|2390|3937|2|1|3693|11|230.78|11.53|242.31|30.31|389.40|50.77|18.00|162.01|431.24
2452797||385|2931||1082|||||2381||3|3695|14|||1429.85|33.76|||57.19|181.12|431.67
2451884|65579|685|6705|48796|7047|3618|6705|48796|7047|3618|5|3|3696|4|1.88|0.11|1.99|56.94|2.32|0.71|0.45|0.72|59.37
2451809|14517|1502|9505|16462|172|2929|9505|16462|172|2929|2|3|3697|24|951.36|66.59|1017.95|14.33|410.40|932.33|6.47|12.56|491.32
2451736|70922|121|8680|173344|5288|1745|8680|173344|5288|1745|1|3|3697|1|11.28|1.01|12.29|55.90|39.48|7.21|0.36|3.71|96.39
2452628|60793|405|4821|19925|5636|4420|4821|19925|5636|4420|1|3|3698|28|772.24|69.50|841.74|26.95|678.44|108.11|591.07|73.06|774.89
2452488|76714|1183|1388|173434|3960|1446|1388|173434|3960|1446|3|2|3698|6|466.68|9.33|476.01|59.49|233.34|135.33|125.91|205.44|302.16
2452659|65839|541|2145|191072|4159|2566|2145|191072|4159|2566|3|1|3698|41|1855.66|74.22|1929.88|5.95|1145.95|74.22|1425.15|356.29|1226.12
2452682|43428|276|7563|99042|3194|4186|7563|99042|3194|4186|3|3|3698|4|49.00|0.00|49.00|44.30|9.80|3.43|1.82|43.75|54.10
2452297|37154|491|2556|61704|2852|200|2556|61704|2852|200|5|1|3699|12|1302.84|13.02|1315.86|28.03|546.84|508.10|405.31|389.43|587.89
2451901|79642|134|5345|157434|2803|3885|5345|157434|2803|3885|2|3|3700|54|1945.08|155.60|2100.68|42.22|4755.78|58.35|490.54|1396.19|4953.60
2451692|39555|1340|8144|166585|5699|700|8144|166585|5699|700|1|1|3702|3|79.35|1.58|80.93|1.21|46.20|67.44|1.19|10.72|48.99
2451821|44986|439||59415|50||5853|||||1|3702|4|26.16|||27.58|27.64||0.18||
2451696|69295|1490|2199|7069|866|2223|2199|7069|866|2223|5|2|3702|29|497.06|39.76|536.82|59.31|1807.57|89.47|346.45|61.14|1906.64
2451848|5731|157|4422|77990|358|1126|4422|77990|358|1126|2|3|3702|23|663.55|26.54|690.09|20.84|383.41|311.86|274.31|77.38|430.79
2451242|25660|326|3684|98747|963|1626|3684|98747|963|1626|4|3|3703|20|1347.40|53.89|1401.29|75.50|625.00|40.42|1058.65|248.33|754.39
2451194|5024|112|5721|77181|1281|2661|5721|77181|1281|2661|1|1|3704|26|2327.78|186.22|2514.00|69.95|547.56|349.16|178.07|1800.55|803.73
2452722|49507|331|8231|133688|2025|522|8231|133688|2025|522|6|3|3705|1|11.60|0.11|11.71|43.52|3.86|9.39|0.46|1.75|47.49
2451734|40574|944|590|41295|2640|1665|590|41295|2640|1665|2|1|3706|6|762.24|60.97|823.21|48.01|483.72|686.01|15.24|60.99|592.70
2451807|9849|1553|376|48973|4930|1407|376|48973|4930|1407|5|2|3706|62|2596.56|77.89|2674.45|73.74|5080.90|51.93|407.14|2137.49|5232.53
2451915|48943|743|8063|158255|2640|1352|8063|158255|2640|1352|2|1|3706|21|3131.10|156.55|3287.65|60.98|613.20|2630.12|125.24|375.74|830.73
2451800|34257|487|3212|56096|2500|3297|3212|56096|2500|3297|5|3|3707|63|2780.82|0.00|2780.82|24.88|33.39|333.69|1810.87|636.26|58.27
2451707|73437|595|8599|169396|7026|1616|8599|169396|7026|1616|2|2|3707|61|208.62|10.43|219.05|76.23|10.37|50.06|42.81|115.75|97.03
2451633|70179|733|6205|5452|4859|386|6205|5452|4859|386|5|1|3707|60|2131.20|149.18|2280.38|1.60|1147.80|1513.15|537.70|80.35|1298.58
2451856|6537|1127|1866|29178|5786|3227|1866|29178|5786|3227|2|1|3708|19|1129.17|22.58|1151.75|30.08|139.27|892.04|222.90|14.23|191.93
2451563|67939|200|5600|94892|3337|3829|5600|94892|3337|3829|1|1|3710|46|2321.62|162.51|2484.13|38.36|937.48|835.78|267.45|1218.39|1138.35
2451562|67819|919|1406|13372|1371|4777|1406|13372|1371|4777|2|3|3710|17|2216.80|199.51|2416.31|50.46|969.85|332.52|358.01|1526.27|1219.82
2451539|74834|268|8153|52971|5698|3872|8153|52971|5698|3872|1|3|3710|26|1227.20|0.00|1227.20|81.35|0.00|760.86|256.48|209.86|81.35
2452347|44789|1309|9741|78180|3179|2498|9741|78180|3179|2498|3|2|3715|8|497.92|24.89|522.81|6.05|173.20|463.06|26.84|8.02|204.14
2451221|25553|1510|6382|169430|1725|3173|6382|169430|1725|3173|2|2|3716|11|819.28|8.19|827.47|44.91|1024.10|811.08|2.05|6.15|1077.20
2452396|39989|805|7652|179426|1407|4108|7652|179426|1407|4108|3|3|3717|67|692.11|13.84|705.95|58.63|1088.08|55.36|445.72|191.03|1160.55
2452397|75678|1651|5604|103367|4377|1940|5604|103367|4377|1940|3|1|3718|26|333.84|3.33|337.17|48.71|222.56|230.34|81.76|21.74|274.60
2452437|65790|1109|211|95866|1601|3096|211|95866|1601|3096|5|3|3718|9|15.66|1.09|16.75|7.03|40.41|12.99|2.67|0.00|48.53
2452376|36476|447|1965|56285|6092|2132|1965|56285|6092|2132|1|2|3718|7|408.73|4.08|412.81|31.34|363.30|138.96|86.32|183.45|398.72
2452431|42705|792|7651|147430|4762|2494|7651|147430|4762|2494|3|2|3719|32|120.32|10.82|131.14|81.05|8.00|49.33|61.05|9.94|99.87
2451204|72437|343|6129|170640|3231|982|6129|170640|3231|982|1|2|3720|8|156.24|9.37|165.61|93.81|57.28|68.74|35.87|51.63|160.46
2451107|7587|1640|4244|115002|6033|3351|4244|115002|6033|3351|1|3|3720|94|3379.30|202.75|3582.05|75.55|1689.18|2162.75|279.80|936.75|1967.48
2452215|21131|1215|9101|81981|5308|388|9101|81981|5308|388|3|2|3724|30|333.60|6.67|340.27|86.46|424.50|106.75|45.37|181.48|517.63
2451403|41049|1651|8079|105722|4885|4688|8079|105722|4885|4688|2|2|3726|5|467.10|18.68|485.78|91.60|138.85|462.42|0.56|4.12|249.13
2452723||379||||2930||2242|||3||3729|58||267.73||||4283.74|1531.43|3109.29|3829.36
2451209|68408|1471|8887|46597|3907|4017|8887|46597|3907|4017|4|1|3730|2|27.70|0.00|27.70|2.97|53.44|14.68|10.41|2.61|56.41
2451126|49198|932|9000|191899|4398|2297|9000|191899|4398|2297|4|2|3730|44|17.60|0.52|18.12|42.26|149.60|13.02|2.10|2.48|192.38
2451325|73598|1180|6963|140924|7125|3853|6963|140924|7125|3853|1|3|3731|29|1102.00|11.02|1113.02|21.41|49.88|958.74|17.19|126.07|82.31
2452416|19459|225|9411|165048|3485|2875|9411|165048|3485|2875|1|2|3732|52|137.28|12.35|149.63|97.77|106.60|57.65|70.87|8.76|216.72
2452459|59463|1171|1297|16598|3739|3207|1297|16598|3739|3207|5|3|3732|21|22.26|0.00|22.26|76.19|207.06|15.58|6.34|0.34|283.25
2451302|74104|1651|906|70509|6912|3915|906|70509|6912|3915|2|1|3734|13|502.58|45.23|547.81|92.66|381.29|407.08|56.34|39.16|519.18
2451376|73414|1250|5610|44254|2898|2542|5610|44254|2898|2542|4|3|3734|38|0.00|0.00|0.00|39.60|245.86|0.00|0.00|0.00|285.46
2452104|80152|1321|4618|78691|1451|4844|4618|78691|1451|4844|2|2|3735|8|144.32|5.77|150.09|28.98|53.68|56.28|37.85|50.19|88.43
2451103|71470|1321|4641|100546|691|4716|4641|100546|691|4716|1|3|3736|32|6.72|0.33|7.05|50.23|57.92|5.77|0.64|0.31|108.48
2451875|41387|182|3660|108633|4886|1699|3660|108633|4886|1699|5|3|3737|26|155.74|12.45|168.19|82.34|43.42|147.95|2.25|5.54|138.21
2451624|84345|1663|4702|113017|6132|3247|4702|113017|6132|3247|4|1|3739|6|79.86|6.38|86.24|73.79|287.64|19.96|53.31|6.59|367.81
2451581|70740|715|2661|131422|3863|4064|2661|131422|3863|4064|2|3|3739|9|148.59|11.88|160.47|86.59|152.55|141.16|0.07|7.36|251.02
2451703|68720|1060|9958|93596|2434|2472|9958|93596|2434|2472|1|2|3740|63|6998.04|279.92|7277.96|0.86|3271.59|5178.54|254.73|1564.77|3552.37
2451846|29453|458|5239|14657|4635|3086|5239|14657|4635|3086|2|1|3741|35|848.75|50.92|899.67|86.59|445.90|314.03|283.40|251.32|583.41
2451937|70645|1466|6735|145466|3717|361|6735|145466|3717|361|5|2|3741|3|107.34|6.44|113.78|64.58|15.51|37.56|42.56|27.22|86.53
2451724|29875|415|3732|57270|1255|2240|3732|57270|1255|2240|2|2|3742|73|2181.97|152.73|2334.70|33.55|5391.78|1287.36|71.56|823.05|5578.06
2452069|45447|275|7643|98589|928|2794|7643|98589|928|2794|5|2|3743|26|2438.02|0.00|2438.02|20.32|1194.18|1072.72|546.12|819.18|1214.50
2451836|78078|499|462|90108|1801|4447|462|90108|1801|4447|5|2|3743|12|967.92|0.00|967.92|54.59|465.12|725.94|41.13|200.85|519.71
||1311||||||51385||1145|1|3|3745|43||0.00|1109.40|93.97||676.73|||
2451138|17785|1160|7324|43522|4887|4645|7324|43522|4887|4645|2|2|3746|22|623.92|18.71|642.63|82.62|220.22|218.37|154.10|251.45|321.55
2451900|19126|1667|1311|60003|6615|67|1311|60003|6615|67|1|3|3747|20|2312.00|92.48|2404.48|68.64|1273.80|947.92|1309.51|54.57|1434.92
2452105|84559|537|182|76166|4950|734|182|76166|4950|734|1|1|3748|81|2289.87|183.18|2473.05|98.28|177.39|1259.42|61.82|968.63|458.85
2452586|64941|960|5636|45296|2603|2310|5636|45296|2603|2310|1|2|3750|15|66.90|1.33|68.23|81.83|10.50|30.10|12.14|24.66|93.66
|30799|1305|1200|90633||3812|1200|90633|2706|3812||2|3750||109.08|5.45|114.53||96.25|65.44|||
2451843|68195|815|6085|176070|2855|4640|6085|176070|2855|4640|5|1|3751|41|5404.62|270.23|5674.85|17.80|3409.15|1783.52|1484.65|2136.45|3697.18
2452256|79855|137|1998|12897|4083|2902|1998|12897|4083|2902|3|3|3752|9|485.19|14.55|499.74|24.48|173.25|174.66|220.47|90.06|212.28
2452219|56559|1415|8602|50437|3599|1474|8602|50437|3599|1474|1|1|3752|31|421.91|29.53|451.44|41.08|43.40|210.95|158.22|52.74|114.01
2452101|29547|225|1618|82504|3917|3843|1618|82504|3917|3843|3|2|3752|36|649.08|0.00|649.08|60.14|735.48|460.84|47.06|141.18|795.62
2451327|73814|1471|1184|105920|2107|2694|1184|105920|2107|2694|4|2|3753|14|809.62|16.19|825.81|22.04|53.34|518.15|215.68|75.79|91.57
2451288|33578|991|9505|148360|5808|2983|9505|148360|5808|2983|1|1|3753|15|1815.15|127.06|1942.21|71.86|717.60|163.36|1321.43|330.36|916.52
2451568|49995|1540|||3352||4772|112982|3352|3842|4|1|3754|59|9901.97|0.00|||||||2939.04
2451994|78954|722|6055|155482|1756|1030|6055|155482|1756|1030|5|2|3755|36|2222.28|200.00|2422.28|94.08|195.84|1377.81|50.66|793.81|489.92
||1697||28255||3835|1057|28255|1825||||3755||31.92|0.31|||18.60||8.22|2.32|
2452745|57961|57|7677|126184|404|2744|7677|126184|404|2744|6|1|3757|12|1507.92|105.55|1613.47|17.61|656.64|693.64|773.56|40.72|779.80
2452858|55998|1021|3584|36262|3260|98|3584|36262|3260|98|1|3|3757|5|4.65|0.09|4.74|99.96|19.45|2.37|1.23|1.05|119.50
2452909|39677|1104|1142|13056|2970|2684|1142|13056|2970|2684|1|1|3758|77|9521.05|666.47|10187.52|33.57|5067.37|8949.78|365.61|205.66|5767.41
2452762|48307|1447|8179|151490|5441|2672|8179|151490|5441|2672|3|2|3758|45|0.00|0.00|0.00|41.57|257.40|0.00|0.00|0.00|298.97
2452740|69919|66|6781|171428|1755|42|6781|171428|1755|42|6|2|3758|34|2499.68|124.98|2624.66|87.37|0.00|1774.77|347.95|376.96|212.35
2452283|26392|429|8192|141070|4028|4746|8192|141070|4028|4746|1|1|3759|6|373.92|22.43|396.35|52.93|79.56|48.60|178.92|146.40|154.92
2452657|2667|1794|5719|178790|2708|2579|5719|178790|2708|2579|6|3|3760|17|1047.20|52.36|1099.56|96.87|798.66|628.32|175.92|242.96|947.89
2452848|39708|795|9022|159193|451|3789|9022|159193|451|3789|3|1|3760|29|2579.55|180.56|2760.11|94.64|0.00|1083.41|927.60|568.54|275.20
2452671|64085|348|4946|187829|4792|2668|4946|187829|4792|2668|3|3|3760|38|1571.68|0.00|1571.68|72.00|1985.12|1241.62|29.70|300.36|2057.12
2452398|62351|999|7286|56816|6699|1829|7286|56816|6699|1829|3|1|3761|30|993.00|79.44|1072.44|70.04|586.80|9.93|403.05|580.02|736.28
2452750|41225|582|4899|10155|5058|1761|4899|10155|5058|1761|6|1|3762|10|185.40|11.12|196.52|35.09|119.60|124.21|53.84|7.35|165.81
2451280|29308|838|8644|84823|5722|2861|8644|84823|5722|2861|4|2|3764|34|2441.20|219.70|2660.90|9.63|502.52|146.47|734.31|1560.42|731.85
2451472|6651|445|6214|2150|3286|3422|6214|2150|3286|3422|4|3|3764|17|1202.24|60.11|1262.35|2.89|395.25|829.54|208.71|163.99|458.25
2451433|77708|781|6187|123591|1235|959|6187|123591|1235|959|1|3|3764|48|3035.04|30.35|3065.39|91.33|965.76|1699.62|1121.75|213.67|1087.44
2452855|14914|1081|4921|113017|186|3242|4921|113017|186|3242|1|1|3765|76|5509.24|0.00|5509.24|52.89|1236.52|4572.66|711.80|224.78|1289.41
2452345|64242|409|7307|123307|6220|1853|7307|123307|6220|1853|5|1|3766|6|675.24|13.50|688.74|21.65|470.58|182.31|295.75|197.18|505.73
2450966|51231|1021|8929|21764|7126|648|8929|21764|7126|648|4|3|3767|61|1496.33|134.66|1630.99|53.17|505.08|269.33|343.56|883.44|692.91
2451232|28317|1453|8985|177531|7037|3510|8985|177531|7037|3510|4|1|3767|8|131.76|9.22|140.98|56.07|107.04|94.86|18.08|18.82|172.33
2452492|79280|318|6122|5448|2774|500|6122|5448|2774|500|6|3|3769|10|401.60|24.09|425.69|4.58|24.10|329.31|52.77|19.52|52.77
2452874|17215|1404|409|173625|3961|3890|409|173625|3961|3890|6|1|3770|29|399.91|0.00|399.91|19.94|966.57|127.97|155.00|116.94|986.51
2452819|17763|1795|2427|68359|4531|1983|2427|68359|4531|1983|6|2|3770|10|81.70|0.81|82.51|74.63|16.30|80.06|1.37|0.27|91.74
2451696|79125|266|4796|122805|5614|3870|4796|122805|5614|3870|2|3|3772|16|116.64|3.49|120.13|20.78|159.52|37.32|7.13|72.19|183.79
2452358|37995|167|9203|3855|5989|923|9203|3855|5989|923|5|3|3773|27|2596.86|129.84|2726.70|27.53|245.97|2570.89|19.47|6.50|403.34
2452318|72945|889|3715|146671|1627|1536|3715|146671|1627|1536|5|2|3773|22|1536.48|0.00|1536.48|29.90|1033.12|676.05|430.21|430.22|1063.02
2452053|67638|143|8979|112729|1712|4102|8979|112729|1712|4102|1|1|3774|21|167.79|11.74|179.53|34.58|263.97|43.62|72.01|52.16|310.29
2451876|2973|997|2197|118697|5404|1631|2197|118697|5404|1631|5|3|3774|1|47.63|0.95|48.58|39.40|12.12|16.67|7.74|23.22|52.47
2452746|76051|393|5506|90624|1215|4693|5506|90624|1215|4693|1|3|3775|72|3520.80|140.83|3661.63|47.45|1251.36|1443.52|166.18|1911.10|1439.64
2451912|46698|1565|6677|103787|3457|2647|6677|103787|3457|2647|5|1|3776|6|156.78|10.97|167.75|95.80|555.90|100.33|2.82|53.63|662.67
2452258|78028|1233|874||2666|||188650|2666|1315||3|3778|||15.04||||||125.36|
2452013||77||116561|||||4202|4203|1||3779||27.36|1.36|||11.68|||10.60|
2451886|14307|1022|4871|157360|6009|4178|4871|157360|6009|4178|1|1|3781|31|2072.35|124.34|2196.69|8.82|1105.15|145.06|404.73|1522.56|1238.31
2451818|77286|1616|6015|173209|2530|764|6015|173209|2530|764|2|2|3781|8|36.00|0.36|36.36|17.23|16.32|34.92|0.56|0.52|33.91
2451791|31996|865|1537|92073|3649|1952|1537|92073|3649|1952|1|2|3782|2|75.84|6.06|81.90|91.30|102.10|75.08|0.36|0.40|199.46
2451627|74520|400|3232|129292|6952|412|3232|129292|6952|412|1|3|3783|27|939.87|0.00|939.87|93.08|325.35|338.35|132.33|469.19|418.43
2451390|67546|529|5523|136907|2084|3341|5523|136907|2084|3341|2|2|3784|7|144.48|8.66|153.14|85.09|65.66|39.00|6.32|99.16|159.41
||175||63172|1456|3373||||3373|2|1|3784|42|93.66|||31.76|||48.40|15.29|3609.70
2452870|21354|318|9363|44554|3698|4089|9363|44554|3698|4089|6|1|3786|42|219.24|17.53|236.77|6.42|27.30|46.04|154.14|19.06|51.25
2452713|16066|1705|3275|171659|4156|820|3275|171659|4156|820|3|1|3786|69|1643.58|16.43|1660.01|85.91|282.90|147.92|613.22|882.44|385.24
2451277|74179|901|2610|23795|5768|4414|2610|23795|5768|4414|1|2|3787|5|85.60|0.85|86.45|14.96|0.00|65.05|14.38|6.17|15.81
2451460|69739|1130|2660|179916|1492|708|2660|179916|1492|708|1|1|3787|19|692.36|27.69|720.05|94.24|77.90|560.81|5.26|126.29|199.83
2451405|62059|1712|3362|139595|3028|261|3362|139595|3028|261|1|3|3789|29|135.43|6.77|142.20|33.95|63.51|52.81|52.87|29.75|104.23
2452667|74512|259|9337|181980|2703|1786|9337|181980|2703|1786|3|1|3794|71|2854.91|114.19|2969.10|61.43|3643.01|742.27|1056.32|1056.32|3818.63
2452640|75151|1050|2596|190927|4105|836|2596|190927|4105|836|1|2|3794|8|160.80|4.82|165.62|59.52|34.40|110.95|48.35|1.50|98.74
||171||101070||||101070|1167|2791|||3794|27||||86.95||865.46|218.77||
2451484|63387|142|3293|134445|3950|4455|3293|134445|3950|4455|2|2|3795|20|1239.20|12.39|1251.59|77.40|68.80|780.69|160.47|298.04|158.59
2452329|66269|287||163070|4498||889|163070|4498|1479|||3796||||||||||
2452410|30981|685|5513|131515|1677|1159|5513|131515|1677|1159|1|3|3796|60|7005.00|560.40|7565.40|74.09|516.00|6584.70|21.01|399.29|1150.49
2452663|81890|1033|8917|63980|6963|339|8917|63980|6963|339|1|3|3797|15|21.75|0.65|22.40|45.85|174.15|16.31|4.62|0.82|220.65
2451787|21741|607|1442|150522|882|4402|1442|150522|882|4402|4|1|3801|40|564.40|22.57|586.97|7.54|109.60|90.30|440.91|33.19|139.71
2451161|46403|1747|1660|92572|4237|4302|1660|92572|4237|4302|4|1|3802|1|137.62|4.12|141.74|54.42|13.03|103.21|24.77|9.64|71.57
2451668|70771|136|2273|117668|903|865|2273|117668|903|865|1|1|3804|34|7390.24|0.00|7390.24|44.30|663.00|812.92|2433.60|4143.72|707.30
2451607|59537|1162|3031|85906||||85906|||1|2|3806||1714.20|34.28||96.41|792.80||139.88|134.40|923.49
2451501|26638|607|3792|135169|5186|2083|3792|135169|5186|2083|1|1|3806|6|82.32|6.58|88.90|32.99|108.06|57.62|6.42|18.28|147.63
2451833|8352|1321|3863|148754|3565|3616|3863|148754|3565|3616|1|1|3807|10|439.40|26.36|465.76|77.25|505.30|404.24|21.44|13.72|608.91
2452884|73394|1657|4249|143954|1932|997|4249|143954|1932|997|6|3|3808|28|57.40|1.72|59.12|11.53|28.56|9.18|11.09|37.13|41.81
2452717|6644|1533|9905|19958|2938|2878|9905|19958|2938|2878|1|2|3808|46|272.32|13.61|285.93|51.69|1566.76|133.43|15.27|123.62|1632.06
2452806|82052|163|2519|146629|3779|4562|2519|146629|3779|4562|3|1|3808|1|9.81|0.88|10.69|28.01|10.90|5.19|2.26|2.36|39.79
2452835|41869|967|8873|131603|1246|2856|8873|131603|1246|2856|3|3|3808|10|578.30|46.26|624.56|98.30|107.30|237.10|156.95|184.25|251.86
2451688|18355|874|6721|166993|1138|1570|6721|166993|1138|1570|1|2|3810|10|708.80|56.70|765.50|21.40|209.40|85.05|37.42|586.33|287.50
2451183|5170|1156|7357|26540|4090|480|7357|26540|4090|480|4|3|3813|39|7171.32|0.00|7171.32|14.06|1812.33|5665.34|722.87|783.11|1826.39
2451269|70662|1618|3402|180|5118|929|3402|180|5118|929|1|3|3813|4|48.56|4.37|52.93|16.34|18.72|24.76|23.32|0.48|39.43
2452060|47851|841|624|158315|2406|3850|624|158315|2406|3850|5|3|3814|24|1083.60|21.67|1105.27|82.97|378.48|660.99|4.22|418.39|483.12
2452281|48640|375|6375|121751|647|1583|6375|121751|647|1583|1|2|3816|31|1153.82|34.61|1188.43|52.03|507.47|380.76|92.76|680.30|594.11
2452713|73893|1653|1069|82105|6901|4064|1069|82105|6901|4064|1|3|3818|36|2612.16|130.60|2742.76|8.02|2612.16|2350.94|62.69|198.53|2750.78
2452733|43182|12|5957|60678|1926|87|5957|60678|1926|87|6|3|3818|22|216.92|0.00|216.92|36.37|19.58|147.50|31.23|38.19|55.95
2452765|40170|859|1369|157195|1708|2901|1369|157195|1708|2901|3|1|3819|54|918.54|27.55|946.09|49.15|1049.76|468.45|153.03|297.06|1126.46
2451478|52178|1646|9165|16897|4022|1074|9165|16897|4022|1074|1|1|3822|22|2410.54|168.73|2579.27|42.02|125.18|0.00|771.37|1639.17|335.93
2451600|46035|1640|7840|116246|2172|4385|7840|116246|2172|4385|1|2|3823|70|946.40|18.92|965.32|96.72|1537.90|671.94|142.71|131.75|1653.54
2451439|69888|1525|6700|23285|4830|1095|6700|23285|4830|1095|2|1|3823|43|463.54|9.27|472.81|20.61|1053.93|23.17|383.12|57.25|1083.81
2450991|71599|217|1078|67134|3223|919|1078|67134|3223|919|2|3|3825|20|651.20|19.53|670.73|55.92|249.00|573.05|60.95|17.20|324.45
2450905|41350|902|4900|36194|6161|2215|4900|36194|6161|2215|1|3|3825|3|64.11|1.92|66.03|36.44|23.19|61.54|1.59|0.98|61.55
2451941|68179|1607|4505|157563|1261|239|4505|157563|1261|239|1|2|3826|5|357.55|3.57|361.12|98.54|102.15|214.53|30.03|112.99|204.26
2451801|29848|931|4058|96669|5633|44|4058|96669|5633|44|5|3|3826|43|1505.86|45.17|1551.03|12.71|340.56|677.63|240.18|588.05|398.44
||1693||6682|6287|2525||6682|6287|2525||2|3827|40|3126.80|156.34|3283.14|96.54|2594.40||95.36||2847.28
2452409|76446|1653|||||||||||3827|10|||||151.60|115.62|223.63||173.49
2450978|38436|1597|7252|154308|4164|1420|7252|154308|4164|1420|2|3|3828|24|1085.04|32.55|1117.59|17.23|165.12|86.80|758.66|239.58|214.90
2452806|21868|609|8065|111396|5527|658|8065|111396|5527|658|6|1|3831|47|1897.86|0.00|1897.86|92.09|1897.86|1157.69|81.41|658.76|1989.95
2452648|43734|301|4171|162007|5683|3639|4171|162007|5683|3639|3|1|3831|6|200.64|0.00|200.64|13.05|118.14|112.35|7.94|80.35|131.19
2452716|27301|129|6828|71928|788|4968|6828|71928|788|4968|1|2|3835|36|3054.60|122.18|3176.78|22.65|220.32|1588.39|1290.26|175.95|365.15
2452294|29014|213|8012|168063|2241|4779|8012|168063|2241|4779|3|1|3836|9|324.72|6.49|331.21|44.06|0.00|198.07|126.65|0.00|50.55
2452481|64612|671|7025|170553|1441|49|7025|170553|1441|49|5|2|3836|8|1042.64|10.42|1053.06|52.96|761.92|927.94|91.76|22.94|825.30
2452381|64108|95|8173|64964|778|1705|8173|64964|778|1705|1|2|3836|5|106.85|2.13|108.98|21.80|187.05|10.68|77.89|18.28|210.98
2452833|81984|1255|2097|20423|109|3915|2097|20423|109|3915|3|3|3838|29|161.82|12.94|174.76|27.91|46.11|119.74|17.67|24.41|86.96
2452870|27907|213|6566|149867|3295|4036|6566|149867|3295|4036|1|3|3838|53|3646.40|72.92|3719.32|28.45|3134.42|2005.52|951.71|689.17|3235.79
2452386|44226|1765|8396|42589|3629|1469|8396|42589|3629|1469|3|3|3839|7|284.13|2.84|286.97|44.67|187.11|22.73|5.22|256.18|234.62
2452259|36458|1053|1760|91938|5636|4774|1760|91938|5636|4774|1|2|3840|23|4572.17|0.00|4572.17|65.30|101.43|274.33|300.84|3997.00|166.73
2452367|43877|85|9617|92307|4597|2687|9617|92307|4597|2687|5|3|3840|8|309.44|9.28|318.72|78.25|226.88|182.56|46.94|79.94|314.41
2451520|67021|1376|8638|2725|1085|1532|8638|2725|1085|1532|2|2|3841|5|805.30|8.05|813.35|76.32|260.05|330.17|270.82|204.31|344.42
|54388|1767||107505||2780||107505|499||1|1|3842|||||35.38|||||
2452420|72688|1297|2656|24955|2727|386|2656|24955|2727|386|5|1|3842|19|1124.61|33.73|1158.34|30.19|339.53|67.47|211.42|845.72|403.45
2452302|7665|553|6826|143981|1056|4924|6826|143981|1056|4924|1|3|3842|7|163.17|6.52|169.69|20.84|125.51|1.63|22.61|138.93|152.87
2451253|65677|1078|5559|113699|5599|1572|5559|113699|5599|1572|1|2|3844|7|77.98|1.55|79.53|4.95|70.14|13.25|54.37|10.36|76.64
2452826|57288|469|3433|124178|3323|868|3433|124178|3323|868|1|2|3845|17|175.61|1.75|177.36|77.55|75.48|54.43|78.76|42.42|154.78
2452916|45059|1680|2619|54502|4663|1431|2619|54502|4663|1431|6|1|3845|16|1165.28|58.26|1223.54|75.67|582.56|536.02|358.67|270.59|716.49
2452759|71594|1392|7835|47728|501|1787|7835|47728|501|1787|1|3|3845|68|2339.20|116.96|2456.16|50.90|389.64|1964.92|44.91|329.37|557.50
2451440|47391|1012|2023|14053|6836|3619|2023|14053|6836|3619|4|2|3846|43|3882.04|77.64|3959.68|31.56|1293.87|1746.91|555.13|1580.00|1403.07
2452034|64848|1609|5374|179300|4459|1425|5374|179300|4459|1425|2|3|3848|44|1453.32|43.59|1496.91|8.83|517.44|1191.72|57.55|204.05|569.86
2451858|21203|563|8965|93789|1813|4037|8965|93789|1813|4037|1|1|3848|26|2455.96|73.67|2529.63|29.76|1418.30|1940.20|165.04|350.72|1521.73
2451425|31051|919|2518|50749|4947|4338|2518|50749|4947|4338|4|3|3849|37|4716.76|188.67|4905.43|15.88|1394.90|1179.19|3360.69|176.88|1599.45
2451411|45505|268|4759|125029|2067|1072|4759|125029|2067|1072|4|2|3849|40|240.80|2.40|243.20|63.82|1619.20|101.13|96.37|43.30|1685.42
2451315|39740|1258|8788|113328|748|1775|8788|113328|748|1775|2|1|3849|5|281.60|25.34|306.94|3.48|46.90|140.80|30.97|109.83|75.72
2451707|35556|1634|1086|108818|6697|929|1086|108818|6697|929|1|3|3852|7|9.87|0.59|10.46|56.36|0.00|8.58|1.18|0.11|56.95
2451698|46711|1328|9799|96012|1792|2012|9799|96012|1792|2012|2|3|3855|1|72.66|6.53|79.19|28.30|22.55|62.48|7.94|2.24|57.38
2451767|13789|1715|5404|141204|1244|3364|5404|141204|1244|3364|2|3|3856|55|926.75|64.87|991.62|14.58|38.50|685.79|161.44|79.52|117.95
2451799|26801|830|1473|44887|1134|3788|1473|44887|1134|3788|2|3|3857|33|3641.88|254.93|3896.81|29.89|450.12|182.09|934.14|2525.65|734.94
2452575|72650|966|4851|96259|340|4308|4851|96259|340|4308|1|2|3858|1|42.87|2.14|45.01|16.13|17.80|27.86|13.80|1.21|36.07
2451331|28798|410|7656|71804|5185|773|7656|71804|5185|773|1|1|3859|15|182.25|0.00|182.25|80.38|195.15|14.58|78.80|88.87|275.53
2452702|40820|1494|4049|189205|2121|4|4049|189205|2121|4|3|2|3860|18|90.90|8.18|99.08|8.89|102.96|37.26|32.72|20.92|120.03
2452694|48193|1137|7882|38253|5857|1068|7882|38253|5857|1068|3|1|3860|26|390.26|0.00|390.26|93.64|218.14|343.42|28.10|18.74|311.78
2451655|75732|1018|1989|25254|4552|257|1989|25254|4552|257|4|1|3861|81|5789.88|57.89|5847.77|6.82|2519.91|2837.04|1122.07|1830.77|2584.62
2451301|62808|1366|68|181723|3218|40|68|181723|3218|40|1|3|3862|14|501.20|10.02|511.22|38.87|56.42|20.04|149.15|332.01|105.31
2451150|63657|535|7820|176320|4533|4466|7820|176320|4533|4466|4|3|3863|7|97.58|5.85|103.43|77.23|16.87|94.65|0.76|2.17|99.95
2451495|51114|1408|5789|121454|4719|4984|5789|121454|4719|4984|1|1|3865|8|526.32|5.26|531.58|77.27|165.92|515.79|1.89|8.64|248.45
2451083|70744|460|6725|185070|488|2993|6725|185070|488|2993|2|1|3866|31|478.64|14.35|492.99|37.88|1871.16|62.22|16.65|399.77|1923.39
2451109|33269|1597|1932|165226|4440|694|1932|165226|4440|694|1|2|3866|26|1549.08|61.96|1611.04|87.80|694.20|743.55|563.87|241.66|843.96
2451044|68904|1213|3691|90692|4973|1967|3691|90692|4973|1967|4|1|3866|48|1868.16|37.36|1905.52|33.53|953.76|523.08|712.89|632.19|1024.65
2451619|71939|622|129|57456|6590|1244|129|57456|6590|1244|2|1|3867|26|1786.46|125.05|1911.51|46.20|893.10|982.55|643.12|160.79|1064.35
2452852|70359|1005|1107|4139|4051|1523|1107|4139|4051|1523|6|3|3871|6|91.44|0.91|92.35|16.51|179.28|59.43|15.04|16.97|196.70
2451826|43531|1466|104|170955|2413|191|104|170955|2413|191|5|1|3872|37|1046.36|10.46|1056.82|91.85|313.76|617.35|283.14|145.87|416.07
2451598|42741|1624|2813|182563|2473|1950|2813|182563|2473|1950|2|1|3873|17|7.82|0.46|8.28|72.53|293.59|2.03|0.63|5.16|366.58
2452465|68807|1087|5120|156985|3730|2435|5120|156985|3730|2435|1|2|3874|22|216.92|2.16|219.08|66.23|149.16|80.26|1.36|135.30|217.55
2451188|60258|1418|5770|188302|4627|4479|5770|188302|4627|4479|1|1|3875|3|16.68|1.16|17.84|5.04|100.20|15.34|0.04|1.30|106.40
2451212|67000|856|2759|140645|3444|3763|2759|140645|3444|3763|1|3|3875|48|5017.92|301.07|5318.99|22.42|1797.12|2910.39|1222.36|885.17|2120.61
2451401|15952|1213|8064|96216|3295|4087|8064|96216|3295|4087|2|1|3875|27|129.33|3.87|133.20|11.43|434.97|91.82|36.75|0.76|450.27
2451256|43655|1400|3576|36193|937|2194|3576|36193|937|2194|2|3|3876|5|393.55|7.87|401.42|40.55|168.65|125.93|13.38|254.24|217.07
2451267|66863|178|8454|74877|2740|2083|8454|74877|2740|2083|2|2|3876|75|10375.50|207.51|10583.01|72.67|1586.25|8819.17|1494.07|62.26|1866.43
2451318|69166|508|550|174083|1376|2189|550|174083|1376|2189|1|3|3876|28|1585.08|142.65|1727.73|64.52|498.96|1030.30|66.57|488.21|706.13
2451256|43593|734|3201|101910|2092|1961|3201|101910|2092|1961|4|3|3876|72|5834.88|525.13|6360.01|38.95|2100.24|5601.48|168.04|65.36|2664.32
2452381|39208|1452|7044|153240|3516|4599|7044|153240|3516|4599|6|1|3877|23|3216.32|32.16|3248.48|86.37|233.91|739.75|866.79|1609.78|352.44
2452351|66711|576|3060|172119|218|3597|3060|172119|218|3597|6|2|3877|37|2751.69|165.10|2916.79|97.86|725.94|2118.80|537.95|94.94|988.90
2451671|73353|926|1244|119396|4875|3314|1244|119396|4875|3314|2|1|3878|1|6.69|0.00|6.69|58.20|3.16|4.41|0.95|1.33|61.36
2452750|36388|549|3364|2757|870|23|3364|2757|870|23|1|2|3879|7|0.00|0.00|0.00|2.14|344.75|0.00|0.00|0.00|346.89
2452822|83208|312|4647|80927|440|3960|4647|80927|440|3960|6|2|3879|9|76.59|1.53|78.12|45.64|613.17|57.44|2.48|16.67|660.34
2452452|13616|1633|3277|47467|7017|3640|3277|47467|7017|3640|1|3|3880|43|2070.45|103.52|2173.97|70.51|431.29|828.18|645.98|596.29|605.32
2452015|47965|971|1511|75306|3694|3962|1511|75306|3694|3962|5|1|3881|30|328.20|9.84|338.04|37.43|129.30|91.89|61.44|174.87|176.57
2451273|74952|1138|1625|68211|6444|4430|1625|68211|6444|4430|1|3|3882|42|3476.76|278.14|3754.90|58.68|2607.36|1321.16|1746.03|409.57|2944.18
|42193|1153||43482|2514|1259|||||||3882|8|||716.60|82.22||||508.87|243.06
2452632|77830|1681|2685|89678|1391|3344|2685|89678|1391|3344|1|2|3883|59|3493.39|209.60|3702.99|96.59|4845.67|1257.62|335.36|1900.41|5151.86
2452848|68259|391|7938|157587|3909|318|7938|157587|3909|318|1|2|3884|33|3495.03|34.95|3529.98|77.71|1476.75|2446.52|608.13|440.38|1589.41
2452793|59720|1627|2851|96690|2802|2001|2851|96690|2802|2001|1|3|3884|29|1575.86|94.55|1670.41|9.70|477.34|204.86|1329.87|41.13|581.59
2452131|50196|67|2463|33920|1330|3387|2463|33920|1330|3387|1|3|3885|55|7153.30|214.59|7367.89|17.58|510.95|4005.84|1919.95|1227.51|743.12
2452149|37715|677|1603|141565|3574|2736|1603|141565|3574|2736|5|1|3885|6|496.14|19.84|515.98|43.87|280.80|357.22|130.58|8.34|344.51
2452155|54253|77|247|80724|721|2711|247|80724|721|2711|2|3|3886|40|1957.20|19.57|1976.77|41.19|886.80|391.44|31.31|1534.45|947.56
2451682|63636|152|4126|87551|1136|4041|4126|87551|1136|4041|1|1|3888|1|68.69|0.68|69.37|30.18|20.69|33.65|30.83|4.21|51.55
2451945|82601|1517|1672|132343|6134|1318|1672|132343|6134|1318|2|3|3888|10|990.00|59.40|1049.40|67.62|270.00|415.80|189.48|384.72|397.02
2452147|64006|325|5204|144018|3952|2526|5204|144018|3952|2526|5|1|3889|82|1389.90|0.00|1389.90|92.89|1157.84|333.57|792.24|264.09|1250.73
2451181|56145|920|1072|91243|1861|2279|1072|91243|1861|2279|2|1|3890|25|1387.50|83.25|1470.75|5.88|157.50|471.75|9.15|906.60|246.63
2452255|62148|457|8604|147622|4480|1418|8604|147622|4480|1418|5|1|3891|1|13.80|0.41|14.21|27.78|14.72|12.28|0.41|1.11|42.91
2451669|44361|1615|7586|71175|2364|1553|7586|71175|2364|1553|4|1|3892|13|1560.78|140.47|1701.25|16.91|373.23|265.33|388.63|906.82|530.61
2452431|68287|551|4467|992|430|588|4467|992|430|588|1|3|3893|10|54.80|3.83|58.63|85.20|32.70|9.31|30.93|14.56|121.73
2452491|62666|1737|6828|42929|3510|1298|6828|42929|3510|1298|5|3|3895|14|34.30|0.34|34.64|52.55|515.20|4.11|2.11|28.08|568.09
2452567|31983|1577|5970|60952|5101|43|5970|60952|5101|43|3|2|3896|26|67.08|4.02|71.10|7.00|40.30|36.89|24.75|5.44|51.32
2452520|72954|691|4861|13489|3637|2625|4861|13489|3637|2625|1|1|3896|42|4410.84|0.00|4410.84|56.94|2425.92|1587.90|2399.49|423.45|2482.86
2451313|81359|1520|5707|167026|6218|4297|5707|167026|6218|4297|2|3|3897|8|559.68|16.79|576.47|19.50|45.20|39.17|93.69|426.82|81.49
2451776|71572|1381|3910|860|6690|3080|3910|860|6690|3080|2|2|3898|21|53.97|1.61|55.58|4.64|0.00|9.71|24.78|19.48|6.25
2452108|58164|1081|6548|93562|1903|757|6548|93562|1903|757|2|1|3899|29|269.70|10.78|280.48|63.41|449.79|110.57|93.88|65.25|523.98
2451979|57260|368|2097|71632|5807|1062|2097|71632|5807|1062|1|3|3899|1|0.65|0.03|0.68|8.83|5.07|0.11|0.16|0.38|13.93
2452753|29899|1651|6220|36129|1685|794|6220|36129|1685|794|6|2|3900|11|849.86|0.00|849.86|75.07|77.22|399.43|184.67|265.76|152.29
2452757|31195|90|8698|5840|4535|2030|8698|5840|4535|2030|3|3|3900|4|147.16|0.00|147.16|33.54|14.88|88.29|38.26|20.61|48.42
2452668|20246|633|6181|176862|1063|2857|6181|176862|1063|2857|1|1|3900|44|3260.40|228.22|3488.62|65.27|802.56|1304.16|39.12|1917.12|1096.05
2451172|59160|1081|3294|125712|1010|1621|3294|125712|1010|1621|2|1|3902|24|266.40|5.32|271.72|9.76|999.12|266.40|0.00|0.00|1014.20
2451781|77411|1387|8553|30515|6990|232|8553|30515|6990|232|1|1|3903|7|330.33|13.21|343.54|24.29|39.06|118.91|38.05|173.37|76.56
2451109|45406|494|8444|181396|2508|3940|8444|181396|2508|3940|1|1|3905|26|4001.40|280.09|4281.49|76.29|42.38|3121.09|457.76|422.55|398.76
2452120|43397|629|9402|47958|2641|837|9402|47958|2641|837|3|2|3907|22|1017.72|50.88|1068.60|37.78|98.78|386.73|498.48|132.51|187.44
2452061|9446|68|5129|130833|6857|1121|5129|130833|6857|1121|2|2|3908|3|231.48|9.25|240.73|16.71|39.66|201.38|6.02|24.08|65.62
2452022|72739|823|4012|164536|3140|4457|4012|164536|3140|4457|5|3|3908|31|130.82|1.30|132.12|26.22|1276.89|73.25|29.93|27.64|1304.41
2451969|35446|290|8224|88655|4126|3077|8224|88655|4126|3077|5|2|3908|28|4621.68|231.08|4852.76|2.84|1623.72|4205.72|357.72|58.24|1857.64
2452570|78380|1194|8273|70017|848|2112|8273|70017|848|2112|1|1|3910|12|22.08|1.76|23.84|77.62|12.36|18.54|2.65|0.89|91.74
2452588|13126|1207|5266|96770|6081|3065|5266|96770|6081|3065|6|3|3910|71|2568.07|179.76|2747.83|80.67|1965.99|1926.05|487.93|154.09|2226.42
2452702|47018|859|600|191051|2702|1353|600|191051|2702|1353|1|1|3910|41|252.15|5.04|257.19|12.38|72.98|156.33|7.66|88.16|90.40
2452720|41195|513|6681|45069|2017|4085|6681|45069|2017|4085|3|2|3910|17|820.08|32.80|852.88|16.16|163.88|803.67|14.76|1.65|212.84
2452646|48150|1548|5074|181353|6465|2584|5074|181353|6465|2584|6|2|3910|9|936.27|28.08|964.35|51.82|198.00|234.06|505.59|196.62|277.90
2451738|49243|557|2191|121516|1274|1992|2191|121516|1274|1992|1|1|3911|11|1046.43|62.78|1109.21|18.85|367.29|62.78|855.77|127.88|448.92
2451151|32897|91|1170|129309|1815|3361|1170|129309|1815|3361|2|1|3912|28|0.00|0.00|0.00|67.58|619.36|0.00|0.00|0.00|686.94
2451136|64483|931|6036|57940|1684|1955|6036|57940|1684|1955|4|3|3912|5|249.65|2.49|252.14|41.76|34.20|74.89|122.33|52.43|78.45
2451219|7250|700|6245|140409|5886|2330|6245|140409|5886|2330|2|2|3912|5|9.60|0.86|10.46|39.66|18.05|1.82|7.39|0.39|58.57
2452646|69616|873|5163|119194|6538|2049|5163|119194|6538|2049|6|1|3914|25|87.75|0.87|88.62|46.29|35.50|17.55|58.26|11.94|82.66
2452862|57852|216|3392|65585|4785|1058|3392|65585|4785|1058|1|3|3914|4|43.52|1.74|45.26|74.28|6.96|40.47|1.43|1.62|82.98
2451451|34579|550|3575|2472|1496|1433|3575|2472|1496|1433|4|3|3916|1|6.32|0.44|6.76|19.07|55.31|5.24|0.17|0.91|74.82
2452152|78872|555|9675|61182|722|2069|9675|61182|722|2069|3|2|3917|57|2779.32|166.75|2946.07|19.41|2223.00|2529.18|97.55|152.59|2409.16
2451512|42256|529|3018|81026|2154|3522|3018|81026|2154|3522|4|2|3918|11|283.58|22.68|306.26|86.54|67.98|241.04|8.50|34.04|177.20
2451413|24752|1675|963|92968|6766|3644|963|92968|6766|3644|1|3|3918|47|6970.57|69.70|7040.27|86.37|3109.99|2788.22|1212.88|2969.47|3266.06
2451339|43999|100|2217|166007|5990|3900|2217|166007|5990|3900|2|3|3919|7|0.00|0.00|0.00|17.65|168.42|0.00|0.00|0.00|186.07
2451445|66015|1699|7871|95213|1722|3824|7871|95213|1722|3824|4|2|3919|6|26.64|2.13|28.77|98.93|69.30|2.66|14.14|9.84|170.36
2451313|70761|1540|8862|113578|1767|4043|8862|113578|1767|4043|4|2|3919|33|406.23|16.24|422.47|17.17|1045.11|113.74|55.57|236.92|1078.52
2451487|71103|934|3270|34729|5948|2287|3270|34729|5948|2287|1|1|3919|28|1099.00|87.92|1186.92|23.91|653.52|43.96|116.05|938.99|765.35
2452098|74115|187|5106|129855|5771|327|5106|129855|5771|327|2|1|3920|37|132.46|2.64|135.10|42.02|410.33|3.97|122.06|6.43|454.99
2451940|62968|427|3164|17260|1931|1922|3164|17260|1931|1922|1|2|3920|18|343.44|10.30|353.74|91.87|102.06|0.00|3.43|340.01|204.23
2452145|72291|183|8303|150659|4808|2684|8303|150659|4808|2684|5|3|3921|58|3498.56|0.00|3498.56|15.56|632.20|699.71|2127.12|671.73|647.76
2452264|57445|1751|4330|22001|4265|4656|4330|22001|4265|4656|3|2|3921|1|54.75|2.19|56.94|32.76|17.82|4.38|30.22|20.15|52.77
2451433|71420|842|699|187872|5285|2578|699|187872|5285|2578|1|2|3922|23|2182.93|109.14|2292.07|91.98|641.93|1942.80|103.25|136.88|843.05
2451331|79136|1591|5050|127706|122|11|5050|127706|122|11|4|3|3923|16|161.92|3.23|165.15|6.45|503.68|27.52|72.57|61.83|513.36
2451653|47671|1618|2428|120820|1805|3117|2428|120820|1805|3117|4|3|3924|9|316.08|0.00|316.08|27.35|237.06|221.25|43.62|51.21|264.41
2451725|70360|259|3143|84775|920|4832|3143|84775|920|4832|1|2|3924|9|839.43|50.36|889.79|96.80|663.75|461.68|283.31|94.44|810.91
2451645|67213|367|9548|122819|4923|2834|9548|122819|4923|2834|4|2|3924|12|4.20|0.21|4.41|22.19|52.80|1.30|0.87|2.03|75.20
||681|||||||3291||3||3925|19|290.70||316.86|||||53.03|
2452840|82744|672|9962|66275|4348|2894|9962|66275|4348|2894|3|3|3925|11|525.58|10.51|536.09|94.98|345.73|488.78|36.80|0.00|451.22
2451619|47937|440|8833|47670|507|97|8833|47670|507|97|4|3|3927|1|13.86|0.00|13.86|40.09|17.64|6.51|2.20|5.15|57.73
2451683|41459|392|8617|84668|6239|1003|8617|84668|6239|1003|2|3|3927|1|16.76|1.34|18.10|76.53|19.85|8.38|1.50|6.88|97.72
2452764|32017|1675|1494|189853|1139|3538|1494|189853|1139|3538|1|2|3928|9|35.64|2.13|37.77|81.44|142.83|0.71|14.32|20.61|226.40
2452293||1465|8986|56261||4564|8986||3489|4564||1|3930||771.54|30.86|802.40|92.51|||79.16|129.16|277.51
||1675|7432|183770|5181|1432|7432|183770|5181||1|1|3930|||5.12||30.68||17.30|32.27||
2452152|40703|1375|9463|166547|1391|3555|9463|166547|1391|3555|1|1|3930|20|671.40|0.00|671.40|93.07|735.40|208.13|264.06|199.21|828.47
2452107|40284|1239|1943|117176|6649|1402|1943|117176|6649|1402|1|2|3930|27|3357.72|134.30|3492.02|55.08|1478.79|1141.62|952.92|1263.18|1668.17
2451217|45052|686|6531|156032|2046|1627|6531|156032|2046|1627|1|3|3931|44|261.80|13.09|274.89|33.34|51.48|219.91|26.80|15.09|97.91
2452090|17072|1625|9405|129188|5258|8|9405|129188|5258|8|1|3|3932|16|68.48|6.16|74.64|38.17|662.24|29.44|14.05|24.99|706.57
2452767|68928|924|9975|163578|541|2624|9975|163578|541|2624|3|1|3933|63|7789.32|467.35|8256.67|66.88|4816.98|3738.87|1944.21|2106.24|5351.21
2451793||1765||137132|201||4576|||4437|1||3934|30|1334.70|106.77|1441.47||1581.90||74.47||1730.45
2452374|61838|533|4463|5797|204|2051|4463|5797|204|2051|3|2|3935|29|179.22|16.12|195.34|60.08|31.61|32.25|47.03|99.94|107.81
2452455|8561|1439|22|125177|4779|181|22|125177|4779|181|1|2|3939|11|387.64|0.00|387.64|19.26|202.18|3.87|360.74|23.03|221.44
2452333|35635|1001|4216|68848|967|1566|4216|68848|967|1566|1|1|3939|2|309.78|9.29|319.07|9.29|58.08|58.85|37.63|213.30|76.66
2451883|47739|1370|3352|47963|5821|3079|3352|47963|5821|3079|2|2|3940|4|193.24|15.45|208.69|50.42|171.76|1.93|91.82|99.49|237.63
2452805|32728|183|1125|72095|3645|3922|1125|72095|3645|3922|6|2|3941|27|4419.09|132.57|4551.66|67.26|1490.13|618.67|494.05|3306.37|1689.96
2451320|60336|526|9781|51388|2388|1115|9781|51388|2388|1115|2|1|3942|59|2279.17|113.95|2393.12|53.65|1066.13|1230.75|754.86|293.56|1233.73
2451157|50390|1316|5222|28947|4592|30|5222|28947|4592|30|1|2|3942|11|370.92|18.54|389.46|63.87|138.05|196.58|151.67|22.67|220.46
2451322|67480|1352|6201|94598|1508|3385|6201|94598|1508|3385|1|1|3942|24|2063.28|123.79|2187.07|79.16|426.72|412.65|412.65|1237.98|629.67
2451227|30729|1759|6140|93297|5334|731|6140|93297|5334|731|1|1|3942|11|500.83|0.00|500.83|61.24|309.54|350.58|120.20|30.05|370.78
2451161|62280|778|9984|73896|6928|4000|9984|73896|6928|4000|4|3|3942|34|1507.22|60.28|1567.50|79.55|122.06|663.17|75.96|768.09|261.89
||1315|8857|161332||||161332||3049|5|3|3943|38||42.57|||||||872.94
2452191|49995|1125|5090|26404|6518|2679|5090|26404|6518|2679|5|2|3948|51|1213.29|0.00|1213.29|68.96|1250.52|315.45|511.76|386.08|1319.48
2451144|58060|556|7014|69453|3525|4204|7014|69453|3525|4204|4|1|3950|69|115.23|1.15|116.38|56.85|577.53|56.46|51.71|7.06|635.53
2451068|50906|1294|5598|43953|3635|1030|5598|43953|3635|1030|1|3|3952|42|6605.76|528.46|7134.22|32.89|5414.64|6407.58|140.70|57.48|5975.99
2452432|16457|507|2480|80195|3590|3545|2480|80195|3590|3545|1|2|3953|3|20.67|0.62|21.29|26.27|41.37|8.88|4.83|6.96|68.26
2452808|13466|90|2951|178554|1917|2400|2951|178554|1917|2400|6|2|3954|12|367.44|33.06|400.50|9.17|966.96|84.51|101.85|181.08|1009.19
2452668|32348|633|4715|2200|3125|3130|4715|2200|3125|3130|6|1|3954|77|272.58|2.72|275.30|64.93|217.91|231.69|30.25|10.64|285.56
||706|||3715|4091|563|67179|3715|4091|4||3956|29||111.88||90.86|922.78|783.17||130.91|
2451917|70173|1364|2732|184659|106|2193|2732|184659|106|2193|5|2|3957|69|1902.33|152.18|2054.51|28.50|1397.25|494.60|1407.73|0.00|1577.93
2452846|35227|1333|7185|70557|3882|1454|7185|70557|3882|1454|1|3|3958|24|2435.52|219.19|2654.71|38.26|286.32|1217.76|304.44|913.32|543.77
2451944|56904|1403|8137|170429|6034|4759|8137|170429|6034|4759|2|2|3959|32|333.44|20.00|353.44|81.27|181.76|300.09|20.34|13.01|283.03
2451610|18933|1694|4782|37307|2265|830|4782|37307|2265|830|4|3|3961|17|594.49|29.72|624.21|90.68|1188.98|487.48|21.40|85.61|1309.38
2451750|54496|403|4328|140173|5218|4216|4328|140173|5218|4216|4|2|3961|14|568.12|5.68|573.80|64.59|54.74|392.00|142.65|33.47|125.01
2451769||1342|||1006||5172|48329||||3|3961|23|275.08|5.50|280.58||||16.83|123.47|
2452657|70331|732|2316|22317|5645|1733|2316|22317|5645|1733|6|3|3962|17|1420.69|0.00|1420.69|62.87|559.64|880.82|323.92|215.95|622.51
2452640|74410|1044|1558|138182|7126|310|1558|138182|7126|310|3|3|3962|43|235.64|21.20|256.84|35.09|1356.22|127.24|99.72|8.68|1412.51
2452536|62871|595|7512|191972|5152|4525|7512|191972|5152|4525|5|2|3963|9|580.59|52.25|632.84|53.88|210.42|168.37|362.75|49.47|316.55
2451680|58188|1088|9318|116508|3745|4782|9318|116508|3745|4782|1|1|3964|33|1982.64|99.13|2081.77|47.24|784.41|475.83|1446.53|60.28|930.78
2452411|16118|1401|9345|177369|6673|2584|9345|177369|6673|2584|5|2|3966|42|3911.04|234.66|4145.70|79.10|252.00|3519.93|15.64|375.47|565.76
2451235|79601|355|7426|112934|3402|990|7426|112934|3402|990|1|2|3967|6|204.30|0.00|204.30|94.58|79.20|181.82|17.98|4.50|173.78
2451293|39883|154|5799|7147|3902|930|5799|7147|3902|930|2|3|3967|3|60.06|2.40|62.46|31.00|20.01|22.22|16.27|21.57|53.41
2451387|29284|1591|5058|137801|3697|440|5058|137801|3697|440|4|2|3969|31|2951.20|59.02|3010.22|59.09|1209.93|206.58|2332.92|411.70|1328.04
2451301|48090|1096|8030|125638|5919|2287|8030|125638|5919|2287|2|1|3969|63|532.35|42.58|574.93|35.86|752.22|335.38|187.12|9.85|830.66
2451229|35053|1735|6293|132421|5189|2037|6293|132421|5189|2037|4|1|3969|51|915.96|0.00|915.96|11.57|753.27|73.27|682.57|160.12|764.84
2451878|56631|919|1618|36401|7071|1774|1618|36401|7071|1774|5|3|3970|24|856.08|0.00|856.08|88.88|261.60|821.83|19.52|14.73|350.48
2451915|47091|1316|3226|152853|3553|2093|3226|152853|3553|2093|1|3|3971|14|110.60|6.63|117.23|48.58|8.40|92.90|3.54|14.16|63.61
2451851|64643|373|5055|183072|301|1683|5055|183072|301|1683|5|1|3971|25|246.00|4.92|250.92|17.75|389.75|29.52|6.49|209.99|412.42
2451979|70986|1352|7389|51230|3358|166|7389|51230|3358|166|1|3|3971|11|97.24|0.97|98.21|36.71|84.81|39.86|41.31|16.07|122.49
2451099|36333|566|8258|174204|4997|2743|8258|174204|4997|2743|2|3|3972|23|2005.37|60.16|2065.53|90.86|1042.59|762.04|1243.33|0.00|1193.61
2452514|29807|1091|3649|140500|231|3169|3649|140500|231|3169|5|2|3973|23|258.29|7.74|266.03|27.56|1809.41|214.38|4.83|39.08|1844.71
2451252|22344|812|3429|126064|7023|3982|3429|126064|7023|3982|1|3|3974|49|166.11|9.96|176.07|36.87|2276.54|114.61|12.36|39.14|2323.37
2451157|42222|1564|8260|68481|6015|3069|8260|68481|6015|3069|4|3|3974|4|6.24|0.31|6.55|9.84|21.20|0.87|0.42|4.95|31.35
2451427|72805|754|557|151529|2708|3760|557|151529|2708|3760|2|2|3975|24|652.56|6.52|659.08|10.75|174.00|587.30|5.22|60.04|191.27
2451373|20999|710|8316|149207|865|563|8316|149207|865|563|4|2|3975|71|7650.96|535.56|8186.52|70.59|827.15|6656.33|278.49|716.14|1433.30
2451817|42220|479|1818|18533|5968|1243|1818|18533|5968|1243|2|1|3976|8|872.40|34.89|907.29|6.32|156.08|200.65|201.52|470.23|197.29
2451743|33761|215|7735|24756|5890|1591|7735|24756|5890|1591|5|1|3976|3|230.91|4.61|235.52|57.36|103.74|124.69|47.79|58.43|165.71
2451140|71451|1796|1598|188274|6630|4346|1598|188274|6630|4346|4|1|3978|20|1154.40|80.80|1235.20|20.55|367.20|496.39|250.04|407.97|468.55
2451145|70660|1376|7188|101003|865|3327|7188|101003|865|3327|2|3|3978|83|165.17|11.56|176.73|34.06|113.71|128.83|13.44|22.90|159.33
2452609|44898|1045|5553|122254|4235|1976|5553|122254|4235|1976|1|3|3979|17|29.58|2.07|31.65|45.32|53.72|22.48|2.91|4.19|101.11
2451482||976|||6686||3121|133480|6686|1492||2|3980||7294.14|||53.42|1574.86|||277.18|
2452345|38628|1723|6836|101638|327|3649|6836|101638|327|3649|5|1|3982|13|243.36|2.43|245.79|24.58|206.83|240.92|0.46|1.98|233.84
2451496|29887|1381|5628|151258|6681|4031|5628|151258|6681|4031|2|2|3984|62|5226.60|418.12|5644.72|47.37|3181.22|4703.94|167.25|355.41|3646.71
2451537|77877|530|2077|163555|4280|358|2077|163555|4280|358|1|2|3986|25|2590.50|155.43|2745.93|43.81|597.75|2305.54|230.81|54.15|796.99
2451485|44085|949|1964|103121|4438|1675|1964|103121|4438|1675|4|2|3987|14|169.68|1.69|171.37|62.31|36.12|140.83|6.92|21.93|100.12
2451458|48766|169|2237|27915|5960|4398|2237|27915|5960|4398|1|3|3987|24|1045.68|0.00|1045.68|17.62|1380.24|198.67|508.20|338.81|1397.86
2451475|18198|754|8024|112850|4523|149|8024|112850|4523|149|4|1|3987|74|110.26|1.10|111.36|47.41|40.70|35.28|65.23|9.75|89.21
2451586|83970|412|7170|60106|2129|785|7170|60106|2129|785|1|2|3988|10|265.20|7.95|273.15|19.47|568.30|167.07|56.91|41.22|595.72
2451614|65571|589|9716|187688|7131|4527|9716|187688|7131|4527|4|1|3988|3|40.11|2.00|42.11|27.95|30.75|14.43|18.48|7.20|60.70
2452844||951|7563|48483|3243|||48483||2636|6|2|3989|63|||402.14|||318.52|||
2451384|9143|1336|2659|110338|3777|3783|2659|110338|3777|3783|2|3|3990|59|921.58|82.94|1004.52|86.06|2458.53|294.90|162.93|463.75|2627.53
2451423|82559|994|6683|170860|3324|3668|6683|170860|3324|3668|2|2|3990|21|1380.33|27.60|1407.93|2.61|855.33|1049.05|225.27|106.01|885.54
2451377|78294|812|6619|122233|2487|1821|6619|122233|2487|1821|4|1|3990|18|799.74|23.99|823.73|61.37|721.80|351.88|250.80|197.06|807.16
2451283|71938|298|4819|68618|6210|1282|4819|68618|6210|1282|4|2|3990|37|206.46|12.38|218.84|77.64|56.24|74.32|126.85|5.29|146.26
||1287||180781|2986|3391|5729|180781|2986|3391|3||3991||6123.04|122.46||25.75|3613.72|||1498.93|3761.93
2452319|59012|1339|5419|171278|5857|2876|5419|171278|5857|2876|1|1|3991|65|604.50|0.00|604.50|17.27|223.60|568.23|15.59|20.68|240.87
2451617|3883|31|6626|9391|4829|354|6626|9391|4829|354|2|2|3992|10|118.60|7.11|125.71|66.35|28.40|115.04|1.53|2.03|101.86
2451125|40222|193|9431|190498|1372|2719|9431|190498|1372|2719|2|1|3993|21|3175.20|0.00|3175.20|97.00|1325.94|2159.13|213.37|802.70|1422.94
2451027|65191|374|3053|171147|3801|622|3053|171147|3801|622|1|3|3993|40|7732.80|695.95|8428.75|69.12|0.00|0.00|7036.84|695.96|765.07
2451218|50141|283|764|67286|6768|1570|764|67286|6768|1570|2|3|3997|19|58.52|4.68|63.20|25.23|143.07|29.84|23.23|5.45|172.98
2450931|32102|500|5006|16494|542|4957|5006|16494|542|4957|1|3|3998|28|3549.00|106.47|3655.47|40.08|0.00|1135.68|1665.19|748.13|146.55
2450903|71413|1633|4832|46916|4520|3564|4832|46916|4520|3564|2|2|3998|64|174.72|13.97|188.69|66.95|167.68|54.16|110.91|9.65|248.60
2452636|86006|1677|2705|175842|3012|4542|2705|175842|3012|4542|6|1|4000|9|1042.11|41.68|1083.79|26.39|130.23|833.68|43.77|164.66|198.30
2452729|74454|1068|4250|4753|3896|4319|4250|4753|3896|4319|3|3|4000|75|3532.50|176.62|3709.12|41.09|0.00|3532.50|0.00|0.00|217.71
2452067|48829|869|8536|178292|6928|4324|8536|178292|6928|4324|1|1|4001|3|56.49|2.82|59.31|70.98|69.06|2.82|45.08|8.59|142.86
2452494|29786|589|3799|189307|6128|1669|3799|189307|6128|1669|1|1|4002|60|0.00|0.00|0.00|25.66|2842.20|0.00|0.00|0.00|2867.86
2452453|71256|666|4964|179977|2910|1883|4964|179977|2910|1883|3|1|4002|10|44.00|3.96|47.96|86.98|335.00|26.84|1.20|15.96|425.94
2452652|64577|265|445|75648|3731|2574|445|75648|3731|2574|1|2|4002|77|0.00|0.00|0.00|53.08|17.71|0.00|0.00|0.00|70.79
2451571|21608|242|431|181576|3921|1419|431|181576|3921|1419|1|3|4003|3|319.56|22.36|341.92|73.23|105.33|233.27|1.72|84.57|200.92
2451483|52757|1376|1789|127526|6943|3567|1789|127526|6943|3567|2|1|4003|29|196.04|5.88|201.92|82.34|196.04|21.56|164.01|10.47|284.26
2451523|78637|1202|3491|116692|3540|3541|3491|116692|3540|3541|2|3|4003|6|311.16|15.55|326.71|19.68|261.36|15.55|283.78|11.83|296.59
2451753|45412|400|4434|41703|252|2761|4434|41703|252|2761|1|3|4004|57|0.00|0.00|0.00|93.42|1189.02|0.00|0.00|0.00|1282.44
2451599|69528|932|6665|77934|201|2141|6665|77934|201|2141|1|1|4005|39|3661.32|292.90|3954.22|93.27|192.66|1391.30|272.40|1997.62|578.83
2452331|39419|1027|2735|41805|715|305|2735|41805|715|305|3|3|4007|25|19.25|0.38|19.63|89.31|84.00|17.32|1.54|0.39|173.69
2452304|48411|411|9102|65538|3061|4864|9102|65538|3061|4864|1|1|4007|67|4978.77|398.30|5377.07|41.92|284.08|1941.72|759.26|2277.79|724.30
2452754|47056|1159|9633|180405|4824|1796|9633|180405|4824|1796|1|1|4008|65|8818.55|529.11|9347.66|71.80|4457.70|2998.30|1396.86|4423.39|5058.61
2452812|25523|1008|9885|97217|5749|634|9885|97217|5749|634|6|3|4010|1|11.74|1.05|12.79|26.12|12.10|3.87|2.04|5.83|39.27
2452724|65418|21|1704|18750|4323|3409|1704|18750|4323|3409|3|2|4010|2|22.84|2.05|24.89|76.75|41.72|5.48|10.06|7.30|120.52
2452952|23188|24|357|98074|3798|4082|357|98074|3798|4082|1|3|4011|45|1972.35|118.34|2090.69|49.25|1627.20|1242.58|189.74|540.03|1794.79
2451340|60086|448|2999|103860|81|2822|2999|103860|81|2822|4|3|4012|6|318.00|19.08|337.08|1.46|28.38|292.56|7.88|17.56|48.92
2452476|41698|1017|834|80573|3352|411|834|80573|3352|411|3|1|4013|62|5135.46|154.06|5289.52|50.26|366.42|1591.99|2976.51|566.96|570.74
2450943|44060|22|9597|76402|3886|1137|9597|76402|3886|1137|1|2|4014|12|786.72|39.33|826.05|19.97|564.00|78.67|389.42|318.63|623.30
2451034|56756|1528|5535|69834|5173|1745|5535|69834|5173|1745|1|3|4014|4|30.16|0.30|30.46|23.28|60.32|5.73|22.23|2.20|83.90
2451103|44518|208|214|155122|3070|4898|214|155122|3070|4898|2|1|4014|13|99.06|5.94|105.00|45.81|11.57|60.42|34.00|4.64|63.32
2451365|47199|500|5569|43423|3870|1644|5569|43423|3870|1644|4|2|4016|68|10888.84|979.99|11868.83|37.29|4469.64|8384.40|2454.35|50.09|5486.92
2451592|26213|623|1496|155098|2493|168|1496|155098|2493|168|5|1|4017|19|491.53|29.49|521.02|53.14|289.75|108.13|348.89|34.51|372.38
2451748|67142|1729|5573|47866|5359|852|5573|47866|5359|852|5|2|4017|10|285.00|17.10|302.10|48.57|393.50|236.55|45.05|3.40|459.17
2451223|32448|146|1256|65168|7000|3072|1256|65168|7000|3072|4|3|4019|20|1076.00|0.00|1076.00|12.37|1170.80|236.72|394.46|444.82|1183.17
2451595|44219|712|9695|143367|5472|2984|9695|143367|5472|2984|2|3|4020|5|108.00|5.40|113.40|66.48|33.20|51.84|9.54|46.62|105.08
2452643|7669|1653|6357|164917|1477|37|6357|164917|1477|37|6|3|4021|14|854.84|68.38|923.22|6.81|443.66|632.58|102.23|120.03|518.85
2452690|74476|1107|5264|114968|2399|1343|5264|114968|2399|1343|1|1|4021|14|125.30|3.75|129.05|14.64|222.88|5.01|2.40|117.89|241.27
2451369|75939|1778|4380|45278|256|4194|4380|45278|256|4194|4|2|4022|44|2772.00|83.16|2855.16|46.89|2889.92|2134.44|299.65|337.91|3019.97
2451376|25420|598|8420|129047|2874|1701|8420|129047|2874|1701|1|1|4022|3|248.97|22.40|271.37|66.98|124.47|176.76|70.04|2.17|213.85
2451925|14680|554|7012|42132|4612|4612|7012|42132|4612|4612|1|3|4024|42|4666.62|279.99|4946.61|83.45|3438.54|3313.30|839.05|514.27|3801.98
2452038|74276|1585|4200|71404|641|3485|4200|71404|641|3485|1|1|4026|7|313.95|3.13|317.08|4.29|290.22|266.85|41.44|5.66|297.64
2452057|54728|1195|7536|175937|1425|4746|7536|175937|1425|4746|2|2|4026|26|1247.22|99.77|1346.99|95.83|508.56|1122.49|63.61|61.12|704.16
2451591|33489|238|7744|151864|2177|4017|7744|151864|2177|4017|4|2|4027|29|881.89|0.00|881.89|41.77|1102.58|405.66|400.03|76.20|1144.35
2451456|52990|25|3130|26202|4987|3939|3130|26202|4987|3939|1|1|4027|6|561.36|22.45|583.81|89.75|253.26|325.58|195.69|40.09|365.46
2452181|72825|1263|7942|134425|3595|445|7942|134425|3595|445|1|1|4028|20|1560.60|62.42|1623.02|30.28|26.40|374.54|664.19|521.87|119.10
2451687|32630|986|2791|67774|3670|2086|2791|67774|3670|2086|4|2|4030|20|117.40|1.17|118.57|4.13|32.00|92.74|13.31|11.35|37.30
2451493|63231|1375|7870|168002|6374|826|7870|168002|6374|826|2|1|4031|4|28.04|0.28|28.32|6.06|61.72|4.76|10.01|13.27|68.06
2451500|16133|376|5785|124879|6373|67|5785|124879|6373|67|4|1|4031|9|189.36|9.46|198.82|78.69|60.21|102.25|17.42|69.69|148.36
2452277|37909|1185|4706|64267|3781|3142|4706|64267|3781|3142|5|1|4032|36|235.80|16.50|252.30|92.46|163.08|169.77|2.64|63.39|272.04
2452355|35307|479|936|165044|5265|1653|936|165044|5265|1653|1|1|4032|19|175.75|1.75|177.50|76.40|101.08|137.08|33.64|5.03|179.23
2452072|69695|621|8736|13679|2702|3732|8736|13679|2702|3732|5|2|4034|49|760.48|22.81|783.29|22.07|3898.93|327.00|247.08|186.40|3943.81
2452012|80994|967|393|19712|2278|3797|393|19712|2278|3797|3|1|4034|1|54.70|1.64|56.34|58.57|0.00|26.80|18.69|9.21|60.21
2452798|75588|1365|3699|147049|832|3622|3699|147049|832|3622|6|3|4035|7|1174.67|23.49|1198.16|83.06|462.70|446.37|575.35|152.95|569.25
2452905|6554|1447|2348|92414|3120|3659|2348|92414|3120|3659|1|1|4035|19|1161.28|104.51|1265.79|58.12|860.89|220.64|761.91|178.73|1023.52
2452491|84549|138|3521|20328|4895|4182|3521|20328|4895|4182|3|1|4037|1|5.25|0.15|5.40|1.93|15.76|0.26|1.64|3.35|17.84
2452754|52137|1182|7742|20199|2016|3953|7742|20199|2016|3953|3|1|4037|5|58.35|4.08|62.43|28.67|102.10|9.33|12.74|36.28|134.85
2451335|49307|1784|6045|8964|5690|3936|6045|8964|5690|3936|1|3|4039|44|745.80|29.83|775.63|66.01|815.76|499.68|204.27|41.85|911.60
2451985|44759|599|7433|44015|710|4172|7433|44015|710|4172|2|3|4041|2|331.62|13.26|344.88|51.20|182.16|99.48|69.64|162.50|246.62
2452638|52366|588|4383|184181|1212|1650|4383|184181|1212|1650|6|2|4042|30|2876.10|115.04|2991.14|62.45|1643.40|1639.37|173.14|1063.59|1820.89
2452393|72947|541|777|107440|6503|366|777|107440|6503|366|3|1|4043|33|519.09|25.95|545.04|68.51|0.00|124.58|216.98|177.53|94.46
2452501|17548|1213|3071|169208|4432|1889|3071|169208|4432|1889|1|2|4044|95|1123.85|22.47|1146.32|47.70|657.40|1022.70|7.08|94.07|727.57
2452320|72112|733|7589|130918|3494|3823|7589|130918|3494|3823|1|1|4044|10|365.40|29.23|394.63|65.58|327.90|226.54|36.10|102.76|422.71
2451632|18975|694|8695|178727|5799|2704|8695|178727|5799|2704|1|3|4045|5|0.00|0.00|0.00|17.80|147.30|0.00|0.00|0.00|165.10
2452152|65874|1001|3436|65146|1769|159|3436|65146|1769|159|1|2|4047|67|69.01|6.21|75.22|78.98|450.91|21.39|40.95|6.67|536.10
2452517|56988|870|5012|169943|1721|1099|5012|169943|1721|1099|3|3|4048|19|1174.20|11.74|1185.94|37.54|215.65|352.26|131.51|690.43|264.93
2451707|72374|860|1674|15217|793|176|1674|15217|793|176|1|2|4053|5|327.10|16.35|343.45|81.74|381.60|147.19|26.98|152.93|479.69
2451719|67179|1202|7831|128956|2594|3552|7831|128956|2594|3552|1|1|4054|56|5094.32|152.82|5247.14|51.34|3164.56|3413.19|1109.54|571.59|3368.72
2451986|30081|823|3345|185345|2465|3978|3345|185345|2465|3978|1|2|4055|36|1393.20|27.86|1421.06|16.06|1145.52|905.58|97.52|390.10|1189.44
2452860|15077|1305|6154|66153|4745|1417|6154|66153|4745|1417|1|1|4056|12|373.68|18.68|392.36|91.88|778.56|14.94|240.35|118.39|889.12
2452370|16712|1441|6672|37620|3928|3756|6672|37620|3928|3756|3|1|4057|72|913.68|82.23|995.91|63.10|2039.04|849.72|28.78|35.18|2184.37
2452401|21144|1749|6936|101059|415|1331|6936|101059|415|1331|5|3|4057|4|487.88|43.90|531.78|27.00|0.00|448.84|18.73|20.31|70.90
2452353|43901|557|9011|153190|1929|2788|9011|153190|1929|2788|1|1|4057|1|115.23|10.37|125.60|14.63|61.00|20.74|71.81|22.68|86.00
2451267|35543|580|3760|186732|1257|3182|3760|186732|1257|3182|4|3|4060|1|65.36|4.57|69.93|54.88|5.29|0.65|6.47|58.24|64.74
2451211|25839|1648|1996|180974|1905|2636|1996|180974|1905|2636|1|1|4060|41|285.36|8.56|293.92|6.57|437.88|259.67|24.14|1.55|453.01
2452270|71158|11|9284|67307|5937|4640|9284|67307|5937|4640|3|1|4061|76|66.12|5.28|71.40|0.57|266.00|41.65|23.00|1.47|271.85
2452638|75740|357|1268|117681|7101|2594|1268|117681|7101|2594|3|3|4064|5|769.40|7.69|777.09|6.01|505.90|653.99|26.54|88.87|519.60
2451370|21066|520|491|137292|4620|1908|491|137292|4620|1908|1|3|4065|24|2861.76|0.00|2861.76|27.28|413.76|1774.29|804.72|282.75|441.04
2451423|64885|1609|3948|186918|2161|2891|3948|186918|2161|2891|1|2|4065|93|520.80|26.04|546.84|97.99|0.00|88.53|311.23|121.04|124.03
|67219|775|2312|156176|||2312|||2991||1|4066||2056.32|61.68||56.76||1809.56||34.55|
2452333|30496|183|4982|51466|2397|3281|4982|51466|2397|3281|1|3|4068|35|2341.15|46.82|2387.97|42.42|1773.45|0.00|1685.62|655.53|1862.69
2452291|21945|71|5731|12523|6548|3780|5731|12523|6548|3780|3|1|4070|63|6284.25|0.00|6284.25|36.61|1058.40|3582.02|2215.82|486.41|1095.01
2452417|67277|585|9141|136726|5431|4976|9141|136726|5431|4976|1|2|4070|17|1208.53|84.59|1293.12|56.21|480.08|966.82|103.93|137.78|620.88
2451260|53341|589|8455|84681|1041|808|8455|84681|1041|808|1|2|4072|59|842.52|58.97|901.49|11.83|110.33|606.61|84.92|150.99|181.13
2451310|72801|1246|8463|106733|3803|320|8463|106733|3803|320|2|2|4072|11|20.35|1.83|22.18|85.91|86.79|2.03|16.67|1.65|174.53
2452670|42630|975|3577|35418|12|1653|3577|35418|12|1653|6|2|4073|43|1805.14|0.00|1805.14|88.66|451.07|649.85|242.61|912.68|539.73
2451124|28473|1178|7478|13999|873|4747|7478|13999|873|4747|2|1|4074|12|318.36|0.00|318.36|88.94|17.64|270.60|27.70|20.06|106.58
2451111|32467|604|7975|115631|6487|3743|7975|115631|6487|3743|2|3|4074|64|2836.48|28.36|2864.84|60.24|2836.48|992.76|1640.91|202.81|2925.08
2451438|76250|1375|4147|126363|1139|1835|4147|126363|1139|1835|1|1|4075|8|141.44|11.31|152.75|24.29|104.00|35.36|44.55|61.53|139.60
2452001|60557|1517|7468|175353|2085|3370|7468|175353|2085|3370|1|1|4077|2|14.82|0.00|14.82|10.93|10.54|10.81|3.08|0.93|21.47
2452153|84653|1747|4256|63318|3787|1529|4256|63318|3787|1529|1|2|4077|14|724.92|65.24|790.16|74.78|362.46|318.96|178.62|227.34|502.48
2452114|47922|1257|3508|108569|3710|1811|3508|108569|3710|1811|3|1|4077|58|1635.02|65.40|1700.42|97.81|125.28|294.30|455.84|884.88|288.49
2451387|53292|980|5221|166277|6933|2342|5221|166277|6933|2342|2|3|4078|61|4165.69|333.25|4498.94|99.78|1646.39|4082.37|49.15|34.17|2079.42
2452728|25710|1386|5666|164091|1683|3068|5666|164091|1683|3068|6|2|4079|75|4484.25|179.37|4663.62|87.54|3228.75|2825.07|1178.01|481.17|3495.66
2452133|19104|463|8387|121424|1614|1251|8387|121424|1614|1251|1|2|4080|54|1617.84|97.07|1714.91|57.08|141.48|1358.98|7.76|251.10|295.63
2452696|41894|1584|4998|63931|5711|891|4998|63931|5711|891|1|3|4082|1|71.12|0.00|71.12|51.63|67.28|32.00|36.38|2.74|118.91
2451460|74029|68|5133|73792|2131|430|5133|73792|2131|430|2|3|4083|22|20.68|0.41|21.09|71.48|103.84|15.71|3.72|1.25|175.73
2452074|58327|827|8682|189817|6425|120|8682|189817|6425|120|1|2|4084|36|1283.04|89.81|1372.85|62.45|1202.76|333.59|227.86|721.59|1355.02
2451154|42522|688|4223|173162|5654|546|4223|173162|5654|546|1|1|4086|8|214.00|8.56|222.56|13.57|90.88|92.02|58.55|63.43|113.01
2451113|48707|1340|9770|158799|2948|2490|9770|158799|2948|2490|2|3|4087|71|3363.98|134.55|3498.53|44.77|298.91|605.51|1875.75|882.72|478.23
2450925|59378|844|4465|78581|5737|4373|4465|78581|5737|4373|4|3|4087|33|3062.73|122.50|3185.23|83.53|2939.97|428.78|816.52|1817.43|3146.00
2452059|44346|931|7506|14076|1319|3449|7506|14076|1319|3449|2|2|4089|80|9635.20|0.00|9635.20|13.02|1423.20|7515.45|1653.40|466.35|1436.22
2452071|46067|188|6892|163316|493|4717|6892|163316|493|4717|5|2|4089|2|210.76|10.53|221.29|24.20|68.90|162.28|21.33|27.15|103.63
2452046|34320|839|8069|125691|2273|175|8069|125691|2273|175|1|2|4089|67|785.91|47.15|833.06|61.78|4978.77|785.91|0.00|0.00|5087.70
2451638|35895|1778|3868|68824|5973|649|3868|68824|5973|649|2|2|4090|1|29.15|1.74|30.89|70.78|2.08|23.32|2.68|3.15|74.60
2451845|65307|35|9085|63042|5959|4996|9085|63042|5959|4996|5|3|4090|33|3998.94|79.97|4078.91|5.57|1199.55|1639.56|1604.37|755.01|1285.09
2451669|63180|1643|4097|41017|2384|3904|4097|41017|2384|3904|5|3|4090|60|3274.20|130.96|3405.16|38.72|99.00|163.71|1804.08|1306.41|268.68
2451793|23155|248|4740|18078|5976|2547|4740|18078|5976|2547|1|2|4090|34|182.58|3.65|186.23|21.59|91.12|162.49|14.46|5.63|116.36
2452126|59558|83|1222|39440|3625|4403|1222|39440|3625|4403|2|1|4093|15|791.85|63.34|855.19|66.96|1108.50|601.80|89.32|100.73|1238.80
2452602|56762|157|5118|12755|2199|316|5118|12755|2199|316|1|3|4095|77|3753.75|300.30|4054.05|69.66|484.33|600.60|1040.53|2112.62|854.29
2452685|32872|1303|6811|94439|2740|128|6811|94439|2740|128|3|1|4096|38|212.04|19.08|231.12|33.84|2653.16|63.61|118.74|29.69|2706.08
2450981|21235|1186|2274|59822|4697|3885|2274|59822|4697|3885|2|2|4097|46|6784.08|203.52|6987.60|55.15|1856.56|3120.67|109.90|3553.51|2115.23
2450944|58962|1172|629|83658|2687|516|629|83658|2687|516|4|2|4097|80|6688.00|267.52|6955.52|70.03|1258.40|1270.72|4929.72|487.56|1595.95
2451166|16845|664|6320|164287|1567|414|6320|164287|1567|414|1|1|4097|11|937.64|65.63|1003.27|39.59|394.79|243.78|548.14|145.72|500.01
2452627|67307|1687|9011|164498|338|4538|9011|164498|338|4538|3|3|4099|26|259.22|5.18|264.40|98.12|1490.58|77.76|168.75|12.71|1593.88
2452311|64877|247|3269|49296|1963|110|3269|49296|1963|110|3|1|4100|17|2067.03|62.01|2129.04|50.98|1074.74|2005.01|14.88|47.14|1187.73
2451155|44976|1528|4404|183527|3130|93|4404|183527|3130|93|4|1|4101|33|0.00|0.00|0.00|27.15|1754.94|0.00|0.00|0.00|1782.09
2451221|8526|208|8093|55382|6111|1873|8093|55382|6111|1873|4|2|4101|39|3124.29|156.21|3280.50|82.56|2572.83|1249.71|1124.74|749.84|2811.60
2451201|57798|802|2482|97973|2391|4722|2482|97973|2391|4722|2|2|4101|43|2428.21|24.28|2452.49|59.09|139.32|1578.33|458.93|390.95|222.69
2451288|44718|70|1408|153731|4647|1090|1408|153731|4647|1090|2|1|4101|20|944.20|37.76|981.96|14.65|171.60|18.88|462.66|462.66|224.01
2451273|61011|583|7864|148946|5548|3590|7864|148946|5548|3590|4|2|4101|2|92.00|7.36|99.36|78.68|27.84|33.12|22.37|36.51|113.88
2451323|63682|1358|7963|119538|2666|4041|7963|119538|2666|4041|1|2|4102|32|471.36|14.14|485.50|45.15|129.92|452.50|16.97|1.89|189.21
2452810|62133|1539|8473|118181|482|2710|8473|118181|482|2710|6|3|4103|55|784.85|0.00|784.85|28.52|331.65|557.24|198.02|29.59|360.17
2452928|22188|919|1716|72143|2603|1270|1716|72143|2603|1270|3|1|4103|14|626.36|0.00|626.36|85.38|233.66|50.10|276.60|299.66|319.04
2451661|41161|1138|2766|154183|3247|1711|2766|154183|3247|1711|1|2|4105|19|638.02|19.14|657.16|16.84|734.73|408.33|158.48|71.21|770.71
2451685|16799|565|7110|45571|5792|4333|7110|45571|5792|4333|4|1|4105|23|523.25|15.69|538.94|73.93|342.01|408.13|18.41|96.71|431.63
2452044|49024|1190|5694|33038|2589|4413|5694|33038|2589|4413|5|1|4106|71|925.13|37.00|962.13|21.02|2776.10|37.00|44.40|843.73|2834.12
2452074|79490|73|4327|137162|5004|4766|4327|137162|5004|4766|1|3|4107|13|1171.69|82.01|1253.70|74.15|559.52|691.29|72.06|408.34|715.68
2452180|6205|1565|4264|112787|717|720|4264|112787|717|720|2|2|4107|20|39.40|0.78|40.18|28.17|78.80|0.78|13.51|25.11|107.75
2451548|45533|1387|2366|147100|5584|4708|2366|147100|5584|4708|1|3|4108|4|190.96|7.63|198.59|73.57|0.00|66.83|49.65|74.48|81.20
2451629|58093|757|9809|178773|137|3654|9809|178773|137|3654|1|3|4108|23|644.23|0.00|644.23|2.49|209.76|644.23|0.00|0.00|212.25
2451338|20620|68|1790|105916|4522|288|1790|105916|4522|288|1|2|4109|19|532.19|47.89|580.08|45.38|185.82|191.58|340.61|0.00|279.09
2451676|34420|1460|2086|107192|5451|4957|2086|107192|5451|4957|5|3|4110|10|783.50|31.34|814.84|95.85|197.90|564.12|157.95|61.43|325.09
2452401|33048|769|8345|140320|2822|4237|8345|140320|2822|4237|3|1|4113|89|2109.30|105.46|2214.76|21.21|1104.49|1581.97|479.87|47.46|1231.16
2452278|35390|1741|2346|43118|3170|2982|2346|43118|3170|2982|1|3|4113|10|62.40|0.62|63.02|28.10|62.40|3.74|25.81|32.85|91.12
2451910||1430|||4069|2567|5120|91658|4069|2567||3|4114||372.24|7.44|379.68||4225.32|100.50|203.80||
2451996|30570|1153|8426|102280|5607|4621|8426|102280|5607|4621|1|1|4114|17|375.53|15.02|390.55|18.42|354.62|285.40|15.32|74.81|388.06
2451970|31882|503|1780|88467|6321|1615|1780|88467|6321|1615|5|1|4114|5|512.15|25.60|537.75|65.93|189.45|25.60|24.32|462.23|280.98
2451992|63847|1709|7459|36382|4712|1915|7459|36382|4712|1915|2|1|4115|25|3987.75|0.00|3987.75|13.16|1993.75|2073.63|1033.62|880.50|2006.91
2452021|62187|1|3374|182322|950|4338|3374|182322|950|4338|5|3|4117|14|494.34|0.00|494.34|73.53|262.64|430.07|62.34|1.93|336.17
||634|9398||2322|3984|9398|178500|2322|3984|1|2|4119|55|1529.55||1667.20|||||335.44|613.49
2451604|72937|1537|6925|183003|1048|4886|6925|183003|1048|4886|2|2|4119|29|154.57|1.54|156.11|43.76|1330.81|86.55|44.89|23.13|1376.11
2452551|4284|1635|5257|95919|341|2530|5257|95919|341|2530|1|1|4121|1|8.48|0.42|8.90|96.72|0.00|8.22|0.24|0.02|97.14
2452060|3252|1082|7791|20401|418|508|7791|20401|418|508|2|3|4122|22|831.60|33.26|864.86|98.87|159.94|91.47|540.29|199.84|292.07
2451247|15578|700|2583|22405|6900|4282|2583|22405|6900|4282|2|2|4123|16|714.88|35.74|750.62|69.27|332.16|207.31|5.07|502.50|437.17
2452512|74208|1441|2494|108603|5912|3821|2494|108603|5912|3821|3|3|4124|4|148.20|11.85|160.05|59.63|45.24|100.77|11.38|36.05|116.72
2452432|75150|1749|3527|90248|5217|873|3527|90248|5217|873|5|2|4124|7|195.37|13.67|209.04|59.34|8.26|31.25|147.70|16.42|81.27
2451577|38502|1306|4393|141221|1776|1244|4393|141221|1776|1244|2|3|4125|3|38.34|2.68|41.02|57.64|34.17|21.47|9.78|7.09|94.49
2451296|26898|394|8|179062|4036|1250|8|179062|4036|1250|1|1|4126|2|31.44|2.20|33.64|43.19|12.26|1.57|11.05|18.82|57.65
2451288|38177|364|2649|19036|5630|1297|2649|19036|5630|1297|4|2|4126|14|423.50|16.94|440.44|89.66|0.00|232.92|66.70|123.88|106.60
2451745|32728|1346|5340|56038|5296|4674|5340|56038|5296|4674|1|2|4127|3|32.70|2.61|35.31|57.61|86.46|3.92|5.46|23.32|146.68
2452747|40131|876|3954|3446|4058|2510|3954|3446|4058|2510|1|1|4128|14|2211.30|154.79|2366.09|32.38|26.60|1702.70|40.68|467.92|213.77
2452734|82603|240|1701|69871|2841|364|1701|69871|2841|364|6|2|4128|22|238.26|9.53|247.79|48.51|126.28|164.39|59.83|14.04|184.32
2452870|64993|1327|3543|181353|410|2820|3543|181353|410|2820|6|1|4128|86|3481.28|174.06|3655.34|84.78|1295.16|1288.07|394.77|1798.44|1554.00
2451684|44829|937|1924|63501|4645|3382|1924|63501|4645|3382|1|2|4131|32|109.12|3.27|112.39|22.83|41.92|9.82|85.39|13.91|68.02
2452671|54532|1188|8951|175200|4489|3658|8951|175200|4489|3658|6|1|4132|35|3070.20|30.70|3100.90|82.36|1601.60|706.14|1394.79|969.27|1714.66
2452742|65415|1173|2191|77814|4604|187|2191|77814|4604|187|1|3|4132|35|146.30|13.16|159.46|72.23|93.10|2.92|38.71|104.67|178.49
||1477|||5083|2347|2202|182986|5083||2|3|4133|||242.88|2941.62||1813.32||||
2451795|77843|167|9612|187544|6629|4961|9612|187544|6629|4961|2|1|4133|16|198.08|5.94|204.02|79.93|21.92|67.34|24.84|105.90|107.79
2451980|30813|806|5835|159605|2208|2418|5835|159605|2208|2418|2|1|4133|76|9862.52|98.62|9961.14|69.25|3331.84|1282.12|5148.24|3432.16|3499.71
2451352|66983|1492|2976|99598|413|1555|2976|99598|413|1555|1|2|4137|50|387.50|11.62|399.12|75.23|241.00|372.00|2.94|12.56|327.85
2451792|25812|1345|3961|1380|1999|1218|3961|1380|1999|1218|4|1|4138|2|10.76|0.32|11.08|5.72|4.74|2.79|4.30|3.67|10.78
2451961|5055|1064|1795|5856|6510|4491|1795|5856|6510|4491|1|1|4139|55|1592.80|15.92|1608.72|96.66|4656.85|0.00|923.82|668.98|4769.43
2451975|62527|1634|8384|95106|5668|2910|8384|95106|5668|2910|5|2|4139|24|2622.72|236.04|2858.76|81.10|3122.40|2098.17|283.25|241.30|3439.54
2452335|69915|371|537|13265|2313|1|537|13265|2313|1|1|1|4140|22|5228.74|104.57|5333.31|42.81|1024.10|1307.18|1882.34|2039.22|1171.48
2452494|45811|1651|6940|859|1098|977|6940|859|1098|977|1|2|4140|38|244.72|9.78|254.50|39.39|136.04|190.88|48.45|5.39|185.21
2452792|38656|1051|8906|76999|3685|3698|8906|76999|3685|3698|3|1|4141|1|47.99|0.95|48.94|28.22|1.12|19.67|26.33|1.99|30.29
2451639|84998|47|8559|27794|6949|1544|8559|27794|6949|1544|2|3|4142|13|978.77|29.36|1008.13|22.04|301.08|792.80|63.22|122.75|352.48
2451692|34993|1768|2073|32851|3262|3480|2073|32851|3262|3480|1|2|4143|26|871.26|34.85|906.11|74.11|530.14|374.64|337.70|158.92|639.10
2451637|63369|1309|229|177714|6479|1851|229|177714|6479|1851|1|1|4143|25|5845.50|526.09|6371.59|61.12|2313.75|2981.20|1145.72|1718.58|2900.96
2451619|65125|518|6821|81572|596|3460|6821|81572|596|3460|1|1|4144|29|801.27|0.00|801.27|5.74|1153.91|224.35|103.84|473.08|1159.65
2451737|30745|1112|5836|130474|3832|383|5836|130474|3832|383|4|1|4144|7|17.85|0.53|18.38|16.39|37.52|8.56|0.83|8.46|54.44
2452729|27382|1395|5123|71513|2590|1234|5123|71513|2590|1234|6|1|4145|13|1034.28|62.05|1096.33|89.13|271.31|237.88|414.12|382.28|422.49
2452856|25769|372|5781|165029|5190|3271|5781|165029|5190|3271|1|3|4145|11|148.28|7.41|155.69|82.31|290.73|19.27|37.41|91.60|380.45
2452716|63723|1470|9582|105268|1994|2153|9582|105268|1994|2153|6|3|4145|59|2519.30|75.57|2594.87|49.89|839.57|453.47|1425.42|640.41|965.03
2451607|36160|853|5078|187229|5987|1418|5078|187229|5987|1418|2|3|4146|35|2410.10|0.00|2410.10|79.02|2754.50|2410.10|0.00|0.00|2833.52
2451610|81674|121|4175|98659|4503|4914|4175|98659|4503|4914|4|2|4146|14|594.58|11.89|606.47|79.50|770.84|65.40|216.96|312.22|862.23
|80078|1287||173762|3984|1046||173762|3984|1046|1||4147|14|||138.23||77.42|93.50|22.27|19.75|
2452350|32038|1374|9751|90158|485|4252|9751|90158|485|4252|6|3|4148|1|16.16|0.16|16.32|19.91|57.73|2.74|8.32|5.10|77.80
2452408|71318|1303|1107|65653|2679|4665|1107|65653|2679|4665|1|3|4148|8|489.68|29.38|519.06|44.42|412.40|137.11|95.19|257.38|486.20
2452530|61538|271|1885|180276|2827|98|1885|180276|2827|98|6|1|4148|47|5041.69|100.83|5142.52|75.86|2520.61|1613.34|1131.35|2297.00|2697.30
2452069|63027|1183|8734|126536|5778|3853|8734|126536|5778|3853|1|3|4149|9|816.75|65.34|882.09|67.17|318.33|171.51|542.00|103.24|450.84
2452040|81308|350|2264|188548|432|1963|2264|188548|432|1963|5|1|4149|44|1657.92|99.47|1757.39|36.04|459.36|149.21|1448.36|60.35|594.87
2452000|55895|275|6984|131080|2263|1079|6984|131080|2263|1079|2|1|4149|81|2930.58|117.22|3047.80|23.84|2468.07|1582.51|916.68|431.39|2609.13
2451685|24676|949|5427|108011|2628|4205|5427|108011|2628|4205|2|2|4151|78|5271.24|0.00|5271.24|95.73|2946.06|1370.52|1014.18|2886.54|3041.79
2451602|41585|874|1264|188785|3826|354|1264|188785|3826|354|4|3|4151|2|125.22|1.25|126.47|72.99|2.78|60.10|7.16|57.96|77.02
2452824|55694|613|7837|59118|879|2200|7837|59118|879|2200|3|2|4153|67|3331.91|199.91|3531.82|21.40|1699.79|3065.35|194.58|71.98|1921.10
2452800|12970|1719|5223|57267|2431|1435|5223|57267|2431|1435|3|2|4153|23|23.46|0.23|23.69|11.60|60.95|23.22|0.15|0.09|72.78
2452034|33649|1715|1177|61646|4755|1697|1177|61646|4755|1697|2|1|4154|3|256.26|17.93|274.19|22.66|91.11|89.69|69.95|96.62|131.70
2452690|28668|235|5439|87297|1635|3133|5439|87297|1635|3133|3|1|4157|7|845.25|33.81|879.06|70.97|449.33|397.26|107.51|340.48|554.11
2452721|72771|1693|5282|134332|6029|133|5282|134332|6029|133|3|1|4157|3|26.25|2.36|28.61|91.88|59.10|22.31|2.83|1.11|153.34
2452365|67369|725||160207|||4435||||1||4158||1123.43||1213.30|18.22||696.52|397.02|29.89|1071.36
2452036|62719|1163|2505|126063|134|1125|2505|126063|134|1125|5|1|4159|97|12326.76|1109.40|13436.16|64.12|7995.71|10477.74|258.86|1590.16|9169.23
2452150|72969|115|4112|70626|2227|3861|4112|70626|2227|3861|5|1|4159|10|378.60|30.28|408.88|25.98|98.30|98.43|78.44|201.73|154.56
2451630|44200|589|1120|65481|4642|1403|1120|65481|4642|1403|4|3|4161|5|201.80|14.12|215.92|3.73|314.80|137.22|59.41|5.17|332.65
2451605|59561|1183|4695|31780|2834|1775|4695|31780|2834|1775|2|1|4161|9|207.27|18.65|225.92|33.71|92.70|188.61|14.36|4.30|145.06
2451450|65995|416|9108|175752|4989|3506|9108|175752|4989|3506|1|1|4162|9|114.12|5.70|119.82|65.59|216.90|90.15|13.90|10.07|288.19
2452169|75589|413|8016|59562|21|1047|8016|59562|21|1047|5|2|4163|1|1.52|0.00|1.52|16.55|74.78|0.72|0.17|0.63|91.33
2452409|31629|665|333|140000|2488|4449|333|140000|2488|4449|5|2|4163|7|629.16|18.87|648.03|71.42|8.05|566.24|53.48|9.44|98.34
2452442|81739|265|8936|148989|2289|4542|8936|148989|2289|4542|1|2|4163|61|337.33|10.11|347.44|62.79|93.33|13.49|249.35|74.49|166.23
2452162|56670|541|3058|62874|5170|1826|3058|62874|5170|1826|1|2|4163|2|32.86|2.95|35.81|47.35|74.40|26.94|3.84|2.08|124.70
2451514|45498|562|5230|3856|6242|1148|5230|3856|6242|1148|2|1|4165|3|122.07|2.44|124.51|79.91|32.31|8.54|90.82|22.71|114.66
2451950|52956|1727|7950|46986|2215|4124|7950|46986|2215|4124|1|1|4166|4|38.60|0.00|38.60|49.05|58.96|35.89|0.18|2.53|108.01
2451265|17639|1288|6999|58770|4061|2239|6999|58770|4061|2239|1|1|4167|27|329.40|9.88|339.28|69.48|370.44|46.11|39.66|243.63|449.80
2451215|38712|697|7149|184565|4814|823|7149|184565|4814|823|4|1|4167|10|539.20|48.52|587.72|44.26|292.00|415.18|28.52|95.50|384.78
2452280||1265|4663|185927|2151|1495|4663||||3||4168||||||168.98||45.20||174.70
2451807|70658|217|9187|13077|934|4584|9187|13077|934|4584|1|3|4170|44|1431.76|128.85|1560.61|56.35|815.76|629.97|561.25|240.54|1000.96
2452645|47038|213|279|27035|4831|2107|279|27035|4831|2107|6|1|4172|29|1779.15|142.33|1921.48|40.94|635.39|1761.35|3.56|14.24|818.66
2452663|67090|672|8203|8938|346|41|8203|8938|346|41|3|2|4172|24|411.84|4.11|415.95|1.51|1003.92|341.82|65.11|4.91|1009.54
2451772|4787|1427|5123|15847|3611|4808|5123|15847|3611|4808|1|1|4174|27|2785.86|167.15|2953.01|24.71|1392.93|612.88|1629.73|543.25|1584.79
2451621|12380|1495|865|114809|1313|1737|865|114809|1313|1737|4|3|4175|15|1092.30|10.92|1103.22|50.40|814.20|830.14|94.37|167.79|875.52
2451158|23017|1270|3029|175560|1564|4655|3029|175560|1564|4655|2|1|4176|8|1212.96|12.12|1225.08|80.68|376.40|994.62|218.34|0.00|469.20
2451012|17400|662|5512|164422|3299|4016|5512|164422|3299|4016|1|3|4176|69|9063.84|90.63|9154.47|69.21|2179.71|2537.87|4894.47|1631.50|2339.55
2452497|32881|769|2346|155315|6364|1220|2346|155315|6364|1220|6|1|4179|48|1605.12|64.20|1669.32|71.70|1383.84|240.76|1241.56|122.80|1519.74
|49191|799|5671|57294|||5671|||3747|3|2|4179|||0.00||72.11||||1338.17|484.21
2452813|57411|978|7499|112366|4193|540|7499|112366|4193|540|1|2|4181|25|176.00|8.80|184.80|4.58|75.25|52.80|7.39|115.81|88.63
2451121|72825|1459|4763|110145|6114|2123|4763|110145|6114|2123|1|3|4182|1|21.51|0.43|21.94|22.99|32.69|12.04|7.19|2.28|56.11
2451180|65505|68|8912|104157|1275|280|8912|104157|1275|280|4|2|4182|13|263.77|10.55|274.32|55.40|222.04|224.20|15.43|24.14|287.99
2451160|67958|823|3088|77553|6131|1276|3088|77553|6131|1276|4|2|4182|13|1009.45|0.00|1009.45|54.97|177.45|958.97|41.39|9.09|232.42
2451218|70914|1082|8107|172897|1767|2797|8107|172897|1767|2797|1|3|4183|18|776.16|54.33|830.49|20.75|322.38|729.59|15.36|31.21|397.46
2451403|32949|506|8697|41676|4462|2121|8697|41676|4462|2121|2|2|4183|24|2214.48|0.00|2214.48|19.74|938.40|819.35|41.85|1353.28|958.14
2451369|7014|272|8481|151226|5295|4371|8481|151226|5295|4371|1|3|4183|7|280.21|0.00|280.21|27.82|0.00|184.93|51.45|43.83|27.82
2451158|63245|334|5704|69675|2926|2537|5704|69675|2926|2537|4|2|4183|29|1911.97|152.95|2064.92|89.63|156.02|1070.70|689.84|151.43|398.60
2451771|42100|1396|9144|63736|1401|1906|9144|63736|1401|1906|1|3|4185|13|136.76|10.94|147.70|51.12|205.14|129.92|0.20|6.64|267.20
2451509|20230|1316|2068|183074|4160|3006|2068|183074|4160|3006|2|1|4185|52|3010.28|210.71|3220.99|84.98|447.20|2919.97|32.51|57.80|742.89
2451691|70856|1486|811|185319|3300|4368|811|185319|3300|4368|4|3|4185|7|182.63|0.00|182.63|33.18|24.29|126.01|11.89|44.73|57.47
2451466|69873|481|5392|124671|1390|1189|5392|124671|1390|1189|4|2|4186|7|426.37|25.58|451.95|5.90|83.58|349.62|54.49|22.26|115.06
2451376|68786|1768|8125|57300|6097|3494|8125|57300|6097|3494|4|1|4186|1|87.94|2.63|90.57|89.43|40.11|67.71|0.60|19.63|132.17
2451390|39062|1744|5982|80116|3097|31|5982|80116|3097|31|1|3|4186|70|3633.00|181.65|3814.65|76.46|854.70|217.98|3005.21|409.81|1112.81
2451764|43560|1114|618|144302|993|2357|618|144302|993|2357|2|3|4187|29|214.31|8.57|222.88|64.21|493.00|102.86|63.52|47.93|565.78
2451096|70078|926|763|73058|5320|4975|763|73058|5320|4975|4|1|4189|44|94.16|3.76|97.92|57.99|566.72|80.97|3.69|9.50|628.47
2452025|46523|182|3800|147035|30|698|3800|147035|30|698|5|2|4190|6|822.96|74.06|897.02|88.82|483.48|518.46|286.23|18.27|646.36
2452107|54411|449|4543|132314|4511|4061|4543|132314|4511|4061|1|1|4190|45|899.10|71.92|971.02|46.86|1471.50|431.56|112.20|355.34|1590.28
2451858|64715|1537|210|97884|85|46|210|97884|85|46|2|2|4190|14|941.78|65.92|1007.70|65.39|538.16|47.08|662.07|232.63|669.47
2452571|51555|1059|8027|108585|3896|1254|8027|108585|3896|1254|6|1|4191|9|190.26|13.31|203.57|68.73|251.82|140.79|43.53|5.94|333.86
2452826|54678|1125|2000|21459|1605|784|2000|21459|1605|784|1|1|4192|13|1274.91|63.74|1338.65|62.94|465.40|752.19|292.72|230.00|592.08
2452852|35237|1308|1488|13701|1387|2560|1488|13701|1387|2560|1|3|4192|52|1623.44|48.70|1672.14|89.66|527.28|97.40|320.46|1205.58|665.64
2452818|72180|1071|5640|149842|6797|1999|5640|149842|6797|1999|1|2|4192|27|338.58|23.70|362.28|44.07|1016.28|281.02|44.32|13.24|1084.05
2451435|66872|1438|4337|126065|5280|2375|4337|126065|5280|2375|4|1|4193|39|97.89|0.97|98.86|7.70|19.50|78.31|11.74|7.84|28.17
2452620|64298|606|8426|111384|3264|2544|8426|111384|3264|2544|1|3|4194|69|377.43|15.09|392.52|19.52|109.71|298.16|77.68|1.59|144.32
2452550|47218|534|8689|144564|3286|1408|8689|144564|3286|1408|6|3|4194|10|465.20|18.60|483.80|24.19|116.30|390.76|41.68|32.76|159.09
2452471|51607|1137|7289|24148|254|2913|7289|24148|254|2913|1|1|4194|2|38.66|0.00|38.66|43.77|17.18|32.47|2.59|3.60|60.95
2451238|16200|526|6076|25058|1560|2502|6076|25058|1560|2502|4|2|4195|74|428.46|25.70|454.16|38.18|34.78|201.37|18.16|208.93|98.66
2451323|17740|742|5430|33063|969|2762|5430|33063|969|2762|1|3|4195|11|78.21|7.03|85.24|70.29|73.26|78.21|0.00|0.00|150.58
2452411|23095|1469||182288|||8994||||3|2|4197|37||29.07|998.10|||542.65|59.69||302.41
2452529|74461|1617|81|81848|815|3182|81|81848|815|3182|1|1|4198|9|268.38|2.68|271.06|44.45|137.97|190.54|55.26|22.58|185.10
2451682|3742|832|5421|23999|6257|2875|5421|23999|6257|2875|1|1|4199|46|1337.22|106.97|1444.19|5.04|797.64|521.51|603.62|212.09|909.65
2452766|79603|945|8000|||856|||3755|856|3||4200||19.80||21.58||||10.69|4.16|
||121|4527|118686||2284||118686|||||4201||91.86||97.37||20.52|52.36|||44.48
||234||5362|117||6767||117|4792|1|2|4203|80|123.20||134.28||112.80|113.34|1.87||141.11
2451773|9464|1291|1294|136464|1907|3037|1294|136464|1907|3037|5|3|4204|21|1759.38|0.00|1759.38|96.53|2213.40|862.09|843.45|53.84|2309.93
|60739|260|8030||5592||8030|164931|5592||5|2|4204|20|1582.00|79.10|||0.00|79.10|||84.54
2452733|64607|1267|1097|46132|6734|1129|1097|46132|6734|1129|1|1|4207|5|426.30|21.31|447.61|61.56|153.00|157.73|24.17|244.40|235.87
2452854|27953|1032|1408|124894|5787|1153|1408|124894|5787|1153|1|1|4207|30|5010.00|250.50|5260.50|59.29|2131.80|4959.90|5.01|45.09|2441.59
2451831|71160|1117|4352|31486|2140|3434|4352|31486|2140|3434|2|2|4210|35|16.10|0.16|16.26|70.66|87.85|1.61|11.30|3.19|158.67
2451839|30082|487|3546|164298|4377|3416|3546|164298|4377|3416|5|2|4210|10|415.60|20.78|436.38|25.11|554.20|203.64|65.70|146.26|600.09
2451886|75208|379|7347|10755|5123|4811|7347|10755|5123|4811|5|3|4210|75|3421.50|136.86|3558.36|70.54|1202.25|2600.34|320.25|500.91|1409.65
2452855|78561|930|5289|130581|6000|3179|5289|130581|6000|3179|6|2|4211|45|395.55|0.00|395.55|94.92|461.70|209.64|31.60|154.31|556.62
2451437|56973|1543|9035|138883|5051|2106|9035|138883|5051|2106|4|1|4212|6|701.40|49.09|750.49|48.06|316.50|224.44|166.93|310.03|413.65
2452328|36486|1213|7105|41775|7118|1148|7105|41775|7118|1148|3|3|4213|57|194.94|0.00|194.94|41.32|1236.33|17.54|152.56|24.84|1277.65
2452155|19280|487|201|152772|1456|4107|201|152772|1456|4107|5|2|4213|79|2498.77|149.92|2648.69|76.93|967.75|774.61|1189.67|534.49|1194.60
2452497|61632|195|4744|147185|2393|194|4744|147185|2393|194|3|3|4215|24|1101.36|88.10|1189.46|88.85|428.16|715.88|358.49|26.99|605.11
2452477|51645|1203|9637|61384|1258|1045|9637|61384|1258|1045|1|3|4216|78|1846.26|18.46|1864.72|78.55|822.90|1310.84|530.06|5.36|919.91
2451922|42849|800|4593|93482|4418|4307|4593|93482|4418|4307|1|3|4218|71|5183.71|362.85|5546.56|59.37|345.06|881.23|4001.30|301.18|767.28
2452221|49939|531|1417|29729|3150|2931|1417|29729|3150|2931|5|1|4219|26|2140.32|21.40|2161.72|80.10|377.52|64.20|166.08|1910.04|479.02
2452283|13844|1799|1921|153101|4921|4621|1921|153101|4921|4621|5|2|4219|2|154.88|3.09|157.97|84.55|73.00|3.09|85.00|66.79|160.64
2452220|22431|421|8175|111214|4286|3518|8175|111214|4286|3518|3|3|4221|94|5369.28|53.69|5422.97|30.36|219.02|1396.01|3178.61|794.66|303.07
2451197|15981|511|6246|40527|5368|682|6246|40527|5368|682|2|1|4222|13|75.53|6.79|82.32|75.73|302.12|0.00|29.45|46.08|384.64
||1718||99432|3752||4745||3752|1432|2|3|4222||||||114.03||41.04||
2452411|7529|569|6988|70476|2844|3172|6988|70476|2844|3172|3|2|4223|12|50.04|4.50|54.54|4.67|186.12|32.52|2.10|15.42|195.29
2452405|72025|577|6724|4701|2645|3982|6724|4701|2645|3982|5|2|4223|21|327.60|29.48|357.08|46.62|142.80|36.03|236.17|55.40|218.90
||449|4079|93195||13||||13|3|1|4224||235.80|||35.46|138.00||219.29|16.51|185.25
2452563|47456|60|361|183096|3478|4013|361|183096|3478|4013|3|1|4225|9|708.57|0.00|708.57|28.31|239.13|297.59|102.74|308.24|267.44
2452603|61256|841|424|160582|4020|1818|424|160582|4020|1818|3|2|4225|8|198.72|5.96|204.68|3.66|156.56|19.87|134.13|44.72|166.18
2452616|79039|528|7590|136164|5858|4992|7590|136164|5858|4992|6|1|4225|58|6468.16|0.00|6468.16|28.99|5224.06|1293.63|1293.63|3880.90|5253.05
2451725|30355|655|1620|92345|1343|3028|1620|92345|1343|3028|5|3|4226|9|109.44|0.00|109.44|73.98|319.95|36.11|11.73|61.60|393.93
2452353|45844|561|2936|178696|5449|1082|2936|178696|5449|1082|3|2|4227|18|1327.86|66.39|1394.25|13.32|540.90|371.80|879.57|76.49|620.61
2452387|65923|429|650|191521|5545|1016|650|191521|5545|1016|5|1|4227|1|15.06|0.15|15.21|71.43|17.58|14.15|0.68|0.23|89.16
2452145|73355|809|9146|115308|4717|3279|9146|115308|4717|3279|1|3|4228|13|158.73|3.17|161.90|81.09|66.17|15.87|111.43|31.43|150.43
2452193||661|5048|67547||4298||67547|5646|4298|5||4228||333.69|||||73.41|||272.34
2452354|66153|851|6448|120358|3035|2105|6448|120358|3035|2105|5|1|4228|14|204.40|2.04|206.44|27.66|35.56|89.93|29.76|84.71|65.26
2452360|36691|1507|1294|168658|2709|393|1294|168658|2709|393|1|2|4228|53|1347.26|13.47|1360.73|69.99|168.01|498.48|772.38|76.40|251.47
2452903|65399|1329|7158|55153|7148|1096|7158|55153|7148|1096|1|2|4230|83|5717.04|171.51|5888.55|8.07|650.72|343.02|1719.68|3654.34|830.30
2451272|44976|1471|9489|84900|1638|2336|9489|84900|1638|2336|4|1|4231|60|3627.60|145.10|3772.70|40.67|315.00|362.76|261.18|3003.66|500.77
2451390|40764|50|6968|111564|2207|2603|6968|111564|2207|2603|1|2|4232|30|471.30|9.42|480.72|42.35|785.70|183.80|175.37|112.13|837.47
2451203|4766|1312|6370|78911|972|673|6370|78911|972|673|2|2|4232|30|115.20|3.45|118.65|31.13|211.20|114.04|0.33|0.83|245.78
||907||||4585|4386||3052|||1|4232|11||||62.86||156.10||84.04|
2452001|71169|1747|3681|120765|5369|1213|3681|120765|5369|1213|1|3|4233|7|55.23|0.00|55.23|49.79|215.60|18.77|8.38|28.08|265.39
2451282|56881|1526|8066|147674|5395|1083|8066|147674|5395|1083|1|1|4234|9|1009.62|40.38|1050.00|53.04|191.70|191.82|163.56|654.24|285.12
2451125|36475|1732|6862|169619|7143|3860|6862|169619|7143|3860|1|2|4234|67|1435.14|86.10|1521.24|7.90|0.00|1234.22|174.80|26.12|94.00
2452540|39085|1259|7627|55850|2793|1376|7627|55850|2793|1376|1|1|4235|3|47.70|3.33|51.03|77.85|21.99|41.97|0.57|5.16|103.17
2452286|20731|1373|6549|141981|660|2092|6549|141981|660|2092|1|3|4235|1|34.35|1.03|35.38|63.58|23.57|13.39|8.38|12.58|88.18
2451569|39389|1762|3159|185382|2852|675|3159|185382|2852|675|4|1|4236|12|50.88|2.03|52.91|41.16|185.28|23.40|5.22|22.26|228.47
2451767|26471|1442|5453|63442|1271|3980|5453|63442|1271|3980|1|3|4236|15|1110.60|99.95|1210.55|19.69|27.30|88.84|296.31|725.45|146.94
2452846|67710|433|1071|106101|7098|135|1071|106101|7098|135|3|2|4238|40|647.60|45.33|692.93|57.88|166.40|323.80|317.32|6.48|269.61
2451889|56172|968|885|26524|4003|4009|885|26524|4003|4009|1|3|4239|26|481.26|14.43|495.69|42.06|210.60|96.25|61.60|323.41|267.09
2452607|60679|684|7390|77176|2609|4395|7390|77176|2609|4395|1|1|4241|63|6550.74|65.50|6616.24|7.03|1973.16|5568.12|599.39|383.23|2045.69
2451917|43689|1495|3946|165455|451|4880|3946|165455|451|4880|5|2|4243|2|42.48|2.54|45.02|17.21|96.80|15.71|24.09|2.68|116.55
2452778|27251|426|1356|133506|5176|733|1356|133506|5176|733|6|2|4245|28|1248.52|37.45|1285.97|63.35|1218.00|212.24|1015.55|20.73|1318.80
2452825|1378|1515|5596|127393|5237|1634|5596|127393|5237|1634|1|1|4245|49|5060.72|455.46|5516.18|96.33|574.77|5060.72|0.00|0.00|1126.56
2452368|33735|891|1918|115657|5603|2422|1918|115657|5603|2422|3|1|4246|10|8.00|0.40|8.40|22.49|16.40|3.04|1.14|3.82|39.29
2452463|77572|377|4468|26333|758|703|4468|26333|758|703|1|1|4246|19|1437.54|100.62|1538.16|34.35|845.69|1408.78|20.99|7.77|980.66
2451302|49395|1234|7896|84392|3735|3031|7896|84392|3735|3031|1|3|4247|15|961.80|86.56|1048.36|0.65|320.55|750.20|33.85|177.75|407.76
2451144|79821|560|1061|115126|5224|1129|1061|115126|5224|1129|4|1|4247|47|3310.21|264.81|3575.02|85.55|1885.17|1655.10|1390.29|264.82|2235.53
2451286|64891|428|1876|102405|3941|750|1876|102405|3941|750|1|1|4247|5|232.55|13.95|246.50|76.18|105.20|39.53|158.27|34.75|195.33
2451303|78602|865|8956|154116|3516|3196|8956|154116|3516|3196|2|1|4247|31|84.63|3.38|88.01|22.61|1157.54|75.32|1.48|7.83|1183.53
2452357|22216|1497|2586|159079|3365|3578|2586|159079|3365|3578|3|3|4248|4|127.40|10.19|137.59|91.66|11.40|122.30|0.25|4.85|113.25
2452114|17367|101|524|184577|6070|1396|524|184577|6070|1396|3|1|4249|60|375.60|30.04|405.64|3.74|1288.20|142.72|25.61|207.27|1321.98
2452066|59444|159|5627|47735|7043|3151|5627|47735|7043|3151|3|1|4249|28|274.40|10.97|285.37|10.53|249.48|13.72|80.81|179.87|270.98
2452709|70573|1362|9987|84976|605|1314|9987|84976|605|1314|6|1|4250|3|195.45|11.72|207.17|60.10|129.42|62.54|103.66|29.25|201.24
2452325|18162|1503|7978|159510|5395|2527|7978|159510|5395|2527|3|3|4251|2|116.68|0.00|116.68|67.29|57.54|5.83|103.09|7.76|124.83
2452874|63167|1035|7016|127384|5032|1040|7016|127384|5032|1040|1|3|4252|21|129.78|6.48|136.26|68.52|409.29|54.50|8.28|67.00|484.29
2451554|46206|283|304|54376|5488|33|304|54376|5488|33|4|3|4253|21|24.36|1.21|25.57|53.20|807.87|8.03|1.95|14.38|862.28
2451488|73128|310|1004|73408|5139|1830|1004|73408|5139|1830|2|1|4253|17|1286.22|51.44|1337.66|5.60|233.75|385.86|495.19|405.17|290.79
2451585|19029|292|1341|82702|6336|1657|1341|82702|6336|1657|1|1|4253|38|3170.34|253.62|3423.96|49.56|452.58|1775.39|1171.75|223.20|755.76
2451408|52053|200|157|143670|6976|4009|157|143670|6976|4009|4|1|4253|82|3370.20|303.31|3673.51|90.80|1271.82|2291.73|431.38|647.09|1665.93
2452058|15348|907|4810|83387|1244|4261|4810|83387|1244|4261|5|3|4255|15|698.55|6.98|705.53|70.37|344.70|258.46|264.05|176.04|422.05
2452156|49226|1333|6972|89620|4348|3083|6972|89620|4348|3083|1|2|4255|25|1949.50|77.98|2027.48|79.65|20.00|1481.62|304.12|163.76|177.63
2452061|58923|1193|287|100562|1637|4912|287|100562|1637|4912|5|1|4255|7|541.24|48.71|589.95|88.97|159.46|384.28|53.36|103.60|297.14
2452017|74142|11|1288|170855|869|3083|1288|170855|869|3083|2|1|4256|80|14088.00|0.00|14088.00|55.69|2664.80|3803.76|10181.39|102.85|2720.49
2451976|41665|1607|49|2718|3900|1802|49|2718|3900|1802|5|1|4256|4|182.88|5.48|188.36|35.99|76.68|144.47|25.35|13.06|118.15
2451287|48183|1696|6158|148060|4089|431|6158|148060|4089|431|2|1|4257|2|220.70|4.41|225.11|63.66|22.74|220.70|0.00|0.00|90.81
2451277|8556|476|664|142972|6993|3734|664|142972|6993|3734|4|1|4257|13|1246.31|74.77|1321.08|62.79|754.26|498.52|59.82|687.97|891.82
2451319|25668|1574|1180|176031|6642|1020|1180|176031|6642|1020|2|2|4257|14|1412.32|127.10|1539.42|29.00|1251.88|1271.08|112.99|28.25|1407.98
2451057|74444|1015|5766|174065|2364|4416|5766|174065|2364|4416|1|3|4259|33|536.91|42.95|579.86|7.43|493.02|16.10|270.82|249.99|543.40
2452501|32771|639|4716|29087|4018|4716|4716|29087|4018|4716|3|3|4260|9|33.66|1.34|35.00|85.94|151.47|21.54|6.54|5.58|238.75
2451583|68893|1454|2378|97008|678|2028|2378|97008|678|2028|2|2|4261|5|615.70|49.25|664.95|34.34|331.00|541.81|7.38|66.51|414.59
2452759|63201|1332|548|100425|4669|1506|548|100425|4669|1506|1|3|4263|15|188.25|13.17|201.42|40.69|83.10|39.53|90.71|58.01|136.96
2452847|44679|927|5115|136014|5713|2459|5115|136014|5713|2459|1|3|4263|55|1634.60|65.38|1699.98|73.69|1184.70|375.95|478.28|780.37|1323.77
2452606|57228|750|5707|30379|6764|2516|5707|30379|6764|2516|3|1|4263|13|1007.89|50.39|1058.28|97.25|204.49|483.78|26.20|497.91|352.13
2452804|24690|295|5700|68308|5349|1997|5700|68308|5349|1997|6|2|4264|6|782.70|31.30|814.00|47.99|193.44|23.48|660.52|98.70|272.73
2452090|70147|1715|3072|64279|4399|639|3072|64279|4399|639|5|1|4265|25|2154.25|150.79|2305.04|80.41|0.00|1572.60|302.45|279.20|231.20
2452027|34691|1609|9001|29642|2330|3971|9001|29642|2330|3971|2|2|4265|84|787.92|39.39|827.31|23.31|540.12|441.23|13.86|332.83|602.82
2452046|60207|938|264|109039|2727|1382|264|109039|2727|1382|1|2|4265|55|334.40|20.06|354.46|28.83|4.40|327.71|3.47|3.22|53.29
2452829|48630|811|7495|5852|4609|1413|7495|5852|4609|1413|1|3|4266|50|156.50|3.13|159.63|29.26|95.00|139.28|9.29|7.93|127.39
2452578|37276|1110|8822|189464|2826|4781|8822|189464|2826|4781|3|3|4266|54|2416.50|24.16|2440.66|3.91|144.18|2223.18|146.92|46.40|172.25
2451090|35079|214|136|16874|6685|936|136|16874|6685|936|4|1|4267|11|197.23|5.91|203.14|45.36|59.95|55.22|46.86|95.15|111.22
2450980|73220|1189|4142|186775|5328|474|4142|186775|5328|474|4|2|4267|31|418.19|37.63|455.82|94.19|274.97|305.27|101.62|11.30|406.79
2452854|62817|213|7688|162309|883|4704|7688|162309|883|4704|3|3|4268|4|23.68|2.13|25.81|80.05|10.64|13.02|2.23|8.43|92.82
2452209|59672|1177|9924|36348|6452|1716|9924|36348|6452|1716|5|1|4269|1|0.00|0.00|0.00|45.45|23.78|0.00|0.00|0.00|69.23
2452385|15320|451|4511|73100|3082|2191|4511|73100|3082|2191|5|3|4269|40|1702.00|34.04|1736.04|59.84|3309.60|987.16|543.27|171.57|3403.48
2451335|40167|52|5474|112087|1260|4200|5474|112087|1260|4200|1|2|4270|25|2306.75|115.33|2422.08|25.55|1119.50|876.56|915.32|514.87|1260.38
2451290|74527|679|5821|11610|3495|4580|5821|11610|3495|4580|2|3|4272|23|18.63|0.00|18.63|26.36|186.76|1.30|9.70|7.63|213.12
2451695|66481|640|6925|24078|5725|1619|6925|24078|5725|1619|4|2|4273|6|164.64|14.81|179.45|72.47|160.56|75.73|38.23|50.68|247.84
2451723|85342|844|3010|44680|3743|3133|3010|44680|3743|3133|1|2|4274|16|287.52|11.50|299.02|6.35|345.12|143.76|41.69|102.07|362.97
2451682|63737|1624|5653|83707|1314|3968|5653|83707|1314|3968|1|1|4274|5|48.00|3.84|51.84|26.88|328.10|35.04|11.40|1.56|358.82
2451724|63676|1261|1813|73659|2545|4958|1813|73659|2545|4958|1|3|4274|9|255.06|10.20|265.26|36.82|86.67|244.85|10.10|0.11|133.69
2452782|28758|1107|9246|107673|3084|4935|9246|107673|3084|4935|6|1|4275|22|1103.30|99.29|1202.59|74.51|866.80|959.87|4.30|139.13|1040.60
2452823|35911|222|9246|107673|3084|4935|9246|107673|3084|4935|1|2|4275|51|4121.31|164.85|4286.16|65.20|1488.18|3915.24|10.30|195.77|1718.23
2451973|49568|1753|8463|168729|5395|4461|8463|168729|5395|4461|5|2|4276|45|1106.55|88.52|1195.07|80.66|2213.10|365.16|229.83|511.56|2382.28
2451914|16318|1411|6761|9833|825|4057||9833|||1|3|4276|14||50.01||||1162.94|35.01||170.78
2452146|74496|1279|8080|83639|2431|1830|8080|83639|2431|1830|2|2|4276|50|147.00|1.47|148.47|59.52|55.00|52.92|41.39|52.69|115.99
2451588||118|4766|||||25257|1748|||2|4277|15|||56.12||205.65|50.30|0.60||
2452792|58974|1537|495|32159|4678|150|495|32159|4678|150|3|3|4279|50|7851.00|235.53|8086.53|1.96|1759.50|0.00|7851.00|0.00|1996.99
2451388|68591|295|4139|177237|975|193|4139|177237|975|193|1|3|4280|26|102.70|8.21|110.91|6.30|127.40|84.21|3.69|14.80|141.91
2452252|40300|435|5955|33033|64|542|5955|33033|64|542|1|3|4282|23|2153.26|0.00|2153.26|71.74|486.91|2045.59|96.90|10.77|558.65
2452278|74517|1723|1974|143118|935|2192|1974|143118|935|2192|3|3|4282|35|3138.45|94.15|3232.60|50.88|922.95|910.15|111.41|2116.89|1067.98
2451976|67167|1693|7459|155949|439|2082|7459|155949|439|2082|2|1|4283|19|1157.67|69.46|1227.13|4.98|740.81|11.57|871.03|275.07|815.25
|82260|1340|||4443|587|6108|||587|||4284||61.76|||5.26|70.80|54.96|3.33|3.47|78.53
2451058|30765|626|2880|31669|6571|440|2880|31669|6571|440|1|3|4285|11|644.82|58.03|702.85|59.14|381.81|32.24|147.01|465.57|498.98
2451761|75262|59|4438|30847|3689|1538|4438|30847|3689|1538|2|3|4287|46|515.66|30.93|546.59|60.01|44.16|237.20|239.47|38.99|135.10
2452469|23191|1181|7193|79481|3330|692|7193|79481|3330|692|5|3|4289|10|35.70|2.49|38.19|86.26|14.30|3.21|6.82|25.67|103.05
2451224|57619|535|818|125066|2754|4122|818|125066|2754|4122|1|3|4291|22|381.26|34.31|415.57|74.15|40.70|99.12|62.07|220.07|149.16
||202|9090|105704||979|9090|105704||979||1|4291|||0.05|1.79||7.50|0.01|||48.64
2452591|37493|373|799|27047|302|1030|799|27047|302|1030|3|2|4292|48|0.00|0.00|0.00|48.22|6.24|0.00|0.00|0.00|54.46
2452678|15327|1353|593|140037|2874|3438|593|140037|2874|3438|1|1|4292|11|674.96|33.74|708.70|24.88|533.39|256.48|4.18|414.30|592.01
2452723|19329|780|4457|163063|5876|3762|4457|163063|5876|3762|6|1|4292|1|75.05|3.75|78.80|83.16|51.52|18.76|47.84|8.45|138.43
2452606|80126|1449|1216|26079|2782|165|1216|26079|2782|165|1|2|4292|21|203.28|18.29|221.57|60.13|406.56|193.11|6.50|3.67|484.98
2452415|46085|67|8863|186982|748|3914|8863|186982|748|3914|3|2|4293|3|119.49|9.55|129.04|22.90|111.78|74.08|9.08|36.33|144.23
2452499|62219|942|2174|74365|4876|1580|2174|74365|4876|1580|3|3|4293|10|173.70|12.15|185.85|44.88|215.40|55.58|14.17|103.95|272.43
2452712|41857|1315|7861|188219|2497|3415|7861|188219|2497|3415|6|3|4294|24|4299.36|343.94|4643.30|8.29|64.08|1977.70|533.98|1787.68|416.31
2451295|13421|626|150|91923|1249|3622|150|91923|1249|3622|2|3|4295|3|160.83|9.64|170.47|37.26|95.04|45.03|59.05|56.75|141.94
2451085|78860|505|2902|34|6228|4542|2902|34|6228|4542|1|3|4295|26|421.20|37.90|459.10|36.30|342.16|42.12|356.33|22.75|416.36
2451088|50700|766|5187|142993|1439|3412|5187|142993|1439|3412|1|3|4295|4|11.52|0.34|11.86|44.34|25.00|9.21|1.31|1.00|69.68
2452020|15761|913|123|166463|5523|1423|123|166463|5523|1423|5|3|4296|3|197.88|7.91|205.79|66.51|46.29|174.13|22.80|0.95|120.71
2452030|76949|1466|6931|110473|4335|3237|6931|110473|4335|3237|1|3|4296|6|711.60|14.23|725.83|93.27|383.16|661.78|30.39|19.43|490.66
2451901||917|1185|57286||128|1185||5547|128|||4299|10|42.00||45.36||||25.87|11.09|86.95
2451934|5991|926|3842|25072|5902|932|3842|25072|5902|932|5|2|4299|14|859.46|8.59|868.05|77.45|95.48|532.86|277.61|48.99|181.52
2452062|37640|1555|1403|182904|3205|2153|1403|182904|3205|2153|5|3|4299|17|643.96|6.43|650.39|53.71|98.94|276.90|209.22|157.84|159.08
2452003|64313|1117|9384|59118|4452|233|9384|59118|4452|233|2|3|4300|22|1040.60|0.00|1040.60|84.53|562.98|447.45|385.54|207.61|647.51
2451510|35997|1009|3934|140205|2123|2794|3934|140205|2123|2794|4|1|4301|51|575.28|11.50|586.78|3.37|226.44|69.03|496.12|10.13|241.31
2451619|80672|884|3780|61955|4977|1752|3780|61955|4977|1752|2|1|4301|6|182.88|0.00|182.88|87.23|68.94|42.06|98.57|42.25|156.17
2451459|63814|548|5375|12983|3551|86|5375|12983|3551|86|2|2|4302|6|28.74|2.01|30.75|88.94|124.50|27.59|0.77|0.38|215.45
2451520|66361|706|7321|98033|4105|4144|7321|98033|4105|4144|1|2|4304|19|2578.30|77.34|2655.64|45.46|1731.66|51.56|2375.13|151.61|1854.46
2451325|54560|1075|8838|114123|1488|2413|8838|114123|1488|2413|4|1|4305|41|6867.50|274.70|7142.20|75.83|1435.00|6318.10|21.97|527.43|1785.53
2451256|53222|1676|7355|58984|853|1202|7355|58984|853|1202|1|3|4305|46|253.00|20.24|273.24|35.19|79.58|232.76|16.39|3.85|135.01
2451389|46231|368|1946|81208|6663|1398|1946|81208|6663|1398|2|3|4305|35|6858.60|0.00|6858.60|31.04|445.20|2674.85|1966.36|2217.39|476.24
2451264||614||189579||||189579||1726||3|4305|10|767.50|0.00|767.50||48.50|483.52||269.79|136.61
2451271|19414|1628|4742|172333|1091|4442|4742|172333|1091|4442|4|2|4305|39|3069.69|92.09|3161.78|11.62|1304.55|1350.66|1495.55|223.48|1408.26
2452441|362|1429|4519|164976|3993|4530|4519|164976|3993|4530|5|3|4306|56|5318.88|212.75|5531.63|2.15|4105.92|2659.44|2287.11|372.33|4320.82
2452412|67980|1139|8707|173824|7101|1498|8707|173824|7101|1498|5|1|4306|32|955.52|0.00|955.52|33.32|550.72|898.18|43.00|14.34|584.04
2452512|35665|765|7051|189|6880|1971|7051|189|6880|1971|1|3|4306|9|81.18|3.24|84.42|46.73|125.55|1.62|40.57|38.99|175.52
2452211|57824|599|8690|87040|5837|1987|8690|87040|5837|1987|5|1|4307|4|9.12|0.45|9.57|99.23|20.84|7.02|1.11|0.99|120.52
2451089|72487|1504|7614|76122|4390|4225|7614|76122|4390|4225|1|1|4311|33|557.70|16.73|574.43|94.30|509.85|301.15|148.79|107.76|620.88
2451171|56829|694|4733|140500|5354|241|4733|140500|5354|241|1|2|4311|44|2216.72|88.66|2305.38|82.59|1551.88|1219.19|648.39|349.14|1723.13
2451602|30452|529|3340|188468|6076|4044|3340|188468|6076|4044|2|2|4312|46|557.52|33.45|590.97|88.07|3624.80|535.21|17.84|4.47|3746.32
2452909|82245|936|3788|114787|1626|3298|3788|114787|1626|3298|3|2|4314|19|2227.56|178.20|2405.76|10.53|803.70|467.78|35.19|1724.59|992.43
2452587|38631|750|1170|127245|2680|635|1170|127245|2680|635|3|3|4315|29|3260.76|0.00|3260.76|20.10|206.77|1630.38|358.68|1271.70|226.87
2451201|55704|1051|4089|187844|5039|3467|4089|187844|5039|3467|4|1|4316|28|4388.16|87.76|4475.92|42.79|2617.44|4080.98|199.66|107.52|2747.99
2452467|19139|1137|855|129865|7195|4165|855|129865|7195|4165|3|2|4318|8|97.52|2.92|100.44|84.71|7.44|78.99|9.82|8.71|95.07
2452519|81731|1463|8031|5785|1506|420|8031|5785|1506|420|1|1|4319|51|212.67|17.01|229.68|81.43|154.53|4.25|170.90|37.52|252.97
2451318|84620|560|5561|108432|2023|2654|5561|108432|2023|2654|2|3|4320|20|991.80|9.91|1001.71|13.50|143.80|148.77|590.12|252.91|167.21
2452222|78447|1713|1270|140818|1966|3514|1270|140818|1966|3514|5|2|4321|15|541.20|10.82|552.02|58.84|99.60|227.30|279.37|34.53|169.26
2452358|20059|85|6195|76929|3056|3463|6195|76929|3056|3463|1|1|4321|90|1049.40|83.95|1133.35|72.72|4066.20|797.54|70.52|181.34|4222.87
2452430|58714|137|6341|133381|322|1070|6341|133381|322|1070|3|3|4321|44|500.28|15.00|515.28|16.80|279.40|275.15|58.53|166.60|311.20
2451711|68740|1711|7152|55134|4443|1665|7152|55134|4443|1665|5|3|4322|1|111.67|1.11|112.78|93.08|15.63|3.35|7.58|100.74|109.82
2451732|33702|989|6394|146303|2339|3535|6394|146303|2339|3535|5|2|4323|60|5204.40|312.26|5516.66|14.19|829.20|936.79|1322.95|2944.66|1155.65
2451729|57676|1139|6690|58752|1487|309|6690|58752|1487|309|1|2|4323|7|371.91|0.00|371.91|52.44|100.59|85.53|8.59|277.79|153.03
2451801|68892|1231|3844|95242|1040|4191|3844|95242|1040|4191|1|3|4323|3|240.63|14.43|255.06|42.77|6.24|134.75|100.58|5.30|63.44
|82797|716|2004||||||||5|1|4323|||0.25|8.67|23.02||4.54|2.01|1.87|
2451744|67362|887|4411|57842|5706|2577|4411|57842|5706|2577|1|3|4323|65|3044.60|121.78|3166.38|11.16|1413.10|426.24|1728.11|890.25|1546.04
2451213|59425|313|6287|136308|4282|2103|6287|136308|4282|2103|4|2|4324|46|373.98|29.91|403.89|91.13|694.60|224.38|79.28|70.32|815.64
2452573|50658|1731|5294|162864|2721|4258|5294|162864|2721|4258|1|1|4325|30|1711.80|154.06|1865.86|69.04|2530.80|753.19|853.16|105.45|2753.90
2452642|51726|960|352|188467|2582|697|352|188467|2582|697|6|3|4325|38|1726.72|120.87|1847.59|34.74|2466.96|777.02|655.29|294.41|2622.57
2451796|43405|1604|5569|35973|4330|4734|5569|35973|4330|4734|1|3|4326|13|133.38|12.00|145.38|74.35|27.82|114.70|2.05|16.63|114.17
2451844|78406|779|2270|48181|6492|2956|2270|48181|6492|2956|5|3|4326|6|0.00|0.00|0.00|57.06|468.84|0.00|0.00|0.00|525.90
2451338|80172|758|5561|55179|4990|4128|5561|55179|4990|4128|1|2|4327|79|308.10|6.16|314.26|30.83|711.00|9.24|137.47|161.39|747.99
2451705|55114|100|379|11845|2478|504|379|11845|2478|504|1|2|4331|51|4475.25|179.01|4654.26|84.68|2472.99|716.04|3044.96|714.25|2736.68
2451592|26513|1540|5318|128574|6597|260|5318|128574|6597|260|1|2|4331|24|1512.00|60.48|1572.48|33.93|177.84|1375.92|28.57|107.51|272.25
2452316|17547|1543|3625|63566|3667|3288|3625|63566|3667|3288|1|2|4332|14|503.16|25.15|528.31|39.45|725.20|186.16|85.59|231.41|789.80
2451307|75816|296|4014|17261|1468|2348|4014|17261|1468|2348|2|2|4334|17|131.92|1.31|133.23|64.36|412.42|31.66|55.14|45.12|478.09
2451359|34441|304|8373|126043|6480|4110|8373|126043|6480|4110|4|2|4334|34|1005.04|90.45|1095.49|51.91|319.60|190.95|431.46|382.63|461.96
2452817|36317|669|5547|155948|4465|342|5547|155948|4465|342|3|2|4335|18|333.54|13.34|346.88|13.06|627.84|216.80|59.53|57.21|654.24
2452316|67361|801|3299|160800|2461|4842|3299|160800|2461|4842|1|3|4336|11|107.47|6.44|113.91|74.01|591.14|31.16|70.20|6.11|671.59
2451940|46905|122|696|74780|1744|3515|696|74780|1744|3515|1|2|4337|86|5344.90|267.24|5612.14|66.46|7126.82|641.38|2210.65|2492.87|7460.52
2451914|13446|967|5684|137550|6583|1409|5684|137550|6583|1409|5|2|4337|21|559.02|5.59|564.61|54.07|1229.76|195.65|345.20|18.17|1289.42
2451932|43111|1493|3719|68697|1835|3740|3719|68697|1835|3740|2|3|4337|4|589.44|11.78|601.22|92.36|198.76|11.78|69.31|508.35|302.90
2452444|40349|583|4034|70653|6632|2084|4034|70653|6632|2084|6|1|4339|31|1095.23|32.85|1128.08|48.73|379.13|657.13|157.71|280.39|460.71
2452333|63209|643|4614|81760|1866|4892|4614|81760|1866|4892|1|1|4340|2|312.38|9.37|321.75|47.99|214.20|49.98|196.80|65.60|271.56
2452062|84197|647|4446|89096|3020|304|4446|89096|3020|304|1|3|4341|31|671.15|26.84|697.99|62.68|633.02|530.20|112.76|28.19|722.54
2452098|42088|872|2661|127772|6163|1114|2661|127772|6163|1114|1|2|4341|9|216.00|8.64|224.64|2.01|44.73|23.76|146.10|46.14|55.38
2451203|72360|208|1501|41512|2963|4894|1501|41512|2963|4894|1|1|4343|70|497.00|19.88|516.88|5.19|1278.90|477.12|9.34|10.54|1303.97
2451058|34982|302|2705|89907|4516|1998|2705|89907|4516|1998|1|3|4343|5|6.25|0.50|6.75|22.28|26.45|5.06|0.34|0.85|49.23
2451496|64024|1339|6572|118082|2312|4382|6572|118082|2312|4382|2|3|4344|6|208.20|0.00|208.20|70.83|74.34|0.00|139.49|68.71|145.17
2452019|68747|1118|1233|166470|3594|1751|1233|166470|3594|1751|1|2|4347|9|928.98|37.15|966.13|13.61|332.46|715.31|40.59|173.08|383.22
2451185|59061|884|3170|57129|6001|640|3170|57129|6001|640|4|2|4349|13|1925.30|19.25|1944.55|34.39|839.15|847.13|194.07|884.10|892.79
2451261|75485|286|2330|79015|5747|3832|2330|79015|5747|3832|4|3|4349|1|64.49|2.57|67.06|74.33|52.49|52.23|7.72|4.54|129.39
|27247|1712|||||8564|67009|207||1|2|4350||60.42|||||20.54|14.75|25.13|1524.42
2451336|49910|1789|4124|25935|1153|3644|4124|25935|1153|3644|4|2|4350|52|7534.80|678.13|8212.93|68.97|801.32|828.82|4895.36|1810.62|1548.42
2451383|77366|85|1759|105540|6921|2102|1759|105540|6921|2102|2|3|4350|83|46.48|2.32|48.80|17.71|424.13|21.38|5.27|19.83|444.16
2452157|35973|20|2018|179246|6107|3175|2018|179246|6107|3175|5|3|4351|1|68.33|6.14|74.47|14.11|78.09|58.76|2.67|6.90|98.34
2452114|58888|1565|7801|115272|5943|4567|7801|115272|5943|4567|5|2|4351|52|88.40|7.95|96.35|3.55|42.64|4.42|41.99|41.99|54.14
2451384||1562|||||411|47209|1800||1||4352|||4.96|75.88|25.19|100.68|36.87||8.86|
2451531||1162|4607|50152|||4607|50152|1170||1|2|4352||1913.42|38.26|||410.06|956.71|363.54||468.61
2451573|20565|607|5538|21859|6500|2181|5538|21859|6500|2181|2|1|4352|31|1925.10|96.25|2021.35|65.89|179.49|596.78|982.95|345.37|341.63
2451082||1486|||6339|1176|9465|57542|6339||1|3|4353||1286.49||||428.83|||854.49|
2451869|37018|1291|9282|176429|856|996|9282|176429|856|996|5|1|4354|55|4162.40|0.00|4162.40|44.15|2576.75|2580.68|727.59|854.13|2620.90
2451169|79748|1012|5704|135700|1089|1005|5704|135700|1089|1005|4|3|4355|26|426.66|4.26|430.92|96.14|782.34|115.19|152.62|158.85|882.74
2451153|34680|1459|2113|27336|1152|1695|2113|27336|1152|1695|1|2|4355|1|104.25|5.21|109.46|30.06|4.17|64.63|39.62|0.00|39.44
2452504|64694|1727|2323|17033|5296|1559|2323|17033|5296|1559|1|3|4356|5|79.00|6.32|85.32|47.23|4.60|34.76|17.69|26.55|58.15
2452890|47755|1716|3309|105180|3404|875|3309|105180|3404|875|3|1|4357|54|1015.20|10.15|1025.35|45.48|399.60|233.49|781.71|0.00|455.23
2452841|83353|564|1780|123568|2829|3577|1780|123568|2829|3577|1|1|4357|16|1588.48|95.30|1683.78|26.96|453.76|95.30|1313.99|179.19|576.02
2452648|68058|1447|6418|181463|6941|26|6418|181463|6941|26|3|3|4359|53|730.87|36.54|767.41|4.37|1535.41|255.80|375.30|99.77|1576.32
2452660|42501|1680|9379|163894|1482|1110|9379|163894|1482|1110|3|1|4361|23|3031.17|272.80|3303.97|50.45|1739.95|2030.88|960.27|40.02|2063.20
2451721|47962|296|7277|33570|7110|3003|7277|33570|7110|3003|4|1|4363|35|1069.95|0.00|1069.95|54.75|334.25|995.05|1.49|73.41|389.00
2451575|13796|1372|6805|38578|6031|3244|6805|38578|6031|3244|1|3|4363|7|324.73|16.23|340.96|6.46|649.53|204.57|46.86|73.30|672.22
2451606||1022||48981|5759|1497|2283||||1|3|4363|25||0.00|679.25|52.01|135.75|||2.18|187.76
2451313|70569|1700|2387|191232|5150|2555|2387|191232|5150|2555|2|2|4365|40|9152.40|732.19|9884.59|46.28|200.80|4942.29|2357.66|1852.45|979.27
2451220|43445|1714|8522|124062|3329|4909|8522|124062|3329|4909|1|2|4365|16|873.28|78.59|951.87|63.53|172.16|165.92|7.07|700.29|314.28
2451342|20010|562|2954|67313|4185|3824|2954|67313|4185|3824|2|3|4365|36|3017.88|211.25|3229.13|87.67|1408.32|1750.37|646.43|621.08|1707.24
2452641|66824|673|5662|110942|6175|8|5662|110942|6175|8|6|1|4366|13|1419.73|70.98|1490.71|71.20|202.80|0.00|440.11|979.62|344.98
2452728|79386|451|7558|141569|3627|1438|7558|141569|3627|1438|3|1|4366|12|329.52|16.47|345.99|61.14|272.64|148.28|48.93|132.31|350.25
|72376|283|8217|163718|1611|2417|8217|163718||||1|4368|||5.83||||274.44||2.11|78.61
2452162|65577|1539|3530|17758|5393|3101|3530|17758|5393|3101|3|2|4368|67|7083.24|70.83|7154.07|74.63|4722.16|1274.98|1335.89|4472.37|4867.62
2452311|50079|293|4648|82251|2701|2904|4648|82251|2701|2904|1|1|4368|5|70.60|5.64|76.24|69.36|65.55|16.23|36.42|17.95|140.55
2452291|28182|1293|6307|150183|6252|3001|6307|150183|6252|3001|3|2|4368|8|105.52|9.49|115.01|88.19|222.24|9.49|41.29|54.74|319.92
2452227|25565|201|1421|139529|2804|872|1421|139529|2804|872|5|2|4368|16|3194.08|0.00|3194.08|58.46|532.32|1245.69|331.22|1617.17|590.78
2451769|76677|514|779|55881|6844|3214|779|55881|6844|3214|2|1|4369|59|965.83|48.29|1014.12|33.20|1126.90|637.44|223.30|105.09|1208.39
2452780|72026|1722|9990|163859|3441|2943|9990|163859|3441|2943|1|3|4371|40|808.80|72.79|881.59|90.81|173.20|501.45|15.36|291.99|336.80
2452715|41548|1143|4505|166885|2498|4071|4505|166885|2498|4071|1|2|4371|19|3165.21|253.21|3418.42|46.22|319.96|126.60|668.49|2370.12|619.39
2452601|57155|540|5533|111332|4204|3563|5533|111332|4204|3563|6|1|4374|47|72.85|1.45|74.30|89.01|76.61|21.85|9.18|41.82|167.07
2451320|8556|1729|7570|165073|5329|2385|7570|165073|5329|2385|2|3|4375|38|1589.54|143.05|1732.59|15.82|674.12|1271.63|25.43|292.48|832.99
2451221|63318|175|3238|75715|1152|3309|3238|75715|1152|3309|2|2|4376|4|112.64|6.75|119.39|89.30|150.16|19.14|56.10|37.40|246.21
2452060|508|572|4937|75749|2434|4159|4937|75749|2434|4159|1|1|4377|4|377.56|0.00|377.56|88.48|184.40|71.73|281.36|24.47|272.88
2452123|44678|373|1961|132728|3735|3822|1961|132728|3735|3822|1|2|4377|30|269.70|8.09|277.79|72.29|179.70|48.54|2.21|218.95|260.08
2451810|20943|1469|4480|69829|5654|2039|4480|69829|5654|2039|5|1|4378|43|2550.76|229.56|2780.32|85.87|1588.42|1632.48|165.29|752.99|1903.85
2451450|44093|277|9167|170412|3977|4382|9167|170412|3977|4382|1|1|4379|22|3301.76|165.08|3466.84|24.20|529.76|1782.95|1123.91|394.90|719.04
2451356|65593|607|9895|91803|1678|2746|9895|91803|1678|2746|2|3|4379|6|427.32|29.91|457.23|70.43|21.36|423.04|1.32|2.96|121.70
2451236|67332|1573|5843|91573|5814|4648|5843|91573|5814|4648|4|1|4379|22|1116.06|0.00|1116.06|53.22|21.78|714.27|401.79|0.00|75.00
2451352|5112|1717|355|168398|5001|1324|355|168398|5001|1324|4|2|4379|4|787.36|47.24|834.60|83.54|350.96|503.91|73.69|209.76|481.74
2451333|66639|752|4086|87944|6042|3020|4086|87944|6042|3020|1|1|4379|12|1437.24|0.00|1437.24|46.76|552.72|819.22|6.18|611.84|599.48
2452823|54815|1548|4311|183446|788|4203|4311|183446|788|4203|1|3|4380|46|1539.16|92.34|1631.50|5.53|601.22|1154.37|61.56|323.23|699.09
2452450|27382|155|5227|38453|2766|3112|5227|38453|2766|3112|3|1|4381|67|888.42|26.65|915.07|89.02|2392.57|497.51|50.81|340.10|2508.24
2452549||217|||6649|1051||112574|6649|1051|||4381|||35.78|751.56|86.45|126.23||23.83|40.60|248.46
2451299|16583|746|2656|149237|3611|3065|2656|149237|3611|3065|2|2|4385|31|216.07|19.44|235.51|88.62|540.64|64.82|142.17|9.08|648.70
2451659|49250|1381|3124|5661|1045|4829|3124|5661|1045|4829|4|2|4386|29|1358.36|81.50|1439.86|76.89|373.52|624.84|572.14|161.38|531.91
2452789|61892|1765|3932|||3916|3932|150329||3916|||4387|54|237.06|9.48|246.54|4.04|||36.51|10.91|
|63572|1275||16258|15||||15|||1|4388|||0.49|12.82|58.41|37.17||3.21|1.97|
2452754|28432|1395|3073|93362|7171|2373|3073|93362|7171|2373|1|3|4388|75|8580.75|772.26|9353.01|28.76|0.00|7379.44|96.10|1105.21|801.02
2451357|70285|1618|1060|39858|2576|4734|1060|39858|2576|4734|1|1|4389|56|446.32|8.92|455.24|77.15|187.60|232.08|175.67|38.57|273.67
2451303|50629|548|1811|145047|316|4145|1811|145047|316|4145|4|3|4389|20|998.40|89.85|1088.25|81.29|380.40|239.61|144.17|614.62|551.54
2451219|63996|283|410|182152|1334|196|410|182152|1334|196|4|3|4389|49|129.85|2.59|132.44|23.47|499.31|111.67|13.45|4.73|525.37
2452245|64577|247|4469|160361|4093|4505|4469|160361|4093|4505|5|2|4390|22|3612.84|289.02|3901.86|51.62|264.22|2926.40|302.03|384.41|604.86
2451582|34594|460|1489|163567|5245|2770|1489|163567|5245|2770|2|3|4391|25|1015.75|20.31|1036.06|61.18|1269.75|741.49|222.15|52.11|1351.24
2451677|18359|1597|6321|14637|5306|2222|6321|14637|5306|2222|1|3|4391|11|418.55|4.18|422.73|60.95|239.14|50.22|165.74|202.59|304.27
2451533|40792|1442|8021|70825|7139|966|8021|70825|7139|966|2|1|4392|7|239.75|14.38|254.13|52.91|18.41|71.92|124.19|43.64|85.70
2452596|69728|79|8420|74351|1129|3460|8420|74351|1129|3460|1|3|4394|37|3052.87|183.17|3236.04|48.94|1865.54|2900.22|10.68|141.97|2097.65
2452439|34267|1639|742|171885|7188|1011|742|171885|7188|1011|1|1|4394|11|1033.89|20.67|1054.56|42.36|108.79|558.30|33.29|442.30|171.82
2451402|29944|650|2313|14097|6521|2225|2313|14097|6521|2225|4|1|4395|1|121.98|8.53|130.51|33.97|79.12|13.41|64.05|44.52|121.62
2451308|82203|470|4718|158246|4527|3455|4718|158246|4527|3455|2|2|4395|23|2246.64|179.73|2426.37|50.34|1137.81|179.73|1384.82|682.09|1367.88
2452307|78626|1603|5523|30024|4572|3520|5523|30024|4572|3520|5|3|4396|52|3745.04|224.70|3969.74|91.71|651.04|1835.06|1738.08|171.90|967.45
2452316|66431|573|1758|107238|3151|1424|1758|107238|3151|1424|5|3|4396|51|537.03|26.85|563.88|69.35|1140.87|494.06|9.45|33.52|1237.07
2452427|83495|499|5213|186896|6626|1309|5213|186896|6626|1309|5|1|4397|7|861.35|43.06|904.41|90.08|484.54|534.03|202.93|124.39|617.68
2452368|72987|777|1294|31224|1394|1691|1294|31224|1394|1691|5|1|4397|1|32.21|1.61|33.82|30.20|5.36|22.22|9.79|0.20|37.17
2452827|68034|73|2032|21424|5936|3088|2032|21424|5936|3088|1|1|4403|9|1429.74|42.89|1472.63|13.37|665.55|1243.87|124.53|61.34|721.81
2452788|66512|1785|4447|79404|248|2125|4447|79404|248|2125|3|3|4403|8|125.92|10.07|135.99|12.59|207.44|47.84|19.52|58.56|230.10
2452775|39763|1275|188|169189|3710|424|188|169189|3710|424|6|3|4403|7|458.08|9.16|467.24|33.37|266.63|169.48|135.64|152.96|309.16
2452716|61930|660|7166|116670|5054|4198|7166|116670|5054|4198|3|1|4404|9|472.77|28.36|501.13|4.31|132.03|193.83|122.73|156.21|164.70
2451923|13634|272|1950|85941|4172|3083|1950|85941|4172|3083|2|3|4405|15|447.15|31.30|478.45|68.85|211.80|205.68|118.32|123.15|311.95
2451950|77683|799|1213|173466|2119|1372|1213|173466|2119|1372|2|3|4405|28|448.00|31.36|479.36|89.02|619.36|89.60|297.47|60.93|739.74
|36113|601|5399||||5399|4503|3287|3278|5||4406||65.62|0.00|||39.44|30.84|||85.14
2452235|11730|471|3240|17876|5792|715|3240|17876|5792|715|5|1|4406|3|138.18|2.76|140.94|67.01|80.22|40.07|6.86|91.25|149.99
2452603|47734|679|4771|184429|6680|811|4771|184429|6680|811|6|3|4409|16|484.00|9.68|493.68|32.33|69.92|125.84|32.23|325.93|111.93
2451326|45250|260|2411|131647|2643|1912|2411|131647|2643|1912|4|2|4413|13|2441.27|170.88|2612.15|49.59|624.52|1538.00|171.62|731.65|844.99
2451436|54800|1531|6505|4089|5513|3770|6505|4089|5513|3770|1|2|4413|24|223.68|2.23|225.91|32.27|126.24|116.31|1.07|106.30|160.74
2452382|77857|1331|3238|95857|6396|975|3238|95857|6396|975|5|1|4414|58|2909.28|116.37|3025.65|12.99|1760.88|1832.84|667.39|409.05|1890.24
2452263|43673|1185|1569|116411|6213|3735|1569|116411|6213|3735|1|1|4414|4|234.32|14.05|248.37|13.91|18.56|37.49|64.95|131.88|46.52
|22796|1729|||||5960|||||1|4415||9240.40|||76.37|217.36|924.04||332.66|293.73
2452043|32079|50|9536|36991|5199|1254|9536|36991|5199|1254|1|3|4415|4|737.92|7.37|745.29|75.40|228.72|634.61|5.16|98.15|311.49
2451282|58875|448|7713|178093|313|2260|7713|178093|313|2260|2|2|4416|44|2503.16|200.25|2703.41|41.28|2503.16|1426.80|441.30|635.06|2744.69
2451200|41875|914|7357|14740|6923|2706|7357|14740|6923|2706|1|1|4416|53|576.11|40.32|616.43|17.58|1008.59|11.52|485.54|79.05|1066.49
2451287|60761|110|9234|113304|4061|2698|9234|113304|4061|2698|1|1|4416|73|1030.03|41.20|1071.23|57.20|585.46|566.51|152.96|310.56|683.86
2451294|42296|1765|3888|43890|3765|3727|3888|43890|3765|3727|1|2|4418|32|33.92|2.03|35.95|55.60|18.88|4.40|13.57|15.95|76.51
2451061|43790|494|726|109509|4899|1962|726|109509|4899|1962|1|1|4418|8|98.16|5.88|104.04|82.61|98.16|86.38|8.95|2.83|186.65
2451481|59226|1021|9012|75671|890|4829|9012|75671|890|4829|1|3|4420|6|748.08|22.44|770.52|19.60|27.36|389.00|136.45|222.63|69.40
2452070|8197|1371|398|187655|6065|3522|398|187655|6065|3522|5|2|4421|26|46.80|2.34|49.14|94.65|20.02|0.93|6.88|38.99|117.01
2451261|28353|1279|1770|82902|1474|4773|1770|82902|1474|4773|2|2|4422|15|10.95|0.98|11.93|23.43|58.65|3.94|4.13|2.88|83.06
||152|||7159||1816||7159||||4422|62|12508.50|250.17|12758.67||4114.32|3752.55|||
2451201|53073|1516|1922|166455|5661|2354|1922|166455|5661|2354|2|2|4422|55|987.25|78.98|1066.23|31.15|1687.40|858.90|120.64|7.71|1797.53
2451522|71405|241|5604|108392|700|4095|5604|108392|700|4095|2|1|4423|44|4304.08|301.28|4605.36|12.01|404.80|2152.04|817.77|1334.27|718.09
2451402|66670|1580|2053|189303|713|4796|2053|189303|713|4796|1|1|4423|14|1274.00|0.00|1274.00|82.38|571.62|509.60|405.13|359.27|654.00
2451793|54298|946|7973|167398|2230|3582|7973|167398|2230|3582|4|3|4425|73|959.22|57.55|1016.77|75.39|409.53|201.43|492.56|265.23|542.47
2451645|43846|278|440|74998|2643|1768|440|74998|2643|1768|4|3|4425|6|395.82|7.91|403.73|46.99|219.90|134.57|141.07|120.18|274.80
2452661||1191||63578|3475|3172|7328|63578||3172||1|4427||5.04||||2.84|0.75|3.21||
2451353|70227|308|7086|32278|2030|3302|7086|32278|2030|3302|4|1|4428|33|2324.52|116.22|2440.74|45.41|1284.36|302.18|849.38|1172.96|1445.99
2451484|24384|1208|2588|108020|45|3597|2588|108020|45|3597|1|2|4428|71|468.60|18.74|487.34|59.41|10.65|346.76|57.26|64.58|88.80
2451351|72172|710|8090|154942|1841|2693|8090|154942|1841|2693|2|1|4428|2|179.90|7.19|187.09|69.37|68.68|124.13|13.38|42.39|145.24
2451198|77811|238|9063|161644|1105|2773|9063|161644|1105|2773|1|2|4428|86|3780.56|151.22|3931.78|31.96|1449.96|3742.75|31.00|6.81|1633.14
2451386|45309|742|2752|30660|1815|4923|2752|30660|1815|4923|2|2|4430|60|1333.80|106.70|1440.50|84.58|1667.40|733.59|312.10|288.11|1858.68
2451465|72999|1352|849|118127|1005|4883|849|118127|1005|4883|4|1|4430|1|66.09|1.32|67.41|70.91|11.72|15.86|29.63|20.60|83.95
2452072|45364|797|5887|69638|1667|1776|5887|69638|1667|1776|2|1|4431|27|1286.28|64.31|1350.59|88.02|1240.38|1221.96|63.67|0.65|1392.71
2451514|66112|962|9363|152537|1071|3878|9363|152537|1071|3878|2|2|4434|21|1329.51|93.06|1422.57|96.58|769.65|518.50|738.01|73.00|959.29
2451528|70482|1147|3317|73190|3943|2056|3317|73190|3943|2056|4|1|4434|21|196.14|17.65|213.79|83.55|88.83|125.52|64.97|5.65|190.03
2451385|58991|512|84|58916|5715|4507|84|58916|5715|4507|1|2|4434|2|47.76|0.47|48.23|8.48|60.14|10.98|1.83|34.95|69.09
2451413|12863|793|5105|93950|5435|800|5105|93950|5435|800|1|2|4434|9|485.10|38.80|523.90|89.79|352.80|325.01|137.67|22.42|481.39
|35646|1087|1047|141697|3034||||3034|1604|||4435|7|1192.66||1264.21|54.16||739.44|||209.85
2451715|70031|140|8888|68691|4014|3777|8888|68691|4014|3777|4|2|4435|58|1692.44|84.62|1777.06|65.35|2708.02|423.11|88.85|1180.48|2857.99
2451780|74601|568|2770|15421|3225|29|2770|15421|3225|29|1|1|4436|4|176.40|0.00|176.40|87.64|254.80|19.40|26.69|130.31|342.44
2451707|52042|724|6493|138832|84|4703|6493|138832|84|4703|4|3|4436|31|2648.33|238.34|2886.67|5.61|1844.19|1006.36|1346.41|295.56|2088.14
2451648|36706|1480|69|151400|251|4742|69|151400|251|4742|4|1|4436|2|185.54|1.85|187.39|65.83|105.22|90.91|12.30|82.33|172.90
2451467|22613|1645|7398|67710|662|4294|7398|67710|662|4294|1|2|4437|2|290.70|14.53|305.23|20.36|138.08|81.39|96.28|113.03|172.97
2451555|24985|40|4888|59771|3007|4690|4888|59771|3007|4690|2|1|4437|4|143.80|8.62|152.42|21.55|37.84|104.97|33.78|5.05|68.01
2452334|30449|525|6779|131206|6433|2060|6779|131206|6433|2060|1|2|4438|28|153.44|10.74|164.18|2.35|145.32|56.77|3.86|92.81|158.41
2451649|28286|172|7892|12240|6475|1743|7892|12240|6475|1743|4|2|4439|19|833.91|58.37|892.28|15.14|809.97|366.92|107.40|359.59|883.48
2451533|68576|901|6182|100121|27|773|6182|100121|27|773|2|3|4440|19|812.63|40.63|853.26|67.78|96.33|211.28|156.35|445.00|204.74
2451540|77794|584|8953|140596|992|4035|8953|140596|992|4035|2|1|4440|26|1573.00|94.38|1667.38|54.22|1310.92|1510.08|34.60|28.32|1459.52
2451615|45275|892|9559|114402|2525|2255|9559|114402|2525|2255|1|1|4440|1|39.67|2.38|42.05|70.83|81.44|4.76|16.40|18.51|154.65
2451482|52093|122|695|154117|6259|2994|695|154117|6259|2994|4|2|4440|60|5491.80|164.75|5656.55|63.63|1206.60|4009.01|1171.40|311.39|1434.98
||1063|||2100|4587||52046|2100|||3|4443||516.78|31.00|547.78||360.14||146.97|39.08|489.41
2452158|81004|1243|1687|149252|4417|3382|1687|149252|4417|3382|1|1|4445|14|528.92|47.60|576.52|50.51|411.32|417.84|108.85|2.23|509.43
2452259|13393|495|275|113953|4078|2956|275|113953|4078|2956|1|1|4445|20|252.40|2.52|254.92|21.77|82.20|179.20|5.85|67.35|106.49
2452208|4694|119|96|73648|5313|3345|96|73648|5313|3345|1|3|4447|36|577.80|34.66|612.46|61.49|125.64|161.78|249.61|166.41|221.79
2451606|15903|583|5050|129104|3737|3610|5050|129104|3737|3610|1|1|4448|1|142.55|9.97|152.52|20.09|67.27|78.40|25.01|39.14|97.33
2451771|10345|122|2784|901|1578|4575|2784|901|1578|4575|1|2|4448|60|1123.20|89.85|1213.05|70.64|493.20|247.10|578.22|297.88|653.69
2451573|33725|1532|6109|118860|3851|3922|6109|118860|3851|3922|1|2|4449|39|5363.67|0.00|5363.67|48.79|829.92|804.55|2097.19|2461.93|878.71
2452531|27236|1753|7845|95767|3369|4378|7845|95767|3369|4378|1|3|4450|9|759.78|15.19|774.97|83.48|580.23|387.48|40.95|331.35|678.90
2452707|57222|801|5255|32359|5750|2174|5255|32359|5750|2174|3|1|4450|24|339.60|16.98|356.58|38.42|244.32|57.73|273.41|8.46|299.72
2452639|54625|415|7905|1719|5180|2194|7905|1719|5180|2194|3|2|4450|7|862.26|8.62|870.88|89.57|141.33|767.41|49.32|45.53|239.52
2452273|36323|709|||3022|4074||65217||||3|4453||||17.05|80.11|9.84|3.44||10.11|
2452194|66382|489|5581|93521|5820|952|5581|93521|5820|952|3|3|4453|16|968.96|48.44|1017.40|13.26|223.52|203.48|650.65|114.83|285.22
2452573|70531|181|6153|34361|5929|2170|6153|34361|5929|2170|1|2|4456|3|183.81|9.19|193.00|96.47|41.13|180.13|2.20|1.48|146.79
2451852|69414|925|7697|145618|5539|2860|7697|145618|5539|2860|5|3|4457|47|305.03|21.35|326.38|57.60|234.53|12.20|225.47|67.36|313.48
2451758|27256|187|8683|123707|1131|4108|8683|123707|1131|4108|5|1|4457|8|73.84|2.95|76.79|97.80|174.64|57.59|10.07|6.18|275.39
2451677|63360|1042|3771|144113|6262|4931|3771|144113|6262|4931|1|1|4458|42|5703.60|114.07|5817.67|8.97|2812.74|2224.40|1670.01|1809.19|2935.78
|44633|124|||5203||6992|111961|5203||1|3|4459|||86.75|4424.35|37.59|2349.60|||383.45|2473.94
2451422|68428|182|7925|190426|4447|708|7925|190426|4447|708|1|1|4460|1|10.23|0.51|10.74|96.71|0.00|7.16|1.07|2.00|97.22
2451681|29678|1750|7347|120759|1738|1510|7347|120759|1738|1510|1|1|4460|24|671.52|20.14|691.66|33.27|127.20|26.86|148.27|496.39|180.61
2451303|73506|116|4024|68608|4279|2983|4024|68608|4279|2983|4|1|4461|14|145.32|1.45|146.77|75.31|189.98|52.31|40.92|52.09|266.74
2451317|49608|571|2630|170687|4711|1728|2630|170687|4711|1728|2|1|4461|30|3054.60|152.73|3207.33|62.56|1263.90|2321.49|652.46|80.65|1479.19
2451940|20111|671|753|80157|6888|1132|753|80157|6888|1132|5|2|4462|1|104.40|7.30|111.70|50.29|25.56|45.93|10.52|47.95|83.15
2452751|33188|1573|3310|909|5468|2347|3310|909|5468|2347|3|3|4464|7|522.62|26.13|548.75|14.40|330.05|439.00|35.12|48.50|370.58
2452653|28607|1717|1071|167170|1636|4342|1071|167170|1636|4342|6|1|4464|5|88.15|3.52|91.67|81.04|104.20|59.94|17.77|10.44|188.76
||1105||||3504|5890|150628|||6|1|4464||281.16|25.30|||598.53||227.71||647.15
2451769|69752|340|2724|158897|1790|4723|2724|158897|1790|4723|4|2|4467|28|248.36|12.41|260.77|77.23|16.24|7.45|231.27|9.64|105.88
2452110|57796|1769|920|135659|5645|1231|920|135659|5645|1231|1|1|4469|83|270.58|21.64|292.22|30.55|232.40|189.40|56.82|24.36|284.59
2452788|4127|759|2528|98940|1272|4597|2528|98940|1272|4597|1|3|4470|17|273.19|0.00|273.19|94.73|162.01|234.94|18.74|19.51|256.74
2452906|19466|1795|3332|56164|4276|3548|3332|56164|4276|3548|3|1|4470|64|3746.56|149.86|3896.42|71.87|706.56|2772.45|9.74|964.37|928.29
2452942|34128|81|9961|75747|4733|1566|9961|75747|4733|1566|3|2|4470|44|877.80|35.11|912.91|99.59|102.96|570.57|233.49|73.74|237.66
2452766|43069|750|3835|103158|5121|3964|3835|103158|5121|3964|3|3|4472|82|5549.76|55.49|5605.25|81.54|3094.68|1054.45|2697.18|1798.13|3231.71
2452141|61361|437|7446|108526|4806|1639|7446|108526|4806|1639|1|1|4474|1|15.18|0.91|16.09|78.19|2.97|4.40|10.24|0.54|82.07
2450933|26810|1246|3581|30242|4423|3244|3581|30242|4423|3244|2|1|4475|13|1088.62|65.31|1153.93|71.54|461.76|947.09|12.73|128.80|598.61
2452364|72648|1337|4153|109126|5299|3472|4153|109126|5299|3472|5|3|4477|78|262.86|5.25|268.11|74.04|114.66|197.14|29.57|36.15|193.95
2452409|66653|1565|6631|10514|7037|2840|6631|10514|7037|2840|3|3|4477|10|309.90|12.39|322.29|28.28|554.60|99.16|162.26|48.48|595.27
2452360|69613|1275|8750|155261|92|2963|8750|155261|92|2963|3|3|4477|1|24.17|0.72|24.89|97.83|6.17|13.29|5.87|5.01|104.72
2452125|24122|1055|4273|118938|2643|4181|4273|118938|2643|4181|5|1|4478|22|1892.22|0.00|1892.22|50.21|365.42|1343.47|159.13|389.62|415.63
2452898|71966|1663|3111|84523|6895|387|3111|84523|6895|387|6|2|4479|29|3231.47|193.88|3425.35|79.74|1706.36|1841.93|847.61|541.93|1979.98
2451300|52547|1402|6028|67797|126|975|6028|67797|126|975|4|2|4481|32|3200.32|192.01|3392.33|7.28|208.64|2240.22|403.24|556.86|407.93
2451447|35449|1795|9136|28438|6258|125|9136|28438|6258|125|2|3|4481|9|44.46|0.88|45.34|5.61|296.82|12.44|25.61|6.41|303.31
2451357|41154|451|6152|88336|6647|71|6152|88336|6647|71|4|2|4481|9|688.14|41.28|729.42|33.58|396.72|268.37|352.60|67.17|471.58
2451921|40407|1141|5592|21600|6728|2849|5592|21600|6728|2849|5|3|4482|18|727.02|58.16|785.18|14.59|646.20|639.77|27.04|60.21|718.95
2451926|65218|854|9611|115770|7049|968|9611|115770|7049|968|5|2|4482|46|4733.40|47.33|4780.73|93.19|1526.74|2698.03|1730.06|305.31|1667.26
2452690|54383|421|187|164253|1721|4549|187|164253|1721|4549|1|2|4485|63|1731.87|138.54|1870.41|78.61|1493.10|1662.59|50.57|18.71|1710.25
2451723|62243|1675|5893|172335|5977|3019|5893|172335|5977|3019|4|1|4486|78|7743.84|387.19|8131.03|66.63|2368.08|2942.65|960.23|3840.96|2821.90
2452190|73965|295|6020|24791|5915|2286|6020|24791|5915|2286|5|2|4487|1|79.80|1.59|81.39|67.58|16.28|49.47|8.49|21.84|85.45
2452344|43934|1331|4594|170099|2324|3989|4594|170099|2324|3989|5|1|4488|29|307.40|24.59|331.99|11.66|1050.38|165.99|11.31|130.10|1086.63
2451810|43124|128|4321|184603|4888|1820|4321|184603|4888|1820|2|1|4491|5|4.25|0.00|4.25|30.02|8.50|4.03|0.07|0.15|38.52
2452781|68268|1287|8402|22149|1816|2476|8402|22149|1816|2476|3|3|4492|32|849.28|42.46|891.74|3.07|1092.16|59.44|300.13|489.71|1137.69
2451433|57349|1252|4518|91738|6878|1658|4518|91738|6878|1658|2|2|4493|2|10.74|0.64|11.38|2.33|39.94|7.30|1.30|2.14|42.91
2451372|67488|1354|2522|120717|2399|314|2522|120717|2399|314|4|1|4493|27|281.07|16.86|297.93|36.03|456.84|56.21|137.16|87.70|509.73
2451527|78784|1598|7949|142262|2495|3768|7949|142262|2495|3768|1|1|4494|1|146.49|7.32|153.81|43.99|13.67|11.71|37.73|97.05|64.98
2452073|60169|599|3626|140662|5378|2654|3626|140662|5378|2654|2|3|4495|2|135.44|10.83|146.27|87.79|66.48|94.80|38.20|2.44|165.10
2452158|70768|755|1683|52180|630|4127|1683|52180|630|4127|1|1|4495|9|690.30|48.32|738.62|32.57|100.80|455.59|82.14|152.57|181.69
2452762|81619|1287|3596|75212|3581|797|3596|75212|3581|797|3|3|4496|54|12032.28|120.32|12152.60|69.28|3314.52|721.93|2601.38|8708.97|3504.12
2452775|74537|462|4506|131485|864|1290|4506|131485|864|1290|1|3|4496|19|101.46|9.13|110.59|87.82|113.24|11.16|19.86|70.44|210.19
2452661|51995|1723|6597|57963|6722|4561|6597|57963|6722|4561|6|3|4499|6|827.88|57.95|885.83|3.53|116.88|645.74|47.35|134.79|178.36
2451828|63875|952|7119|130066|3173|2847|7119|130066|3173|2847|4|1|4500|11|30.47|0.91|31.38|84.27|152.35|27.42|1.86|1.19|237.53
|26146|121|||5894|||143363|5894||1||4500|5|502.60||||15.95|75.39||286.24|
2452001|41674|767|6417|109457|5217|2817|6417|109457|5217|2817|1|3|4501|62|527.62|42.20|569.82|89.66|9.92|353.50|153.22|20.90|141.78
2452052|67460|295|5949|34955|634|4200|5949|34955|634|4200|2|2|4502|7|642.39|44.96|687.35|42.24|356.86|456.09|113.64|72.66|444.06
2451973|29896|917|6043|49885|4607|2489|6043|49885|4607|2489|2|3|4502|37|834.72|0.00|834.72|42.21|585.71|367.27|144.90|322.55|627.92
2452044|43976|1028|5237|182910|7110|2623|5237|182910|7110|2623|5|2|4502|13|233.87|21.04|254.91|64.37|44.59|32.74|4.02|197.11|130.00
2451430|62976|1670|6601|118927|2693|3292|6601|118927|2693|3292|1|3|4504|26|59.28|5.33|64.61|31.91|8.84|2.96|55.75|0.57|46.08
2451561|71055|734|5970|66279|3948|4137|5970|66279|3948|4137|2|3|4504|29|868.84|8.68|877.52|50.21|579.13|434.42|360.56|73.86|638.02
2451543|75024|1780|1080|129264|5528|2952|1080|129264|5528|2952|2|2|4504|24|1302.00|117.18|1419.18|65.26|609.36|260.40|447.88|593.72|791.80
2451967|78903|1369|8177|110682|2034|1539|8177|110682|2034|1539|2|3|4505|13|278.85|22.30|301.15|54.35|84.24|142.21|92.91|43.73|160.89
2452746|64802|1242|4450|51347|3284|4148|4450|51347|3284|4148|1|1|4506|33|576.51|51.88|628.39|34.33|436.26|109.53|280.18|186.80|522.47
2452740|63101|981|4406|107290|1087|3204|4406|107290|1087|3204|3|2|4506|32|1732.16|121.25|1853.41|44.01|2568.32|1506.97|42.78|182.41|2733.58
2452064|50915|1399|4020|9206|4425|4804|4020|9206|4425|4804|2|1|4508|9|44.73|3.57|48.30|16.53|12.15|1.78|29.20|13.75|32.25
2452763|46499|432|7748|5406|6824|3409|7748|5406|6824|3409|1|2|4509|11|188.76|15.10|203.86|80.34|36.08|88.71|96.04|4.01|131.52
2452675|67674|834|597|108829|4868|3780|597|108829|4868|3780|6|1|4509|22|110.88|5.54|116.42|66.36|322.96|86.48|10.98|13.42|394.86
2451690|79368|275|9383|64051|32|3733|9383|64051|32|3733|2|2|4512|27|116.64|0.00|116.64|43.78|21.87|24.49|50.68|41.47|65.65
2452376|61055|497|2793|115454|1588|2762|2793|115454|1588|2762|5|2|4513|23|127.42|3.82|131.24|88.38|84.87|105.75|5.85|15.82|177.07
2451734|70505|374|1299|104818|6784|2103|1299|104818|6784|2103|4|1|4514|20|94.60|8.51|103.11|16.30|139.20|52.03|14.47|28.10|164.01
2451894|39431|1265|5708|130663|851|4599|5708|130663|851|4599|2|1|4515|38|1208.02|0.00|1208.02|4.09|285.00|350.32|497.46|360.24|289.09
2451416|47653|1111|643|182410|2384|2031|643|182410|2384|2031|1|3|4517|15|140.70|1.40|142.10|99.04|46.80|56.28|12.66|71.76|147.24
2451575|36278|1568|7126|74446|7013|1180|7126|74446|7013|1180|2|3|4519|24|1091.52|10.91|1102.43|69.34|845.04|785.89|146.70|158.93|925.29
2451008|47737|1648|2723|97897|1678|332|2723|97897|1678|332|2|1|4520|47|83.66|6.69|90.35|14.18|103.40|57.72|4.15|21.79|124.27
2450938|30341|634|3823|102358|1373|3501|3823|102358|1373|3501|2|3|4520|21|1394.61|83.67|1478.28|89.11|181.86|1394.61|0.00|0.00|354.64
2451789|15830|8|237|135611|3832|2853|237|135611|3832|2853|2|1|4522|9|1107.90|44.31|1152.21|91.00|312.75|808.76|23.93|275.21|448.06
2452806|21216|277|3482|158508|3214|3480|3482|158508|3214|3480|1|2|4523|16|2187.36|43.74|2231.10|74.21|501.28|1203.04|59.05|925.27|619.23
2452149|65629|211|3011|104997|2103|449|3011|104997|2103|449|2|3|4524|7|260.54|13.02|273.56|99.97|57.89|83.37|177.17|0.00|170.88
2450995|80864|109|6355|49256|5964|4745|6355|49256|5964|4745|2|3|4525|26|2442.70|170.98|2613.68|85.82|457.86|2198.43|65.95|178.32|714.66
2451202|80025|470|8093|113185|1797|1296|8093|113185|1797|1296|1|2|4529|20|591.80|5.91|597.71|25.94|769.40|266.31|55.33|270.16|801.25
2451910|67459|319|5724|115093|1149|2638|5724|115093|1149|2638|1|2|4530|4|210.16|6.30|216.46|77.17|99.12|166.02|22.95|21.19|182.59
2451685|26320|1510|3618|97582|1226|430|3618|97582|1226|430|2|1|4531|34|559.64|50.36|610.00|50.57|167.62|369.36|188.37|1.91|268.55
2451663|33696|1262|7617|159692|374|2529|7617|159692|374|2529|4|1|4531|43|1477.05|103.39|1580.44|96.01|504.39|1299.80|127.62|49.63|703.79
2452869|72817|1257|6216|150218|4300|3142|6216|150218|4300|3142|3|2|4532|36|533.52|0.00|533.52|0.57|133.20|250.75|19.79|262.98|133.77
2452906|42570|1662|7341|136269|3917|1605|7341|136269|3917|1605|1|1|4532|39|1932.84|0.00|1932.84|11.03|289.77|1488.28|288.96|155.60|300.80
||1543|7579|||2867||4206||||3|4534|23|61.41||66.93|5.79||9.82||14.97|39.83
2451975|32374|1208|565|131642|2912|1062|565|131642|2912|1062|1|2|4534|76|3915.52|234.93|4150.45|54.94|2831.00|1370.43|1450.70|1094.39|3120.87
2451363|40772|632|8256|56003|2903|3|8256|56003|2903|3|2|3|4535|6|1038.30|20.76|1059.06|17.74|683.10|872.17|166.13|0.00|721.60
2451144|39026|922|9885|86784|3570|3189|9885|86784|3570|3189|2|3|4537|20|273.20|16.39|289.59|0.88|198.20|8.19|39.75|225.26|215.47
2451341|9862|230|6148|121090|1872|4087|6148|121090|1872|4087|2|2|4538|4|67.04|2.01|69.05|59.58|23.16|52.96|13.93|0.15|84.75
2451236|65898|1252|5890|15639|3261|370|5890|15639|3261|370|4|1|4538|22|1672.88|16.72|1689.60|87.57|716.98|234.20|1136.55|302.13|821.27
2451700|29306|1081|1563|40678|2960|1235|1563|40678|2960|1235|4|2|4539|59|674.37|13.48|687.85|28.78|1619.55|492.29|12.74|169.34|1661.81
2452130|48460|1616|4562|47364|3493|4535|4562|47364|3493|4535|1|3|4540|11|754.71|15.09|769.80|30.74|28.93|181.13|91.77|481.81|74.76
2451096|35886|1621|5431|28341|5924|3747|5431|28341|5924|3747|2|3|4541|60|858.00|34.32|892.32|89.32|3909.60|523.38|13.38|321.24|4033.24
2451540|75529|1108|5136|86100|2151|2435|5136|86100|2151|2435|2|2|4542|15|647.10|58.23|705.33|76.32|205.80|375.31|263.63|8.16|340.35
2452582|32868|1008|9075|27544|6940|3049|9075|27544|6940|3049|3|2|4543|7|172.90|8.64|181.54|79.38|71.19|39.76|42.60|90.54|159.21
2452578|65515|996|7383|140068|1586|2864|7383|140068|1586|2864|6|3|4543|41|1789.24|53.67|1842.91|34.09|374.33|429.41|761.50|598.33|462.09
2451229|34746|656|1063|161461|786|1024|1063|161461|786|1024|4|2|4545|6|771.00|53.97|824.97|82.55|10.56|316.11|400.30|54.59|147.08
2451450||556|6735||2300|||191894||1859|1|2|4545||||1842.04|6.76|||||2056.80
2452499|42315|933|7654|134299|5231|4243|7654|134299|5231|4243|5|3|4546|16|48.64|0.97|49.61|48.88|201.60|41.83|5.92|0.89|251.45
2452419|40388|735|1194|14843|2685|3254|1194|14843|2685|3254|1|2|4546|14|418.32|37.64|455.96|91.69|4.62|4.18|157.37|256.77|133.95
2451188|11785|736|1609|55026|5290|2307|1609|55026|5290|2307|2|1|4547|72|3556.08|177.80|3733.88|44.70|699.12|1102.38|834.25|1619.45|921.62
2451340|53885|670|6099|186052|885|3431|6099|186052|885|3431|2|3|4550|1|161.42|4.84|166.26|94.98|17.93|108.15|52.73|0.54|117.75
2451459|79938|625|5006|1377|3268|799|5006|1377|3268|799|1|1|4550|15|372.75|7.45|380.20|46.61|104.25|59.64|272.40|40.71|158.31
2451354|68569|1268|3689|99691|7053|4335|3689|99691|7053|4335|2|1|4550|28|50.12|0.00|50.12|25.40|22.12|10.52|11.08|28.52|47.52
2451836|66192|785|4714|11568|6182|3116|4714|11568|6182|3116|5|3|4553|16|479.68|28.78|508.46|87.74|927.52|455.69|11.99|12.00|1044.04
2451699|39420|2|6813|27016|2212|335|6813|27016|2212|335|1|1|4553|23|929.43|74.35|1003.78|71.56|203.32|306.71|211.72|411.00|349.23
2451966|41505|229|7542|63549|3636|3636|7542|63549|3636|3636|1|1|4554|39|882.18|61.75|943.93|7.40|1008.15|502.84|299.67|79.67|1077.30
2451741|74950|1313|2826|183646|6833|3013|2826|183646|6833|3013|2|1|4555|3|173.04|0.00|173.04|51.80|74.40|79.59|55.13|38.32|126.20
2452110|25073|1430|4671|34905|6579|2333|4671|34905|6579|2333|1|1|4558|9|146.07|0.00|146.07|93.59|64.53|124.15|19.07|2.85|158.12
2451150|67002|1210|6923|86543|1923|1823|6923|86543|1923|1823|4|1|4560|54|1862.46|148.99|2011.45|72.59|132.84|1061.60|168.18|632.68|354.42
2451013|26080|1789|5883|127333|2190|2320|5883|127333|2190|2320|4|1|4560|24|1603.92|64.15|1668.07|8.22|557.76|1571.84|10.58|21.50|630.13
2451983|45717|289|7306|27284|302|200|7306|27284|302|200|2|2|4562|18|2329.20|46.58|2375.78|36.13|1182.96|954.97|1099.38|274.85|1265.67
2452057|58475|133|169|115045|6801|717|169|115045|6801|717|2|2|4562|10|142.00|1.42|143.42|89.21|22.60|95.14|35.61|11.25|113.23
2451779|24292|638|3914|62758|5089|3053|3914|62758|5089|3053|1|3|4563|6|700.98|35.04|736.02|57.15|169.20|448.62|108.51|143.85|261.39
2451581|82965|130|3491|19956|5668|1580|3491|19956|5668|1580|2|2|4566|39|530.01|37.10|567.11|87.21|953.94|196.10|243.75|90.16|1078.25
2451803|25079|1045|4431|175060|3231|1442|4431|175060|3231|1442|4|1|4567|36|205.20|14.36|219.56|25.01|162.36|8.20|17.73|179.27|201.73
2451668|11529|997|255|125129|3203|277|255|125129|3203|277|1|3|4568|7|1307.39|39.22|1346.61|54.38|676.76|758.28|411.83|137.28|770.36
2451606|37693|1052|6536|86303|6663|1150|6536|86303|6663|1150|4|3|4568|3|297.15|17.82|314.97|31.46|22.50|74.28|46.80|176.07|71.78
2452372|69662|603|1414|56940|626|4832|1414|56940|626|4832|1|1|4570|15|424.50|25.47|449.97|36.01|561.00|360.82|57.31|6.37|622.48
2451370|75244|512|218|143835|379|436|218|143835|379|436|4|3|4571|65|5939.05|118.78|6057.83|81.23|1079.65|534.51|2918.45|2486.09|1279.66
2452334|81571|1791|1184|66456|3408|4567|1184|66456|3408|4567|5|3|4572|2|15.46|0.30|15.76|20.97|12.98|12.05|1.63|1.78|34.25
2452279|70537|1379|4467|58222|537|1172|4467|58222|537|1172|3|1|4572|33|859.98|0.00|859.98|66.21|238.59|550.38|198.14|111.46|304.80
2452457|85728|1679|3770|182139|6541|3350|3770|182139|6541|3350|5|2|4573|44|1454.20|116.33|1570.53|35.96|844.80|945.23|483.52|25.45|997.09
2452561|14355|1455|3720|189995|1823|4498|3720|189995|1823|4498|5|3|4573|20|925.20|18.50|943.70|25.69|964.60|481.10|395.24|48.86|1008.79
2451677|32984|790|2442|130774|546|2798|2442|130774|546|2798|1|1|4574|3|8.91|0.80|9.71|7.94|3.27|2.31|5.94|0.66|12.01
2452621|66981|1251|251|89728|6965|722|251|89728|6965|722|6|3|4575|3|411.21|0.00|411.21|21.20|49.14|98.69|262.51|50.01|70.34
2452645|72885|633|947||2014||947||||1||4575||||69.71|51.56|655.56|14.07|29.93|19.96|712.87
2451432|69248|1178|7763|46026|3922|1825|7763|46026|3922|1825|2|2|4576|59|3263.88|0.00|3263.88|62.34|3161.81|1697.21|517.00|1049.67|3224.15
2451812|25438|860|7014|151994|47|140|7014|151994|47|140|1|2|4579|15|242.55|14.55|257.10|58.84|303.15|196.46|41.48|4.61|376.54
2451546|54668|424|8344|183994|3004|581|8344|183994|3004|581|2|2|4580|88|2408.56|120.42|2528.98|77.05|2593.36|650.31|826.37|931.88|2790.83
2452753|57765|558|8505|3743|2948|346|8505|3743|2948|346|6|2|4581|57|1748.19|122.37|1870.56|44.52|360.24|472.01|76.57|1199.61|527.13
2451036|73917|460|9178|170248|1878|3828|9178|170248|1878|3828|1|1|4582|30|2597.40|103.89|2701.29|41.55|219.00|2571.42|23.64|2.34|364.44
2452206|6943|1031|935|41173|5458|3696|935|41173|5458|3696|1|3|4583|3|69.66|0.00|69.66|11.63|150.96|5.57|58.32|5.77|162.59
2452229|10367|783|1425|76468|6311|2754|1425|76468|6311|2754|5|1|4583|25|2891.00|28.91|2919.91|6.73|1635.75|1040.76|832.60|1017.64|1671.39
2452348||1223|2931|118065|5439||2931|118065|||||4583|16||||13.69|||254.12||495.64
2452151|29964|37|7135|131307|5126|4745|7135|131307|5126|4745|1|2|4583|53|7921.91|158.43|8080.34|32.42|3280.70|4357.05|499.08|3065.78|3471.55
2451770|37762|196|1458|47950|1595|4487|1458|47950|1595|4487|1|2|4585|61|4730.55|0.00|4730.55|22.43|818.62|2838.33|435.21|1457.01|841.05
2451632|21191|334|8458|101240|6069|3451|8458|101240|6069|3451|1|2|4585|12|571.44|0.00|571.44|62.69|184.32|171.43|360.00|40.01|247.01
2452239|52995|769|7274|37047|691|2295|7274|37047|691|2295|2|2|4587|71|2492.81|174.49|2667.30|14.32|2776.10|1769.89|347.00|375.92|2964.91
2452146|59817|272|7658|137647|3589|3931|7658|137647|3589|3931|5|2|4587|32|33.92|1.69|35.61|66.07|546.88|31.20|0.73|1.99|614.64
2452035|43607|799|7274|37047|691|2295|7274|37047|691|2295|2|3|4587|23|2102.43|105.12|2207.55|59.48|730.02|147.17|1270.91|684.35|894.62
2452059|81736|197|1262|154603|3704|3125|1262|154603|3704|3125|5|3|4587|28|680.12|20.40|700.52|77.78|125.16|639.31|1.22|39.59|223.34
2451383|62131|1774|6735|24288|1008|3721|6735|24288|1008|3721|4|1|4588|17|855.78|17.11|872.89|30.15|148.07|633.27|64.52|157.99|195.33
2451443|20178|499|7854|128111|128|3912|7854|128111|128|3912|2|2|4588|33|1605.78|80.28|1686.06|17.63|1225.62|1091.93|267.20|246.65|1323.53
2451366|614|1504|5808|21689|5492|4535|5808|21689|5492|4535|4|3|4588|51|7843.80|313.75|8157.55|4.88|2963.10|5412.22|1677.79|753.79|3281.73
2451141|68445|625|5441|104220|232|2051|5441|104220|232|2051|4|1|4589|55|5672.70|453.81|6126.51|79.49|575.30|964.35|565.00|4143.35|1108.60
||1088|7600||590||7600||590||1||4589|2|56.38||60.32|82.62|||0.52||
2452600|16742|257|8538|82265|1865|752|8538|82265|1865|752|3|2|4590|1|50.52|0.00|50.52|7.79|7.29|3.03|47.49|0.00|15.08
2452146|22000|1670|4283|129390|3410|3550|4283|129390|3410|3550|2|2|4591|72|1885.68|56.57|1942.25|43.08|3143.52|848.55|93.34|943.79|3243.17
2452499|43287|1107|7315|117603|691|3979|7315|117603|691|3979|6|2|4592|19|1106.94|11.06|1118.00|4.12|602.68|354.22|429.05|323.67|617.86
2452516|34345|625|6399|116065|4611|2717|6399|116065|4611|2717|6|1|4593|4|499.84|14.99|514.83|45.46|75.24|249.92|89.97|159.95|135.69
2452442|58941|265|2773|20848|2443|878|2773|20848|2443|878|6|3|4595|73|1459.27|0.00|1459.27|71.78|635.83|1284.15|10.50|164.62|707.61
|21373|1736|601|||396|601||982||4||4598|||10.40||94.78|169.36|||69.91|274.54
2451638|64095|1358|2575|65258|5828|831|2575|65258|5828|831|1|2|4598|39|639.99|51.19|691.18|90.28|519.87|505.59|116.92|17.48|661.34
2452331|36580|1637|5309|30988|5147|1866|5309|30988|5147|1866|5|1|4599|29|516.49|46.48|562.97|22.05|1180.88|351.21|84.29|80.99|1249.41
2452266|28963|115|4562|74356|5590|4104|4562|74356|5590|4104|3|2|4600|3|308.73|24.69|333.42|4.35|59.10|135.84|8.64|164.25|88.14
2452317|33404|821|2249|56762|6508|814|2249|56762|6508|814|3|3|4600|68|624.24|56.18|680.42|46.09|707.88|268.42|213.49|142.33|810.15
2452783|63038|39|4338|48663|6381|2426|4338|48663|6381|2426|6|2|4602|14|669.06|6.69|675.75|51.48|19.60|588.77|52.18|28.11|77.77
2452879|14404|1632|527|185487|2560|2200|527|185487|2560|2200|3|1|4602|38|3.80|0.15|3.95|20.53|47.88|0.15|0.14|3.51|68.56
2452916|72926|567|2735|174768|3841|3194|2735|174768|3841|3194|3|2|4602|54|4723.92|141.71|4865.63|94.99|801.90|472.39|340.12|3911.41|1038.60
2452014|59116|1203|7973|77036|979|1882|7973|77036|979|1882|3|3|4605|1|4.93|0.34|5.27|88.87|3.00|4.14|0.60|0.19|92.21
2451016|71511|1159|4605|75367|3889|4931|4605|75367|3889|4931|1|3|4607|33|142.56|7.12|149.68|55.41|142.56|17.10|30.11|95.35|205.09
2451407|46017|1346|1670|87359|5575|2104|1670|87359|5575|2104|1|1|4608|14|823.90|16.47|840.37|48.06|171.64|214.21|585.30|24.39|236.17
2451363|79621|232|145|14028|1911|4994|145|14028|1911|4994|4|2|4608|1|13.43|1.07|14.50|70.01|5.70|9.13|1.59|2.71|76.78
2452504|52222|1077|942|41343|3264|3225|942|41343|3264|3225|5|2|4609|32|2603.20|182.22|2785.42|42.49|1498.56|2316.84|214.77|71.59|1723.27
2452054|25247|1519|9850|11833|6236|1359|9850|11833|6236|1359|2|2|4610|4|152.28|13.70|165.98|96.05|194.92|36.54|67.12|48.62|304.67
2452593|84860|846|5111|147119|1673|3834|5111|147119|1673|3834|1|3|4611|43|0.00|0.00|0.00|11.99|127.71|0.00|0.00|0.00|139.70
2452604|28502|1|1675|94112|5782|2212|1675|94112|5782|2212|6|2|4611|4|272.80|13.64|286.44|31.75|109.88|144.58|55.13|73.09|155.27
||1055|9573|22016|2172|3695||||3695|1|2|4613|23|1118.72||1174.65|3.17|476.33||335.61|783.11|535.43
2451393|49929|1657|9474|58426|1834|849|9474|58426|1834|849|2|3|4615|3|483.12|43.48|526.60|88.77|52.23|396.15|12.17|74.80|184.48
2451238|23382|584|7852|38044|6109|2061|7852|38044|6109|2061|2|2|4615|5|339.45|23.76|363.21|8.06|105.05|159.54|147.52|32.39|136.87
2451300|66527|967|9474|58426|1834|849|9474|58426|1834|849|2|2|4615|61|493.49|34.54|528.03|99.47|127.49|370.11|88.83|34.55|261.50
2451335|44559|1480|6164|137714|1838|2242|6164|137714|1838|2242|4|1|4619|30|2073.30|103.66|2176.96|21.77|1721.40|41.46|121.91|1909.93|1846.83
2451334|33832|448|8464|188879|6447|4262|8464|188879|6447|4262|2|1|4619|8|520.16|10.40|530.56|74.90|847.68|353.70|141.49|24.97|932.98
2451199|44691|1615|4205|4309|6380|2691|4205|4309|6380|2691|1|2|4621|35|589.40|0.00|589.40|15.90|202.30|288.80|237.47|63.13|218.20
2451228|58373|1201|2072|89131|3757|1823|2072|89131|3757|1823|4|2|4621|13|308.75|15.43|324.18|2.16|57.33|271.70|35.93|1.12|74.92
2452612|75444|721|5303|97486|5269|1252|5303|97486|5269|1252|6|3|4622|8|306.00|12.24|318.24|84.50|0.00|113.22|19.27|173.51|96.74
2451599|64543|1303|3339|133465|2358|1691|3339|133465|2358|1691|2|1|4623|7|435.89|8.71|444.60|38.23|138.95|21.79|256.74|157.36|185.89
2452750|72577|1050|8051|191919|6474|2109|8051|191919|6474|2109|1|3|4624|1|7.67|0.07|7.74|89.30|34.51|2.99|3.04|1.64|123.88
2452600|48076|315|8375|14516|4577|1325|8375|14516|4577|1325|6|2|4625|26|543.40|5.43|548.83|40.03|864.50|38.03|262.79|242.58|909.96
2452633|78612|708|3733|187131|3762|4200|3733|187131|3762|4200|3|2|4625|69|2103.12|168.24|2271.36|45.28|1455.90|1240.84|189.70|672.58|1669.42
2452634|79643|1188|987|95970|6680|4750|987|95970|6680|4750|3|3|4625|13|146.64|10.26|156.90|68.70|645.32|35.19|63.52|47.93|724.28
2452769|75277|456|8176|52391|733|1388|8176|52391|733|1388|6|2|4626|7|17.85|0.00|17.85|85.43|2.10|8.92|6.60|2.33|87.53
2452711|57162|552|3330|31552|4174|4549|3330|31552|4174|4549|3|3|4626|16|225.76|15.80|241.56|23.45|128.96|209.95|12.17|3.64|168.21
2452075|29582|791|5370|94993|3450|4274|5370|94993|3450|4274|5|2|4628|12|187.08|3.74|190.82|18.66|44.76|5.61|29.03|152.44|67.16
2452019|29892|536|1225|146535|873|3458|1225|146535|873|3458|5|2|4629|53|502.44|45.21|547.65|47.13|146.28|457.22|15.37|29.85|238.62
2451235|42829|91|5738|141929|713|3024|5738|141929|713|3024|1|1|4630|35|1516.55|15.16|1531.71|27.47|32.20|818.93|188.35|509.27|74.83
2451367|6118|1606|583|161517|51|4785|583|161517|51|4785|4|3|4630|18|12.42|0.49|12.91|56.76|93.06|11.79|0.50|0.13|150.31
2451208|52570|686|5351|61635|6719|50|5351|61635|6719|50|2|3|4630|2|88.22|2.64|90.86|73.48|3.66|65.28|17.43|5.51|79.78
2451229||188||78634|5897|||78634|5897|4393|4|2|4630||205.62||217.95|12.33|||24.36|138.08|130.46
2451188||64|157|160282|2967||157||2967||||4630|64|8921.60|356.86||78.38||178.43|262.29|8480.88|
2452159|52872|187|7667|140396|3238|5000|7667|140396|3238|5000|5|1|4631|30|467.40|18.69|486.09|71.29|467.40|186.96|162.65|117.79|557.38
2452011|12464|1495|4008|164118|3061|3411|4008|164118|3061|3411|5|1|4631|22|1794.32|71.77|1866.09|23.85|1227.60|933.04|714.86|146.42|1323.22
2451233|33193|158|8535|50172|1089|2319|8535|50172|1089|2319|1|2|4632|62|6703.44|67.03|6770.47|74.88|6293.00|5630.88|922.40|150.16|6434.91
2451923|55310|1667|9336|187180|4464|828|9336|187180|4464|828|2|3|4633|6|180.66|9.03|189.69|30.53|55.56|164.40|15.44|0.82|95.12
2451987|41210|439|6374|34004|1441|151|6374|34004|1441|151|1|3|4633|6|387.06|11.61|398.67|92.02|62.52|77.41|284.87|24.78|166.15
2452141|28372|1301|2100|90348|4916|2724|2100|90348|4916|2724|3|3|4635|81|6838.02|478.66|7316.68|21.61|3289.41|6838.02|0.00|0.00|3789.68
2451769|28058|943|5485|178381|5964|2180|5485|178381|5964|2180|5|3|4636|43|1737.20|69.48|1806.68|87.06|1097.36|1146.55|124.03|466.62|1253.90
2451673|12605|1483|6799|75368|6017|4626|6799|75368|6017|4626|5|2|4636|8|1172.88|46.91|1219.79|66.05|967.12|410.50|495.54|266.84|1080.08
2452722|39885|955|7522|48879|5643|2327|7522|48879|5643|2327|6|1|4637|44|304.04|12.16|316.20|28.36|46.20|297.95|0.36|5.73|86.72
2451610|75056|1150|1807|36812|7084|323|1807|36812|7084|323|2|2|4639|2|35.62|2.13|37.75|67.58|32.52|30.27|0.58|4.77|102.23
2451289|48252|1093|425|31722|6779|4109|425|31722|6779|4109|4|2|4641|8|430.00|38.70|468.70|88.45|301.60|215.00|98.90|116.10|428.75
2452304|66747|1757|180|145635|5970|4665|180|145635|5970|4665|1|2|4642|3|61.83|5.56|67.39|91.65|41.22|56.26|4.95|0.62|138.43
2451236|64001|1102|1947|77701|2688|4682|1947|77701|2688|4682|2|1|4643|9|621.45|49.71|671.16|64.12|517.86|596.59|11.68|13.18|631.69
2452892|61328|402|5084|101286|1408|217|5084|101286|1408|217|1|2|4644|10|206.10|2.06|208.16|42.09|154.60|183.42|16.78|5.90|198.75
2451526|54040|1162|9462|33580|978|4889|9462|33580|978|4889|2|1|4645|59|7008.02|630.72|7638.74|57.04|3380.11|6167.05|647.54|193.43|4067.87
2451531|76282|115|2911|139608|4785|922|2911|139608|4785|922|4|2|4645|56|359.52|3.59|363.11|87.63|1222.48|301.99|44.29|13.24|1313.70
2450998|55036|458|8990|69661|5292|3843|8990|69661|5292|3843|1|1|4648|47|1868.72|37.37|1906.09|52.96|1315.06|298.99|1145.90|423.83|1405.39
2451132||1720||37735||1296|3518|37735|5919|||1|4648||726.58|36.32|||65.28||125.99|121.05|166.09
2452032|19113|1745|2569|68753|4104|4048|2569|68753|4104|4048|1|1|4650|33|440.22|22.01|462.23|68.38|370.92|268.53|46.35|125.34|461.31
2452758|44749|1645|6911|41555|2301|4207|6911|41555|2301|4207|3|2|4651|22|1499.74|59.98|1559.72|8.05|1499.74|599.89|449.92|449.93|1567.77
2451722|41061|1591|9695|96547|4392|1364|9695|96547|4392|1364|1|2|4652|69|12993.39|519.73|13513.12|75.85|7424.40|11823.98|58.47|1110.94|8019.98
2451573|25797|337|6315|97806|2977|2261|6315|97806|2977|2261|4|2|4655|47|5906.49|472.51|6379.00|18.13|1675.08|1771.94|2025.92|2108.63|2165.72
2452785|61302|1062|9086|24610|4727|771|9086|24610|4727|771|1|2|4656|35|54.25|0.00|54.25|18.11|81.55|34.72|2.92|16.61|99.66
2452591|74160|157|9763|159660|5670|1400|9763|159660|5670|1400|3|1|4656|19|135.28|8.11|143.39|75.43|12.16|44.64|46.22|44.42|95.70
2452678|24246|1|9879|6022|532|835|9879|6022|532|835|1|3|4656|30|28.50|0.85|29.35|44.62|15.30|28.21|0.15|0.14|60.77
2452757|19983|789|8717|56050|4790|1403|8717|56050|4790|1403|3|3|4656|10|1008.40|70.58|1078.98|33.94|270.90|766.38|222.65|19.37|375.42
2452030|70378|1727|4152|57944|1816|4801|4152|57944|1816|4801|5|2|4657|5|143.70|4.31|148.01|97.76|0.00|17.24|96.10|30.36|102.07
2450865|32718|901|2236|17249|4549|2729|2236|17249|4549|2729|2|2|4659|1|218.94|17.51|236.45|60.31|24.03|4.37|4.29|210.28|101.85
||753||153801|1405|1616||||1616|3|1|4660||6019.62||6380.79|69.39|||4821.71||1032.44
2451238|44865|157|4259|191350|554|3925|4259|191350|554|3925|1|1|4662|46|2209.84|176.78|2386.62|1.14|502.32|1745.77|292.36|171.71|680.24
2452062|74185|1513|2612|186113|4141|82|2612|186113|4141|82|2|3|4663|24|76.32|6.10|82.42|77.24|43.20|76.32|0.00|0.00|126.54
2452133|24299|149|7569|103697|2705|2520|7569|103697|2705|2520|5|2|4665|38|1208.40|60.42|1268.82|76.55|1415.88|290.01|45.91|872.48|1552.85
2452090|68788|1190|3714|90838|5463|81|3714|90838|5463|81|2|1|4665|34|1093.44|32.80|1126.24|21.18|808.18|76.54|193.21|823.69|862.16
2452009|72510|1753|133|1404|6835|539|133|1404|6835|539|2|1|4665|7|628.18|50.25|678.43|95.26|60.13|194.73|381.43|52.02|205.64
2451898|61966|305|4385|145635|4725|1295|4385|145635|4725|1295|5|1|4667|51|3846.93|307.75|4154.68|35.60|519.69|3116.01|577.42|153.50|863.04
2451690|33142|433|8129|10421|4586|4238|8129|10421|4586|4238|4|3|4669|6|156.60|0.00|156.60|96.54|296.76|156.60|0.00|0.00|393.30
2451686|60834|1000|1503|156441|5779|3917|1503|156441|5779|3917|4|3|4670|12|64.68|1.29|65.97|35.88|139.56|3.88|51.68|9.12|176.73
2451816|64012|26|4308|184175|6122|1276|4308|184175|6122|1276|4|2|4670|22|1124.64|101.21|1225.85|8.24|2723.16|213.68|191.30|719.66|2832.61
2451662|33450|511|3516|50769|3942|2155|3516|50769|3942|2155|1|2|4670|62|6475.28|259.01|6734.29|80.57|206.46|4662.20|815.88|997.20|546.04
2451271|66102|130|8173|86128|4770|645|8173|86128|4770|645|4|2|4671|3|4.47|0.22|4.69|67.02|15.69|2.68|0.34|1.45|82.93
2452778|73094|1374|6865|16807|2076|1705|6865|16807|2076|1705|1|1|4672|24|1653.84|16.53|1670.37|51.54|1078.56|1356.14|223.27|74.43|1146.63
2452104|79476|303|7455|133673|5811|2189|7455|133673|5811|2189|3|3|4673|5|278.80|13.94|292.74|44.71|81.70|144.97|111.07|22.76|140.35
2451225|73014|1624|5670|76708|7139|1697|5670|76708|7139|1697|4|2|4674|1|129.12|10.32|139.44|40.04|22.59|14.20|13.79|101.13|72.95
2451609|56770|1771|6889|71985|601|3657|6889|71985|601|3657|2|3|4676|2|100.96|4.03|104.99|97.56|54.58|73.70|17.17|10.09|156.17
2451569|67843|49|7414|7766|3016|1513|7414|7766|3016|1513|4|3|4676|70|6011.60|360.69|6372.29|38.58|8663.90|3306.38|2326.48|378.74|9063.17
2451996|39690|875|1897|191615|7092|2176|1897|191615|7092|2176|5|1|4678|28|3181.08|63.62|3244.70|38.12|429.80|572.59|1304.24|1304.25|531.54
2451154|56721|1010|7522|98636|2550|3511|7522|98636|2550|3511|1|3|4679|2|109.68|5.48|115.16|54.35|60.62|36.19|15.43|58.06|120.45
||499|5045|578|6831|||578|6831|2924||3|4680|9||16.44|251.34||459.54|86.91|||
2452304||849|3720|||2496|3720||1202||1|3|4680|71|8089.03||8089.03|22.12|2183.96|7846.35||235.40|2206.08
2451944|46211|287|6888|154069|752|3195|6888|154069|752|3195|2|2|4682|19|2051.05|0.00|2051.05|2.91|1208.21|1927.98|27.07|96.00|1211.12
2451394|76186|1048|4343|145091|3726|994|4343|145091|3726|994|4|3|4683|18|2209.14|198.82|2407.96|26.18|837.90|397.64|1159.36|652.14|1062.90
2452297|1962|503|7722|116089|3576|3503|7722|116089|3576|3503|3|1|4684|4|105.72|6.34|112.06|22.05|317.24|75.06|15.94|14.72|345.63
2451612|64082|1358|4111|126272|4753|1074|4111|126272|4753|1074|2|3|4686|7|112.28|1.12|113.40|8.32|13.02|10.10|53.13|49.05|22.46
2452539|22941|1795|8148|61217|4639|3308|8148|61217|4639|3308|3|1|4688|43|1320.53|92.43|1412.96|98.58|2263.95|911.16|180.12|229.25|2454.96
2452335|60207|897|9736|120247|6118|4109|9736|120247|6118|4109|1|2|4688|80|4004.00|80.08|4084.08|53.21|1816.00|3923.92|16.01|64.07|1949.29
2451365|84772|1531|2414|189352|1297|2362|2414|189352|1297|2362|1|2|4689|1|0.69|0.05|0.74|67.31|0.36|0.21|0.26|0.22|67.72
2451326|79366|1306|1181|3996|1018|1113|1181|3996|1018|1113|4|3|4690|17|1025.44|51.27|1076.71|54.88|375.87|246.10|607.88|171.46|482.02
2451574|46056|1070|8590|6811|5112|1573|8590|6811|5112|1573|2|3|4690|12|1679.16|16.79|1695.95|81.72|976.32|453.37|1176.75|49.04|1074.83
2451384|35444|1438|5631|189953|6035|3037|5631|189953|6035|3037|2|1|4691|13|891.67|71.33|963.00|75.39|370.50|802.50|24.07|65.10|517.22
2451965|69303|80|9252|171388|4371|307|9252|171388|4371|307|5|3|4692|24|764.88|22.94|787.82|81.90|42.48|627.20|103.26|34.42|147.32
2451918|26020|1160|6625|164546|5554|1395|6625|164546|5554|1395|1|2|4692|12|92.04|2.76|94.80|32.37|497.04|47.86|27.83|16.35|532.17
2452201|30731|896|3795|21057|3039|2261|3795|21057|3039|2261|1|3|4692|4|521.36|20.85|542.21|44.07|251.96|265.89|212.04|43.43|316.88
2452375|76024|1753|305|31146|340|781|305|31146|340|781|5|3|4693|78|2114.58|190.31|2304.89|60.24|0.00|1247.60|251.42|615.56|250.55
2452321|20979|1003|6791|75176|634|732|6791|75176|634|732|1|2|4693|19|64.41|1.28|65.69|66.30|163.97|14.81|4.46|45.14|231.55
2451326|37874|1502|6306|49244|2502|2953|6306|49244|2502|2953|1|2|4694|52|148.20|2.96|151.16|92.58|184.08|84.47|32.50|31.23|279.62
2451758|76954|1063|5983|104035|6487|4539|5983|104035|6487|4539|2|1|4696|65|6502.60|390.15|6892.75|26.95|812.50|390.15|1283.61|4828.84|1229.60
2451722|56166|289|2732|24979|266|2233|2732|24979|266|2233|1|1|4696|16|116.64|1.16|117.80|56.95|41.60|33.82|63.77|19.05|99.71
2451795|79427|352|5841|164775|1756|137|5841|164775|1756|137|1|2|4697|19|3329.56|166.47|3496.03|86.96|792.68|1331.82|1857.89|139.85|1046.11
2451786|16980|338|6542|178636|2170|2831|6542|178636|2170|2831|4|2|4697|26|308.10|21.56|329.66|42.20|72.02|274.20|21.01|12.89|135.78
2452333|63965|1307|6638|81659|1640|4788|6638|81659|1640|4788|3|3|4698|66|5045.04|252.25|5297.29|32.88|3888.72|3279.27|847.56|918.21|4173.85
2452479|77315|1079|4470|59462|4512|449|4470|59462|4512|449|1|3|4701|2|15.50|1.39|16.89|23.18|32.92|9.30|3.90|2.30|57.49
2451619|37209|38|2699|24101|6336|3978|2699|24101|6336|3978|2|1|4702|7|259.84|10.39|270.23|65.96|210.35|174.09|29.15|56.60|286.70
2451361|48847|1729|9393|12603|6806|136|9393|12603|6806|136|2|2|4703|89|9140.30|548.41|9688.71|48.71|6473.86|7952.06|308.94|879.30|7070.98
2451404|45433|1303|9601|186407|1213|1572|9601|186407|1213|1572|4|1|4704|49|4110.61|205.53|4316.14|89.72|2770.46|698.80|1398.84|2012.97|3065.71
2451202|23798|490|5347|99754|4561|3721|5347|99754|4561|3721|2|3|4706|7|347.48|31.27|378.75|40.99|181.65|333.58|11.25|2.65|253.91
2451167|23932|244|893|112790|1567|904||112790||904|1||4706||1124.31||1158.03|||371.02||459.51|186.85
2451099|76884|1528|3555|182530|1025|1313|3555|182530|1025|1313|2|2|4706|96|7465.92|0.00|7465.92|55.97|5866.56|1269.20|5886.88|309.84|5922.53
2451113|20392|1123|5084|156312|3300|1608|5084|156312|3300|1608|1|2|4706|1|14.69|0.29|14.98|80.40|18.37|3.81|2.17|8.71|99.06
2451044|75937|524|7778|173132|2853|2414|7778|173132|2853|2414|2|2|4707|13|18.85|1.13|19.98|90.53|6.50|15.08|2.45|1.32|98.16
2451057|68904|1178|6386|88385|5311|2350|6386|88385|5311|2350|1|1|4707|13|27.95|1.39|29.34|94.00|699.53|25.15|0.11|2.69|794.92
2451162|65399|1526|2723|126861|5959|2424|2723|126861|5959|2424|1|1|4707|19|967.67|38.70|1006.37|49.01|441.37|890.25|8.51|68.91|529.08
2451646|41822|1004|1930|14712|6854|1316|1930|14712|6854|1316|2|1|4708|60|608.40|0.00|608.40|98.12|1390.80|164.26|315.33|128.81|1488.92
2451738|27287|1033|103|91023|3670|4430|103|91023|3670|4430|2|2|4708|28|6296.36|251.85|6548.21|47.41|2644.32|3211.14|3085.22|0.00|2943.58
2452730|45970|913|8219|147164|6029|734|8219|147164|6029|734|6|2|4709|84|85.68|0.85|86.53|8.29|845.04|28.27|47.65|9.76|854.18
2452842|3764|247|8376|42821|1826|2751|8376|42821|1826|2751|6|2|4709|1|6.47|0.06|6.53|89.61|0.45|4.91|0.51|1.05|90.12
2451945|54054|74|7710|22419|1815|4891|7710|22419|1815|4891|5|3|4710|2|147.26|0.00|147.26|30.98|85.62|83.93|37.36|25.97|116.60
2452772|20608|559|5583|139947|6744|2748|5583|139947|6744|2748|1|3|4712|28|452.20|4.52|456.72|24.54|1739.92|307.49|18.81|125.90|1768.98
2452059|43181|157|2904|5724|5424|1284|2904|5724|5424|1284|1|3|4714|4|95.56|1.91|97.47|0.79|156.12|57.33|2.67|35.56|158.82
2452001|11614|788|7735|43736|57|4418|7735|43736|57|4418|1|3|4714|61|7454.81|372.74|7827.55|86.83|3344.63|2907.37|2592.04|1955.40|3804.20
2452654|57316|867|9700|145423|5786|3782|9700|145423|5786|3782|1|1|4715|6|167.10|11.69|178.79|91.87|250.62|110.28|51.70|5.12|354.18
2451985|77581|1730|7068|178234|1080|2086|7068|178234|1080|2086|5|1|4716|83|2966.42|118.65|3085.07|6.35|2224.40|118.65|256.29|2591.48|2349.40
2452143|73168|296|9696|146822|5948|2074|9696|146822|5948|2074|5|2|4716|2|50.84|2.54|53.38|29.66|7.50|12.20|37.86|0.78|39.70
2452064|60789|271|4528|51317|346|4055|4528|51317|346|4055|2|1|4716|64|801.92|8.01|809.93|14.09|881.92|545.30|164.23|92.39|904.02
2451249|59361|115|1652|99852|1572|332|1652|99852|1572|332|2|2|4719|29|1546.28|15.46|1561.74|49.10|124.70|587.58|239.67|719.03|189.26
2451226|17788|655|7550|52060|410|3240|7550|52060|410|3240|4|2|4719|20|1638.40|81.92|1720.32|65.81|198.00|1376.25|235.93|26.22|345.73
2452751|16781|519||94120|||3446|94120|634|||3|4721|6|||390.02||||175.51||266.01
2452283|63930|1483|8456|29894|4165|1396|8456|29894|4165|1396|3|1|4722|32|1606.72|32.13|1638.85|35.92|535.36|1205.04|128.53|273.15|603.41
2452452|37385|55|9477|106762|6607|4372|9477|106762|6607|4372|5|3|4723|89|163.76|6.55|170.31|97.99|216.27|24.56|55.68|83.52|320.81
2451765|34340|548|2867|74562|3217|4192|2867|74562|3217|4192|1|3|4725|32|1405.12|28.10|1433.22|79.51|983.36|1067.89|182.10|155.13|1090.97
2451344|27124|1117|6809|44722|3915|3268|6809|44722|3915|3268|4|2|4726|19|904.97|63.34|968.31|2.71|171.19|45.24|713.57|146.16|237.24
2451566|49663|928|2346|49638|3730|3269|2346|49638|3730|3269|1|3|4727|34|1861.16|55.83|1916.99|89.69|563.72|1768.10|53.97|39.09|709.24
2451631|82461|181|1384|42439|4774|1069|1384|42439|4774|1069|2|1|4727|3|362.16|25.35|387.51|4.59|311.43|0.00|325.94|36.22|341.37
2452031|30930|1555|9198|155016|5187|1205|9198|155016|5187|1205|5|3|4730|1|2.88|0.00|2.88|99.29|10.29|1.69|0.53|0.66|109.58
2452037|25897|961|5457|28836|5176|3069|5457|28836|5176|3069|1|3|4730|32|1137.28|68.23|1205.51|85.61|250.88|250.20|257.25|629.83|404.72
2452411||409||||674|||2544||||4731||0.50||0.51|77.98||0.32|||
2452529|63797|1705|9022|62292|2282|465|9022|62292|2282|465|3|2|4731|34|4488.00|134.64|4622.64|99.79|1555.84|3859.68|333.00|295.32|1790.27
|26644|284|450|38827|1524|3861||38827||3861|||4733|1|0.24|||71.28|10.94|0.18|||
2451809|78427|769|3123|12741|4792|1203|3123|12741|4792|1203|4|3|4733|10|29.30|0.58|29.88|97.08|483.80|3.51|10.05|15.74|581.46
2451317|67264|1645|4801|75988|4535|2602|4801|75988|4535|2602|1|3|4738|13|13.13|1.05|14.18|10.19|1.17|0.65|2.12|10.36|12.41
2451273|71644|932|2938|45022|3953|84|2938|45022|3953|84|4|3|4738|3|83.19|6.65|89.84|97.00|54.81|22.46|52.83|7.90|158.46
2451385|58098|178|6010|189714|1771|2675|6010|189714|1771|2675|2|3|4739|10|44.10|1.32|45.42|22.55|19.50|8.37|32.87|2.86|43.37
2451255|80893|508|1944|89994|2364|4774|1944|89994|2364|4774|2|2|4739|8|667.52|6.67|674.19|36.89|220.24|26.70|583.14|57.68|263.80
2451228|52739|616|4900|154738|6576|2614|4900|154738||||3|4740||728.84|65.59|794.43|93.64|1249.44||||1408.67
2451334|38865|1682|459|46322|4745|535|459|46322|4745|535|1|1|4740|44|62.92|3.14|66.06|16.65|41.80|7.55|54.26|1.11|61.59
|34077|511|7529|||3534|7529|131853|3297|3534||2|4745||||||||271.41||702.06
2452375|79311|1193|4625|103179|6086|2040|4625|103179|6086|2040|3|3|4746|16|611.36|55.02|666.38|64.86|596.16|262.88|292.72|55.76|716.04
2452405|66496|151|1980|189751|2595|2479|1980|189751|2595|2479|1|2|4747|6|53.76|4.83|58.59|19.56|47.28|34.94|1.12|17.70|71.67
2452506|34870|606|1909|114883|64|1918|1909|114883|64|1918|3|1|4747|42|3455.76|207.34|3663.10|69.25|1312.92|172.78|229.80|3053.18|1589.51
2451978|48582|707|6734|61267|760|4620|6734|61267|760|4620|2|1|4749|35|671.30|46.99|718.29|15.09|232.40|214.81|374.32|82.17|294.48
2451973|50086|413|5259|162951|5876|3808|5259|162951|5876|3808|1|1|4749|8|976.96|0.00|976.96|6.04|0.00|937.88|16.02|23.06|6.04
2452076|58392|1172|737|125004|2264|3051|737|125004|2264|3051|2|1|4749|19|109.25|4.37|113.62|45.04|473.67|85.21|1.92|22.12|523.08
2452082|49242|665|3274|157177|5367|4190|3274|157177|5367|4190|2|1|4749|49|1254.40|0.00|1254.40|49.70|313.60|401.40|767.70|85.30|363.30
2452153|29440|350|6339|11217|3502|860|6339|11217|3502|860|5|3|4749|71|12380.98|371.42|12752.40|35.12|7315.84|9533.35|1281.43|1566.20|7722.38
2452491|15020|245|5804|150888|852|4976|5804|150888|852|4976|5|3|4750|23|2466.06|73.98|2540.04|75.48|962.32|98.64|2083.32|284.10|1111.78
||1776||98368|4497||5199||4497||||4751|2||0.44||24.31||29.23||4.83|
2451283|77327|1441|8088|54031|5207|790|8088|54031|5207|790|4|1|4752|97|13115.37|131.15|13246.52|48.36|3488.12|4459.22|5626.49|3029.66|3667.63
2451068|69542|238|5431||4791||5431||4791|2518||1|4752||61.02||65.29|||45.76|14.64||130.35
2451206|37777|656|4862|138428|3914|287|4862|138428|3914|287|4|1|4752|44|1584.00|95.04|1679.04|1.56|709.72|902.88|578.95|102.17|806.32
2451786|25549|1589|1030|192015|6553|4091|1030|192015|6553|4091|2|1|4753|12|602.76|30.13|632.89|9.94|239.76|530.42|70.89|1.45|279.83
2452644|57292|493|5492|176048|4331|527|5492|176048|4331|527|6|2|4754|69|712.77|14.25|727.02|56.03|301.53|206.70|207.48|298.59|371.81
2452555|15756|1561|98|183772|3013|2047|98|183772|3013|2047|1|2|4755|43|3510.95|140.43|3651.38|70.47|2322.43|1404.38|1453.53|653.04|2533.33
2451769|59102|740|905|110414|6436|3825|905|110414|6436|3825|4|3|4756|3|24.39|2.19|26.58|0.51|0.00|21.70|2.55|0.14|2.70
2451770|34984|739|4391|16205|4692|666|4391|16205|4692|666|2|2|4756|16|2183.84|174.70|2358.54|73.35|1262.88|1659.71|403.58|120.55|1510.93
2451873|58508|476|8224|68904|5344|4704|8224|68904|5344|4704|5|3|4758|1|9.18|0.09|9.27|80.00|0.43|1.92|6.17|1.09|80.52
2452168|40320|1625|6477|15584|771|2518|6477|15584|771|2518|3|3|4759|51|345.27|6.90|352.17|45.40|1252.05|82.86|183.68|78.73|1304.35
2452180|71310|1561|9751|11704|7144|3064|9751|11704|7144|3064|3|3|4759|26|4332.38|259.94|4592.32|26.39|1591.46|996.44|2301.79|1034.15|1877.79
2452811|70601|1074|9691|132597|3023|2042|9691|132597|3023|2042|3|3|4760|4|245.84|7.37|253.21|49.07|86.56|228.63|4.30|12.91|143.00
2452048|65907|524|2254|109302|4637|3605|2254|109302|4637|3605|5|3|4761|2|61.52|4.30|65.82|72.97|20.76|31.37|4.22|25.93|98.03
2451996|65923|620|7849|148115|4108|14|7849|148115|4108|14|2|2|4761|6|1.50|0.13|1.63|78.01|4.62|0.31|0.49|0.70|82.76
2452055|63887|1493|2159|167290|1141|4585|2159|167290|1141|4585|2|2|4761|18|50.94|3.05|53.99|64.68|458.46|36.67|8.84|5.43|526.19
2451102|86075|1190|863|150925|5660|3435|863|150925|5660|3435|2|1|4762|2|136.26|10.90|147.16|16.10|7.16|16.35|111.51|8.40|34.16
2451158|38408|800|3757|128514|6744|2661|3757|128514|6744|2661|1|1|4762|12|1906.80|0.00|1906.80|85.31|1293.84|858.06|230.72|818.02|1379.15
|81448|989|1589|87588|1587|||87588|1587|2986|1||4763|2|||40.76|10.81|4.74|||9.19|17.11
2451780|53206|352|957|143171|4058|3032|957|143171|4058|3032|2|1|4764|47|5699.69|56.99|5756.68|2.43|633.09|2849.84|199.48|2650.37|692.51
2451586|47219|1174|3513|130125|1537|3349|3513|130125|1537|3349|1|3|4764|1|3.14|0.25|3.39|8.19|26.77|2.60|0.27|0.27|35.21
2451862|64280|1760|4155|26179|4396|1340|4155|26179|4396|1340|2|2|4765|59|0.00|0.00|0.00|58.38|286.15|0.00|0.00|0.00|344.53
2451769|34632|1235|7282|139120|4525|3323|7282|139120|4525|3323|5|1|4765|37|3348.13|200.88|3549.01|16.69|808.08|2678.50|455.34|214.29|1025.65
2451967|69613|1475|6260|98282|3744|1933|6260|98282|3744|1933|2|1|4765|2|118.00|5.90|123.90|7.98|15.22|48.38|29.24|40.38|29.10
2452225|68133|1215|8369|81762|2915|2788|8369|81762|2915|2788|1|1|4766|44|9430.52|188.61|9619.13|47.54|3079.12|3112.07|1895.53|4422.92|3315.27
2452418|63277|535|7655|126535|5495|4615|7655|126535|5495|4615|1|3|4766|10|65.40|3.92|69.32|57.77|229.20|7.84|40.29|17.27|290.89
2451036|65792|1622|53|191678|3303|528|53|191678|3303|528|2|2|4767|2|25.58|0.51|26.09|53.68|19.90|1.53|15.39|8.66|74.09
2450956|75180|766|1814|90280|5866|3292|1814|90280|5866|3292|2|2|4767|66|4011.48|0.00|4011.48|10.17|434.94|1042.98|1632.67|1335.83|445.11
2451505|66951|512|2898|21926|41|236|2898|21926|41|236|1|3|4768|32|3277.76|196.66|3474.42|32.25|2040.64|131.11|692.26|2454.39|2269.55
2452288|62096|1101|4635|113902|5442|4469|4635|113902|5442|4469|5|1|4769|38|3266.48|97.99|3364.47|59.97|1415.50|751.29|2439.73|75.46|1573.46
2452134|67345|1136|817|16177|624|4304|817|16177|624|4304|1|3|4771|39|2911.35|174.68|3086.03|59.15|678.99|1280.99|293.46|1336.90|912.82
2451818|77583|311|5363|74628|646|3864|5363|74628|646|3864|1|3|4772|31|3052.88|30.52|3083.40|89.19|1688.88|2167.54|123.94|761.40|1808.59
2451560|40635|1327|9786|131595|3004|3413|9786|131595|3004|3413|4|3|4774|10|71.00|2.13|73.13|35.89|7.10|27.69|15.15|28.16|45.12
||556||||1929||110096|116|1929|||4774|56||7.92|107.04|80.56|2092.72|87.22||4.17|2181.20
2452701|5994|691|2672|191172|6632|3812|2672|191172|6632|3812|6|2|4775|22|1240.36|111.63|1351.99|44.87|95.26|520.95|517.97|201.44|251.76
2452634||295|7384|3966|2228|||3966|||1||4775|28|1183.28||||||||1140.32
2451960|55829|1430|8286|61371|5303|4435|8286|61371|5303|4435|1|3|4777|1|56.07|5.04|61.11|71.11|5.27|23.54|18.54|13.99|81.42
2451882||1627|7160|121738|6556|54|7160|121738|||1||4777|40|||2722.96||||||1982.53
2451740|57350|1514|285|98889|2933|1857|285|98889|2933|1857|2|2|4778|86|1785.36|124.97|1910.33|78.36|337.12|1214.04|257.09|314.23|540.45
2451782|41680|818|3067|959|1811|1583|3067|959|1811|1583|2|3|4778|76|2042.12|81.68|2123.80|53.05|1230.44|1449.90|35.53|556.69|1365.17
2451596|72168|1714|8632|167168|1359|3110|8632|167168|1359|3110|1|3|4779|32|592.96|29.64|622.60|14.59|109.76|189.74|92.74|310.48|153.99
2451552|78543|925|3465|130639|4086|3220|3465|130639|4086|3220|4|3|4779|5|387.65|19.38|407.03|61.07|223.65|69.77|12.71|305.17|304.10
2450925|73689|356|3369|148886|4844|3162|3369|148886|4844|3162|2|3|4780|82|6762.54|608.62|7371.16|58.18|5300.48|4192.77|488.25|2081.52|5967.28
2450975|49232|1126|3935|59497|1939|3741|3935|59497|1939|3741|4|3|4780|44|1385.56|13.85|1399.41|69.20|1452.88|928.32|137.17|320.07|1535.93
2450949|46764|640|6543|154210|630|2050|6543|154210|630|2050|4|1|4780|14|292.60|17.55|310.15|22.60|984.20|128.74|22.94|140.92|1024.35
2450933|55152|943|7597|134676|1628|1067|7597|134676|1628|1067|4|3|4780|8|388.24|7.76|396.00|87.91|295.04|326.12|11.18|50.94|390.71
2451358|48066|190|9842|97185|3521|337|9842|97185|3521|337|1|1|4782|4|15.12|1.20|16.32|78.68|7.72|13.45|0.15|1.52|87.60
2452770|78231|1578|8005|113132|5139|4906|8005|113132|5139|4906|6|2|4785|30|1661.10|33.22|1694.32|5.83|1877.70|631.21|319.26|710.63|1916.75
2452195|74966|1361|5902|24722|4662|442|5902|24722|4662|442|5|1|4786|19|322.24|9.66|331.90|80.94|157.89|196.56|28.90|96.78|248.49
2452074|58743|943|3890|8065|6480|528|3890|8065|6480|528|5|3|4786|88|7125.36|213.76|7339.12|29.49|1651.76|4987.75|1239.81|897.80|1895.01
2451526|53491|1531|7011|150792|1756|4800|7011|150792|1756|4800|2|2|4790|13|212.68|19.14|231.82|36.19|408.46|78.69|132.65|1.34|463.79
2452354|30148|889|4881|31486|6204|3689|4881|31486|6204|3689|1|3|4791|32|5702.40|342.14|6044.54|66.07|3350.08|627.26|2283.81|2791.33|3758.29
2452315|70657|1335|5330|31419|788|117|5330|31419|788|117|1|2|4791|20|199.80|7.99|207.79|15.50|136.80|139.86|54.54|5.40|160.29
2452373||93|2627|150801|||2627||335|4636||1|4791|38|3154.76||3312.49||1440.96|315.47|1646.78||1659.48
2451379|48540|632|936|103184|3657|4297|936|103184|3657|4297|4|3|4792|16|2245.92|179.67|2425.59|74.62|123.36|1325.09|589.33|331.50|377.65
2452210|35681|569|7985|130683|136|1749|7985|130683|136|1749|5|1|4794|34|43.52|2.61|46.13|15.35|1133.22|3.48|38.03|2.01|1151.18
2451388|73410|742|1720|151486|3972|4698|1720|151486|3972|4698|1|3|4795|11|39.05|0.78|39.83|18.37|3.63|38.26|0.49|0.30|22.78
2451239|62383|1478|9395|116614|1513|572|9395|116614|1513|572|1|2|4798|87|420.21|33.61|453.82|2.75|2031.45|180.69|69.46|170.06|2067.81
2451340||1214|7693||||7693|||||1|4798||40.60||44.25|17.33|24.57|20.70|12.93||45.55
||956|1440|184297|4194||1440|184297||571|2|2|4799|||27.73||84.85|346.71||||459.29
2451978|30673|1591|7175|33587|5952|3117|7175|33587|5952|3117|5|3|4801|45|1923.30|57.69|1980.99|40.78|84.15|461.59|190.02|1271.69|182.62
2451591|33503|358|136|83998|4227|1249|136|83998|4227|1249|4|2|4802|27|900.18|72.01|972.19|81.43|692.55|540.10|14.40|345.68|845.99
||1315|5699|92119|1339|2406|5699|92119|1339|2406|||4802||||5430.95|||4923.39|||
2451647|63607|374|5612|182885|991|1304|5612|182885|991|1304|4|1|4802|97|397.70|11.93|409.63|57.01|351.14|115.33|200.48|81.89|420.08
2452633|34839|1039|6027|98613|2126|4552|6027|98613|2126|4552|1|1|4803|16|268.16|8.04|276.20|48.04|73.76|147.48|51.89|68.79|129.84
2452461|67035|63|3358|118974|3023|32|3358|118974|3023|32|3|2|4803|31|5255.74|367.90|5623.64|63.22|2939.73|3941.80|722.66|591.28|3370.85
2452519|57175|1476|7518|32864|6770|1043|7518|32864|6770|1043|6|1|4803|18|233.10|20.97|254.07|28.05|257.22|212.12|9.86|11.12|306.24
2451474|50838|980|9751|86613|5028|4090|9751|86613|5028|4090|1|1|4804|17|360.57|28.84|389.41|23.15|806.14|115.38|215.76|29.43|858.13
2451941|17109|1580|6331|144186|3081|209|6331|144186|3081|209|2|3|4805|10|107.30|6.43|113.73|15.47|64.30|83.69|11.09|12.52|86.20
2451607|50590|1519|4500|160798|823|561|4500|160798|823|561|4|3|4806|1|156.11|0.00|156.11|13.70|79.68|106.15|33.97|15.99|93.38
2451088|7033|1192|7055|161484|906|3608|7055|161484|906|3608|1|3|4808|46|4151.96|0.00|4151.96|44.48|948.98|2159.01|1793.65|199.30|993.46
2451169|13640|226|3127|177855|4710|4478|3127|177855|4710|4478|2|2|4808|6|542.40|27.12|569.52|81.02|323.34|374.25|79.03|89.12|431.48
2452618|73794|1471|5197|127081|998|2522|5197|127081|998|2522|1|3|4809|8|402.96|12.08|415.04|36.48|352.64|60.44|71.92|270.60|401.20
2452608|39804|991|680|173200|5833|33|680|173200|5833|33|3|3|4809|61|225.09|20.25|245.34|5.05|93.33|202.58|17.55|4.96|118.63
2451988|69222|791|5159|109354|4142|4457|5159|109354|4142|4457|2|2|4810|13|42.51|0.85|43.36|72.45|170.30|20.82|19.95|1.74|243.60
2452406|45551|235|1312|134993|307|3628|1312|134993|307|3628|3|1|4811|9|29.88|2.09|31.97|96.92|59.76|14.34|0.62|14.92|158.77
||1129|1119|||||36216||123|1|2|4814|||||17.18|330.72||141.81|147.61|414.68
2452225|9795|573|8378|115749|3280|2331|8378|115749|3280|2331|1|3|4816|16|567.84|28.39|596.23|22.59|309.60|488.34|38.16|41.34|360.58
2451707|27819|397|5232|101850|515|2380|5232|101850|515|2380|2|2|4817|49|1250.48|50.01|1300.49|92.19|1041.74|562.71|495.19|192.58|1183.94
2451612|68179|236|5893|57979|2512|3798|5893|57979|2512|3798|4|2|4817|84|4770.36|190.81|4961.17|5.81|423.36|4007.10|702.19|61.07|619.98
2451622|34592|247|659|102833|1528|3256|659|102833|1528|3256|2|3|4817|16|1558.24|15.58|1573.82|45.60|965.60|62.32|867.63|628.29|1026.78
2452811|77886|1015|9636|19744|1259|1494|9636|19744|1259|1494|6|1|4820|32|3239.36|259.14|3498.50|52.23|1450.24|2299.94|582.44|356.98|1761.61
2452814|32071|1045|6332|29644|876|3548|6332|29644|876|3548|6|1|4820|10|1420.30|127.82|1548.12|56.15|677.40|752.75|307.07|360.48|861.37
2452080|74459|687|9297|142925|4288|3364|9297|142925|4288|3364|1|1|4829|23|377.43|30.19|407.62|64.32|334.88|260.42|45.63|71.38|429.39
2452201|77204|189|1906|52272|5278|3364|1906|52272|5278|3364|3|1|4829|3|53.94|0.53|54.47|2.32|26.34|37.75|0.64|15.55|29.19
2452308|20619|701|6429|156953|4837|4241|6429|156953|4837|4241|3|2|4829|94|6254.76|187.64|6442.40|40.34|2653.62|5003.80|425.32|825.64|2881.60
2452211|49734|669|2451|81032|3260|841|2451|81032|3260|841|5|3|4830|15|1061.55|74.30|1135.85|47.87|835.65|732.46|233.65|95.44|957.82
2452096|68978|311||26635|3469|16|2281||3469||1||4830|6||5.15|62.45|61.36|||8.11||
2452238|32160|725|9666|86210|5747|1811|9666|86210|5747|1811|1|2|4831|8|448.64|8.97|457.61|39.55|204.88|98.70|52.49|297.45|253.40
2452892|63740|1647||79207|6217|714||79207|6217||3||4837||||||310.72|784.96|15.69||332.99
2452677|35919|1665|4002|41992|815|4445|4002|41992|815|4445|6|3|4837|6|281.52|5.63|287.15|85.62|175.26|267.44|9.29|4.79|266.51
2452702|23891|948|2566|129083|6847|3364|2566|129083|6847|3364|3|3|4837|5|586.30|17.58|603.88|92.07|272.40|445.58|18.29|122.43|382.05
2451532|71845|946|5416|142566|4516|3466|5416|142566|4516|3466|2|2|4839|2|43.24|1.29|44.53|53.85|1.40|18.16|22.82|2.26|56.54
2451239|76564|206|7091|95583|1355|2807|7091|95583|1355|2807|4|3|4841|27|1169.91|46.79|1216.70|9.96|950.40|503.06|506.80|160.05|1007.15
2451888|34495|1009|5698|86269|5560|3338|5698|86269|5560|3338|1|3|4842|40|6547.20|196.41|6743.61|84.70|1364.00|1243.96|1590.97|3712.27|1645.11
2452781|71455|210|4872|92871|2823|4375|4872|92871|2823|4375|6|1|4843|31|611.32|18.33|629.65|51.72|705.25|427.92|166.89|16.51|775.30
2451907|2924|1603|7884|96498|6425|3519|7884|96498|6425|3519|1|1|4844|1|26.22|1.83|28.05|96.59|7.07|0.52|19.01|6.69|105.49
2451770||1009|||5068|3127|3750|37649|5068|3127|||4845|||4.22||53.80||63.34|0.21|6.83|81.22
2451664|62616|908|9262|130448|3234|1973|9262|130448|3234|1973|1|3|4845|8|61.44|0.00|61.44|2.25|30.72|9.21|17.75|34.48|32.97
2451624|52498|884|6918|66018|6798|3338|6918|66018|6798|3338|2|1|4845|70|9526.30|0.00|9526.30|86.04|3123.40|7525.77|220.05|1780.48|3209.44
2451618|3101|943|235|19447|2066|3205|235|19447|2066|3205|4|1|4846|18|339.84|27.18|367.02|31.17|221.22|16.99|142.05|180.80|279.57
2451643|70646|830|7049|53708|880|772|7049|53708|880|772|2|1|4846|16|862.88|34.51|897.39|81.05|407.04|491.84|81.62|289.42|522.60
2451619|7935|28|674|2978|1729|3480|674|2978|1729|3480|2|1|4846|17|1242.36|111.81|1354.17|5.00|225.76|273.31|726.78|242.27|342.57
2451053|60902|385|5395|174721|4960|966|5395|174721|4960|966|1|2|4848|49|4805.43|336.38|5141.81|63.60|5112.17|2162.44|898.61|1744.38|5512.15
2451093|25505|709|1710|109816|1489|555|1710|109816|1489|555|1|3|4848|39|2610.66|156.63|2767.29|50.29|1879.80|0.00|313.27|2297.39|2086.72
2450985|38914|488|8831|42487|3776|4025|8831|42487|3776|4025|2|1|4848|18|257.04|20.56|277.60|75.84|163.44|0.00|233.90|23.14|259.84
2452777|44724|99|4141|56342|2176|2617|4141|56342|2176|2617|6|3|4849|2|130.68|0.00|130.68|66.37|54.06|81.02|28.80|20.86|120.43
2451280|60693|7|1204|162883|722|34|1204|162883|722|34|1|1|4850|9|1031.76|61.90|1093.66|10.48|289.80|1021.44|0.30|10.02|362.18
2451246|41594|685|7442|119596|4870|1137|7442|119596|4870|1137|1|2|4850|15|579.45|34.76|614.21|87.87|278.10|573.65|0.23|5.57|400.73
2452165|74263|464|7983|21378|933|808|7983|21378|933|808|1|2|4851|13|106.21|6.37|112.58|47.81|32.37|2.12|88.47|15.62|86.55
2452163|43697|425|1640|58501|1075|4369|1640|58501|1075|4369|5|1|4851|11|1472.79|44.18|1516.97|63.86|728.31|515.47|507.37|449.95|836.35
2451955|61717|1189|4866|69633|5473|2600|4866|69633|5473|2600|1|1|4851|64|2388.48|47.76|2436.24|61.05|119.04|668.77|1255.38|464.33|227.85
2451597|60226|1765|8806|140756|1459|809|8806|140756|1459|809|2|2|4853|16|1851.68|74.06|1925.74|10.11|1168.00|1796.12|46.67|8.89|1252.17
2451541|77271|1582|7118|15067|3783|4339|7118|15067|3783|4339|2|3|4853|59|2288.02|205.92|2493.94|39.78|2288.02|366.08|499.70|1422.24|2533.72
|76739|536|3340||||3340||2460|2067||1|4853|19||18.63||24.71|421.61|93.17||253.45|
2452509|78639|1657|1019|137393|3080|334|1019|137393|3080|334|1|3|4854|8|58.08|4.64|62.72|99.21|15.28|8.71|28.63|20.74|119.13
2452358|61232|1131|8315|127113|3031|1189|8315|127113|3031|1189|3|3|4854|30|1882.80|0.00|1882.80|18.95|898.50|1393.27|445.47|44.06|917.45
2452074|44291|1535|863|185877|6171|4225|863|185877|6171|4225|5|1|4855|1|71.61|6.44|78.05|78.71|21.39|1.43|38.59|31.59|106.54
2452048|39718|31|1682|93332|3942|1225|1682|93332|3942|1225|5|2|4855|34|750.38|60.03|810.41|6.28|0.00|442.72|255.35|52.31|66.31
2451052|44357|1052|4362|136070|5891|3879|4362|136070|5891|3879|2|2|4859|14|1926.68|0.00|1926.68|6.67|852.74|732.13|35.83|1158.72|859.41
2452541|52159|571|4870|36295|6967|4192|4870|36295|6967|4192|5|1|4861|12|188.76|11.32|200.08|61.67|154.92|169.88|13.59|5.29|227.91
2452318|38296|559|5726|137058|4251|4884|5726|137058|4251|4884|3|3|4862|5|1050.75|10.50|1061.25|56.34|58.35|0.00|220.65|830.10|125.19
2452764|9915|1063|3347|165412|3910|3568|3347|165412|3910|3568|6|2|4864|54|6255.36|125.10|6380.46|25.08|3331.80|2814.91|2029.86|1410.59|3481.98
2452612|19201|1513|2128|62155|5509|223|2128|62155|5509|223|6|3|4864|26|3077.62|123.10|3200.72|22.00|721.24|615.52|1378.77|1083.33|866.34
2452752|47118|942|4916|40713|4590|2380|4916|40713|4590|2380|1|3|4864|18|172.80|12.09|184.89|68.72|60.12|157.24|2.17|13.39|140.93
2451639|37300|1267|7101|57295|3136|1930|7101|57295|3136|1930|1|3|4866|28|906.92|45.34|952.26|60.82|667.52|353.69|315.34|237.89|773.68
2451739|69962|650|8516|161515|1041|4280|8516|161515|1041|4280|2|1|4866|11|343.75|6.87|350.62|97.32|7.37|61.87|118.38|163.50|111.56
2451678|67668|470|7068|172573|1405|1950|7068|172573|1405|1950|4|3|4866|2|114.68|2.29|116.97|94.55|43.32|69.95|3.57|41.16|140.16
2450881|74774|1453|7743|164518|3382|3806|7743|164518|3382|3806|1|2|4867|9|269.55|0.00|269.55|25.59|58.95|261.46|1.45|6.64|84.54
2451890|58753|1676|283|27650|4104|4791|283|27650|4104|4791|1|3|4868|16|350.08|21.00|371.08|18.58|700.16|343.07|3.78|3.23|739.74
2452043|44013|1334|5878|164201|6651|3014|5878|164201|6651|3014|2|2|4868|23|1943.27|58.29|2001.56|64.47|85.33|0.00|1884.97|58.30|208.09
2451697|80902|1634|3935|176564|1193|4222|3935|176564|1193|4222|1|3|4869|5|72.95|5.83|78.78|74.04|29.15|13.13|32.30|27.52|109.02
2451582|51206|1474|5735|109196|4770|264|5735|109196|4770|264|1|3|4869|69|1731.90|34.63|1766.53|75.90|1876.11|484.93|947.69|299.28|1986.64
2451568|71998|1117|3541|67494|87|3807|3541|67494|87|3807|2|1|4870|3|213.54|8.54|222.08|39.43|2.25|10.67|156.20|46.67|50.22
2451728|73143|487|901|64717|1333|1796|901|64717|1333|1796|2|3|4870|19|204.63|18.41|223.04|83.66|45.98|12.27|103.87|88.49|148.05
2452596|67207|1045|7119|99460|4041|3302|7119|99460|4041|3302|1|1|4871|62|13676.58|683.82|14360.40|57.81|2678.40|3692.67|6190.02|3793.89|3420.03
2452356|25958|1687|2308|129748|2901|2974|2308|129748|2901|2974|5|1|4872|16|480.32|14.40|494.72|16.19|270.72|192.12|250.73|37.47|301.31
2452352|79789|917|8109|21267|4665|4943|8109|21267|4665|4943|3|1|4872|23|807.76|16.15|823.91|40.99|560.97|323.10|198.71|285.95|618.11
2451762|69883|703|4021|161365|6582|4086|4021|161365|6582|4086|1|3|4873|20|258.60|5.17|263.77|74.07|37.20|74.99|73.44|110.17|116.44
2451742|64086|1688|3037|119169|6261|1873|3037|119169|6261|1873|5|1|4874|7|115.71|3.47|119.18|70.52|156.52|85.62|15.64|14.45|230.51
2451045|59863|166|1792|184810|1795|4573|1792|184810|1795|4573|1|2|4875|18|994.68|0.00|994.68|88.04|420.84|557.02|161.93|275.73|508.88
2451768|74076|1714|2161|188784|687|303|2161|188784|687|303|1|1|4877|51|959.31|28.77|988.08|7.55|232.56|450.87|132.19|376.25|268.88
2451515|45849|415|3334|87921|1181|3728|3334|87921|1181|3728|2|2|4878|7|485.38|29.12|514.50|84.13|98.84|359.18|111.05|15.15|212.09
2451353|43803|152|3679|97097|515|3180|3679|97097|515|3180|2|3|4878|28|556.36|11.12|567.48|42.90|556.36|16.69|151.10|388.57|610.38
2452147|31265|1473|847|150740|3193|1213|847|150740|3193|1213|5|1|4879|44|37.40|0.37|37.77|12.54|18.92|25.80|2.08|9.52|31.83
2452119||1299|6352|110744|4703|4655||110744|4703|4655|3|1|4879|4|574.84|5.74|580.58||500.32|442.62|118.99|13.23|598.87
2452172|9535|1143|3107|112791|2748|145|3107|112791|2748|145|5|2|4879|3|122.13|8.54|130.67|91.19|30.03|106.25|11.43|4.45|129.76
2452561|37417|330|9902|169419|969|2526|9902|169419|969|2526|1|2|4880|37|1497.76|0.00|1497.76|80.57|696.71|419.37|248.02|830.37|777.28
2452674|71585|1470|4765|179621|1597|2060|4765|179621|1597|2060|6|2|4881|37|643.80|19.31|663.11|85.34|2146.74|502.16|89.23|52.41|2251.39
2452825|57898|19|976|119086|7196|2106|976|119086|7196|2106|6|3|4881|16|33.76|2.36|36.12|66.35|675.68|20.93|8.59|4.24|744.39
2451811|41352|290|8298|67735|2339|4383|8298|67735|2339|4383|2|1|4885|2|92.34|7.38|99.72|95.56|49.82|47.09|42.98|2.27|152.76
2452761|21921|831|4337|136670|5436|1562|4337|136670|5436|1562|1|2|4886|29|699.48|13.98|713.46|69.91|472.12|195.85|186.34|317.29|556.01
2451203|19838|781|3501|23446|2591|336|3501|23446|2591|336|1|3|4887|54|0.00|0.00|0.00|18.11|2678.94|0.00|0.00|0.00|2697.05
2451396|30421|391|6490|145957|5217|1404|6490|145957|5217|1404|2|2|4888|1|0.00|0.00|0.00|80.10|36.88|0.00|0.00|0.00|116.98
2451356|38687|176|7520|179042|5284|2366|7520|179042|5284|2366|2|1|4889|27|4739.58|142.18|4881.76|22.78|1511.19|1753.64|2060.29|925.65|1676.15
2452485|69138|529|3811|37513|6368|3070|3811|37513|6368|3070|5|2|4890|30|2496.90|24.96|2521.86|67.48|1035.90|898.88|527.34|1070.68|1128.34
2452457|65499|251|9835|126145|3575|1445|9835|126145|3575|1445|3|3|4890|4|42.64|2.98|45.62|81.11|170.60|30.27|0.74|11.63|254.69
2452420|46369|1675|2728|154461|6387|2993|2728|154461|6387|2993|5|1|4890|56|2517.20|176.20|2693.40|9.80|1328.32|654.47|409.80|1452.93|1514.32
2452401|67399|1375|4358|150304|10|2436|4358|150304|10|2436|3|2|4890|62|2207.20|66.21|2273.41|60.54|900.86|485.58|17.21|1704.41|1027.61
2452346|28404|1641|1198|57183|3568|4953|1198|57183|3568|4953|5|2|4890|13|120.38|1.20|121.58|61.60|542.10|61.39|21.82|37.17|604.90
2452289|45757|301|9614|15776|1618|220|9614|15776|1618|220|3|1|4890|14|551.18|33.07|584.25|15.04|16.94|11.02|280.88|259.28|65.05
2451855|28908|1501|7779|144037|2375|273|7779|144037|2375|273|2|3|4891|1|1.34|0.12|1.46|13.90|5.00|1.16|0.08|0.10|19.02
2452658|34749|901|9112|404|3649|4341|9112|404|3649|4341|6|3|4893|5|137.65|8.25|145.90|28.76|71.20|81.21|32.17|24.27|108.21
2452776|54191|583|2252|28987|1435|2803|2252|28987|1435|2803|6|2|4893|38|934.04|18.68|952.72|8.90|3035.44|495.04|136.09|302.91|3063.02
2452370|11333|1379|936|140051|1406|4241|936|140051|1406|4241|5|3|4894|22|343.42|10.30|353.72|19.99|755.70|144.23|171.30|27.89|785.99
2452415|79244|1745|4176|40945|3827|2276|4176|40945|3827|2276|3|2|4894|18|805.50|56.38|861.88|63.25|508.14|571.90|217.24|16.36|627.77
2451427|42020|469|8694|120838|2582|479|8694|120838|2582|479|4|2|4895|15|199.95|15.99|215.94|88.38|90.90|101.97|54.86|43.12|195.27
2451220|4976|1678|4901|168328|4042|2989|4901|168328|4042|2989|1|3|4895|51|808.86|16.17|825.03|35.00|290.70|355.89|31.70|421.27|341.87
2452118|47390|979|3061|156103|665|3420|3061|156103|665|3420|3|1|4896|86|5429.18|434.33|5863.51|80.44|5429.18|488.62|1531.57|3408.99|5943.95
2452420|16519|491|2853|24005|2644|3116|2853|24005|2644|3116|1|2|4897|19|984.39|59.06|1043.45|84.95|559.36|137.81|744.99|101.59|703.37
2452346|78117|303|3909|89328|2027|2333|3909|89328|2027|2333|1|2|4897|8|789.36|39.46|828.82|34.98|463.52|726.21|10.10|53.05|537.96
2451604|60408|664|8583|113318|420|715|8583|113318|420|715|4|2|4900|32|285.12|17.10|302.22|90.16|348.48|268.01|4.61|12.50|455.74
2451603|48324|350|7357|62358|399|3720|7357|62358|399|3720|2|2|4900|27|1314.36|78.86|1393.22|33.21|630.72|657.18|446.88|210.30|742.79
2451801|50941|274|6823|120364|6385|1766|6823|120364|6385|1766|1|3|4900|14|902.30|45.11|947.41|8.82|527.80|406.03|496.27|0.00|581.73
2452449|1025|1123|5880|123030|4773|3043|5880|123030|4773|3043|5|2|4902|9|190.44|1.90|192.34|87.38|76.14|60.94|80.29|49.21|165.42
2452292|73827|303|3010|120959|1275|984|3010|120959|1275|984|3|2|4902|51|1730.94|155.78|1886.72|96.11|59.67|969.32|365.57|396.05|311.56
2452342|25852|261|2806|82826|2046|866|2806|82826|2046|866|1|2|4902|6|449.40|13.48|462.88|98.32|68.34|341.54|26.96|80.90|180.14
2452393|36304|175|5445|162603|6641|1639|5445|162603|6641|1639|1|1|4904|23|88.78|2.66|91.44|92.82|533.37|18.64|43.48|26.66|628.85
2452266|58500|1117|4582|118768|2347|3006|4582|118768|2347|3006|1|3|4905|26|1647.88|115.35|1763.23|35.15|383.24|1087.60|196.09|364.19|533.74
2452326|20109|595|7262|177261|5260|3659|7262|177261|5260|3659|3|2|4905|1|63.36|5.70|69.06|10.59|3.87|1.26|3.10|59.00|20.16
2451407|33606|1630|7610|128571|3179|3587|7610|128571|3179|3587|2|1|4907|34|490.96|14.72|505.68|90.41|981.92|9.81|96.23|384.92|1087.05
2452607|39754|925|3258|179805|2705|52|3258|179805|2705|52|1|3|4909|9|1059.03|84.72|1143.75|14.88|542.43|264.75|357.42|436.86|642.03
2452054|44959|1729|1993|143386|539|2612|1993|143386|539|2612|2|1|4910|2|71.24|6.41|77.65|1.32|62.60|65.54|4.10|1.60|70.33
2452033|73980|1333|1894|144941|4515|602|1894|144941|4515|602|5|1|4910|53|6230.15|311.50|6541.65|59.96|353.51|2741.26|1430.44|2058.45|724.97
2451321|19981|22|4650|177301|832|1923|4650|177301|832|1923|2|3|4914|1|97.01|3.88|100.89|79.15|54.46|2.91|3.76|90.34|137.49
2451385|46957|1123|7529|7111|486|588|7529|7111|486|588|2|1|4914|54|223.02|15.61|238.63|89.05|1005.48|64.67|26.91|131.44|1110.14
2451485|60918|1162|3258|3195|5452|2749|3258|3195|5452|2749|4|1|4915|76|68.40|2.73|71.13|92.52|206.72|41.04|4.92|22.44|301.97
2451821|47065|1772|4670|119519|3041|2803|4670|119519|3041|2803|5|1|4916|33|1381.38|110.51|1491.89|92.39|468.60|455.85|231.38|694.15|671.50
|36081|601|4478|||||82984||429|||4916||||||40.20||13.58||99.96
||1102|8052|||1005||121161|||4|1|4917|||0.34||37.69||1.00|0.30||
2452708|81128|1701|1200||31|||2792||1870|||4918||||1472.71|||420.77||922.92|
2452747|71302|939|7152|535|798|621|7152|535|798|621|6|2|4918|23|926.90|0.00|926.90|36.21|1315.83|176.11|578.10|172.69|1352.04
2451841|61640|277|8133|191590|1047|3704|8133|191590|1047|3704|2|3|4919|20|1242.20|49.68|1291.88|91.17|745.20|931.65|99.37|211.18|886.05
2451708|32412|1163|4493|101571|6489|4840|4493|101571|6489|4840|1|1|4919|33|732.60|58.60|791.20|21.42|0.00|315.01|388.35|29.24|80.02
2451212|77645|1096|1230|98280|2690|267|1230|98280|2690|267|2|2|4920|27|631.26|44.18|675.44|31.93|78.84|252.50|189.38|189.38|154.95
2451156|35704|1556|2728|48532|929|1206|2728|48532|929|1206|4|1|4920|30|2581.80|232.36|2814.16|92.16|81.30|1032.72|542.17|1006.91|405.82
2451164|76480|1177|2506|117694|5922|1030|2506|117694|5922|1030|1|3|4920|20|304.80|9.14|313.94|65.14|1006.00|115.82|164.41|24.57|1080.28
2451740|69737|565|4704|105593|3169|3025|4704|105593|3169|3025|1|2|4924|2|257.06|12.85|269.91|43.66|36.24|185.08|59.02|12.96|92.75
2451854|50328|422|8709|132656|2090|4557|8709|132656|2090|4557|1|3|4924|5|286.40|20.04|306.44|73.96|60.90|131.74|95.88|58.78|154.90
2452099|39743|1199|4449|65597|6138|2759|4449|65597|6138|2759|5|1|4925|1|39.30|3.53|42.83|11.88|28.96|20.43|4.52|14.35|44.37
2452113|27748|919|8328|6864|4873|1722|8328|6864|4873|1722|2|2|4927|51|588.03|47.04|635.07|25.71|327.93|535.10|29.11|23.82|400.68
2452758|23558|1551|9909|67383|2170|924|9909|67383|2170|924|3|2|4928|43|1427.60|71.38|1498.98|7.71|1115.42|1042.14|362.33|23.13|1194.51
2452645|24478|1077|2002|135501|393|4012|2002|135501|393|4012|1|3|4928|69|1564.92|46.94|1611.86|33.25|23.46|1471.02|13.14|80.76|103.65
2451369|54058|278|9843|191572|614|4823|9843|191572|614|4823|2|3|4929|18|9.36|0.84|10.20|20.95|5.94|2.62|3.77|2.97|27.73
2452749|12692|511|8859|155214|1249|1844|8859|155214|1249|1844|1|1|4930|36|671.76|33.58|705.34|6.28|1976.04|665.04|2.28|4.44|2015.90
2451894|46535|1039|3351|7130|62|2241|3351|7130|62|2241|2|3|4931|1|35.89|2.51|38.40|81.62|24.96|1.79|1.02|33.08|109.09
2451340||349|||1865|||61022|1865||||4932|38|3429.88||3738.56||123.88|2709.60|396.15||508.20
2452568|23337|571|401|121266|131|3843|401|121266|131|3843|6|2|4933|69|2172.12|130.32|2302.44|69.03|352.59|1868.02|54.73|249.37|551.94
2452505|60648|747|4724|115528|6972|4849|4724|115528|6972|4849|6|3|4936|18|522.90|31.37|554.27|88.64|384.84|115.03|305.90|101.97|504.85
2452391|54553|151|7388|175500|1132|3204|7388|175500|1132|3204|1|2|4936|21|185.01|1.85|186.86|20.43|3.57|109.15|34.13|41.73|25.85
2451547|61797|1165|4137|178531|1565|126|4137|178531|1565|126|2|2|4937|57|3719.82|297.58|4017.40|93.98|1019.16|1041.54|1981.92|696.36|1410.72
2451838|48544|1646|8966|162135|2457|3379|8966|162135|2457|3379|4|2|4938|53|3415.85|170.79|3586.64|86.24|467.99|34.15|2570.09|811.61|725.02
2451137|37574|250|9150|64203|616|1949|9150|64203|616|1949|4|1|4939|62|1290.22|90.31|1380.53|45.64|1973.46|503.18|243.98|543.06|2109.41
2451088|16357|1117|164|61930|496|509|164|61930|496|509|1|2|4940|7|0.00|0.00|0.00|68.08|172.62|0.00|0.00|0.00|240.70
2451652|70380|398|4243|17330|5457|4664|4243|17330|5457|4664|2|3|4941|9|21.24|0.84|22.08|58.87|26.82|4.88|1.14|15.22|86.53
2451700|57516|1304|8479|65851|2903|4715|8479|65851|2903|4715|4|1|4941|76|4157.20|374.14|4531.34|71.68|861.84|3907.76|246.94|2.50|1307.66
2452854|61755|1701|407|131005|3650|4048|407|131005|3650|4048|3|3|4942|37|3200.87|192.05|3392.92|23.47|2294.00|1120.30|1997.34|83.23|2509.52
2452413|82893|1799|191|136184|6177|3970|191|136184|6177|3970|1|3|4943|12|990.96|29.72|1020.68|56.28|743.16|356.74|374.18|260.04|829.16
2451342|55420|1135|970|137671|5605|2746|970|137671|5605|2746|2|3|4945|41|1274.69|0.00|1274.69|93.69|927.01|203.95|920.83|149.91|1020.70
2451405|74580|658|4257|131420|4663|1466|4257|131420|4663|1466|4|1|4945|9|2009.25|80.37|2089.62|30.57|446.49|1587.30|240.51|181.44|557.43
|77002|1156|||1730||||1730||1||4946|47|7866.39|393.31|||3434.29||2973.49||3879.66
2450956|65125|1537|621|73580|794|648|621|73580|794|648|4|1|4946|28|4094.16|40.94|4135.10|59.66|883.96|1760.48|1866.94|466.74|984.56
2450983|56850|259|4895|168170|3812|4647|4895|168170|3812|4647|4|2|4946|14|129.08|11.61|140.69|58.20|118.58|40.01|43.64|45.43|188.39
2451248|63192|625|7377|126655|1180|3105|7377|126655|1180|3105|1|3|4947|29|187.92|7.51|195.43|89.48|144.13|90.20|80.13|17.59|241.12
2451206|70528|1088|7199|37980|1721|782|7199|37980|1721|782|1|3|4947|22|202.62|8.10|210.72|1.97|117.26|174.25|8.79|19.58|127.33
2452706|66691|549|3641|46741|3248|1628|3641|46741|3248|1628|1|3|4948|39|7948.20|158.96|8107.16|57.60|2587.65|6517.52|114.45|1316.23|2804.21
2452722|30426|132|4746|115076|319|3082|4746|115076|319|3082|3|3|4951|3|14.19|0.85|15.04|89.12|15.81|8.23|5.18|0.78|105.78
2452771|68512|348|8719|109538|197|1536|8719|109538|197|1536|1|3|4952|25|252.75|5.05|257.80|58.08|1180.00|17.69|16.45|218.61|1243.13
2452014|48937|515|8503|163249|715|4821|8503|163249|715|4821|1|1|4953|16|864.00|60.48|924.48|79.26|288.00|578.88|31.36|253.76|427.74
||549|82|||||||||1|4955|4||0.39|19.95|34.06||6.84|0.63||
2452413|16475|279|3853|56173|6093|213|3853|56173|6093|213|3|1|4957|56|6978.72|279.14|7257.86|47.05|1198.96|2861.27|2141.07|1976.38|1525.15
2452374|62429|257|7185|93406|2554|2862|7185|93406|2554|2862|5|2|4958|9|552.78|44.22|597.00|62.01|352.89|486.44|59.70|6.64|459.12
2452269|64397|759|7241|154665|1416|527|7241|154665|1416|527|5|2|4958|15|1029.60|30.88|1060.48|1.65|152.10|823.68|193.56|12.36|184.63
2452449|24607|451|5299|188589|2919|3329|5299|188589|2919|3329|3|3|4958|12|1722.60|137.80|1860.40|34.08|143.52|757.94|646.32|318.34|315.40
2452152|70893|155|1271|40994|2524|4774|1271|40994|2524|4774|1|3|4960|16|2215.20|0.00|2215.20|11.79|166.08|2037.98|19.49|157.73|177.87
2452459|73732|12|9200|145113|2466|4099|9200|145113|2466|4099|6|1|4961|2|6.66|0.33|6.99|40.69|51.68|1.66|0.50|4.50|92.70
2452764|55877|1437|2341|108178|702|1906|2341|108178|702|1906|1|3|4962|6|679.02|33.95|712.97|30.03|456.24|95.06|245.26|338.70|520.22
2452001|74156|145|6647|123515|5630|3098|6647|123515|5630|3098|2|1|4965|16|1008.48|40.33|1048.81|1.24|14.56|847.12|82.29|79.07|56.13
2451856|48757|1088|106|123023|420|3377|106|123023|420|3377|5|1|4966|73|5763.35|57.63|5820.98|65.99|369.38|3976.71|1375.71|410.93|493.00
2451957|13996|737|5808|161584|6673|3929|5808|161584|6673|3929|5|2|4969|32|216.00|19.44|235.44|41.56|117.76|166.32|45.20|4.48|178.76
||1045|||191||2657|62144|||5|2|4970|71|||11128.84||3157.37||898.63|37.45|3960.91
2452342|75438|947|8014|63773|205|4924|8014|63773|205|4924|1|2|4970|23|938.63|46.93|985.56|95.52|583.97|469.31|267.51|201.81|726.42
2451355|60878|1282|741|148048|1308|2368|741|148048|1308|2368|1|1|4971|28|2087.40|187.86|2275.26|75.20|1096.76|1210.69|561.09|315.62|1359.82
2452288|75517|271|9915|109274|5386|3498|9915|109274|5386|3498|1|3|4972|2|367.20|25.70|392.90|40.89|119.74|190.94|139.24|37.02|186.33
2451347|25294|956|4627|187385|1023|621|4627|187385|1023|621|2|3|4975|2|12.68|0.25|12.93|58.50|3.16|3.29|2.44|6.95|61.91
2451286||439|||2879|466||||466|4|2|4976|22||6.61||1.06|203.72|150.55|||211.39
2451941|43902|1405|1822|150314|7126|1178|1822|150314|7126|1178|5|2|4977|79|8963.34|0.00|8963.34|43.82|3226.36|7439.57|746.64|777.13|3270.18
2451317|69059|1700|1837|88642|2807|1445|1837|88642|2807|1445|4|1|4979|19|102.60|5.13|107.73|1.26|472.53|93.36|5.72|3.52|478.92
2451366|12319|1714|2775|37940|2625|1950|2775|37940|2625|1950|1|1|4979|31|6014.31|60.14|6074.45|29.57|127.72|601.43|2435.79|2977.09|217.43
2451244|41735|938|7987|19987|467|3107|7987|19987|467|3107|1|2|4979|14|429.52|17.18|446.70|11.62|266.28|279.18|28.56|121.78|295.08
2451280|29779|925|3499|16341|5550|1752|3499|16341|5550|1752|4|2|4979|4|134.60|9.42|144.02|91.25|102.20|64.60|63.00|7.00|202.87
2452524|20551|95|8369|84582|4395|1455|8369|84582|4395|1455|1|1|4982|7|32.90|0.98|33.88|12.87|49.35|18.42|14.48|0.00|63.20
2452445|74730|469|7711|152369|6580|3638|7711|152369|6580|3638|5|1|4982|66|6758.40|135.16|6893.56|95.27|1551.00|5744.64|811.00|202.76|1781.43
2452002|16653|649|2094|70106|3285|4057|2094|70106|3285|4057|2|1|4983|33|2232.45|178.59|2411.04|27.20|1432.86|2232.45|0.00|0.00|1638.65
2451853|73841|415|5653|2271|1962|1540|5653|2271|1962|1540|2|1|4983|15|0.00|0.00|0.00|78.16|57.60|0.00|0.00|0.00|135.76
2451899|63975|1567|7227|62892|510|3375|7227|62892|510|3375|5|1|4983|15|1026.90|0.00|1026.90|83.24|560.10|770.17|231.05|25.68|643.34
2451161|65878|1780|8195|10295|6795|4295|8195|10295|6795|4295|1|2|4984|14|607.32|12.14|619.46|3.65|420.42|103.24|448.63|55.45|436.21
2451744|46603|83|6624||831|4311|||831||2||4985|19|295.26||312.97||65.17|132.86|144.53||
2451989|56608|230|3554|35302|5083|3871|3554|35302|5083|3871|5|3|4985|1|10.89|0.87|11.76|21.02|5.44|2.28|6.28|2.33|27.33
2452606|43156|867|6351|56610|5624|1878|6351|56610|5624|1878|1|1|4986|28|2567.60|128.38|2695.98|98.84|128.24|2464.89|4.10|98.61|355.46
2452613|43937|1644|1788|189452|5436|2260|1788|189452|5436|2260|3|3|4986|18|775.80|69.82|845.62|48.72|609.48|519.78|212.49|43.53|728.02
2451457|39115|770|1896|54335|5574|1813|1896|54335|5574|1813|2|2|4987|7|67.62|5.40|73.02|34.67|94.64|61.53|4.38|1.71|134.71
2451414|52713|1330|9056|104442|595|4741|9056|104442|595|4741|2|1|4987|21|113.82|2.27|116.09|45.20|170.73|39.83|39.21|34.78|218.20
2452026|5544|20|8872|159931|6670|1969|8872|159931|6670|1969|2|2|4988|4|713.08|35.65|748.73|75.02|400.60|7.13|331.79|374.16|511.27
2452898|47837|1560|6368|53961|3794|3307|6368|53961|3794|3307|1|3|4989|21|79.59|7.16|86.75|45.54|279.09|31.04|46.60|1.95|331.79
2452760|48131|1237|6661|81641|5741|834|6661|81641|5741|834|1|1|4989|32|1505.28|15.05|1520.33|24.99|529.92|842.95|19.86|642.47|569.96
2451362|24572|1174|3481|169120|4312|4351|3481|169120|4312|4351|1|2|4990|45|4314.60|345.16|4659.76|50.04|2129.40|215.73|860.76|3238.11|2524.60
2452168|16599|859|5631|30862|6206|2917|5631|30862|6206|2917|1|3|4991|2|2.14|0.10|2.24|54.62|42.92|1.04|0.39|0.71|97.64
2452167|25543|722|1075|15689|7056|3623|1075|15689|7056|3623|5|3|4991|42|1722.00|0.00|1722.00|2.85|897.54|1704.78|5.33|11.89|900.39
2451933|73616|971|9604|109143|362|3941|9604|109143|362|3941|1|2|4991|6|7.44|0.66|8.10|43.81|3.30|1.48|1.19|4.77|47.77
2452155|23379|1370|6273|174293|6186|166|6273|174293|6186|166|2|3|4991|30|912.30|9.12|921.42|51.48|697.50|894.05|5.11|13.14|758.10
2451457|46504|1760|5273|28549|2978|4654|5273|28549|2978|4654|2|2|4992|11|169.18|11.84|181.02|52.39|124.41|54.13|35.66|79.39|188.64
2451485|76432|512|225|154190|6522|1647|225|154190|6522|1647|2|3|4993|1|20.52|0.20|20.72|26.70|1.78|1.02|8.97|10.53|28.68
2451960|62869|1412|3114|80614|4754|174|3114|80614|4754|174|5|3|4994|59|3579.53|0.00|3579.53|58.70|1323.96|680.11|2638.47|260.95|1382.66
2451887|24733|1231|8944|51083|2662|3321|8944|51083|2662|3321|5|1|4994|1|185.13|1.85|186.98|67.38|83.12|11.10|8.70|165.33|152.35
2451046|37402|764|7311|21263|1742|2334|7311|21263|1742|2334|4|3|4995|22|18.48|0.18|18.66|26.84|610.06|1.66|14.46|2.36|637.08
2452859|66646|781|2475|21354|1146|905|2475|21354|1146|905|3|1|4996|39|134.16|6.70|140.86|74.91|50.31|42.93|34.66|56.57|131.92
2451145|46272|818|1137|41098|3266|4707|1137|41098|3266|4707|4|1|4998|21|1179.57|11.79|1191.36|26.87|1356.39|483.62|466.28|229.67|1395.05
2451121|76912|1063|8205|16927|1202|4277|8205|16927|1202|4277|1|3|4998|71|2595.05|155.70|2750.75|84.98|0.00|2179.84|53.97|361.24|240.68
2452075|39949|479|6293|134180|1587|4034|6293|134180|1587|4034|1|2|4999|59|0.00|0.00|0.00|54.72|994.74|0.00|0.00|0.00|1049.46
2451639||1675|8989||||8989|83214||||1|5000|40||77.52|1369.52|23.14||1059.44||62.80|
2451645||376|||||6744|||||2|5000|||32.66||89.45|||44.59|12.58|356.26
2451741|29160|577|312|76206|6420|2474|312|76206|6420|2474|2|2|5001|38|294.12|17.64|311.76|39.98|7.98|273.53|18.11|2.48|65.60
2451789|66054|860|4556|35262|208|4434|4556|35262|208|4434|2|3|5002|18|585.18|5.85|591.03|96.36|97.38|567.62|2.80|14.76|199.59
2451325|73132|412|4778|139389|3807|898|4778|139389|3807|898|2|2|5003|6|395.64|3.95|399.59|12.35|172.56|19.78|60.13|315.73|188.86
2452365|44427|929|9393|72193|2033|3553|9393|72193|2033|3553|5|3|5004|9|301.23|0.00|301.23|63.45|196.92|138.56|162.67|0.00|260.37
2452133|38398|1709|4238|82034|1750|4906|4238|82034|1750|4906|2|2|5006|28|202.72|4.05|206.77|55.03|563.36|168.25|30.33|4.14|622.44
2452630|34856|415|1920|75775|4157|2899|1920|75775|4157|2899|6|1|5007|30|75.00|2.25|77.25|71.90|48.60|57.00|11.16|6.84|122.75
2452752|65115|1567|2084|8236|6115|4907|2084|8236|6115|4907|1|2|5007|96|778.56|7.78|786.34|95.80|327.36|46.71|409.83|322.02|430.94
2452233|63709|1731|5973|185562|1184|4813|5973|185562|1184|4813|3|1|5008|37|2336.18|186.89|2523.07|2.10|345.95|1962.39|272.86|100.93|534.94
2452746|36793|673|5948|159662|3296|570|5948|159662|3296|570|3|1|5010|4|3.40|0.27|3.67|64.90|27.28|2.61|0.23|0.56|92.45
2451967|75610|1369|6566|86527|7015|1863|6566|86527|7015|1863|1|3|5011|42|1354.92|40.64|1395.56|17.05|249.48|853.59|115.30|386.03|307.17
2451561|44416|1592|1571|63733|6168|1690|1571|63733|6168|1690|4|3|5012|42|3774.96|75.49|3850.45|36.40|1104.60|3170.96|229.52|374.48|1216.49
2451530|29804|28|4710|170408|2746|1564|4710|170408|2746|1564|2|2|5012|48|2587.20|181.10|2768.30|46.39|1457.28|1992.14|398.69|196.37|1684.77
2451783|22507|1706|3888|34007|6253|2812|3888|34007|6253|2812|5|3|5013|53|3703.64|222.21|3925.85|68.97|978.38|2703.65|899.99|100.00|1269.56
2452267|39272|477|8337|165457|1857|817|8337|165457|1857|817|3|3|5014|27|663.39|59.70|723.09|74.84|144.18|212.28|112.77|338.34|278.72
2451931|64928|1361|5426|6266|6786|1466|5426|6266|6786|1466|1|3|5015|12|178.56|7.14|185.70|45.97|70.80|69.63|56.64|52.29|123.91
2451505|75769|709|905|185050|348|1293|905|185050|348|1293|1|3|5017|19|3944.21|354.97|4299.18|53.93|2574.69|1498.79|97.81|2347.61|2983.59
2451649|45726|514|6540|135269|5805|14|6540|135269|5805|14|4|2|5017|27|1087.56|0.00|1087.56|9.15|77.49|554.65|79.93|452.98|86.64
2452649|75836|1351|7833|141322|971|3093|7833|141322|971|3093|1|1|5018|13|2037.10|81.48|2118.58|36.92|1302.47|81.48|371.56|1584.06|1420.87
2452782|7221|55|1191|169207|1543|3519|1191|169207|1543|3519|3|1|5018|7|58.17|4.65|62.82|29.34|59.43|20.35|28.36|9.46|93.42
2452729|19058|1614|9279|10113|6707|1821|9279|10113|6707|1821|1|3|5018|29|340.17|0.00|340.17|71.48|580.29|122.46|174.16|43.55|651.77
2451179|72426|316|4170|171824|2965|3339|4170|171824|2965|3339|1|1|5020|38|279.30|25.13|304.43|88.73|923.78|229.02|5.53|44.75|1037.64
2450908|49404|1705|6753|72961|3762|2090|6753|72961|3762|2090|4|1|5020|30|3254.10|0.00|3254.10|91.66|1050.60|3189.01|31.24|33.85|1142.26
2451951|43072|1394|8047|191943|5839|2935|8047|191943|5839|2935|1|2|5022|26|1747.46|104.84|1852.30|85.31|374.40|1520.29|218.08|9.09|564.55
2451868|24759|1469|1618|192025|3232|1239|1618|192025|3232|1239|5|3|5022|12|396.12|35.65|431.77|15.48|156.84|233.71|25.98|136.43|207.97
||1523|9339|183115|1578||9339|183115|1578|4874|||5022|6|||0.00|||0.00|0.00|0.00|
2451991|46845|1250|4805|101430|6295|2040|4805|101430|6295|2040|2|1|5022|29|494.74|24.73|519.47|57.69|33.93|341.37|108.89|44.48|116.35
2452141|27566|75|8700|30925|2990|3688|8700|30925|2990|3688|1|2|5024|62|2841.46|56.82|2898.28|35.44|4262.50|2358.41|38.64|444.41|4354.76
2452224|20253|61|5110|13783|103|3976|5110|13783|103|3976|3|1|5024|1|30.80|0.00|30.80|2.46|46.88|23.71|2.97|4.12|49.34
2452478|18431|1223|6611|41204|4997|1790|6611|41204|4997|1790|5|2|5026|9|412.20|4.12|416.32|43.29|64.35|321.51|65.29|25.40|111.76
2452789|55784|1341|9590|74780|1057|2967|9590|74780|1057|2967|3|2|5029|1|27.75|0.55|28.30|20.81|67.65|26.36|1.11|0.28|89.01
2452841|72041|439|8654|19184|1874|2484|8654|19184|1874|2484|3|3|5029|22|1398.32|13.98|1412.30|92.54|36.30|1384.33|0.55|13.44|142.82
2452708||846||32696|1759|4829|6066||1759||6|3|5029|5|185.45||202.14|42.09|168.60|111.27|||
||541||89823|5563|2143|4003||5563|||2|5030|24|1110.48|55.52|1166.00||865.68|799.54||270.52|975.50
2452036|16491|1075|7159|139824|4122|780|7159|139824|4122|780|1|1|5033|17|255.85|12.79|268.64|78.91|614.04|232.82|8.29|14.74|705.74
2452603|19620|975|1964|160433|1462|1011|1964|160433|1462|1011|3|1|5037|28|102.76|5.13|107.89|19.56|906.08|40.07|7.52|55.17|930.77
2451981|21054|665|7019|20393|1080|2534|7019|20393|1080|2534|1|2|5040|16|355.20|14.20|369.40|97.06|387.52|17.76|47.24|290.20|498.78
2452656|27730|811|7918|72786|6054|1569|7918|72786|6054|1569|1|2|5041|23|2815.43|0.00|2815.43|2.00|1026.72|2674.65|1.40|139.38|1028.72
2452623|5526|1110|8185|121029|6753|3884|8185|121029|6753|3884|3|2|5041|22|444.84|13.34|458.18|10.50|1430.44|133.45|133.89|177.50|1454.28
2452560|21703|729|6678|13560|4522|44|6678|13560|4522|44|1|3|5042|2|4.14|0.20|4.34|10.25|4.14|0.45|0.29|3.40|14.59
2452197|69123|853|943|100701|708|4755|943|100701|708|4755|1|1|5043|25|567.00|5.67|572.67|95.97|992.50|425.25|87.88|53.87|1094.14
2452389|5071|705|9422|154744|3233|2315|9422|154744|3233|2315|5|3|5044|30|101.40|2.02|103.42|28.70|165.00|73.00|19.02|9.38|195.72
2452212|65196|1661|7847|65656|6265|1674|7847|65656|6265|1674|1|3|5044|11|240.46|2.40|242.86|80.13|48.07|209.20|29.69|1.57|130.60
2452410|46455|229|1666|101234|995||||||3||5045|74||||53.57||326.87||1057.26|
2452497|28278|1777|4541|153544|4627|670|4541|153544|4627|670|1|1|5045|42|1095.36|65.72|1161.08|46.44|1026.90|733.89|119.28|242.19|1139.06
2452243|71786|843|4329|48405|4114|783|4329|48405|4114|783|5|1|5046|60|5442.00|217.68|5659.68|13.97|2980.20|3646.14|1795.86|0.00|3211.85
2452246|72607|1679|8723|114845|5400|1162|8723|114845|5400|1162|1|1|5046|82|414.10|28.98|443.08|57.64|382.94|248.46|165.64|0.00|469.56
2452363|693|107|2130|89259|6228|3124|2130|89259|6228|3124|1|1|5046|56|1027.04|0.00|1027.04|54.93|4256.56|195.13|432.59|399.32|4311.49
2451980|76757|770|9976|58544|4872|120|9976|58544|4872|120|2|1|5048|45|1015.20|50.76|1065.96|98.99|325.35|10.15|180.90|824.15|475.10
2451883|60734|917|6784|166813|4762|2751|6784|166813|4762|2751|5|3|5048|27|374.22|7.48|381.70|81.79|508.14|138.46|113.16|122.60|597.41
2451897|35562|500|1687|125034|941|168|1687|125034|941|168|1|3|5048|38|4333.52|303.34|4636.86|14.72|1866.56|3466.81|476.69|390.02|2184.62
2451807|39665|119|60|34167|3954|901|60|34167|3954|901|5|1|5049|31|4854.60|48.54|4903.14|6.03|504.37|776.73|3180.73|897.14|558.94
2451857|70317|1387|3415|189212|2576|780|3415|189212|2576|780|1|1|5049|2|217.54|6.52|224.06|10.98|25.22|54.38|106.05|57.11|42.72
2451950|53870|1385|8784|61291|6071|4691|8784|61291|6071|4691|2|2|5051|56|106.40|5.32|111.72|56.53|9.52|61.71|44.69|0.00|71.37
2452601|34018|390|7332|78954|4303|4412|7332|78954|4303|4412|1|1|5052|15|451.20|22.56|473.76|48.04|191.40|4.51|129.54|317.15|262.00
2452606|39770|1212|4173|110967|2561|4802|4173|110967|2561|4802|6|3|5052|5|459.00|4.59|463.59|91.36|19.10|367.20|41.31|50.49|115.05
2452276|66655|241|5107|99571|915|1419|5107|99571|915|1419|1|3|5054|13|97.89|2.93|100.82|50.72|0.00|62.64|9.16|26.09|53.65
2451851|64736|731|6972|4977|1095|2133|6972|4977|1095|2133|5|2|5056|23|4154.49|166.17|4320.66|76.22|1424.39|373.90|529.28|3251.31|1666.78
2451840|72311|1415|440|119227|3586|3265|440|119227|3586|3265|2|3|5056|60|2957.40|177.44|3134.84|82.65|2637.60|1804.01|80.73|1072.66|2897.69
2451509|65784|1388|7884|80927|4883|4006|7884|80927|4883|4006|1|1|5057|9|226.53|9.06|235.59|48.50|41.58|58.89|155.90|11.74|99.14
2451440|20868|1118|1581|149104|5940|3343|1581|149104|5940|3343|1|1|5057|9|213.21|10.66|223.87|93.99|180.72|14.92|29.74|168.55|285.37
2451348|62302|52|7435|93666|344|975|7435|93666|344|975|2|1|5057|77|285.67|25.71|311.38|10.21|110.11|231.39|43.96|10.32|146.03
2452088|37665|383|525|162044|2810|4529|525|162044|2810|4529|2|3|5058|4|143.32|1.43|144.75|46.26|95.52|71.66|56.61|15.05|143.21
2452185|81226|1665|234|153689|3464|479|234|153689|3464|479|1|3|5059|69|440.22|0.00|440.22|35.75|338.79|338.96|40.50|60.76|374.54
2451741||1216|3902|33606|6830|||33606|6830||1|2|5063|||20.94||12.69|37.49||2.79|11.18|
2451493|19252|199|1769|30399|342|3652|1769|30399|342|3652|2|2|5064|46|0.00|0.00|0.00|19.90|1886.00|0.00|0.00|0.00|1905.90
2451476|18832|1052|7852|89827|75|410|7852|89827|75|410|2|3|5064|6|339.06|0.00|339.06|69.08|478.68|149.18|5.69|184.19|547.76
|38707|1658||74112|277|||74112|277|2002|2||5065|||96.08||26.54||587.21|446.81|33.64|
2452191|44433|557|2060|21858|5336|4574|2060|21858|5336|4574|2|2|5065|9|14.85|0.74|15.59|64.23|171.45|11.28|1.60|1.97|236.42
2452407|46865|167|26|183988|5470|4592|26|183988|5470|4592|3|1|5066|9|2031.48|142.20|2173.68|57.67|356.04|365.66|466.42|1199.40|555.91
2452380|56223|381|8890|72333|5776|4019|8890|72333|5776|4019|1|1|5066|23|1797.45|125.82|1923.27|79.96|683.79|377.46|1348.99|71.00|889.57
2450976|66973|1192|3850|147585|6040|4182|3850|147585|6040|4182|2|1|5068|14|183.96|12.87|196.83|86.25|204.40|154.52|22.96|6.48|303.52
2451403|3028|997|5375|2481|6500|2839|5375|2481|6500|2839|2|3|5069|30|1642.20|16.42|1658.62|59.97|1219.20|82.11|1357.27|202.82|1295.59
2452564|80052|633|7055|100131|807|483|7055|100131|807|483|1|2|5070|57|2323.32|209.09|2532.41|23.08|1387.95|1858.65|181.22|283.45|1620.12
2452474|69711|811|||6055|3425||84838|6055|3425|||5070||174.96||180.20|53.13||||111.84|
2452170|61245|805|2076|114872|6741|1897|2076|114872|6741|1897|3|2|5071|4|254.68|5.09|259.77|34.53|34.72|28.01|219.86|6.81|74.34
2451079|72894|1450|3474|145681|528|2455|3474|145681|528|2455|4|2|5072|18|520.02|5.20|525.22|87.09|832.14|62.40|366.09|91.53|924.43
2451287|19706|10|4759|125856|5673|4530|4759|125856|5673|4530|4|3|5073|12|144.24|7.21|151.45|52.11|64.08|40.38|55.04|48.82|123.40
2452402|64453|321|4899|50219|1652|452|4899|50219|1652|452|1|1|5074|11|281.93|11.27|293.20|2.78|242.44|250.91|5.27|25.75|256.49
2452454|46405|865|3602|117797|5705|2533|3602|117797|5705|2533|3|3|5074|32|2080.32|83.21|2163.53|4.46|1085.44|748.91|572.50|758.91|1173.11
2452468|27245|389|5750|133563|129|3295|5750|133563|129|3295|1|3|5074|13|17.29|1.55|18.84|22.25|83.07|14.00|2.07|1.22|106.87
2451923|77831|1723|9033|97855|6004|866|9033|97855|6004|866|1|3|5075|1|28.58|2.28|30.86|25.73|12.19|6.28|5.35|16.95|40.20
2451923|32562|587|4592|105671|6670|709|4592|105671|6670|709|2|3|5075|4|22.60|1.80|24.40|3.87|9.44|6.10|7.75|8.75|15.11
2452551|51722|871|1463|148741|2452|1323|1463|148741|2452|1323|3|2|5076|16|414.88|37.33|452.21|26.64|21.76|360.94|50.70|3.24|85.73
2452782|49441|348|7196|84130|7064|598|7196|84130|7064|598|1|3|5076|32|2264.32|90.57|2354.89|58.27|560.00|1562.38|589.62|112.32|708.84
2451797|40942|175|6046|87166|5039|4559|6046|87166|5039|4559|2|2|5078|45|5988.15|0.00|5988.15|84.53|0.00|59.88|3141.98|2786.29|84.53
2452249|17690|749|5485|51094|7056|3065|5485|51094|7056|3065|3|1|5079|7|177.31|5.31|182.62|75.02|120.89|108.15|49.79|19.37|201.22
2452735|57665|300|6074|83687|6180|433|6074|83687|6180|433|6|2|5081|60|2250.00|45.00|2295.00|58.88|1221.60|1575.00|141.75|533.25|1325.48
2450972|16105|151|3|78945|2000|1422|3|78945|2000|1422|4|3|5082|65|1119.95|0.00|1119.95|62.73|783.90|235.18|575.10|309.67|846.63
2451415|64046|1270|9703|77042|4188|4607|9703|77042|4188|4607|2|3|5083|20|187.20|1.87|189.07|56.06|242.20|136.65|50.04|0.51|300.13
2451445|43440|856|383|102963|2056|4116|383|102963|2056|4116|2|2|5083|40|2470.00|98.80|2568.80|34.04|1025.20|716.30|894.38|859.32|1158.04
2452480|75635|1043|1290|135654|3778|3222|1290|135654|3778|3222|5|3|5084|45|5263.20|0.00|5263.20|11.52|2860.65|3842.13|426.32|994.75|2872.17
2452269|67479|787|5868|136366|3584|242|5868|136366|3584|242|1|2|5084|4|327.24|26.17|353.41|36.28|169.00|3.27|223.53|100.44|231.45
2452176|50827|1239|9533|152024|4482|3380|9533|152024|4482|3380|1|3|5085|19|1540.33|138.62|1678.95|69.75|1334.94|0.00|30.80|1509.53|1543.31
2452236|75798|301|8382|141875|828|2774|8382|141875|828|2774|3|1|5085|2|163.20|3.26|166.46|56.79|113.74|110.97|29.24|22.99|173.79
2452199|55100|1525|9538|134505|2992|4872|9538|134505|2992|4872|1|3|5085|23|1462.80|73.14|1535.94|78.24|392.38|1126.35|279.25|57.20|543.76
2451689|39381|364|8090|77303|2436|809|8090|77303|2436|809|2|3|5087|8|16.96|1.01|17.97|21.42|2.32|8.31|3.11|5.54|24.75
2451813|29187|1234|1402|152325|1841|1084|1402|152325|1841|1084|2|3|5087|6|189.24|0.00|189.24|39.13|208.80|100.29|33.80|55.15|247.93
2451776|43395|1549|8911|26738|325|3879|8911|26738|325|3879|1|1|5087|50|325.00|3.25|328.25|12.79|294.00|208.00|100.62|16.38|310.04
2452598|42368|804|1408|176639|3790|4134|1408|176639|3790|4134|6|3|5088|7|78.89|6.31|85.20|23.53|572.04|29.18|40.26|9.45|601.88
2452581|18103|1711|6259|153621|4263|3112|6259|153621|4263|3112|6|3|5088|33|1722.60|51.67|1774.27|31.95|26.07|378.97|349.34|994.29|109.69
2451844|51385|320|5547|25182|6064|3099|5547|25182|6064|3099|2|1|5090|25|53.00|2.65|55.65|31.16|35.25|48.76|3.56|0.68|69.06
2451789|67523|1109|8979|790|4521|2692|8979|790|4521|2692|1|2|5091|17|1480.70|133.26|1613.96|55.08|505.58|1421.47|34.94|24.29|693.92
2452832|56678|1146|5962|186113|1271|3302|5962|186113|1271|3302|6|2|5092|18|229.32|20.63|249.95|54.04|97.56|133.00|0.96|95.36|172.23
2452602|73938|195|9093|16697|5388|1712|9093|16697|5388|1712|1|2|5092|74|6228.58|186.85|6415.43|14.93|1901.06|5294.29|541.88|392.41|2102.84
|42142|1369|6942|26529|||6942|26529|||6|1|5093||793.66||857.15|||238.09|355.56|200.01|
2452835|39654|1572|5750|175125|1173|3908|5750|175125|1173|3908|3|3|5093|2|76.06|6.84|82.90|57.48|11.52|33.46|29.82|12.78|75.84
2452805|68179|853|4965|10445|1158|78|4965|10445|1158|78|6|1|5093|11|393.47|31.47|424.94|20.75|582.34|310.84|3.30|79.33|634.56
2451287|18727|1465|4302|164290|4038|3859|4302|164290|4038|3859|2|1|5094|65|772.85|23.18|796.03|62.48|1308.45|378.69|374.45|19.71|1394.11
2451663|56743|547|5869|54144|52|1720|5869|54144|52|1720|4|2|5095|38|1952.06|0.00|1952.06|66.69|929.48|1756.85|181.54|13.67|996.17
2452619|27964|816|3911|188109|6755|561|3911|188109|6755|561|1|3|5096|14|432.74|25.96|458.70|82.67|103.74|337.53|29.51|65.70|212.37
2452679|74049|507|6065|143545|258|1178|6065|143545|258|1178|3|2|5097|24|219.36|8.77|228.13|71.71|24.72|146.97|20.99|51.40|105.20
2451610|70571|182|5338|145308|2638|4488|5338|145308|2638|4488|1|1|5098|6|446.76|35.74|482.50|47.71|273.36|348.47|88.46|9.83|356.81
2451780|79103|634|749|188206|5790|1734|749|188206|5790|1734|2|3|5098|59|12349.88|987.99|13337.87|3.10|581.15|1234.98|3334.47|7780.43|1572.24
2451742|48171|914|2212|160270|4041|3979|2212|160270|4041|3979|2|1|5098|60|403.80|36.34|440.14|85.89|520.80|323.04|21.80|58.96|643.03
2452734|54908|31|5312|22147|6855|2450|5312|22147|6855|2450|1|1|5099|10|583.00|34.98|617.98|35.37|198.00|81.62|165.45|335.93|268.35
2452722|74982|1603|8517|14581|6165|2989|8517|14581|6165|2989|1|1|5099|5|19.45|0.38|19.83|26.30|40.70|6.61|0.12|12.72|67.38
2452235|26285|1441|5624|191302|3860|4778|5624|191302|3860|4778|3|1|5100|7|5.46|0.00|5.46|39.57|0.21|2.29|1.48|1.69|39.78
2452349|51147|1111|7404|7860|1483|99|7404|7860|1483|99|5|3|5101|20|154.80|3.09|157.89|45.87|72.20|153.25|1.06|0.49|121.16
2451414|25489|58|1899|136216|2773|2410|1899|136216|2773|2410|1|1|5103|3|383.67|19.18|402.85|99.96|10.65|126.61|2.57|254.49|129.79
2452034|6230|1436|5622|1341|1780|659|5622|1341|1780|659|1|1|5104|20|304.20|15.21|319.41|91.12|125.40|136.89|143.88|23.43|231.73
2451908|30394|1736|1572|63740|2595|883|1572|63740|2595|883|2|3|5104|17|761.94|22.85|784.79|5.65|663.51|76.19|432.02|253.73|692.01
2452780|44691|1167|2362|27030|451|1119|2362|27030|451|1119|3|1|5105|17|1400.97|98.06|1499.03|67.92|294.95|504.34|726.27|170.36|460.93
2452886|35080|627|6126|8905|1799|1420|6126|8905|1799|1420|1|3|5105|24|641.04|32.05|673.09|23.02|554.40|435.90|116.92|88.22|609.47
2451906|50235|449|9899|67821|270|1032|9899|67821|270|1032|5|2|5107|20|1384.60|0.00|1384.60|52.81|858.40|152.30|788.67|443.63|911.21
2451946|67168|110|5409|33167|2685|4323|5409|33167|2685|4323|5|2|5107|46|3535.56|70.71|3606.27|59.88|901.60|2828.44|586.90|120.22|1032.19
2451931|79526|1049|6635|158152|1716|3033|6635|158152|1716|3033|5|3|5108|58|2734.70|0.00|2734.70|93.72|0.00|929.79|1732.71|72.20|93.72
2452165|62828|668|4300|62045|3870|3455|4300|62045|3870|3455|5|2|5108|34|389.64|3.89|393.53|19.56|480.76|81.82|224.70|83.12|504.21
2452079|18682|283|7769|163305|6568|3744|7769|163305|6568|3744|2|2|5108|4|225.32|13.51|238.83|2.09|130.24|108.15|114.82|2.35|145.84
2452070|35799|1292|2893|106776|6706|2389|2893|106776|6706|2389|2|1|5108|30|19.50|1.75|21.25|89.06|177.90|13.45|5.80|0.25|268.71
2451896|58002|79|9836|58893|6703|2760|9836|58893|6703|2760|1|3|5110|10|1920.70|76.82|1997.52|22.37|251.50|1363.69|116.97|440.04|350.69
2451651|75130|1634|6680|136009|6171|3540|6680|136009|6171|3540|1|1|5111|30|4523.10|180.92|4704.02|68.04|1892.10|316.61|3954.10|252.39|2141.06
2451254|28339|1210|5690|67046|6929|1925|5690|67046|6929|1925|2|3|5112|26|1688.18|101.29|1789.47|26.65|1423.50|1266.13|105.51|316.54|1551.44
2451763|4832|674|2876|5065|934|2516|2876|5065|934|2516|2|1|5115|8|237.28|4.74|242.02|55.67|31.28|161.35|31.13|44.80|91.69
2451457|38179|562|3272|69920|5684|2128|3272|69920|5684|2128|4|3|5118|9|794.34|15.88|810.22|93.02|235.62|119.15|384.85|290.34|344.52
2451173|40112|1492|278|66153|4188|96|278|66153|4188|96|2|1|5122|39|1180.14|59.00|1239.14|65.91|81.90|613.67|317.22|249.25|206.81
2451256|24864|746|68|42545|2269|2593|68|42545|2269|2593|2|3|5122|2|54.24|3.79|58.03|50.58|27.68|54.24|0.00|0.00|82.05
2451075|18463|1526|7261|66571|3961|311|7261|66571|3961|311|1|1|5122|33|980.10|9.80|989.90|12.29|326.70|852.68|28.03|99.39|348.79
2452384|37295|191|6311|129462|6373|804|6311|129462|6373|804|3|3|5123|13|110.11|8.80|118.91|57.38|30.42|47.34|14.43|48.34|96.60
2452393|75910|673|6551|160965|5379|2240|6551|160965|5379|2240|1|3|5123|65|2606.50|234.58|2841.08|16.89|421.20|964.40|821.05|821.05|672.67
2451663|74060|1303|2915|39412|6742|3279|2915|39412|6742|3279|4|3|5125|7|155.47|3.10|158.57|83.46|87.50|111.93|28.30|15.24|174.06
2452369|79856|1355|9536|173294|2125|2643|9536|173294|2125|2643|3|2|5126|53|2750.70|137.53|2888.23|94.24|515.69|1897.98|213.18|639.54|747.46
2451059|41074|1042|7700|135974|2648|522|7700|135974|2648|522|4|3|5127|65|362.70|10.88|373.58|67.19|1209.00|137.82|130.43|94.45|1287.07
2450969|64111|1180|1561|149076|2704|3652|1561|149076|2704|3652|2|1|5127|30|55.20|0.55|55.75|4.00|82.80|48.02|6.03|1.15|87.35
|48407|964|||1256|||113243||4949|||5127|||44.06||80.50|0.00||172.31||124.56
2451011|61377|1171|7924|147430|4936|4642|7924|147430|4936|4642|2|2|5127|72|6558.48|196.75|6755.23|67.92|2134.80|5115.61|1313.01|129.86|2399.47
2451120|51018|691|8663|15207|2088|1489|8663|15207|2088|1489|4|3|5127|17|817.36|32.69|850.05|50.36|1320.39|163.47|392.33|261.56|1403.44
2451607|15978|1402|8572|89497|3829|3634|8572|89497|3829|3634|1|1|5128|1|28.96|2.31|31.27|35.08|15.13|15.92|8.34|4.70|52.52
2451645|41010|1795|4320|179127|5996|3905|4320|179127|5996|3905|1|1|5128|21|3023.37|151.16|3174.53|6.38|461.79|1632.61|1126.51|264.25|619.33
2451574|69752|673|2295|136130|365|3800|2295|136130|365|3800|4|3|5128|10|514.70|0.00|514.70|65.36|128.60|277.93|7.10|229.67|193.96
2451255|23768|176|2430|160697|5764|1231|2430|160697|5764|1231|2|1|5129|47|1783.65|89.18|1872.83|54.22|1605.05|1248.55|299.65|235.45|1748.45
2452321|36764|925|8016|88361|3884|3640|8016|88361|3884|3640|5|2|5131|34|1496.34|134.67|1631.01|84.87|94.86|1286.85|140.35|69.14|314.40
||187|9317|72184|5691|1878|9317|72184||1878|1||5131|||||||61.45|47.75|40.68|
2452687|77288|181|1747|63146|4912|2671|1747|63146|4912|2671|6|2|5132|23|448.27|4.48|452.75|44.80|933.80|327.23|96.83|24.21|983.08
2452734|68828|1105||119390||2639|4202|119390|6211|||3|5132||754.56|7.54||34.65|376.96|196.18||262.44|
2452739|18957|1422|4117|29496|842|181|4117|29496|842|181|3|3|5132|47|3904.29|78.08|3982.37|98.10|848.82|3201.51|379.50|323.28|1025.00
2452228|75737|1065|4316|120238|2000|4842|4316|120238|2000|4842|3|3|5133|3|51.84|0.00|51.84|26.45|388.80|0.00|15.55|36.29|415.25
2451829|74462|926|1137|112919|6814|876|1137|112919|6814|876|2|3|5134|12|971.40|77.71|1049.11|88.80|504.12|679.98|177.76|113.66|670.63
2451854|85089|1169|6710|171248|5433|4571|6710|171248|5433|4571|1|3|5134|59|1332.81|106.62|1439.43|48.51|519.79|293.21|966.82|72.78|674.92
2451740|70996|464|8191|87087|4783|279|8191|87087|4783|279|1|3|5134|67|296.14|26.65|322.79|6.66|414.73|230.98|2.60|62.56|448.04
2451883|65142|791|1042|185856|3310|244|1042|185856|3310|244|1|2|5134|33|1307.79|26.15|1333.94|10.86|832.26|627.73|238.02|442.04|869.27
2451674|47260|961|7351|4462|933|1524|7351|4462|933|1524|5|1|5134|35|1108.10|88.64|1196.74|32.04|1539.30|254.86|102.38|750.86|1659.98
2452279|69193|869|4433|32349|2570|4111|4433|32349|2570|4111|1|3|5136|8|74.96|1.49|76.45|80.90|47.68|26.23|4.38|44.35|130.07
2452327|48015|415|3197|140009|1428|1920|3197|140009|1428|1920|1|1|5136|7|627.34|25.09|652.43|98.86|487.90|407.77|142.72|76.85|611.85
2451962|44986|1513|1114|1813|6672|4451|1114|1813|6672|4451|5|2|5137|48|2489.76|99.59|2589.35|20.85|951.84|672.23|290.80|1526.73|1072.28
2452295|34737|451|3314|66182|6730|1238|3314|66182|6730|1238|5|2|5138|52|92.56|8.33|100.89|44.19|1516.32|8.33|81.70|2.53|1568.84
2452268|33014|1623|4002|134097|4592|3687|4002|134097|4592|3687|1|1|5138|1|118.59|2.37|120.96|29.08|31.21|81.82|17.64|19.13|62.66
2452377|49102|1161|589|119000|6211|1869|589|119000|6211|1869|5|1|5138|2|244.62|4.89|249.51|18.03|108.72|227.49|14.04|3.09|131.64
2452095|22822|409|9393|126823|2413|2123|9393|126823|2413|2123|3|3|5138|5|151.75|1.51|153.26|85.25|91.75|106.22|24.13|21.40|178.51
2451466|69764|535|5890|73659|1588|2837|5890|73659|1588|2837|4|2|5141|34|627.98|56.51|684.49|1.76|251.26|627.98|0.00|0.00|309.53
|65717|1306|7496|12516||3956|7496|12516||3956|||5141|8|||534.56|0.57||393.06|55.02||330.41
2451070|73366|140|8386|170115|611|500|8386|170115|611|500|2|3|5142|48|331.68|29.85|361.53|80.91|1106.40|46.43|216.79|68.46|1217.16
2452375|12441|833|7220|102258|3343|181|7220|102258|3343|181|5|2|5143|61|2247.85|67.43|2315.28|5.46|1399.34|224.78|1011.53|1011.54|1472.23
2452315|82700|1291|1982|68351|4880|3129|1982|68351|4880|3129|5|2|5143|9|217.26|19.55|236.81|64.76|146.88|171.63|23.72|21.91|231.19
2451643|62164|802|3708|27885|4997|269|3708|27885|4997|269|1|1|5144|23|298.31|17.89|316.20|96.60|172.04|44.74|167.35|86.22|286.53
2451757|35818|1711|4686|184622|525|1021|4686|184622|525|1021|2|3|5144|33|5346.33|320.77|5667.10|67.68|2095.17|1015.80|3291.20|1039.33|2483.62
2451890|71815|1799|370|97475|3060|4605|370|97475|3060|4605|5|2|5145|63|3478.23|139.12|3617.35|94.35|1569.33|1878.24|319.99|1280.00|1802.80
2452915|26271|1341|9995|92146|457|288|9995|92146|457|288|3|2|5147|34|25.84|2.06|27.90|87.83|23.46|20.93|1.86|3.05|113.35
2452866|55199|1491|2549|170710|1351|3199|2549|170710|1351|3199|3|1|5147|24|32.16|1.92|34.08|22.18|4.32|16.08|14.79|1.29|28.42
2452088|68180|915|2976|36417|1251|1812|2976|36417|1251|1812|1|1|5148|5|64.85|3.89|68.74|76.55|70.05|64.85|0.00|0.00|150.49
2452053|45487|1541|51|22882|3360|3638|51|22882|3360|3638|3|3|5149|61|4596.35|0.00|4596.35|73.92|1598.20|3539.18|444.01|613.16|1672.12
2452320|5992|1591|1997|16442|2934|179|1997|16442|2934|179|1|2|5150|1|31.32|1.25|32.57|98.88|14.06|0.62|11.97|18.73|114.19
2452735|7962|918|8345|63072|2679|1646|8345|63072|2679|1646|1|3|5151|15|2136.90|170.95|2307.85|6.13|915.75|1944.57|11.53|180.80|1092.83
2451535|35778|1178|9521|182861|408|2628|9521|182861|408|2628|4|3|5152|19|66.12|0.66|66.78|44.72|118.94|5.28|54.75|6.09|164.32
2451326|81108|766|3410|85977|2751|4398|3410|85977|2751|4398|1|1|5153|82|2625.64|78.76|2704.40|54.25|1409.58|1181.53|1169.72|274.39|1542.59
2452715|16443|525|1949|36890|3831|4172|1949|36890|3831|4172|6|3|5156|2|378.36|26.48|404.84|94.94|116.42|189.18|139.99|49.19|237.84
2452452|48460|1533|9144|31513|1929|2498|9144|31513|1929|2498|1|3|5156|7|180.60|12.64|193.24|61.52|27.93|110.16|28.88|41.56|102.09
2451064|4898|1484|3880|20053|946|3526|3880|20053|946|3526|1|2|5157|20|501.60|35.11|536.71|30.84|109.80|416.32|23.02|62.26|175.75
2450991|54961|1570|5490|105480|6863|326|5490|105480|6863|326|1|2|5157|3|127.80|3.83|131.63|87.69|58.74|14.05|105.78|7.97|150.26
2451301|47341|616|8502|144311|487|3903|8502|144311|487|3903|4|3|5157|1|20.10|1.60|21.70|6.17|8.54|2.41|14.85|2.84|16.31
2451277|74211|1309|1627|5809|471|4093|1627|5809|471|4093|4|2|5158|7|478.52|43.06|521.58|84.92|293.09|105.27|257.54|115.71|421.07
2451392|36748|962|9543|145634|3005|1183|9543|145634|3005|1183|1|2|5158|16|465.28|27.91|493.19|79.54|528.80|69.79|90.96|304.53|636.25
2451506|69041|1168|5618|107934|2843|679|5618|107934|2843|679|4|1|5160|2|61.26|3.67|64.93|88.90|11.28|12.86|20.81|27.59|103.85
2451714|24634|877|1470|10399|6128|3457|1470|10399|6128|3457|1|3|5160|52|3780.92|189.04|3969.96|65.83|1400.36|2306.36|412.87|1061.69|1655.23
2451443|84225|175|43|111402|6361|1673|43|111402|6361|1673|2|2|5161|25|854.00|59.78|913.78|48.04|1046.25|794.22|37.66|22.12|1154.07
2452720|26752|1458|7032|165206|1013|3427|7032|165206|1013|3427|6|1|5162|33|1054.02|94.86|1148.88|55.24|310.53|790.51|105.40|158.11|460.63
2452795|82648|783|4486|153428|4083|1905|4486|153428|4083|1905|6|1|5162|3|42.81|0.85|43.66|36.21|164.70|2.56|1.20|39.05|201.76
2452873|54435|1224|1183|40515|887|2139|1183|40515|887|2139|3|1|5162|19|106.21|2.12|108.33|26.77|0.00|77.53|26.38|2.30|28.89
2452568|71627|205|7899|96949|6352|2002|7899|96949|6352|2002|1|3|5164|9|0.00|0.00|0.00|77.10|125.82|0.00|0.00|0.00|202.92
2452814|49264|1488|6112|171529|3506|3403|6112|171529|3506|3403|6|3|5166|6|141.00|4.23|145.23|83.41|0.00|18.33|101.81|20.86|87.64
2452038|7142|1087|8027|107988|4587|2633|8027|107988|4587|2633|2|2|5167|2|8.42|0.25|8.67|21.75|7.56|6.23|0.08|2.11|29.56
2451570||529||172905|6246||||6246||4||5168|6|129.24||135.70||56.76||||132.41
2451536|23310|608|149|176071|6873|435|149|176071|6873|435|2|1|5168|13|1324.05|105.92|1429.97|38.10|100.23|278.05|648.52|397.48|244.25
2451063||376|3232|||189|||6921||2||5169|24|408.72|16.34|425.06||24.00|171.66|61.63|175.43|
2451139||262||39157|2709||8678|39157|2709||2|3|5169|8||32.09||||212.63||16.98|
2452560|32674|1713|4219|33426|3273|3847|4219|33426|3273|3847|3|2|5170|61|635.01|25.40|660.41|15.53|483.73|457.20|90.68|87.13|524.66
2452652|16716|1789|3675|7127|4692|824|3675|7127|4692|824|1|3|5170|79|312.84|6.25|319.09|4.75|25.28|96.98|41.01|174.85|36.28
2452623|66488|1416|3688|188873|891|1269|3688|188873|891|1269|3|1|5170|30|2784.00|167.04|2951.04|2.95|1275.90|0.00|1197.12|1586.88|1445.89
2451644|72072|979|1949|75628|4380|3419|1949|75628|4380|3419|2|1|5172|19|4066.76|122.00|4188.76|24.57|1211.25|2318.05|1136.66|612.05|1357.82
2451578|68134|1708|829|115337|2885|2513|829|115337|2885|2513|4|2|5172|12|10.68|0.96|11.64|89.81|3.96|10.46|0.16|0.06|94.73
2451268|80986|404|6277|170232|3947|1535|6277|170232|3947|1535|4|2|5173|23|1312.84|52.51|1365.35|94.62|715.99|669.54|636.86|6.44|863.12
2452161|34297|1079|2096|124271|493|3068|2096|124271|493|3068|3|1|5174|11|112.64|7.88|120.52|56.32|36.08|74.34|19.15|19.15|100.28
||355|8703|110384||||110384||2753|1||5174|19|165.49||172.10||5.51||3.31||
2451630|18872|838|3552|51194|2243|3765|3552|51194|2243|3765|2|2|5175|10|172.10|1.72|173.82|13.99|13.50|8.60|39.24|124.26|29.21
2451566|41280|1424|83|109668|6980|4805|83|109668|6980|4805|2|1|5175|1|64.83|0.00|64.83|90.21|0.00|20.74|16.75|27.34|90.21
2451852|31218|467|4598|102687|536|905|4598|102687|536|905|5|3|5178|22|1547.26|0.00|1547.26|40.09|77.22|0.00|820.04|727.22|117.31
2451611|38835|91|7072|37773|2714|3335|7072|37773|2714|3335|5|2|5178|57|5735.91|401.51|6137.42|77.28|3041.52|2466.44|1471.26|1798.21|3520.31
2451190|41822|158|399|107555|6598|4874|399|107555|6598|4874|2|3|5179|15|1514.40|121.15|1635.55|68.12|208.20|863.20|625.15|26.05|397.47
2452386|39616|1083|1955|92259|5843|3787|1955|92259|5843|3787|3|2|5180|10|322.60|6.45|329.05|27.31|97.20|267.75|6.58|48.27|130.96
2452427|71372|1473|9391|13859|6407|2962|9391|13859|6407|2962|1|2|5181|36|3118.68|155.93|3274.61|96.02|1084.68|2931.55|48.65|138.48|1336.63
2452415|62369|729|9310|136861|492|2683|9310|136861|492|2683|1|2|5181|34|2089.64|125.37|2215.01|25.13|2040.00|1567.23|297.77|224.64|2190.50
2452403|67522|1211|1338|151280|3782|4004|1338|151280|3782|4004|3|3|5182|5|179.65|3.59|183.24|46.65|505.35|138.33|16.52|24.80|555.59
2452521|14159|619|6599|79549|5972|482|6599|79549|5972|482|5|2|5182|18|147.96|2.95|150.91|77.36|25.20|35.51|19.11|93.34|105.51
2451252|15658|1360|248|82472|2089|2233|248|82472|2089|2233|1|3|5183|4|137.84|11.02|148.86|41.50|56.84|137.84|0.00|0.00|109.36
2451179|73835|1798|9720|129641|7195|1356|9720|129641|7195|1356|1|3|5184|11|488.51|19.54|508.05|90.69|0.00|444.54|7.91|36.06|110.23
2452652|26678|543|9522|41898|1907|923|9522|41898|1907|923|1|3|5185|9|746.19|7.46|753.65|46.01|35.46|276.09|117.52|352.58|88.93
2451929|69575|1207|6347|105732|77|3342|6347|105732|77|3342|1|3|5186|10|49.20|4.42|53.62|8.03|44.20|25.09|20.49|3.62|56.65
|68830|438|3497|191530|||||5243||||5187|9||56.03||62.86|241.65||570.72|335.20|360.54
2452649|47112|1189|7744|117275|7159|1490|7744|117275|7159|1490|1|3|5187|28|550.76|38.55|589.31|80.96|88.48|165.22|96.38|289.16|207.99
2452711|19570|819|6849|32973|1017|1348|6849|32973|1017|1348|3|3|5187|37|3036.96|30.36|3067.32|87.29|2294.37|303.69|573.98|2159.29|2412.02
||794||20960|||||||4|2|5189|||||45.17||30.09||158.62|
2451539|51212|229|4082|135527|5612|4577|4082|135527|5612|4577|4|1|5189|42|1049.58|73.47|1123.05|92.30|939.12|577.26|80.29|392.03|1104.89
2452268|65244|917|4962|185128|3659|743|4962|185128|3659|743|1|2|5192|6|59.28|0.59|59.87|61.17|9.72|33.78|9.94|15.56|71.48
2451619|51859|454|5758|167135|4352|2896|5758|167135|4352|2896|1|2|5193|20|797.40|15.94|813.34|96.71|190.80|462.49|294.72|40.19|303.45
||950|||6730||5032|26761||||2|5193|41|5962.22||||1206.63|1252.06|||
2452840|69739|1743|6756|59246|7063|993|6756|59246|7063|993|3|1|5195|9|425.52|17.02|442.54|75.14|425.52|85.10|340.42|0.00|517.68
2452832|77752|516|2|23354|4866|3898|2|23354|4866|3898|3|3|5198|33|2893.77|86.81|2980.58|53.61|549.78|1446.88|795.78|651.11|690.20
2452691|61664|1668|9455|30156|2390|1664|9455|30156|2390|1664|1|1|5198|27|1676.70|83.83|1760.53|71.93|503.01|989.25|323.10|364.35|658.77
2451785|35628|23|8425|166909|6800|4164|8425|166909|6800|4164|5|1|5199|4|10.76|0.21|10.97|63.17|64.56|2.69|5.81|2.26|127.94
2451939|70314|907|3882|133773|977|548|3882|133773|977|548|2|1|5200|48|3260.16|130.40|3390.56|90.39|176.16|880.24|380.78|1999.14|396.95
2452500|20724|1701|1118|37049|933|3017|1118|37049|933|3017|5|2|5201|8|228.08|6.84|234.92|85.83|228.08|198.42|26.10|3.56|320.75
2452383|63626|939|9141|46559|5084|2416|9141|46559|5084|2416|3|2|5201|17|425.17|8.50|433.67|86.38|57.29|123.29|147.92|153.96|152.17
2451431|61593|1316|1653|51801|6622|3683|1653|51801|6622|3683|2|2|5202|7|72.66|3.63|76.29|30.27|23.59|34.87|20.02|17.77|57.49
2451243|59589|1352|4715|33826|6730|561|4715|33826|6730|561|4|3|5202|11|253.22|5.06|258.28|2.25|253.22|159.52|50.59|43.11|260.53
2451362|55444|1730|8034|10728|2462|2876|8034|10728|2462|2876|4|1|5203|22|1103.96|77.27|1181.23|52.43|187.44|960.44|134.90|8.62|317.14
2451197|28738|526|5811|38767|6443|759|5811|38767|6443|759|4|2|5204|29|534.18|37.39|571.57|39.99|178.06|416.66|43.48|74.04|255.44
|58021|1584|8462|58643|6391||8462|58643||||1|5206||269.28|5.38||73.56|19.68||122.69||
2452026|75189|1562|569|26153|2377|3528|569|26153|2377|3528|1|1|5207|43|2002.51|180.22|2182.73|70.53|838.93|981.22|796.60|224.69|1089.68
2452045|38713|1163|4297|143292|14|4249|4297|143292|14|4249|2|3|5207|4|343.80|24.06|367.86|43.79|66.52|20.62|277.93|45.25|134.37
2452019|408|115|4837|108627|2624|3541|4837|108627|2624|3541|2|2|5207|64|727.68|43.66|771.34|54.09|590.08|225.58|446.86|55.24|687.83
2451536|46244|1585|2326|182748|5650|3159|2326|182748|5650|3159|1|2|5208|10|276.10|8.28|284.38|39.96|58.10|182.22|51.63|42.25|106.34
2451239|49392|361|5351|147259|2527|3668|5351|147259|2527|3668|1|3|5209|9|316.71|22.16|338.87|55.60|275.04|79.17|232.78|4.76|352.80
2451064|42324|1468|4711|77078|5|852|4711|77078|5|852|1|3|5211|47|603.48|12.06|615.54|12.91|2322.74|199.14|129.38|274.96|2347.71
2452031|62535|1649|762|5791|3493|1882|762|5791|3493|1882|5|1|5212|10|215.20|6.45|221.65|17.73|153.70|165.70|49.00|0.50|177.88
2451760|66411|122|227|186427|3267|987|227|186427|3267|987|1|1|5214|10|912.20|27.36|939.56|92.46|38.00|401.36|372.91|137.93|157.82
2451590|75976|1178|1190|181938|6493|4121|1190|181938|6493|4121|1|3|5214|13|189.02|11.34|200.36|39.64|6.11|37.80|21.17|130.05|57.09
2451759|44944|746|5194|162569|2824|1639|5194|162569|2824|1639|4|3|5214|18|2441.70|0.00|2441.70|63.33|1473.30|1806.85|126.97|507.88|1536.63
2451937|70692|1189|7683|61545|1614|956|7683|61545|1614|956|2|3|5216|23|1920.96|134.46|2055.42|68.56|1847.13|1536.76|222.83|161.37|2050.15
2451208|37392|988|1218|162986|1907|4075|1218|162986|1907|4075|1|1|5219|76|3109.16|31.09|3140.25|67.94|807.88|1585.67|472.28|1051.21|906.91
2451120|45129|1138|4128|60295|175|422|4128|60295|175|422|1|3|5219|65|1960.40|58.81|2019.21|33.96|7352.80|1803.56|83.12|73.72|7445.57
2452507|50661|435|305|99875|4438|2281|305|99875|4438|2281|6|2|5220|14|313.74|9.41|323.15|73.24|134.40|34.51|58.63|220.60|217.05
2452397|16560|1255|1094|121045|5429|620|1094|121045|5429|620|6|3|5220|18|123.30|8.63|131.93|27.33|549.90|107.27|6.41|9.62|585.86
2451753|53024|1771|3388|159827|6906|2865|3388|159827|6906|2865|2|3|5221|47|2020.06|80.80|2100.86|78.03|100.58|1858.45|32.32|129.29|259.41
2451829|60050|29|7738|159865|2679|1726|7738|159865|2679|1726|1|2|5221|1|136.62|1.36|137.98|38.15|41.20|127.05|2.67|6.90|80.71
2452183|66608|223|3584|185625|2579|2500|3584|185625|2579|2500|1|1|5224|73|715.40|57.23|772.63|37.06|259.88|708.24|6.87|0.29|354.17
2451702|16809|1442|3883|189802|6248|2607|3883|189802|6248|2607|1|1|5225|8|808.48|24.25|832.73|66.31|339.52|113.18|584.05|111.25|430.08
2451698|76531|463|2790|137475|3440|765|2790|137475|3440|765|1|1|5225|57|1316.13|105.29|1421.42|1.73|1316.13|921.29|363.25|31.59|1423.15
2451263|68986|262|1135|36616|1904|265|1135|36616|1904|265|2|3|5226|50|2828.50|28.28|2856.78|6.76|0.00|2771.93|24.89|31.68|35.04
2452145|62626|993|7677|150025|1493|1201|7677|150025|1493|1201|5|2|5227|6|83.10|5.81|88.91|60.03|9.30|83.10|0.00|0.00|75.14
2451950|72625|21|5140|27265|4190|4715|5140|27265|4190|4715|3|1|5227|21|77.28|1.54|78.82|58.82|16.59|5.40|41.69|30.19|76.95
2451544|30145|1021|3376|94808|6993|1378|3376|94808|6993|1378|4|2|5228|24|1872.24|112.33|1984.57|57.53|772.56|93.61|1476.26|302.37|942.42
||1453|9775|181114||||||498||3|5228|35|57.75|0.00|57.75||652.40|23.67|21.12|12.96|690.17
2451076|30087|334|4522|48865|248|2358|4522|48865|248|2358|1|2|5229|16|201.12|4.02|205.14|45.87|147.52|38.21|84.71|78.20|197.41
2451293|9198|452|4660|101136|3499|2695|4660|101136|3499|2695|2|3|5229|13|424.06|33.92|457.98|41.07|135.33|76.33|232.97|114.76|210.32
2452305|55523|1767|7175|151847|6919|4791|7175|151847|6919|4791|1|3|5230|3|360.09|32.40|392.49|92.02|116.40|32.40|26.21|301.48|240.82
2452244|35262|1393|9373|66070|2734|3991|9373|66070|2734|3991|5|1|5230|21|2804.97|0.00|2804.97|25.81|1371.93|2580.57|215.42|8.98|1397.74
2452327|32037|773|6298|134017|809|841|6298|134017|809|841|1|1|5230|18|1295.10|25.90|1321.00|80.15|408.96|466.23|91.17|737.70|515.01
2452344|52629|1285|4552|93101|1763|2792|4552|93101|1763|2792|1|2|5230|14|195.72|9.78|205.50|3.79|114.66|107.64|43.15|44.93|128.23
2452510|77837|393|6072|102386|2155|2364|6072|102386|2155|2364|1|2|5232|9|795.15|71.56|866.71|41.80|9.54|644.07|110.28|40.80|122.90
2452541|40533|1041|7136|137149|6729|4949|7136|137149|6729|4949|3|2|5232|57|839.61|33.58|873.19|70.50|332.88|806.02|3.69|29.90|436.96
2452390|58094|540|5587|54601|4735|2356|5587|54601|4735|2356|3|2|5232|32|1576.00|141.84|1717.84|51.06|272.64|1386.88|151.29|37.83|465.54
2451633|73668|97|6861|166775|4336|2250|6861|166775|4336|2250|1|1|5233|6|644.76|45.13|689.89|49.90|145.26|277.24|264.61|102.91|240.29
2451422|48666|1048|2083|77459|3557|4888|2083|77459|3557|4888|2|2|5233|10|26.20|2.09|28.29|5.85|46.40|12.31|12.36|1.53|54.34
2451811|75884|1033|2963|186235|4787|2099|2963|186235|4787|2099|1|2|5234|70|508.20|25.41|533.61|40.04|34.30|462.46|23.32|22.42|99.75
2452514|34430|443|4048|77115|2695|3595|4048|77115|2695|3595|1|3|5235|38|3062.04|244.96|3307.00|11.37|612.18|581.78|1760.98|719.28|868.51
2452335|71195|1177|682|23360|4038|1316|682|23360|4038|1316|5|2|5236|7|250.18|12.50|262.68|39.57|34.51|15.01|119.93|115.24|86.58
2452318|35930|257|2077|100575|560|4578|2077|100575|560|4578|3|2|5236|29|1452.61|0.00|1452.61|2.36|2636.39|493.88|824.50|134.23|2638.75
2451188|75796|1438|7202|150805|7149|1613|7202|150805|7149|1613|2|1|5240|19|152.19|1.52|153.71|93.15|182.59|108.05|37.96|6.18|277.26
2452153|33448|1351|4573|122914|855|3596|4573|122914|855|3596|5|2|5241|1|105.40|3.16|108.56|32.93|39.52|4.21|37.44|63.75|75.61
2452143|53072|423|3103|114655|1567|4152|3103|114655|1567|4152|3|2|5241|17|213.86|8.55|222.41|1.58|605.88|181.78|25.98|6.10|616.01
2452208|68306|55|1551|60210|6596|495|1551|60210|6596|495|3|2|5241|85|752.25|37.61|789.86|73.97|71.40|458.87|158.42|134.96|182.98
2452203|41828|503|2060|148649|4998|267|2060|148649|4998|267|5|1|5241|36|299.88|2.99|302.87|85.31|99.72|59.97|16.79|223.12|188.02
2452336|61314|357|1193|32935|1716|3657|1193|32935|1716|3657|3|2|5241|8|110.88|5.54|116.42|96.11|506.96|72.07|17.85|20.96|608.61
2451308|77100|28|534|173839|5031|1103|534|173839|5031|1103|4|2|5242|5|62.60|3.75|66.35|39.85|24.90|37.56|21.78|3.26|68.50
2452222|5488|1579|5944|45737|1979|3341|5944|45737|1979|3341|5|3|5243|3|28.98|1.44|30.42|39.86|144.93|3.76|12.86|12.36|186.23
2452265|53349|1701|1547|125057|2727|3517|1547|125057|2727|3517|3|2|5243|16|91.68|6.41|98.09|89.91|22.40|77.01|1.61|13.06|118.72
2451222|48085|367|7517|21757|2557|4877|7517|21757|2557|4877|4|3|5244|42|2659.86|26.59|2686.45|69.32|522.06|1276.73|926.69|456.44|617.97
2451686|48843|772|8893|140484|5802|1033|8893|140484|5802|1033|1|2|5245|4|15.76|0.00|15.76|71.77|14.56|5.51|7.48|2.77|86.33
2451653|40059|130|1582|96267|6072|2517|1582|96267|6072|2517|2|1|5246|53|1700.24|34.00|1734.24|49.52|489.19|476.06|12.24|1211.94|572.71
2451831|38041|799|6361|179096|3751|646|6361|179096|3751|646|5|1|5247|24|412.80|0.00|412.80|8.49|366.96|173.37|213.09|26.34|375.45
2452322||263|8947|||2427|8947|47107||2427||2|5248|22|3.30|0.00|3.30|||||0.46|52.73
2451650|36115|1525|9848|52580|3072|3284|9848|52580|3072|3284|1|1|5249|67|314.23|9.42|323.65|37.34|387.26|185.39|65.70|63.14|434.02
2451430|73275|998|8391|127629|2467|3952|8391|127629|2467|3952|1|2|5251|46|1257.64|88.03|1345.67|20.44|3700.24|37.72|426.97|792.95|3808.71
2451536|62707|97|2328|43086|1331|9|2328|43086|1331|9|2|1|5251|53|1486.65|104.06|1590.71|44.32|1001.70|163.53|1323.12|0.00|1150.08
2452896|64875|1002|1830|155214|2951|1288|1830|155214|2951|1288|1|2|5253|10|1299.70|77.98|1377.68|19.73|557.00|493.88|394.85|410.97|654.71
2452825|52563|27|3164|87976|21|3273|3164|87976|21|3273|6|3|5253|4|71.40|0.71|72.11|72.88|71.40|2.14|65.79|3.47|144.99
2452788|32299|1719|1796|30301|5413|2198|1796|30301|5413|2198|3|3|5253|12|2051.28|61.53|2112.81|97.68|377.88|1846.15|51.28|153.85|537.09
2452876|29380|1443|7370|101843|1389|775|7370|101843|1389|775|1|1|5253|20|415.40|16.61|432.01|2.12|652.80|253.39|157.14|4.87|671.53
2451711|81545|811|3739|29833|3640|3567|3739|29833|3640|3567|1|1|5256|5|33.25|0.00|33.25|51.76|7.70|18.95|10.86|3.44|59.46
2451647|46008|1108|4179|152437|4728|226|4179|152437|4728|226|4|2|5256|41|4416.11|0.00|4416.11|58.21|1243.94|3400.40|690.68|325.03|1302.15
2451205|67321|1213|5373|31560|5940|2447|5373|31560|5940|2447|4|2|5257|55|12320.55|985.64|13306.19|12.01|1304.05|3326.54|7914.72|1079.29|2301.70
2451309|81048|487|8782|81441|2820|1792|8782|81441|2820|1792|2|2|5257|16|612.96|18.38|631.34|55.84|145.92|0.00|386.16|226.80|220.14
2451336|70201|595|4049|8423|4557|411|4049|8423|4557|411|4|3|5257|3|342.09|0.00|342.09|50.75|109.44|75.25|144.09|122.75|160.19
2451612|26912|862||94694|6885||||||1|2|5260|12|69.48|6.25||83.48|266.52|40.29||9.64|
2451856|73250|1525|625|14426|5234|3315|625|14426|5234|3315|1|1|5261|24|98.16|0.00|98.16|79.57|73.68|76.56|9.50|12.10|153.25
2451314|52861|970|2413|81809|325|2234|2413|81809|325|2234|2|1|5262|28|1131.48|79.20|1210.68|3.13|0.00|859.92|187.37|84.19|82.33
2452093|20959|811|16|177147|438|249|16|177147|438|249|1|2|5263|22|1105.06|66.30|1171.36|50.36|662.86|11.05|54.70|1039.31|779.52
2452018||1304||||||93648|5079|||1|5265|||145.15|||1263.64|||18.88|1425.40
2451856|57822|794|2090|176563|429|2422|2090|176563|429|2422|1|2|5265|2|127.32|2.54|129.86|12.31|31.82|48.38|0.78|78.16|46.67
2452242|65228|1783|4939|158293|1840|3314|4939|158293|1840|3314|1|2|5266|21|614.88|0.00|614.88|17.63|426.72|461.16|30.74|122.98|444.35
2452283|49392|1343|7785|105437|1376|2395|7785|105437|1376|2395|3|3|5266|17|171.19|11.98|183.17|6.42|16.15|3.42|48.65|119.12|34.55
2451690|22377|535|1114|76977|7000|2343|1114|76977|7000|2343|1|1|5268|1|39.91|1.59|41.50|13.90|56.24|0.79|35.99|3.13|71.73
2451591|21089|1124|5842|187292|3269|2159|5842|187292|3269|2159|1|3|5268|25|1196.00|11.96|1207.96|11.61|467.25|837.20|333.68|25.12|490.82
||227|9172|7797|2729||9172||||5|2|5270|90|242.10||||112.50||47.72||211.95
2452056|41313|1583|8697|166747|5837|854|8697|166747|5837|854|2|3|5272|9|317.25|3.17|320.42|26.55|390.42|250.62|14.65|51.98|420.14
2452092|72397|1069|4251|108249|1960|3838|4251|108249|1960|3838|2|2|5272|2|97.16|2.91|100.07|94.44|39.74|18.46|36.98|41.72|137.09
2451939|75770|1295|3302|145477|6772|507|3302|145477|6772|507|1|2|5272|20|244.40|2.44|246.84|5.64|151.80|151.52|18.57|74.31|159.88
2452576|36344|117|2521|89173|192|2204|2521|89173|192|2204|6|1|5274|5|129.35|9.05|138.40|1.52|68.70|2.58|50.70|76.07|79.27
2452761|55745|571|2348|80923|3851|2779|2348|80923|3851|2779|1|2|5274|50|2051.50|123.09|2174.59|52.63|3571.00|533.39|880.50|637.61|3746.72
2451826|50178|1678|4647|98291|4208|1412|4647|98291|4208|1412|4|2|5275|63|4856.04|48.56|4904.60|40.27|3453.03|48.56|2788.33|2019.15|3541.86
2451567|46728|104|7346|43875|1491|3387|7346|43875|1491|3387|1|2|5276|32|492.80|9.85|502.65|90.57|158.08|0.00|108.41|384.39|258.50
2451538|72315|133|9926|179756|419|3042|9926|179756|419|3042|4|2|5276|8|178.00|1.78|179.78|57.65|133.52|37.38|70.31|70.31|192.95
2451523|78002|1609|412|165524|5147|4930|412|165524|5147|4930|1|2|5276|45|4747.95|427.31|5175.26|46.22|2520.45|664.71|3307.42|775.82|2993.98
2452452|22322|1593|9337|93209|3001|2586|9337|93209|3001|2586|6|1|5277|48|371.04|11.13|382.17|87.07|312.48|185.52|57.51|128.01|410.68
2452473|34586|192|5731|99596|1461|1479|5731|99596|1461|1479|3|1|5278|39|4961.97|198.47|5160.44|5.12|2238.99|1339.73|217.33|3404.91|2442.58
2452562|10018|1177|8327|33747|6644|3708|8327|33747|6644|3708|3|2|5278|1|1.68|0.00|1.68|28.31|1.32|1.19|0.49|0.00|29.63
2452092|65170|443|8783|132565|3547|2929|8783|132565|3547|2929|2|1|5279|53|1281.01|38.43|1319.44|75.82|1921.78|883.89|301.81|95.31|2036.03
2452249|36973|721|1376|45462|4668|914|1376|45462|4668|914|5|2|5282|16|461.44|9.22|470.66|43.62|646.08|244.56|197.36|19.52|698.92
2451346|38851|1615|3420|102096|4212|2655|3420|102096|4212|2655|1|3|5283|66|3560.70|35.60|3596.30|28.79|2601.72|534.10|2572.61|453.99|2666.11
2451386|57474|836|9114|132425|2296|1734|9114|132425|2296|1734|1|2|5283|6|358.38|17.91|376.29|87.19|200.64|340.46|6.98|10.94|305.74
2451405|61442|1226|1070|38911|3792|153|1070|38911|3792|153|4|1|5284|77|2425.50|97.02|2522.52|18.58|2964.50|1237.00|1093.42|95.08|3080.10
2451257|62776|514|7801|19060|3839|3411|7801|19060|3839|3411|1|1|5284|80|4632.80|231.64|4864.44|59.85|1299.20|416.95|2360.87|1854.98|1590.69
|53882|595|830|111110|4430||||4430||3|3|5285|15|510.30|||85.63|1822.95|377.62|35.82|96.86|1923.88
2452750||1|9654||4688|4205||185171|4688|4205|6||5286||548.24|0.00||60.70|227.70||161.40|342.99|288.40
2452931|69140|43|9946|21096|2886|1356|9946|21096|2886|1356|3|2|5286|11|1145.32|45.81|1191.13|31.92|499.18|229.06|293.20|623.06|576.91
2451274|32999|1459|3722|21931|5453|2542|3722|21931|5453|2542|4|2|5287|74|1024.90|40.99|1065.89|95.43|0.00|819.92|34.84|170.14|136.42
2451390|66599|823|9367|128504|5001|4018|9367|128504|5001|4018|4|1|5287|12|13.20|0.39|13.59|67.69|0.00|1.18|2.88|9.14|68.08
|37810|1063||71410|1201|||71410||2185|||5287|11|||2113.06||117.70||876.92|179.62|
2451256|66742|1513|3318|36656|5514|2012|3318|36656|5514|2012|2|3|5287|19|0.00|0.00|0.00|41.58|317.68|0.00|0.00|0.00|359.26
2452018|25344|176|394|161733|5552|4731|394|161733|5552|4731|2|2|5288|5|76.15|5.33|81.48|86.55|67.90|38.07|4.18|33.90|159.78
2452590|66195|481|3419|146879|2259|3479|3419|146879|2259|3479|6|1|5289|25|1484.00|14.84|1498.84|97.15|1095.25|1113.00|345.03|25.97|1207.24
2451404|60628|1060|4916|56369|4349|4242|4916|56369|4349|4242|2|2|5290|7|297.64|0.00|297.64|97.06|113.05|178.58|13.09|105.97|210.11
2451321|66568|157|2725|143314|3663|179|2725|143314|3663|179|1|3|5290|34|3096.72|154.83|3251.55|83.20|128.86|2848.98|4.95|242.79|366.89
2451416|40731|610|7422|20634|2876|4271|7422|20634|2876|4271|4|1|5290|14|25.06|0.75|25.81|50.76|3.64|10.27|7.69|7.10|55.15
2451481|77643|788|8818|14687|4876|505|8818|14687|4876|505|1|3|5290|59|893.85|80.44|974.29|87.74|1286.79|697.20|123.88|72.77|1454.97
2451662|38555|787|9302|130439|3289|2706|9302|130439|3289|2706|4|3|5291|5|634.90|0.00|634.90|65.05|190.45|38.09|5.96|590.85|255.50
2452896|12356|855|9204|22241|1325|3162|9204|22241|1325|3162|3|1|5292|2|305.62|0.00|305.62|74.57|142.38|281.17|6.60|17.85|216.95
2452757|76078|462|8184|70421|4851|1608|8184|70421|4851|1608|1|1|5293|36|713.16|14.26|727.42|50.26|364.68|99.84|325.05|288.27|429.20
2452682|38945|663|8928|92272|4496|3233|8928|92272|4496|3233|6|3|5293|41|3827.35|306.18|4133.53|87.15|1623.60|2181.58|411.44|1234.33|2016.93
2451496|78815|1105|7623|171938|2333|3535|7623|171938|2333|3535|1|1|5295|14|1136.52|90.92|1227.44|91.71|554.40|1011.50|85.01|40.01|737.03
2451508|38383|1420|6907|37622|1377|212|6907|37622|1377|212|2|3|5295|5|93.40|2.80|96.20|87.22|111.50|58.84|26.61|7.95|201.52
2451601|55828|1021|7071|2987|5783|4739|7071|2987|5783|4739|4|3|5295|45|0.00|0.00|0.00|48.13|239.85|0.00|0.00|0.00|287.98
2451198|53731|1009|6515|189321|174|427|6515|189321|174|427|2|3|5296|13|27.95|1.11|29.06|42.87|27.95|16.77|5.03|6.15|71.93
2452780|51481|253|5425|164412|7079|1906|5425|164412|7079|1906|3|1|5297|58|1809.02|72.36|1881.38|4.27|442.54|162.81|1415.74|230.47|519.17
2452794|49146|15|4563|81795|740|2005|4563|81795|740|2005|6|1|5297|9|583.74|5.83|589.57|35.28|211.14|402.78|173.72|7.24|252.25
2452071|59096|1795|1574|60215|4376|577|1574|60215|4376|577|5|3|5298|21|2262.12|203.59|2465.71|67.12|69.09|1787.07|156.76|318.29|339.80
2451869|58792|1166|4004|11782|7080|1618|4004|11782|7080|1618|5|2|5298|18|2627.10|183.89|2810.99|33.13|1155.78|1155.92|117.69|1353.49|1372.80
2452382|24507|659|7337|74201|2378|1922|7337|74201|2378|1922|5|1|5299|11|93.06|1.86|94.92|69.22|49.39|92.12|0.05|0.89|120.47
2452309|62198|453|913|103539|4052|2398|913|103539|4052|2398|5|2|5299|73|10181.31|509.06|10690.37|55.05|1257.79|9366.80|431.69|382.82|1821.90
2452364|31089|683|1021|167966|1077|3108|1021|167966|1077|3108|3|3|5299|22|123.20|6.16|129.36|65.40|169.40|94.86|19.27|9.07|240.96
2451899|37136|359|1938|117216|4367|4958|1938|117216|4367|4958|5|2|5300|32|349.12|24.43|373.55|36.65|103.36|20.94|65.63|262.55|164.44
2451928|81626|374|6087|84689|284|3959|6087|84689|284|3959|1|1|5300|1|0.43|0.02|0.45|28.04|0.72|0.16|0.03|0.24|28.78
2452344|46196|913|8519|39822|5365|388|8519|39822|5365|388|1|1|5301|49|8041.39|643.31|8684.70|17.71|5051.90|6352.69|1384.73|303.97|5712.92
2452288|22479|567|2685|165410|582|1354|2685|165410|582|1354|5|2|5301|40|6362.00|572.58|6934.58|45.87|2999.20|890.68|656.55|4814.77|3617.65
2451266|49623|358|354|124763|1925|2134|354|124763|1925|2134|2|2|5303|40|1502.40|0.00|1502.40|29.67|192.40|766.22|228.21|507.97|222.07
2451371|40145|1406|9634|86017|4400|4183|9634|86017|4400|4183|2|2|5303|30|2346.30|0.00|2346.30|35.75|480.60|1431.24|832.70|82.36|516.35
2451226|48059|16|1565||||||||||5306|10|||17.00|3.27|20.80|0.34|4.66||
2451195|35019|1690|4762|86567|452|3897|4762|86567|452|3897|2|3|5306|1|41.02|3.28|44.30|62.23|48.48|11.89|23.59|5.54|113.99
2451845|69366|517|6782|134301|4300|2459|6782|134301|4300|2459|1|3|5308|23|251.39|0.00|251.39|76.64|262.43|173.45|45.20|32.74|339.07
2451687|69359|170|7497|143879|5941|3810|7497|143879|5941|3810|4|3|5309|52|1096.68|76.76|1173.44|35.96|1476.28|131.60|115.80|849.28|1589.00
2451625|68529|1366|540|102484|4781|525|540|102484|4781|525|2|3|5309|79|3611.88|108.35|3720.23|75.18|100.33|3395.16|158.20|58.52|283.86
2451690|70169|1292|4661|19607|73|779|4661|19607|73|779|4|1|5309|2|11.08|0.88|11.96|49.71|102.06|7.31|2.86|0.91|152.65
2452087|22039|1583|5787|52628|5949|3030|5787|52628|5949|3030|2|2|5312|49|741.37|59.30|800.67|79.57|246.96|140.86|456.38|144.13|385.83
2452809|65581|607|7057|122450|2610|1763|7057|122450|2610|1763|1|1|5314|5|4.20|0.08|4.28|59.64|0.45|0.04|2.62|1.54|60.17
2452671|17446|181|7634|179073|2959|4598|7634|179073|2959|4598|6|2|5314|37|64.75|5.18|69.93|87.51|133.20|5.18|31.57|28.00|225.89
2452299|63803|1283|1808|178780|1992|2237|1808|178780|1992|2237|5|2|5316|1|4.58|0.22|4.80|1.11|16.04|1.41|1.17|2.00|17.37
2451772|19044|662|7878|79056|74|4819|7878|79056|74|4819|1|1|5318|19|1626.78|146.41|1773.19|14.25|912.00|1301.42|296.07|29.29|1072.66
2451655|64963|1117|2916|49435|7154|273|2916|49435|7154|273|1|3|5318|5|125.10|0.00|125.10|77.66|25.65|85.06|12.81|27.23|103.31
2452851|8828|1101|6345|66133|5568|4403|6345|66133|5568|4403|1|2|5320|3|34.74|1.73|36.47|34.32|46.98|7.99|23.80|2.95|83.03
2452743|45397|1573|1725|133541|270|319|1725|133541|270|319|1|3|5320|43|811.41|73.02|884.43|30.05|520.30|16.22|413.49|381.70|623.37
2452143|48865|1249|6021|34336|1291|2526|6021|34336|1291|2526|2|2|5321|29|5939.78|59.39|5999.17|16.56|73.08|593.97|2031.40|3314.41|149.03
2452075|43621|1694|8775|155082|1596|2430|8775|155082|1596|2430|5|2|5321|28|237.16|16.60|253.76|56.07|260.96|75.89|156.43|4.84|333.63
2452210|71896|1574|2142|180289|5675|3054|2142|180289|5675|3054|1|3|5321|19|208.24|4.16|212.40|16.41|275.50|179.08|23.03|6.13|296.07
2451592|56058|217|3887|67081|3602|236|3887|67081|3602|236|1|2|5323|2|42.22|2.53|44.75|81.43|81.96|0.42|11.70|30.10|165.92
2452402|36258|1125|4937|45960|6936|4959|4937|45960|6936|4959|3|2|5324|4|328.92|6.57|335.49|63.92|26.64|177.61|133.15|18.16|97.13
2451614|37235|1270|928|163742|5403|2064|928|163742|5403|2064|4|2|5325|41|229.19|11.45|240.64|11.67|139.81|52.71|52.94|123.54|162.93
2451800|75379|1094|7425|114500|1928|1356|7425|114500|1928|1356|1|2|5325|21|1187.97|106.91|1294.88|36.24|190.47|641.50|256.84|289.63|333.62
2451065|56764|331|8926|56339|6585|3438|8926|56339|6585|3438|4|2|5326|1|113.07|2.26|115.33|38.23|10.76|14.69|94.44|3.94|51.25
2452264|16188|1201|7439|23760|3051|582|7439|23760|3051|582|5|1|5327|56|8769.04|263.07|9032.11|67.11|5045.04|8330.58|179.76|258.70|5375.22
2451703|64883|1426|41|71803|2972|4461|41|71803|2972|4461|4|1|5328|16|682.56|54.60|737.16|12.96|235.36|566.52|104.43|11.61|302.92
2451660|33144|1264|7968|46857|306|3828|7968|46857|306|3828|1|2|5328|18|948.42|18.96|967.38|72.48|1072.26|483.69|283.48|181.25|1163.70
2451159|34629|1525|8482|101888|6974|2820|8482|101888|6974|2820|1|1|5329|42|163.80|14.74|178.54|41.33|201.18|65.52|82.55|15.73|257.25
2452585|46711|102|1577|64274|5371|268|1577|64274|5371|268|6|3|5330|2|89.26|6.24|95.50|66.27|2.62|41.95|8.51|38.80|75.13
||1639||11249|3343||4035|||2444|3||5330|31|644.49||683.15||1101.12|161.12|203.01||
2452688|62942|1542|4645|72160|5330|3627|4645|72160|5330|3627|3|2|5330|47|633.56|38.01|671.57|11.03|1114.84|82.36|523.64|27.56|1163.88
2451174|56030|1738|1399|102402|2605|3655|1399|102402|2605|3655|1|2|5331|2|45.14|4.06|49.20|7.48|59.40|41.98|0.25|2.91|70.94
2452489|68788|1341|8069|66559|6969|4619|8069|66559|6969|4619|1|3|5332|29|2576.65|180.36|2757.01|1.12|1086.34|1442.92|566.86|566.87|1267.82
2452477|70909|1446|2570|180889|4295|1334|2570|180889|4295|1334|1|2|5333|25|1378.00|68.90|1446.90|29.45|162.00|1019.72|347.53|10.75|260.35
2452445|13951|1599|9411|185925|2726|407|9411|185925|2726|407|6|3|5333|24|547.44|5.47|552.91|35.80|876.00|54.74|39.41|453.29|917.27
2452505|48299|912|9112|146148||||146148|1424||||5333|64|9076.48|181.52||||272.29||1408.68|1655.49
2452338|45920|1341|8839|142998|1022|846|8839|142998|1022|846|3|2|5334|56|0.00|0.00|0.00|84.36|55.44|0.00|0.00|0.00|139.80
2451131|69939|724|9268|114362|4656|1350|9268|114362|4656|1350|4|3|5335|1|30.17|2.41|32.58|64.63|7.42|18.70|10.32|1.15|74.46
2451206|5311|278|8633|138765|2690|3142|8633|138765|2690|3142|4|3|5335|18|941.22|75.29|1016.51|95.51|346.68|470.61|211.77|258.84|517.48
2451144|54567|580|221|99572|90|601|221|99572|90|601|1|1|5335|25|264.25|23.78|288.03|98.36|166.50|224.61|0.39|39.25|288.64
2452750||1494||34424|4753|||34424|4753|3562|3||5337|34|5202.00|208.08|5410.08|25.22|||||
2452932|64358|1179|6787|135292|6948|2957|6787|135292|6948|2957|1|3|5337|15|713.40|49.93|763.33|27.63|1460.85|263.95|161.80|287.65|1538.41
||1291|||7186|4610|338|8202|7186||1||5339||||311.47||265.32|268.21|||338.63
2452687|70667|1531|520|171037|2914|3911|520|171037|2914|3911|6|1|5339|8|106.08|9.54|115.62|78.13|6.48|92.28|6.34|7.46|94.15
2452877|27174|811|7341|161083|4458|4240|7341|161083|4458|4240|3|2|5340|11|1933.80|154.70|2088.50|1.21|1089.11|1102.26|765.01|66.53|1245.02
2452362|76067|971|8166|167891|2176|3181|8166|167891|2176|3181|5|1|5341|18|33.48|2.00|35.48|31.82|8.28|20.42|7.05|6.01|42.10
2451647|46593|842|3273|5300|1200|1987|3273|5300|1200|1987|2|3|5342|31|889.39|17.78|907.17|58.83|1449.56|720.40|49.00|119.99|1526.17
2451680|40289|1076|5306|10494|562|3790|5306|10494|562|3790|2|3|5342|14|167.02|15.03|182.05|90.48|41.16|5.01|129.60|32.41|146.67
2451807|28581|469|600|135712|1144|369|600|135712|1144|369|1|3|5342|36|5257.80|105.15|5362.95|68.75|448.56|473.20|3684.14|1100.46|622.46
2451686|2406|737|2233|50519|744|1689|2233|50519|744|1689|5|3|5342|3|112.59|2.25|114.84|44.25|35.34|84.44|9.57|18.58|81.84
2451501|29233|1267|9987|35216|6238|4987|9987|35216|6238|4987|2|3|5344|2|32.66|0.97|33.63|50.26|87.10|22.53|4.25|5.88|138.33
2452974|61355|888|4967|127988|5009|1630|4967|127988|5009|1630|3|3|5345|42|873.18|34.92|908.10|88.49|5239.08|218.29|261.95|392.94|5362.49
|58904|49||113375|||4664||6326|||3|5347|43||532.40||||||3014.33|5810.06
2452473|60714|975|6952|180458|6924|663|6952|180458|6924|663|3|2|5348|64|1188.48|35.65|1224.13|41.02|593.92|154.50|217.13|816.85|670.59
2452528|42192|61|3771|75265|5319|2846|3771|75265|5319|2846|6|3|5348|30|4532.70|45.32|4578.02|31.03|520.80|3626.16|290.09|616.45|597.15
|45897|1223|1999|162481||1045||162481|||2|1|5349|27||133.65||2.44||386.10|||733.33
2451905|75690|17|1487|16251|3128|4372|1487|16251|3128|4372|2|2|5349|1|7.07|0.21|7.28|68.60|15.33|3.39|2.13|1.55|84.14
2451342|30813|460|5440|102325|6570|4935|5440|102325|6570|4935|2|3|5351|8|334.96|16.74|351.70|93.71|302.72|160.78|33.09|141.09|413.17
2450990|65298|682|7185|149688|5631|3054|7185|149688|5631|3054|1|2|5352|30|1922.70|38.45|1961.15|26.94|384.30|269.17|1190.54|462.99|449.69
2451089|76939|1534|9082|175787|1485|3510|9082|175787|1485|3510|2|3|5352|30|2540.10|25.40|2565.50|6.54|1307.40|584.22|1506.02|449.86|1339.34
2451191|5654|1603|2346|144312|286|1067|2346|144312|286|1067|4|2|5352|14|42.56|1.27|43.83|12.09|51.10|16.59|20.77|5.20|64.46
2452834||486|5588|95637|5206|3815|5588||||3||5354|6|119.64|5.98||||25.12|||161.27
||796|9076||4892||||4892|2400||1|5355|8|792.08|55.44||||||28.28|378.04
2452092|46765|719|3335|85523|2271|1492|3335|85523|2271|1492|1|3|5356|4|17.92|0.00|17.92|67.16|139.12|0.71|4.64|12.57|206.28
2452124|45779|1041|5944|164203|6462|3168|5944|164203|6462|3168|3|2|5356|4|16.80|0.00|16.80|34.62|3.08|1.17|5.15|10.48|37.70
2451247|68919|400|9517|8553|2389|425|9517|8553|2389|425|1|1|5358|12|712.32|0.00|712.32|57.17|531.36|626.84|76.93|8.55|588.53
2451960|65784|583|7416|42161|3546|1411|7416|42161|3546|1411|2|1|5359|23|481.16|9.62|490.78|19.13|91.31|312.75|67.36|101.05|120.06
2452182|64014|943|6989|108091|4842|600|6989|108091|4842|600|1|2|5360|21|1410.57|126.95|1537.52|39.28|484.05|930.97|76.73|402.87|650.28
2452696|9182|1458|6898|70550|5082|1621|6898|70550|5082|1621|1|2|5361|75|465.00|13.95|478.95|61.17|552.75|437.10|10.32|17.58|627.87
2452789|10129|54|6847|184247|1327|520|6847|184247|1327|520|6|3|5361|47|3659.42|109.78|3769.20|13.18|3234.07|914.85|1674.18|1070.39|3357.03
2452755|47314|1800|5921|36326|491|2023|5921|36326|491|2023|3|3|5361|9|203.40|16.27|219.67|9.91|58.05|189.16|7.68|6.56|84.23
2452824|63819|73|1288|69313|3051|2509|1288|69313|3051|2509|3|1|5362|8|252.80|17.69|270.49|77.08|383.60|149.15|94.32|9.33|478.37
2452973|42144|1566|9573|51158|1016|4361|9573|51158|1016|4361|6|2|5362|5|180.05|5.40|185.45|32.29|413.05|174.64|4.92|0.49|450.74
2452884|45239|300|8874|38316|2831|1233|8874|38316|2831|1233|3|1|5362|55|3307.15|132.28|3439.43|81.18|1043.90|0.00|1719.71|1587.44|1257.36
2452177|74596|116|4141|3490|1159|268|4141|3490|1159|268|2|2|5363|28|2987.04|209.09|3196.13|66.86|1925.84|1911.70|311.84|763.50|2201.79
2452028|34013|440|3991|22909|900|3731|3991|22909|900|3731|1|2|5363|21|752.01|60.16|812.17|92.42|31.71|721.92|6.01|24.08|184.29
2452700|51751|1011|3921|71183|172|1921|3921|71183|172|1921|6|3|5365|33|6455.46|580.99|7036.45|48.58|672.21|64.55|4026.27|2364.64|1301.78
2451909|50240|44|4333|100648|916|3631|4333|100648|916|3631|2|3|5367|33|1071.18|96.40|1167.58|92.40|561.99|824.80|27.10|219.28|750.79
2451463|37622|1369|8299|89912|918|451|8299|89912|918|451|2|3|5369|26|1206.92|48.27|1255.19|78.45|452.40|760.35|31.25|415.32|579.12
2451469|35757|499|9939|141113|5840|4167|9939|141113|5840|4167|4|1|5369|23|942.54|9.42|951.96|75.02|466.21|433.56|20.35|488.63|550.65
2451770|34674|934|5037|59509|4861|1620|5037|59509|4861|1620|2|2|5370|11|65.12|5.20|70.32|47.79|21.67|38.42|17.35|9.35|74.66
2451839|719|158|905|120500|7102|577|905|120500|7102|577|2|1|5370|2|34.66|0.00|34.66|34.49|159.48|24.60|6.23|3.83|193.97
2452209|85939|1617|3805|4303|5408|3786|3805|4303|5408|3786|5|3|5373|19|267.90|24.11|292.01|85.38|3.04|238.43|0.88|28.59|112.53
2451410|71086|260|6138|163719|5140|3594|6138|163719|5140|3594|4|3|5374|1|125.55|8.78|134.33|76.22|24.53|20.08|58.00|47.47|109.53
2451282|66948|902|6037|186739|3074|2769|6037|186739|3074|2769|1|2|5375|3|28.47|2.27|30.74|70.61|11.64|12.24|6.32|9.91|84.52
2451420|66674|1340|5620|154916|1172|4301|5620|154916|1172|4301|4|3|5375|9|167.76|3.35|171.11|25.92|127.44|167.76|0.00|0.00|156.71
2452843|73752|1143|7505|161110|4475|3807|7505|161110|4475|3807|6|2|5376|25|877.50|35.10|912.60|71.49|427.75|842.40|30.18|4.92|534.34
2451033|62855|1066|9252|22033|3661|42|9252|22033|3661|42|4|2|5378|37|960.15|86.41|1046.56|38.71|1097.42|19.20|461.06|479.89|1222.54
2452419|67516|1475|7787|102276|4685|1181|7787|102276|4685|1181|5|1|5379|57|367.08|11.01|378.09|82.15|179.55|55.06|81.12|230.90|272.71
2452262|66927|1549|3205|132333|3668|1523|3205|132333|3668|1523|5|1|5379|42|3304.56|132.18|3436.74|44.98|1028.16|2643.64|72.70|588.22|1205.32
2452266|34512|1707|4589|20101|2013|772|4589|20101|2013|772|1|3|5379|10|348.00|3.48|351.48|96.35|236.10|236.64|65.70|45.66|335.93
2451669|66018|1594|85|108730|3775|2020|85|108730|3775|2020|2|3|5380|12|1056.60|73.96|1130.56|27.12|120.72|972.07|57.48|27.05|221.80
2451780|38858|932|5196|118104|52|480|5196|118104|52|480|4|1|5380|5|41.00|2.87|43.87|78.02|19.10|32.80|6.23|1.97|99.99
2451908|67755|1151|2742|166003|5104|485|2742|166003|5104|485|2|2|5381|85|1967.75|118.06|2085.81|57.12|277.10|472.26|972.06|523.43|452.28
2451973|41950|1619|7830|31864|171|1365|7830|31864|171|1365|1|1|5382|10|984.20|39.36|1023.56|57.66|690.60|511.78|434.62|37.80|787.62
2452005|9867|1105|8936|186995|174|4440|8936|186995|174|4440|3|1|5383|27|2094.66|125.67|2220.33|30.31|1367.28|1948.03|90.91|55.72|1523.26
2452220|50375|437|6467|78216|4558|780|6467|78216|4558|780|5|1|5384|11|1968.78|137.81|2106.59|81.38|691.13|295.31|1288.57|384.90|910.32
2451317|32718|1627|196|125138|5760|4142|196|125138|5760|4142|4|2|5386|43|6081.49|243.25|6324.74|58.53|4823.31|3770.52|1247.92|1063.05|5125.09
2452813|64080|252|6018|12769|1200|2944|6018|12769|1200|2944|3|3|5388|12|1624.32|146.18|1770.50|20.76|485.52|828.40|358.16|437.76|652.46
2451572|75025|620|4034|127929|6337|1912|4034|127929|6337|1912|4|1|5389|24|1545.60|139.10|1684.70|14.39|386.40|788.25|136.32|621.03|539.89
2451612|63124|151|8761|100687|3220|2026|8761|100687|3220|2026|1|1|5389|4|571.32|39.99|611.31|32.76|167.44|257.09|119.40|194.83|240.19
2451780|54623|1663|6551|53673|5628|4743|6551|53673|5628|4743|2|1|5389|7|498.05|39.84|537.89|58.44|550.48|398.44|5.97|93.64|648.76
2452635|47604|1488|8585|67669|546|1703|8585|67669|546|1703|6|1|5390|4|371.20|7.42|378.62|44.11|216.52|341.50|11.58|18.12|268.05
2452674|76307|1218|6619|5619|7019|2219|6619|5619|7019|2219|1|3|5390|27|1429.92|0.00|1429.92|7.49|476.55|743.55|624.59|61.78|484.04
2452293|60921|1339|5369|51099|1262|4185|5369|51099|1262|4185|1|2|5391|6|146.40|2.92|149.32|79.78|71.70|21.96|6.22|118.22|154.40
2452455|22914|923|3125|107441|3197|1633|3125|107441|3197|1633|3|3|5391|3|29.19|1.75|30.94|15.24|8.85|10.50|6.91|11.78|25.84
2452529|76330|1236|6457|56134|291|255||56134|291|255||2|5392|2|116.42|1.16|117.58|4.16|24.94||27.94||30.26
2452280|76260|1583|4324|49714|1584|1461|4324|49714|1584|1461|5|1|5393|7|788.06|47.28|835.34|93.24|383.39|338.86|89.84|359.36|523.91
2452658|68596|715|4823|19879|6535|1344|4823|19879|6535|1344|1|1|5394|2|10.14|0.10|10.24|86.64|2.08|6.28|3.58|0.28|88.82
2452729|39978|1015|6230|36485|3220|4715|6230|36485|3220|4715|6|3|5394|34|1822.74|127.59|1950.33|67.47|788.12|36.45|17.86|1768.43|983.18
2452748|37197|1405|4432|134816|3760|624|4432|134816|3760|624|1|3|5394|29|1282.38|12.82|1295.20|32.13|237.51|820.72|309.31|152.35|282.46
2451737|21589|1774|809|148901|2720|1499|809|148901|2720|1499|2|3|5396|33|436.26|13.08|449.34|86.25|1129.92|30.53|235.32|170.41|1229.25
2451707|37959|1586|5468|175540|2012|1284|5468|175540|2012|1284|4|2|5396|14|1429.82|28.59|1458.41|68.66|1270.92|1129.55|150.13|150.14|1368.17
2451450|15606|1478|6340|182515|5217|3479|6340|182515|5217|3479|1|2|5399|29|913.79|45.68|959.47|48.36|1142.31|82.24|382.51|449.04|1236.35
2451464|34711|43|3885|3424|1136|2415|3885|3424|1136|2415|4|3|5399|3|38.55|0.77|39.32|16.20|30.84|12.72|6.97|18.86|47.81
2451564|57350|1600|9245|23015|5265|4275|9245|23015|5265|4275|1|2|5399|60|979.20|19.58|998.78|33.03|873.00|58.75|478.63|441.82|925.61
2451696|73447|662|5031|81996|5196|1923|5031|81996|5196|1923|4|3|5401|12|635.04|38.10|673.14|77.33|497.04|609.63|25.41|0.00|612.47
2452390|43715|1569|483|74031|1546|3901|483|74031|1546|3901|6|3|5404|5|167.15|3.34|170.49|92.58|222.90|133.72|7.35|26.08|318.82
2452396|76649|690|6893|164606|3039|4265|6893|164606|3039|4265|6|1|5404|28|1707.16|51.21|1758.37|1.29|3562.72|785.29|571.55|350.32|3615.22
2452433|30840|708|4801|8256|3424|4759|4801|8256|3424|4759|6|3|5404|6|256.38|10.25|266.63|55.64|194.82|71.78|23.99|160.61|260.71
2451932|77755|1202|5623|136505|2860|302|5623|136505|2860|302|2|1|5405|76|1979.04|178.11|2157.15|26.58|2143.96|831.19|183.65|964.20|2348.65
2452049|53574|1267|2132|25548|5764|1333|2132|25548|5764|1333|5|1|5405|44|1094.28|76.59|1170.87|16.70|18.92|612.79|144.44|337.05|112.21
2451964|40616|1393|4130|158932|4821|4590|4130|158932|4821|4590|2|3|5406|38|9069.46|816.25|9885.71|90.07|1431.84|7709.04|1101.94|258.48|2338.16
2452856|63172|1315|8273|121424|95|4806|8273|121424|95|4806|3|1|5407|40|278.80|8.36|287.16|17.29|1116.40|69.70|106.64|102.46|1142.05
2452736|73061|1464|7577|190037|4097|2757|7577|190037|4097|2757|3|2|5407|11|1566.40|0.00|1566.40|76.32|232.76|391.60|1139.55|35.25|309.08
2451279|76069|1267|6992|33957|3802|2160|6992|33957|3802|2160|1|3|5408|14|918.54|36.74|955.28|94.12|504.28|165.33|474.52|278.69|635.14
2451468|77049|464|8760|141452|5777|4462|8760|141452|5777|4462|1|3|5410|55|6279.90|125.59|6405.49|50.03|734.80|2449.16|383.07|3447.67|910.42
2452340|53027|661|4071|117912|5000|4088|4071|117912|5000|4088|3|1|5411|16|81.44|1.62|83.06|3.80|896.80|32.57|30.78|18.09|902.22
2451377|24917|982|4129|170769|402|1362|4129|170769|402|1362|1|2|5413|17|736.78|14.73|751.51|92.89|355.64|493.64|240.70|2.44|463.26
2452701|74467|594|1966|85893|2333|4340|1966|85893|2333|4340|6|2|5414|50|1801.00|126.07|1927.07|8.69|1377.00|1242.69|413.14|145.17|1511.76
2452670|38205|252|4474|170399|5524|2449|4474|170399|5524|2449|6|3|5414|2|7.78|0.62|8.40|43.64|67.06|3.34|0.17|4.27|111.32
2452270|13615|1113|4225|152871|7084|1137|4225|152871|7084|1137|5|2|5415|31|268.46|10.73|279.19|62.65|239.94|144.96|53.10|70.40|313.32
2451789|80811|1196|4800|175686|6282|2125|4800|175686|6282|2125|2|1|5417|42|5542.32|498.80|6041.12|60.66|2735.88|775.92|3336.48|1429.92|3295.34
2452077|73354|1265|3956|127591|7066|21|3956|127591|7066|21|1|3|5418|73|5336.30|266.81|5603.11|64.10|3772.64|5282.93|1.06|52.31|4103.55
2451286|79414|1762|7106|46198|857|3956|7106|46198|857|3956|2|2|5419|2|155.76|10.90|166.66|11.46|61.36|110.58|43.82|1.36|83.72
2451374|15760|1417|8176|189144|5665|433|8176|189144|5665|433|1|2|5419|76|108.68|1.08|109.76|53.84|0.00|106.50|2.13|0.05|54.92
2452034|20776|1544|152|127821|6163|3192|152|127821|6163|3192|2|1|5420|4|502.56|30.15|532.71|14.85|122.96|492.50|5.73|4.33|167.96
2452820|63542|1521|6652|175424|665|553|6652|175424|665|553|6|2|5421|11|613.14|6.13|619.27|21.37|1226.39|36.78|109.50|466.86|1253.89
|50363|417|3402||1878|3316|3402|99240||3316|6||5421|54||63.99|1130.49||551.34|255.96||705.17|
2452158|36904|859|1577|175135|2533|1258|1577|175135|2533|1258|3|1|5422|78|463.32|18.53|481.85|64.71|1457.04|176.06|241.29|45.97|1540.28
2452186|38844|1147|8495|116167|6592|3664|8495|116167|6592|3664|3|3|5422|41|667.48|26.69|694.17|14.27|365.72|126.82|124.35|416.31|406.68
2452320|76846|1783|17|74282|1714|4986|17|74282|1714|4986|5|2|5422|47|1856.97|92.84|1949.81|35.11|360.02|1281.30|299.34|276.33|487.97
2452411|46369|463|5561|122176|3224|3832|5561|122176|3224|3832|3|3|5423|25|168.50|11.79|180.29|84.89|648.50|139.85|22.06|6.59|745.18
2452028|59217|193|5572|50935|6731|1487|5572|50935|6731|1487|5|2|5424|3|59.31|4.15|63.46|16.73|70.44|16.01|10.82|32.48|91.32
||62||86180|6485|||86180|6485||4||5425|14|43.54|2.17|||||10.53||93.31
2451673|65729|1234|6475|115635|5675|1322|6475|115635|5675|1322|1|3|5425|6|273.36|2.73|276.09|94.81|190.92|144.88|52.67|75.81|288.46
2451260|48517|460|6285|30828|4778|601|6285|30828|4778|601|4|3|5426|2|110.98|6.65|117.63|46.54|31.02|16.64|8.49|85.85|84.21
2451416|10052|1495|591|168974|2910|2446|591|168974|2910|2446|1|2|5429|31|2872.15|28.72|2900.87|20.03|1781.57|718.03|1766.37|387.75|1830.32
2452009|28953|584|8714|124380|1773|1079|8714|124380|1773|1079|2|1|5430|6|857.64|77.18|934.82|42.11|25.20|840.48|2.05|15.11|144.49
2452031|27881|620|9096|93666|7116|3726|9096|93666|7116|3726|1|3|5430|33|3295.71|32.95|3328.66|54.86|135.63|98.87|479.52|2717.32|223.44
2451609|80788|1744|6229|70911|6467|296|6229|70911|6467|296|1|3|5431|50|190.50|17.14|207.64|65.27|992.00|3.81|41.07|145.62|1074.41
2451725|53713|1309|1612|162434|4903|3925|1612|162434|4903|3925|1|2|5431|7|786.17|55.03|841.20|23.17|62.86|47.17|687.27|51.73|141.06
2451522|57946|1207|5292|135254|2736|3211|5292|135254|2736|3211|2|2|5431|5|696.25|0.00|696.25|51.84|105.45|584.85|98.03|13.37|157.29
2452834|40384|279|5831|16100|849|2558|5831|16100|849|2558|3|2|5432|37|1460.02|29.20|1489.22|83.05|1075.96|686.20|510.72|263.10|1188.21
2451593||604|6795|123951|4354|357||||357|4||5433|35|2066.40||||||||1015.21
|85707|1031||154729|1678|1834||||||1|5434|13||2.87||67.66|||85.65|92.80|178.43
||1274|4391|||1141|4391|141903||1141|2||5436|||||14.32|533.65||226.26||580.76
2451047|68296|370|1301|180125|4149|1420|1301|180125|4149|1420|1|1|5436|2|18.70|0.56|19.26|50.34|18.70|7.10|0.11|11.49|69.60
2452199|38679|735|7161|117128|3015|4942|7161|117128|3015|4942|5|3|5438|9|372.78|14.91|387.69|92.44|143.01|298.22|41.00|33.56|250.36
2451780|33975|1538|1790||||1790||6647|2252|||5439||14.04|0.14|14.18|74.39|27.47||6.11||
2452579|42321|1560|2173|57450|3160|2877|2173|57450|3160|2877|1|2|5441|11|192.17|5.76|197.93|90.36|47.96|172.95|16.14|3.08|144.08
2452485|60459|697|3373|133961|3269|3617|3373|133961|3269|3617|1|3|5441|5|1021.50|20.43|1041.93|61.89|443.65|71.50|617.50|332.50|525.97
2452565|7071|492|8112|152696|4720|624|8112|152696|4720|624|3|3|5441|64|4116.48|370.48|4486.96|54.17|1434.24|2881.53|518.67|716.28|1858.89
2452253|27546|277|6380|106552|5651|4063|6380|106552|5651|4063|1|3|5446|17|122.91|3.68|126.59|79.71|507.45|70.05|18.50|34.36|590.84
2452463|38731|1163|6866|83051|4723|1468|6866|83051|4723|1468|5|1|5446|15|213.30|0.00|213.30|51.62|543.00|25.59|18.77|168.94|594.62
2451569|61120|316|8748|86199|1250|4901|8748|86199|1250|4901|2|1|5447|7|876.05|61.32|937.37|8.91|31.22|858.52|13.14|4.39|101.45
||1408|||6410||||||||5447|29|810.55||818.65|||729.49|4.86||536.69
2452353|35576|1713|100|65031|1642|4813|100|65031|1642|4813|1|3|5448|26|495.56|34.68|530.24|59.52|334.88|460.87|17.69|17.00|429.08
2451333|68401|325|2552|46991|6950|1949|2552|46991|6950|1949|2|3|5449|6|60.72|4.85|65.57|23.78|225.66|42.50|12.57|5.65|254.29
2452316|4884|1589|780|184107|5114|4681|780|184107|5114|4681|3|2|5450|20|245.80|19.66|265.46|61.26|54.60|24.58|159.27|61.95|135.52
2452012|58833|637|2773|102086|2712|4305|2773|102086|2712|4305|5|2|5451|56|833.28|0.00|833.28|82.93|1389.36|16.66|236.81|579.81|1472.29
2452008|64871|1465|4146|24968|5023|4038|4146|24968|5023|4038|1|2|5451|36|2551.32|102.05|2653.37|84.30|1521.72|2423.75|66.33|61.24|1708.07
2452139|69250|1405|3028|19153|4285|2890|3028|19153|4285|2890|3|1|5452|47|1910.08|171.90|2081.98|36.69|334.17|1642.66|21.39|246.03|542.76
2451454|49872|1520|5441|72974|7068|1082|5441|72974|7068|1082|1|1|5455|11|116.27|8.13|124.40|81.66|465.19|96.50|15.22|4.55|554.98
2451298|70893|1714|6513|105751|3069|1747|6513|105751|3069|1747|1|2|5456|11|104.39|8.35|112.74|43.06|15.62|6.26|4.90|93.23|67.03
2451642|47247|1663|1790|54392|5987|1709|1790|54392|5987|1709|1|2|5457|19|40.66|0.81|41.47|2.91|27.74|28.46|7.07|5.13|31.46
2451473|61599|1526|7168|90352|6623|4327|7168|90352|6623|4327|1|1|5457|12|77.28|0.00|77.28|66.71|1.32|57.18|15.47|4.63|68.03
2451561|46548|1348|988|139273|7111|3396|988|139273|7111|3396|2|3|5457|6|264.24|18.49|282.73|81.60|190.50|214.03|39.66|10.55|290.59
2451617|73740|532|8959|181867|3608|1356|8959|181867|3608|1356|1|2|5457|41|1228.77|12.28|1241.05|33.62|2173.82|712.68|361.26|154.83|2219.72
2451595|80060|1346|3855|146964|1400|1196|3855|146964|1400|1196|1|3|5457|10|143.00|2.86|145.86|66.02|1001.40|108.68|8.23|26.09|1070.28
||1636|200|||3938|200|114417|1594||1||5457|19||93.91|1659.13|8.90|724.28|626.08|272.35||
2452381|41613|1155|4375|156136|6297|4458|4375|156136|6297|4458|5|2|5459|4|5.60|0.33|5.93|18.39|17.32|1.12|0.89|3.59|36.04
2452398|42086|105|7306|177189|5665|268|7306|177189|5665|268|3|3|5460|36|478.08|43.02|521.10|96.47|695.52|353.77|45.99|78.32|835.01
2451350|39345|1418|8827|141498|128|78|8827|141498|128|78|1|1|5462|39|3001.83|240.14|3241.97|15.34|842.01|2371.44|611.47|18.92|1097.49
2451477|69897|1286|9606|134565|6564|1796|9606|134565|6564|1796|4|3|5462|85|3434.00|274.72|3708.72|91.29|1439.90|2506.82|101.98|825.20|1805.91
2451570|54263|26|7996|154837|921|1758|7996|154837|921|1758|1|2|5463|2|57.18|2.85|60.03|33.50|69.62|6.86|22.64|27.68|105.97
2451723|37135|511|7180|15473|5573|1946|7180|15473|5573|1946|1|3|5463|89|3259.18|293.32|3552.50|18.71|303.49|1401.44|575.89|1281.85|615.52
2452716|45696|1447|3731|10900|3796|5|3731|10900|3796|5|3|3|5464|90|14828.40|741.42|15569.82|59.15|4585.50|12900.70|1253.00|674.70|5386.07
2452067|45103|871|3882|107335|4228|401|3882|107335|4228|401|2|1|5465|18|67.68|2.70|70.38|4.33|135.54|64.29|0.57|2.82|142.57
2452004|57465|973|2595|19474|433|3305|2595|19474|433|3305|1|1|5465|17|172.21|8.61|180.82|11.46|289.68|70.60|66.04|35.57|309.75
2451823|40768|161|3751|119659|1520|1381|3751|119659|1520|1381|5|2|5465|59|1563.50|109.44|1672.94|28.49|1771.77|484.68|237.34|841.48|1909.70
2451432|55229|596|6463|184250|2470|1497|6463|184250|2470|1497|4|2|5466|26|484.64|0.00|484.64|98.04|46.28|33.92|139.72|311.00|144.32
2451464|26672|1640|3618|62086|921|3396|3618|62086|921|3396|2|3|5466|54|4820.04|433.80|5253.84|85.46|1257.12|482.00|3080.00|1258.04|1776.38
2451878|39997|1682|6923|93730|7017|1264|6923|93730|7017|1264|5|1|5467|30|1629.30|65.17|1694.47|66.25|311.10|733.18|385.33|510.79|442.52
2452799|37255|1032|7089|108994|4899|2004|7089|108994|4899|2004|3|1|5468|3|367.59|25.73|393.32|41.60|154.29|191.14|84.69|91.76|221.62
2452779|66952|531|9694|134967|6320|2480|9694|134967|6320|2480|1|1|5468|51|1688.10|67.52|1755.62|3.83|228.48|1080.38|601.64|6.08|299.83
2452702|77420|783|5263|30642|3988|1527|5263|30642|3988|1527|3|1|5468|33|935.55|0.00|935.55|52.38|395.01|701.66|65.48|168.41|447.39
2451071|53026|1696|7667|103625|2623|4748|7667|103625|2623|4748|1|1|5470|1|13.84|0.55|14.39|61.17|14.99|1.66|1.58|10.60|76.71
2452125|48333|752|8137|157442|1467|3179|8137|157442|1467|3179|1|1|5471|11|2.42|0.19|2.61|2.95|9.46|1.42|0.17|0.83|12.60
2451369|68289|883|4681|100374|4627|3400|4681|100374|4627|3400|2|2|5472|39|2049.45|40.98|2090.43|53.25|26.13|1987.96|35.66|25.83|120.36
2451398|56683|1792|5195|9126|97|2148|5195|9126|97|2148|4|2|5472|51|3088.05|277.92|3365.97|8.08|3539.91|1142.57|1284.01|661.47|3825.91
2452266|74536|1635|9493|11935|2377|1019|9493|11935|2377|1019|5|1|5473|6|1187.16|47.48|1234.64|61.95|718.14|664.80|423.11|99.25|827.57
2452092|71429|41|6063|70749|3708|554|6063|70749|3708|554|1|3|5475|19|266.00|18.62|284.62|57.47|605.91|87.78|155.05|23.17|682.00
2451975|13048|589|4237|53582|80|2625|4237|53582|80|2625|5|1|5476|6|16.80|1.51|18.31|17.59|9.72|1.51|0.76|14.53|28.82
2451972||350|5937|89909|1834|1959|5937|89909|1834|1959||1|5476|45|62.10|2.48|64.58||||25.27||
2451616|56634|650|3006|63067|2408|1109|3006|63067|2408|1109|4|3|5477|31|1891.00|132.37|2023.37|80.99|398.04|529.48|136.15|1225.37|611.40
2451610|70983|530|7929|160955|2414|3680|7929|160955|2414|3680|1|2|5477|43|4552.41|136.57|4688.98|21.07|1274.52|546.28|2483.80|1522.33|1432.16
2452582|51338|1633|9671|20123|3935|420|9671|20123|3935|420|6|2|5478|63|4759.02|47.59|4806.61|42.83|3474.45|4140.34|395.95|222.73|3564.87
2452561|36871|877|5172|167760|6028|4056|5172|167760|6028|4056|6|2|5478|39|1520.61|30.41|1551.02|69.55|518.31|15.20|888.19|617.22|618.27
2451971|63524|26|7039|173252|585|1111|7039|173252|585|1111|2|3|5479|18|2044.08|163.52|2207.60|48.97|147.42|1941.87|87.90|14.31|359.91
2452322|78031|1223|5878|167165|5732|859|5878|167165|5732|859|1|1|5480|6|208.38|16.67|225.05|33.69|134.28|64.59|136.60|7.19|184.64
2452242|40618|17|1321|69130|172|821|1321|69130|172|821|5|1|5480|2|199.50|1.99|201.49|14.79|31.74|9.97|100.45|89.08|48.52
2452253|30139|1155|6044|1116|4941|1813|6044|1116|4941|1813|1|2|5480|17|39.78|0.39|40.17|66.86|114.75|11.93|10.86|16.99|182.00
2452407|44155|757|3011|125360|1789|4425|3011|125360|1789|4425|3|2|5480|31|1865.58|37.31|1902.89|80.02|1482.73|802.19|21.26|1042.13|1600.06
2452419|21208|801|8312|182681|3666|2971|8312|182681|3666|2971|3|3|5480|44|7654.24|612.33|8266.57|94.30|2710.84|1837.01|523.55|5293.68|3417.47
2452320|29072|61|6906|181925|4224|3883|6906|181925|4224|3883|3|1|5481|17|251.26|15.07|266.33|72.09|129.71|233.67|8.09|9.50|216.87
2452378|76245|1219|7126|52201|4523|4398|7126|52201|4523|4398|1|2|5481|45|1142.10|68.52|1210.62|22.47|531.45|331.20|429.77|381.13|622.44
||502|4142|||||66864|5986|1461||1|5482||2146.76|||16.55|728.98||21.89|343.06|
2452097|70695|458|7668|92367|1499|4638|7668|92367|1499|4638|2|1|5484|47|1787.41|17.87|1805.28|79.16|86.95|1394.17|283.13|110.11|183.98
2452844|66729|1206|2085|4107|4562|4977|2085|4107|4562|4977|1|1|5485|29|2212.41|154.86|2367.27|35.38|1053.57|1460.19|601.77|150.45|1243.81
2452348|44219|953|7704|59528|4792|3689|7704|59528|4792|3689|3|2|5486|10|631.20|25.24|656.44|95.31|169.30|82.05|247.11|302.04|289.85
2452512|31286|951|3350|171795|6560|412|3350|171795|6560|412|1|1|5488|29|69.89|2.79|72.68|20.57|1714.48|53.81|9.80|6.28|1737.84
2451570|25803|10|3469|127888|3427|3406|3469|127888|3427|3406|4|2|5489|15|54.45|0.54|54.99|7.91|42.00|24.50|5.99|23.96|50.45
2451515|79117|1018|9992|83766|980|3874|9992|83766|980|3874|4|1|5489|65|3979.95|318.39|4298.34|40.59|918.45|3223.75|499.09|257.11|1277.43
2451436|38368|188|6108|20910|1189|541|6108|20910|1189|541|1|1|5489|86|4106.50|369.58|4476.08|1.40|2977.32|41.06|2967.77|1097.67|3348.30
2452238|300|877|3239|150650|2861|4672|3239|150650|2861|4672|5|3|5490|44|1385.12|0.00|1385.12|56.79|841.72|1052.69|136.29|196.14|898.51
2451799|54949|1523|9942|164071|4553|2035|9942|164071|4553|2035|5|2|5491|73|1027.11|0.00|1027.11|80.67|903.74|698.43|59.16|269.52|984.41
2451905|33522|83|6385|131908|5911|1674|6385|131908|5911|1674|5|3|5491|11|86.24|5.17|91.41|5.63|92.40|3.44|20.70|62.10|103.20
2452546|36970|1689|3917|145355|3219|1876|3917|145355|3219|1876|6|3|5494|16|200.64|18.05|218.69|1.96|26.72|162.51|19.06|19.07|46.73
2452198|75012|1779|3391|34968|6865|1155|3391|34968|6865|1155|3|3|5495|22|145.86|13.12|158.98|34.83|1847.78|77.30|10.96|57.60|1895.73
2452146|40530|1675|7092|43884|1636|1708|7092|43884|1636|1708|1|1|5498|21|1456.77|14.56|1471.33|67.60|315.84|539.00|302.86|614.91|398.00
|41756|173||||4056||||4056|||5498|39||17.79|||||379.40||438.23
2452519|67982|1146|30|139740|6330|1280|30|139740|6330|1280|1|3|5501|12|225.60|15.79|241.39|87.52|107.64|45.12|43.31|137.17|210.95
2452566|30352|319|2227|102872|3150|2635|2227|102872|3150|2635|1|2|5501|1|36.95|2.21|39.16|71.73|10.55|4.06|4.27|28.62|84.49
2451339|39568|674|8164|100089|4127|85|8164|100089|4127|85|1|1|5502|46|3198.38|31.98|3230.36|74.44|1013.84|543.72|1990.99|663.67|1120.26
2452185|39982|596|8854|61572|2323|4081|8854|61572|2323|4081|5|3|5504|4|350.72|28.05|378.77|39.89|247.56|3.50|309.02|38.20|315.50
2452147|20066|698|1685|143785|4892|119|1685|143785|4892|119|2|1|5504|56|1027.60|82.20|1109.80|28.76|1370.32|616.56|341.16|69.88|1481.28
2452593|50799|1023|7206|56354|3389|3304|7206|56354|3389|3304|6|3|5505|7|133.56|0.00|133.56|91.22|14.84|5.34|10.25|117.97|106.06
2452442|76801|871|7738|118342|1426|4423|7738|118342|1426|4423|3|1|5505|7|61.11|1.83|62.94|56.79|34.16|16.49|25.43|19.19|92.78
2452442|64002|1087|4946|40263|1180|1097|4946|40263|1180|1097|1|3|5505|14|309.68|24.77|334.45|45.63|1486.80|294.19|0.15|15.34|1557.20
2452763|59851|753|1573|45171|3889|2400|1573|45171|3889|2400|3|3|5507|4|164.44|0.00|164.44|46.07|7.28|19.73|60.77|83.94|53.35
2451991|78489|1543|710|88299|1055|3604|710|88299|1055|3604|2|1|5509|15|45.30|3.17|48.47|21.76|13.80|0.00|19.47|25.83|38.73
2452290|35245|233|3210|156214|5891|1055|3210|156214|5891|1055|5|3|5510|15|336.30|20.17|356.47|39.35|0.00|134.52|10.08|191.70|59.52
2452567|50775|1563|6451|171602|4353|3904|6451|171602|4353|3904|1|3|5511|21|131.67|10.53|142.20|65.79|1844.43|42.13|43.87|45.67|1920.75
2452560|67270|930|5350|16896|842|2988|5350|16896|842|2988|1|1|5511|14|0.00|0.00|0.00|53.92|96.60|0.00|0.00|0.00|150.52
2452353|48960|1563|8805|51893|4581|1669|8805|51893|4581|1669|1|3|5514|3|166.23|4.98|171.21|95.00|103.89|33.24|95.75|37.24|203.87
2451610|3353|439|4093|61470|6532|1634|4093|61470|6532|1634|4|3|5516|12|370.56|18.52|389.08|87.97|487.68|326.09|33.79|10.68|594.17
2451780|68533|844|1112|123351|3110|1509|1112|123351|3110|1509|1|2|5516|33|2489.19|49.78|2538.97|20.47|533.28|49.78|1512.43|926.98|603.53
2451744|32805|14|4113|132396|7079|3162|4113|132396|7079|3162|1|2|5516|37|102.49|2.04|104.53|79.59|2567.80|19.47|80.52|2.50|2649.43
2451765|67279|211|5211|120853|528|210|5211|120853|528|210|1|2|5516|52|1159.60|57.98|1217.58|6.44|347.88|649.37|61.22|449.01|412.30
2451752|55164|1333|7893|134309|5558|3614|7893|134309|5558|3614|2|1|5517|15|1096.80|87.74|1184.54|79.79|564.00|76.77|255.00|765.03|731.53
2451835|23521|1370|1929|125806|2243|5000|1929|125806|2243|5000|4|1|5517|19|2164.29|43.28|2207.57|69.32|676.21|1688.14|138.08|338.07|788.81
2451804|25528|202|5329|189103|3373|1803|5329|189103|3373|1803|4|3|5518|43|1184.22|106.57|1290.79|84.89|412.80|378.95|732.79|72.48|604.26
2451664|33866|1370|7915|109859|2123|1627|7915|109859|2123|1627|1|2|5519|15|100.50|4.02|104.52|29.32|154.05|11.05|21.46|67.99|187.39
2452804|26651|690|4998|86902|6006|3463|4998|86902|6006|3463|1|1|5520|2|78.42|6.27|84.69|32.07|126.50|21.95|5.64|50.83|164.84
2451270|56814|1682|7947|126897|407|4237|7947|126897|407|4237|1|3|5522|37|352.61|10.57|363.18|28.56|1516.63|63.46|43.37|245.78|1555.76
2451481|34258|1153|7167|38364|1081|1238|7167|38364|1081|1238|1|3|5522|13|55.38|4.43|59.81|98.99|14.43|31.01|7.31|17.06|117.85
|7857|1637|5317|16800|4843||5317||4843|1206|1|1|5526|10||3.23||26.10|69.90||3.28||99.23
2452103|49167|751|3800|163000|5480|2920|3800|163000|5480|2920|1|2|5526|4|110.24|7.71|117.95|50.71|122.52|88.19|9.70|12.35|180.94
2451269|70669|1030|9426|45952|78|2004|9426|45952|78|2004|2|2|5527|41|1645.74|131.65|1777.39|48.95|526.44|1152.01|59.24|434.49|707.04
2451307||1222|||4177|||116338||||1|5527|||||99.09||195.60|37.91|67.42|145.70
2452604|81040|1419|1197|73870|6670|1983|1197|73870|6670|1983|3|1|5529|47|3902.41|351.21|4253.62|30.10|335.58|1990.22|535.41|1376.78|716.89
2451756|20153|1586|3491|107812|3413|1774|3491|107812|3413|1774|1|3|5530|26|508.82|45.79|554.61|54.69|557.44|457.93|16.79|34.10|657.92
2451789|54540|1700|475|142425||271||||271|||5531||75.14|1.50||40.18|0.00||||41.68
2451998|76804|563|9457|57140|3670|353|9457|57140|3670|353|5|2|5531|1|135.18|10.81|145.99|72.40|42.69|77.05|45.92|12.21|125.90
2451383|41816|133|7057|78393|5169|378|7057|78393|5169|378|4|1|5533|64|2771.84|110.87|2882.71|80.39|2353.28|1108.73|715.13|947.98|2544.54
2451295|48911|1700|9156|24456|4123|4030|9156|24456|4123|4030|1|1|5533|18|323.64|16.18|339.82|60.60|793.26|187.71|55.73|80.20|870.04
|125|1324|158|88009|6020|||||3351|4||5533||42.10|0.84||||28.20|||
2451357|46120|938|7613|54632|4404|1023|7613|54632|4404|1023|1|3|5533|23|696.67|6.96|703.63|62.65|232.07|188.10|167.82|340.75|301.68
2452524|6567|1044|5238|131193|3915|1830|5238|131193|3915|1830|3|1|5534|20|1131.60|22.63|1154.23|27.35|1088.00|1029.75|81.48|20.37|1137.98
2452480|24586|787|211|143457|4543|3909|211|143457|4543|3909|6|1|5534|11|487.19|0.00|487.19|44.00|73.04|482.31|4.05|0.83|117.04
2452650|67931|948|5701|57847|5513|66|5701|57847|5513|66|3|1|5536|31|447.33|40.25|487.58|99.63|1163.12|214.71|174.46|58.16|1303.00
2451356|1327|44|5817|53543|3909|4308|5817|53543|3909|4308|2|3|5537|12|424.44|33.95|458.39|20.66|109.08|301.35|75.08|48.01|163.69
2451613|58173|1114|3865|119391|230|1636|3865|119391|230|1636|4|1|5538|22|70.62|2.82|73.44|21.06|66.00|48.72|12.92|8.98|89.88
2451681|73480|598|5805|63877|2142|2134|5805|63877|2142|2134|2|1|5538|28|1452.64|14.52|1467.16|0.94|363.16|1365.48|29.63|57.53|378.62
2451922|43745|1634|3452|103087|6242|837|3452|103087|6242|837|5|3|5539|6|502.80|45.25|548.05|76.36|122.10|175.98|62.09|264.73|243.71
2451841|77858|1225|9884|172606|161|2923|9884|172606|161|2923|5|2|5539|60|3078.60|246.28|3324.88|64.78|960.00|1508.51|565.23|1004.86|1271.06
2452070|16674|55|6852|64000|6635|863|6852|64000|6635|863|5|1|5540|17|178.50|3.57|182.07|13.15|21.76|57.12|29.13|92.25|38.48
|66077|1600|8188|76560|4339|||76560|||||5542|1|25.73||27.78||||10.11|3.02|110.94
2452765|22835|507|1640|725|5283|328|1640|725|5283|328|3|3|5543|7|133.49|4.00|137.49|85.64|133.49|22.69|54.29|56.51|223.13
2452229|57558|1497|1656|132794|412|4190|1656|132794|412|4190|5|2|5547|6|354.06|3.54|357.60|57.56|64.02|21.24|232.97|99.85|125.12
2452076|55345|1340|4873|79969|4218|1314|4873|79969|4218|1314|1|1|5548|24|1616.40|48.49|1664.89|96.40|319.44|565.74|535.83|514.83|464.33
2451876|53306|881|23|97636|5649|1262|23|97636|5649|1262|5|1|5549|35|345.45|13.81|359.26|40.29|345.45|276.36|42.83|26.26|399.55
2450906|38160|1237|8777|122090|5563|3756|8777|122090|5563|3756|1|3|5550|68|8516.32|681.30|9197.62|67.69|671.84|6642.72|468.40|1405.20|1420.83
||559||37308|6862|416||37308|6862|||3|5552|29||26.84|1369.25||||225.79|163.51|
2452499|65321|1247|2854|141662|3430|4071|2854|141662|3430|4071|5|1|5553|2|251.38|5.02|256.40|7.54|76.18|168.42|7.46|75.50|88.74
2451951|73881|1169|9877|93108|2499|3610|9877|93108|2499|3610|1|1|5554|31|730.36|65.73|796.09|43.52|2282.53|511.25|181.86|37.25|2391.78
2451921|67571|926|3360|46111|1695|4686|3360|46111|1695|4686|1|2|5555|2|0.92|0.02|0.94|58.01|29.02|0.57|0.32|0.03|87.05
2452017|8042|1499|859|153222|385|1348|859|153222|385|1348|5|3|5555|19|814.53|48.87|863.40|58.44|258.59|765.65|20.04|28.84|365.90
2452567|76245|1572|3151|116968|1985|802|3151|116968|1985|802|6|3|5556|19|1583.46|63.33|1646.79|3.82|158.27|1583.46|0.00|0.00|225.42
2452573|65530|777|8910|46473|5876|3559|8910|46473|5876|3559|6|2|5556|8|271.12|5.42|276.54|47.90|303.04|165.38|5.28|100.46|356.36
2452597|81962|853|5888|186627|133|1032|5888|186627|133|1032|3|2|5556|16|757.60|68.18|825.78|88.52|537.12|53.03|260.69|443.88|693.82
2452662|46658|618|3446|164433|1260|4367|3446|164433|1260|4367|6|2|5556|6|78.42|2.35|80.77|11.20|121.98|55.67|11.14|11.61|135.53
2451276|26172|703|7640|89078|4276|2147|7640|89078|4276|2147|2|1|5557|55|0.00|0.00|0.00|19.45|1760.55|0.00|0.00|0.00|1780.00
2451319|40984|1024|3345|132586|3300|2854|3345|132586|3300|2854|1|2|5557|22|1414.60|0.00|1414.60|57.30|656.70|410.23|984.28|20.09|714.00
2452822|84193|1548|1995|47879|4910|221|1995|47879|4910|221|1|3|5558|30|1795.50|125.68|1921.18|6.39|48.30|341.14|363.59|1090.77|180.37
2451465|27671|1198|3288|90720|1079|4951|3288|90720|1079|4951|2|2|5560|4|53.88|2.15|56.03|77.95|19.20|7.54|35.68|10.66|99.30
||1707|4350|||1867|4350|128087|2177||3||5561|7|29.54|0.00|29.54|16.33|||7.60|16.92|
2452696|56395|1123|5230|5371|6712|1253|5230|5371|6712|1253|1|1|5564|24|3371.76|67.43|3439.19|54.44|1147.68|2157.92|534.08|679.76|1269.55
2451327|15702|970|8514|30249|4271|3726|8514|30249|4271|3726|4|1|5566|54|780.30|0.00|780.30|52.62|1523.34|374.54|150.13|255.63|1575.96
2451610|34847|260|1430|62094|838|989|1430|62094|838|989|1|1|5567|11|261.14|18.27|279.41|23.19|206.69|130.57|9.13|121.44|248.15
2451567|65520|1711|7665|125155|6358|1128|7665|125155|6358|1128|2|1|5567|16|348.64|20.91|369.55|51.10|0.00|55.78|152.28|140.58|72.01
2451339|56826|1042|8298|189355|2812|3269|8298|189355|2812|3269|4|1|5569|14|679.56|0.00|679.56|59.90|429.10|258.23|50.55|370.78|489.00
2451316|32547|224|5855|58628|874|2207|5855|58628|874|2207|1|3|5569|43|526.75|36.87|563.62|3.74|2476.80|163.29|21.80|341.66|2517.41
2451936|18642|1567|518|24591|90|4189|518|24591|90|4189|2|3|5570|1|118.67|2.37|121.04|14.99|52.88|113.92|4.65|0.10|70.24
2451328|81646|224|9042|43227|3299|1051|9042|43227|3299|1051|1|2|5571|29|506.05|15.18|521.23|54.57|16.82|55.66|324.28|126.11|86.57
2451218|45692|1510|6635|9088|3621|1267|6635|9088|3621|1267|2|1|5571|13|4.68|0.42|5.10|46.20|52.13|0.56|1.48|2.64|98.75
2451282|42853|1262|6674|139671|1261|4778|6674|139671|1261|4778|2|1|5571|16|201.92|10.09|212.01|44.23|135.68|113.07|72.85|16.00|190.00
2451243|15507|2|9125|153562|6352|2189|9125|153562|6352|2189|1|1|5571|83|7396.13|591.69|7987.82|13.66|3795.59|1035.45|4261.65|2099.03|4400.94
2452790|50671|33|720|148678|3549|787|720|148678|3549|787|3|1|5572|13|782.08|46.92|829.00|87.71|107.25|93.84|144.53|543.71|241.88
2452714|74180|1764|8182|11850|1485|3513|8182|11850|1485|3513|3|1|5574|11|95.37|3.81|99.18|4.77|175.78|92.50|1.11|1.76|184.36
2451750|39054|499|1081|69024|3927|3550|1081|69024|3927|3550|1|2|5575|68|252.96|2.52|255.48|22.47|569.84|232.72|8.70|11.54|594.83
2452547|38302|453|2224|82772|4764|3203|2224|82772|4764|3203|1|1|5578|6|381.84|19.09|400.93|95.95|102.42|343.65|31.31|6.88|217.46
2452457|24303|1311|1438|49169|2133|3904|1438|49169|2133|3904|3|3|5578|3|363.48|29.07|392.55|50.74|15.57|98.13|220.24|45.11|95.38
2452395|73079|59|2217|78004|3231|4385|2217|78004|3231|4385|1|3|5578|2|447.64|31.33|478.97|13.55|134.82|223.82|165.62|58.20|179.70
2452539|901|1045|9471|59881|2818|4868|9471|59881|2818|4868|3|2|5579|62|3522.22|316.99|3839.21|1.53|2817.28|528.33|2664.56|329.33|3135.80
2452490|30368|233|2335|123998|6781|2804|2335|123998|6781|2804|1|2|5579|4|91.76|4.58|96.34|21.92|7.16|86.25|0.93|4.58|33.66
2452315||725|1190|164814||669|||||1|2|5579|16|||||55.20|||36.50|
2451181|60312|1105|4243|45181|1239|737|4243|45181|1239|737|4|2|5580|23|1261.55|75.69|1337.24|27.51|368.69|895.70|139.02|226.83|471.89
2451253|50491|1112|8168|149728|7128|1855|8168|149728|7128|1855|4|3|5580|82|5451.36|163.54|5614.90|13.12|1975.38|654.16|2590.48|2206.72|2152.04
2451350|15620|824|6136|122637|4018|1359|6136|122637|4018|1359|4|2|5580|92|3702.08|296.16|3998.24|53.50|6170.44|3146.76|99.95|455.37|6520.10
2451304|73238|1693|1584|159567|6430|1900|1584|159567|6430|1900|2|2|5580|3|8.82|0.70|9.52|4.61|8.49|4.23|4.13|0.46|13.80
2452156|36167|1415|8426|94794|3722|2817|8426|94794|3722|2817|2|1|5583|78|952.38|19.04|971.42|8.55|147.42|838.09|65.14|49.15|175.01
2451945|77225|917|2751|104874|3124|2687|2751|104874|3124|2687|1|3|5585|37|2465.68|123.28|2588.96|59.73|767.01|1701.31|267.52|496.85|950.02
2452226|50908|500|3385|142385|2105|1865|3385|142385|2105|1865|1|1|5585|49|1556.73|108.97|1665.70|91.39|1176.49|342.48|352.13|862.12|1376.85
2451338|49364|673|3984|103072|113|154|3984|103072|113|154|2|3|5591|15|2012.40|40.24|2052.64|99.90|393.60|1267.81|14.89|729.70|533.74
2451415|74247|340|3995|172322|6362|569|3995|172322|6362|569|1|1|5591|33|3799.62|113.98|3913.60|65.73|2504.37|3457.65|27.35|314.62|2684.08
2451402|42331|1622|7356|30539||||30539||4658|1|2|5591|51|3188.01|286.92|3474.93|||988.28|351.95||651.94
2451321|58022|409|8755|16361|4527|2013|8755|16361|4527|2013|1|2|5591|7|556.29|38.94|595.23|13.90|113.89|111.25|31.15|413.89|166.73
2452800|33230|421|7278|39135|4592|2449|7278|39135|4592|2449|1|2|5592|6|271.38|5.42|276.80|68.45|34.74|179.11|47.98|44.29|108.61
2452845||1056|6644|175411|2258||||||||5593|||5.73|||||||
2452651|69566|931|4882|128259|6723|3267|4882|128259|6723|3267|3|1|5593|7|583.80|35.02|618.82|45.87|125.09|478.71|51.49|53.60|205.98
2452451|73774|167|2627|127673|32|1111|2627|127673|32|1111|3|2|5594|1|195.98|15.67|211.65|56.31|33.52|45.07|72.43|78.48|105.50
2451775|44322|262|6680|100795|4957|119|6680|100795|4957|119|1|2|5596|9|323.91|22.67|346.58|79.41|191.43|136.04|157.81|30.06|293.51
2452009|75420|331|7376|183618|4020|3342|7376|183618|4020|3342|2|3|5597|2|295.84|14.79|310.63|11.89|117.46|26.62|61.92|207.30|144.14
2452355|65163|637|6897|118843|6182|2201|6897|118843|6182|2201|5|3|5600|36|1872.00|93.60|1965.60|97.77|2106.00|1853.28|12.72|6.00|2297.37
2452170|18150|597|5366|120320|1274|628|5366|120320|1274|628|5|1|5600|19|3125.69|93.77|3219.46|25.95|654.17|218.79|2529.00|377.90|773.89
2452475|56841|165|9153|56438|4170|1102|9153|56438|4170|1102|1|1|5604|1|57.20|5.14|62.34|2.58|1.97|57.20|0.00|0.00|9.69
2452541|45963|489|8742|144049|43|917|8742|144049|43|917|3|1|5604|10|42.10|1.26|43.36|38.12|736.80|27.36|1.03|13.71|776.18
2452149|61997|169|5125|36325|1045|3805|5125|36325|1045|3805|5|3|5605|4|120.68|0.00|120.68|20.29|181.04|63.96|6.23|50.49|201.33
2452192|11978|875|8343|76636|4689|2062|8343|76636|4689|2062|5|1|5605|34|969.00|29.07|998.07|7.87|357.00|222.87|238.76|507.37|393.94
2452160|54720|1209|6295|121960|2552|1457|6295|121960|2552|1457|5|2|5605|28|2318.12|92.72|2410.84|48.96|788.48|324.53|1854.03|139.56|930.16
2452870|67186|702|1272|57083|1501|3439|1272|57083|1501|3439|3|1|5606|51|5714.04|171.42|5885.46|2.91|1269.39|2857.02|1028.52|1828.50|1443.72
2452242|66143|387|4062|38279|6736|873|4062|38279|6736|873|1|2|5607|11|36.08|1.08|37.16|97.23|208.01|25.97|7.07|3.04|306.32
2452200|63096|445|4073|160377|8|4199|4073|160377|8|4199|1|1|5607|12|360.96|10.82|371.78|73.13|40.08|75.80|219.57|65.59|124.03
2452323|55189|1035|7641|39104|247|2350|7641|39104|247|2350|5|3|5607|3|333.99|20.03|354.02|90.00|7.95|146.95|26.18|160.86|117.98
2451282|35709|920|690|81435|605|4608|690|81435|605|4608|1|2|5609|14|370.44|22.22|392.66|21.17|504.28|51.86|25.48|293.10|547.67
2451135|46913|1112|8602|40825|2488|3631|8602|40825|2488|3631|2|1|5609|46|5726.54|515.38|6241.92|85.18|1724.08|572.65|2731.56|2422.33|2324.64
2451266|61063|445|3028|116610|7072|2294|3028|116610|7072|2294|4|2|5610|13|468.39|9.36|477.75|39.97|814.58|430.91|29.23|8.25|863.91
2451029|67802|1744|8769|3164|4232|2587|8769|3164|4232|2587|1|2|5610|2|83.08|2.49|85.57|12.21|44.54|78.09|0.09|4.90|59.24
2452157|65468|463|2676|107008|1980|232|2676|107008|1980|232|1|2|5611|52|5935.28|59.35|5994.63|51.19|197.60|4629.51|1188.25|117.52|308.14
2451191|29075|1174|1868|117581|941|2101|1868|117581|941|2101|4|1|5612|8|83.44|2.50|85.94|69.14|56.48|57.57|5.17|20.70|128.12
2451686|67707|1363|1519|55248|6897|3986|1519|55248|6897|3986|2|1|5613|42|5721.66|228.86|5950.52|92.45|530.88|2288.66|3055.37|377.63|852.19
2451197|44842|1138|7743|6015|4974|1366|7743|6015|4974|1366|2|2|5614|38|3937.18|196.85|4134.03|43.63|847.78|1063.03|2586.73|287.42|1088.26
2451655|16488|1345|6741|180092|6690|2441|6741|180092|6690|2441|2|3|5617|11|812.79|73.15|885.94|77.97|400.51|487.67|253.59|71.53|551.63
2451407|30531|928|7728|60055|3172|3729|7728|60055|3172|3729|2|3|5618|65|12735.45|382.06|13117.51|22.79|6650.15|8278.04|44.57|4412.84|7055.00
2451409|35963|607|6645|131225|5598|3098|6645|131225|5598|3098|1|3|5618|8|130.96|0.00|130.96|33.99|3.36|23.57|57.99|49.40|37.35
2452924|26769|451|8858|8514|6203|4452|8858|8514|6203|4452|1|1|5620|29|1257.73|0.00|1257.73|2.13|188.50|1043.91|12.82|201.00|190.63
2451666|74931|1051|930|8936|6338|1300|930|8936|6338|1300|1|2|5621|57|779.76|23.39|803.15|82.26|1063.62|350.89|214.43|214.44|1169.27
2452714|16106|1407|9227|69794|6601|1888|9227|69794|6601|1888|3|2|5622|14|1388.66|83.31|1471.97|23.34|167.86|41.65|498.39|848.62|274.51
2452603|74821|1272|8131|138184|4237|2890|8131|138184|4237|2890|1|2|5622|70|7217.70|505.23|7722.93|72.91|5085.50|6928.99|8.66|280.05|5663.64
2451446|79297|547|5937|36437|5785|3500|5937|36437|5785|3500|2|3|5623|32|1791.04|17.91|1808.95|78.43|0.00|573.13|682.02|535.89|96.34
2451256|34521|1334|6162|61328|6301|3747|6162|61328|6301|3747|4|2|5623|48|974.88|87.73|1062.61|79.37|2064.48|682.41|286.62|5.85|2231.58
2451282|45899|92|1718|188148|4498|3488|1718|188148|4498|3488|1|2|5623|5|519.50|5.19|524.69|89.22|204.65|93.51|17.03|408.96|299.06
2452634|4342|384|6284|66545|4006|867|6284|66545|4006|867|6|3|5624|50|1922.50|76.90|1999.40|23.22|618.00|0.00|807.45|1115.05|718.12
2452709|30199|312|6462|43608|1320|919|6462|43608|1320|919|1|2|5624|10|408.40|16.33|424.73|68.66|337.40|4.08|12.12|392.20|422.39
2452800|68761|1539|4611|102634|6544|934|4611|102634|6544|934|6|1|5624|3|404.43|32.35|436.78|55.64|235.92|246.70|50.47|107.26|323.91
2452696|52079|201|1425|162914|2483|2165|1425|162914|2483|2165|6|3|5624|10|728.90|0.00|728.90|23.77|204.00|502.94|126.53|99.43|227.77
2451465|18259|242|6482|28283|2724|4598|6482|28283|2724|4598|2|3|5626|6|1225.02|73.50|1298.52|29.96|63.12|281.75|481.06|462.21|166.58
2451414|66857|1580|7859|88710|7161|3612|7859|88710|7161|3612|1|3|5626|4|492.44|4.92|497.36|84.90|210.28|231.44|122.67|138.33|300.10
2452925|37517|193|5351|163151|5111|1638|5351|163151|5111|1638|3|2|5628|70|428.40|25.70|454.10|97.16|4393.90|188.49|134.34|105.57|4516.76
2452038||50|1031|||3768||176959|6087|3768|||5630|15||22.17|576.57|7.70|277.20||255.35|5.22|
2451953|40079|1333|3941|147266|3518|1283|3941|147266|3518|1283|2|3|5630|8|40.80|0.00|40.80|45.83|69.92|23.25|3.33|14.22|115.75
2452375|42681|1647|3570|137435|1380|2485|3570|137435|1380|2485|3|3|5631|24|2706.00|108.24|2814.24|44.75|855.84|838.86|1773.78|93.36|1008.83
2452746|76575|411|2236|161808|1987|4286|2236|161808|1987|4286|1|2|5634|94|5230.16|366.11|5596.27|1.71|871.38|2196.66|1395.41|1638.09|1239.20
|31371|892||25873|||9303|||3173||2|5636|76||285.89|4370.13|||||771.11|5081.27
2451551|53151|1178|7676|22408|227|3926|7676|22408|227|3926|4|2|5636|10|106.30|4.25|110.55|94.75|262.70|48.89|21.81|35.60|361.70
2452075|70449|1646|9000|97042|5771|3180|9000|97042|5771|3180|1|2|5637|1|63.64|3.81|67.45|24.29|8.71|17.18|9.29|37.17|36.81
2452013|67608|1481|7833|152068|1150|3585|7833|152068|1150|3585|1|1|5637|21|718.83|57.50|776.33|64.37|207.48|330.66|42.69|345.48|329.35
2451224|30143|40|3789|53294|6003|1832|3789|53294|6003|1832|1|2|5638|39|1088.88|32.66|1121.54|98.42|0.00|947.32|111.83|29.73|131.08
2452807|61254|1254|383|169998|4540|2642|383|169998|4540|2642|1|1|5643|3|256.41|23.07|279.48|46.35|159.39|12.82|148.58|95.01|228.81
2452679|70203|1710|6033|108220|6247|2154|6033|108220|6247|2154|1|2|5643|13|362.96|3.62|366.58|14.48|339.56|94.36|222.93|45.67|357.66
2451549|59099|1483|2404|151925|6086|3527|2404|151925|6086|3527|4|2|5644|18|503.64|40.29|543.93|24.76|357.12|95.69|322.28|85.67|422.17
2451593|60983|550|5602|175300|6725|663|5602|175300|6725|663|4|2|5644|36|1832.04|18.32|1850.36|23.92|1332.36|1355.70|28.58|447.76|1374.60
2452386|32111|1627|3908|11452|1043|434|3908|11452|1043|434|3|3|5649|57|295.83|8.87|304.70|74.17|1272.24|289.91|5.62|0.30|1355.28
2452368|30727|1047|9325|85979|1146|280|9325|85979|1146|280|1|2|5649|58|471.54|9.43|480.97|33.48|2157.60|136.74|244.40|90.40|2200.51
2452204|55939|1251|6263|184991|4199|1320|6263|184991|4199|1320|1|3|5650|50|4707.00|282.42|4989.42|33.68|2855.00|1459.17|2176.04|1071.79|3171.10
2452257|70033|89|6083|149264|125|1546|6083|149264|125|1546|5|2|5650|32|500.80|45.07|545.87|51.74|210.56|320.51|77.52|102.77|307.37
2451458|69650|1291|769|53505|2001|1970|769|53505|2001|1970|2|2|5651|62|673.32|40.39|713.71|85.45|1009.98|599.25|22.22|51.85|1135.82
2452623|76981|1545|4390|125458|6766|4954|4390|125458|6766|4954|1|1|5652|2|236.42|0.00|236.42|71.79|112.82|205.68|26.74|4.00|184.61
2452736|48112|840|3769|10720|5351|1942|3769|10720|5351|1942|6|3|5652|54|5490.18|494.11|5984.29|57.51|2311.74|5050.96|224.00|215.22|2863.36
2452697|77857|1035|511|176295|79|863|511|176295|79|863|1|2|5652|26|587.86|23.51|611.37|88.10|1017.64|376.23|71.95|139.68|1129.25
2452781|36591|654|5839|16440|5601|3329|5839|16440|5601|3329|3|1|5652|78|250.38|0.00|250.38|67.69|368.16|135.20|85.23|29.95|435.85
2452774|73165|1005|2238|177410|2949|2481|2238|177410|2949|2481|6|3|5652|11|206.80|12.40|219.20|0.68|116.93|74.44|86.03|46.33|130.01
2451387|13772|1792|1790|8103|273|1970|1790|8103|273|1970|2|3|5653|33|8996.13|809.65|9805.78|58.83|1101.54|1979.14|2526.11|4490.88|1970.02
2451417|66053|1022|5323|106309|1535|3441|5323|106309|1535|3441|1|3|5653|60|5128.20|0.00|5128.20|17.72|2490.60|1589.74|2936.92|601.54|2508.32
2451436|61826|1087|2069|5906|830|3387|2069|5906|830|3387|1|1|5653|14|2631.72|0.00|2631.72|21.10|1244.74|1684.30|521.08|426.34|1265.84
2451426|39226|1264|3327|95539|6104|3316|3327|95539|6104|3316|2|1|5653|25|855.00|51.30|906.30|92.24|223.00|726.75|75.66|52.59|366.54
2452837|61863|1236|9106|122888|6430|1892|9106|122888|6430|1892|1|3|5654|22|75.46|6.79|82.25|69.28|35.20|70.93|2.98|1.55|111.27
2452624|56721|1549|9830|162537|1677|2224|9830|162537|1677|2224|1|1|5654|24|1028.64|61.71|1090.35|1.25|830.88|781.76|12.34|234.54|893.84
2451735|21999|553|3774|59678|302|213|3774|59678|302|213|1|3|5656|56|5891.20|117.82|6009.02|82.91|1836.80|1119.32|2576.81|2195.07|2037.53
2452108|26704|1087|4520|47765|3250|1415|4520|47765|3250|1415|5|1|5657|57|570.00|5.70|575.70|24.76|50.16|547.20|6.38|16.42|80.62
2451591|67887|193|3678|61590|3102|414|3678|61590|3102|414|4|3|5661|43|498.37|19.93|518.30|55.54|8.60|139.54|287.06|71.77|84.07
2451183|49289|481|3726|170918|5950|4862|3726|170918|5950|4862|4|1|5662|17|117.81|9.42|127.23|6.69|137.53|73.04|25.96|18.81|153.64
2451462|35943|67|8694|97629|3112|388|8694|97629|3112|388|2|1|5663|31|352.47|10.57|363.04|38.59|856.22|119.83|158.19|74.45|905.38
2451360|30594|1513|9579|171390|6674|1845|9579|171390|6674|1845|1|3|5663|20|1269.00|0.00|1269.00|2.51|620.40|406.08|759.36|103.56|622.91
2452759|71901|681|8037|133076|835|2634|8037|133076|835|2634|6|2|5664|22|28.60|0.00|28.60|19.96|90.20|9.72|7.74|11.14|110.16
2451937|60223|1003|158|42378|4871|4851|158|42378|4871|4851|5|3|5665|25|1861.00|18.61|1879.61|64.42|260.50|614.13|1109.71|137.16|343.53
||1567||50708||956||50708||||1|5665||4218.76|337.50|4556.26|93.25|||208.40||
2451041|44910|307|6371|59257|6863|4109|6371|59257|6863|4109|2|3|5667|52|3292.64|263.41|3556.05|20.98|1155.44|1514.61|1511.32|266.71|1439.83
2451676|41050|950|4693|132172|1138|3337|4693|132172|1138|3337|1|2|5668|13|395.07|23.70|418.77|45.59|28.73|94.81|177.15|123.11|98.02
2451933|74853|344|6704|86345|2673|1281|6704|86345|2673|1281|1|1|5669|15|105.00|9.45|114.45|29.22|271.20|94.50|3.57|6.93|309.87
2452282|75150|1507|9259|45928|5924|4880|9259|45928|5924|4880|1|3|5670|49|1063.79|53.18|1116.97|26.30|564.48|180.84|697.53|185.42|643.96
2452282|32943|1001|5892|190214|2616|1778|5892|190214|2616|1778|3|3|5670|38|4142.00|207.10|4349.10|84.83|460.18|3479.28|53.01|609.71|752.11
2452314|28702|511|8765|132792|6019|1646|8765|132792|6019|1646|5|1|5670|18|1877.40|0.00|1877.40|22.96|826.02|826.05|536.18|515.17|848.98
2452026|25621|1415|2854|107542|6663|344|2854|107542|6663|344|5|3|5671|11|0.44|0.00|0.44|4.88|1.32|0.03|0.04|0.37|6.20
2452014|19043|965|1144|103465|2539|4260|1144|103465|2539|4260|1|1|5671|2|120.70|2.41|123.11|38.71|81.56|49.48|55.55|15.67|122.68
2451935|59363|1262|8837|143634|1391|2621|8837|143634|1391|2621|5|3|5671|69|161.46|9.68|171.14|1.70|3078.09|93.64|16.27|51.55|3089.47
2452713|11944|336|582|32223|2664|4458|582|32223|2664|4458|1|3|5673|37|543.90|10.87|554.77|96.56|274.54|32.63|168.71|342.56|381.97
2452873|55171|1536|4264|58587|4910|2833|4264|58587|4910|2833|1|3|5673|2|132.78|7.96|140.74|29.00|99.06|126.14|0.53|6.11|136.02
2452392|38948|1279|3656|154225|5321|4577|3656|154225|5321|4577|3|3|5674|55|270.05|16.20|286.25|24.34|2488.75|202.53|66.16|1.36|2529.29
2452249|31607|1517|9483|185660|3804|1941|9483|185660|3804|1941|1|3|5674|8|142.72|5.70|148.42|67.48|24.32|51.37|53.89|37.46|97.50
2452374|27614|1025|5599|154252|4585|278|5599|154252|4585|278|5|2|5674|16|652.16|13.04|665.20|60.21|12.96|143.47|295.04|213.65|86.21
2452234|30598|647|3527|155301|2562|1703|3527|155301|2562|1703|1|3|5675|50|839.50|50.37|889.87|64.41|894.50|402.96|187.71|248.83|1009.28
2452405|61986|1681|6089|107108|4847|2579|6089|107108|4847|2579|3|1|5675|16|235.04|14.10|249.14|39.50|152.80|63.46|73.77|97.81|206.40
2451633|30995|1405|7540|71863|873|1716|7540|71863|873|1716|2|1|5676|36|264.96|15.89|280.85|86.72|198.72|246.41|5.56|12.99|301.33
2451991|53873|1279|7517|152194|6438|4275|7517|152194|6438|4275|5|1|5677|56|229.04|16.03|245.07|14.73|272.72|103.06|3.77|122.21|303.48
||1736||167300|3399|4938|3557|||4938|5|3|5677|||21.59||73.86|272.78|||54.57|368.23
2452109|72034|1747|1926|155309|2532|188|1926|155309|2532|188|2|1|5677|34|441.66|4.41|446.07|83.62|414.80|70.66|181.79|189.21|502.83
2451994|54476|739|5535|14266|5524|2495|5535|14266|5524|2495|5|1|5677|13|1310.53|52.42|1362.95|52.18|1171.17|1284.31|10.22|16.00|1275.77
2451917|67874|473|4405|53852|899|1546|4405|53852|899|1546|1|3|5677|24|1369.44|82.16|1451.60|28.38|322.08|807.96|522.17|39.31|432.62
2451956|43174|85|2451|71622|233|4324|2451|71622|233|4324|2|1|5678|6|752.58|67.73|820.31|41.78|255.30|45.15|226.37|481.06|364.81
2452278|21110|441|2568|114160|665|4937|2568|114160|665|4937|1|2|5680|2|20.70|1.44|22.14|7.93|14.10|10.76|3.47|6.47|23.47
2452937||1477|||109||||||||5681|33|||825.99||419.43|||225.50|451.67
2451706|66101|1610|8222|117665|5348|1711|8222|117665|5348|1711|1|2|5682|6|299.52|0.00|299.52|28.01|205.38|245.60|9.70|44.22|233.39
2451858|10876|1603|3414|49826|5918|370|3414|49826|5918|370|1|1|5682|41|1537.09|30.74|1567.83|64.48|1908.55|430.38|763.62|343.09|2003.77
2451881|42933|1319|5688|14241|4394|594|5688|14241|4394|594|1|2|5682|5|27.60|0.55|28.15|83.92|10.70|8.00|15.48|4.12|95.17
|26315|1243||99232||1094||99232|||||5683|21|||||2195.34||945.43||
2451652|46368|1651|383|50940|2890|1767|383|50940|2890|1767|1|2|5684|6|275.82|8.27|284.09|27.62|103.44|250.99|13.65|11.18|139.33
2451755|70585|457|5778|80303|235|40|5778|80303|235|40|2|1|5685|4|126.20|10.09|136.29|74.58|109.20|97.17|17.70|11.33|193.87
2452219|49324|1658|7259|87694|162|237|7259|87694|162|237|1|1|5686|9|557.64|44.61|602.25|65.66|146.43|211.90|280.04|65.70|256.70
2451707|78864|1748|5706|10286|3553|2500|5706|10286|3553|2500|4|1|5688|7|112.00|0.00|112.00|41.16|132.37|88.48|18.34|5.18|173.53
2451409|6594|568|395|157925|3968|178|395|157925|3968|178|4|2|5689|47|50.76|1.01|51.77|2.15|10.34|5.07|5.48|40.21|13.50
2451805|67402|308|240|71214|1355|2489|240|71214|1355|2489|1|2|5690|15|245.10|12.25|257.35|14.77|913.50|154.41|47.15|43.54|940.52
2451357|29818|1456|7951|8210|3189|1255|7951|8210|3189|1255|2|1|5691|38|1560.66|124.85|1685.51|47.79|653.60|218.49|1342.17|0.00|826.24
2452631|24012|1758|1757|167226|4695|2364|1757|167226|4695|2364|1|2|5692|40|4442.40|0.00|4442.40|26.75|1038.40|3909.31|415.81|117.28|1065.15
2451745|60368|518|1335|16237|4419|1608|1335|16237|4419|1608|2|2|5693|24|386.16|27.03|413.19|69.75|334.56|281.89|80.28|23.99|431.34
2451608|75945|1693|5479|129055|7158|574|5479|129055|7158|574|2|1|5693|19|1466.42|14.66|1481.08|19.95|228.00|205.29|403.56|857.57|262.61
2451943|32310|553|7825|110553|6048|3783|7825|110553|6048|3783|2|3|5695|3|179.43|14.35|193.78|14.25|5.58|0.00|154.30|25.13|34.18
2451922|15853|980|8866|2217|3328|2312|8866|2217|3328|2312|1|1|5695|20|3859.60|231.57|4091.17|81.44|501.60|656.13|384.41|2819.06|814.61
2451109|61916|1198|9984|142973|1515|704|9984|142973|1515|704|2|2|5696|6|685.32|41.11|726.43|0.84|198.72|287.83|143.09|254.40|240.67
2451310|72062|362|7450|107390|5697|4644|7450|107390|5697|4644|4|1|5697|5|1026.10|30.78|1056.88|72.83|296.15|287.30|273.35|465.45|399.76
2452089|42418|1147|5912|189076|4047|3738|5912|189076|4047|3738|2|3|5698|49|98.98|0.00|98.98|76.25|7.84|16.82|72.30|9.86|84.09
2451667|36547|1636|6978|135297|4256|648|6978|135297|4256|648|1|1|5699|12|43.68|0.43|44.11|90.92|30.36|31.01|11.90|0.77|121.71
2451592|41126|1537|1149|148866|7176|613|1149|148866|7176|613|2|3|5702|63|5297.67|476.79|5774.46|76.80|794.43|1642.27|3033.98|621.42|1348.02
2451682|38739|1618|9978|145116|4814|479|9978|145116|4814|479|1|3|5702|74|5690.60|227.62|5918.22|40.55|5690.60|2674.58|120.64|2895.38|5958.77
2451779|64935|1639|7462|124854|566|2918|7462|124854|566|2918|5|1|5703|48|2689.44|134.47|2823.91|6.49|1207.20|1479.19|714.04|496.21|1348.16
2451849|58088|806|6090|56972|4096|2187|6090|56972|4096|2187|1|3|5703|28|1422.96|71.14|1494.10|96.64|1584.52|739.93|232.23|450.80|1752.30
2452660|60165|1770|5583|45927|2478|949|5583|45927|2478|949|6|3|5705|3|37.56|2.25|39.81|76.11|115.20|16.52|11.78|9.26|193.56
2452540|45736|1746|7502|151875|2041|134|7502|151875|2041|134|3|1|5705|7|531.93|5.31|537.24|29.28|291.06|47.87|232.34|251.72|325.65
2451394|64466|62|7764|10421|6758|655|7764|10421|6758|655|1|2|5706|21|1226.61|98.12|1324.73|4.36|1682.10|478.37|478.87|269.37|1784.58
2451301|16070|1234|5357|154654|3118|3575|5357|154654|3118|3575|4|1|5706|89|8108.79|162.17|8270.96|47.48|3243.16|973.05|2354.79|4780.95|3452.81
2452485|67504|1737|1121|32410|1986|2395|1121|32410|1986|2395|5|3|5707|9|219.06|4.38|223.44|26.61|155.16|138.00|32.42|48.64|186.15
2452285|4306|1747|2792|27695|3078|3221|2792|27695|3078|3221|1|3|5707|19|386.84|3.86|390.70|74.30|197.41|54.15|49.90|282.79|275.57
2451451|49567|392|6944|164540|1896|1172|6944|164540|1896|1172|2|3|5708|2|21.92|1.75|23.67|16.64|27.40|3.28|10.99|7.65|45.79
2451304|81309|1243|5309|123245||||123245||3957|||5708|29||42.50|750.97|17.85|||||1924.76
2451333|56173|1040|1942|144222|3655|2535|1942|144222|3655|2535|2|3|5708|78|1132.56|11.32|1143.88|54.89|3625.44|464.34|73.50|594.72|3691.65
2451154|62873|1766|9319|83136|5146|4483|9319|83136|5146|4483|1|1|5709|54|1672.92|133.83|1806.75|15.44|5138.10|1304.87|257.63|110.42|5287.37
2451157|75836|980|9019|70192|3845|4058|9019|70192|3845|4058|4|1|5709|27|5526.36|165.79|5692.15|69.72|797.58|4034.24|1253.38|238.74|1033.09
2452392|70228|373|2139|158765|591|464|2139|158765|591|464|1|2|5711|7|495.25|19.81|515.06|79.68|234.22|4.95|416.75|73.55|333.71
2452467|68620|1759|443|183224|852|2833|443|183224|852|2833|5|2|5711|2|21.68|1.73|23.41|19.08|18.58|19.94|1.25|0.49|39.39
2451929|62444|1151|9982|172567|5332|897|9982|172567|5332|897|5|2|5713|21|1754.34|70.17|1824.51|1.94|412.65|877.17|517.53|359.64|484.76
2451284|24446|13|6405|128883|5041|6|6405|128883|5041|6|1|3|5715|1|5.66|0.39|6.05|14.85|23.24|4.86|0.51|0.29|38.48
2451352|56578|565|9419|34749|159|2729|9419|34749|159|2729|2|1|5715|3|45.21|0.45|45.66|64.58|13.17|5.87|3.54|35.80|78.20
2451342|63930|631|8576|121246|3709|1299|8576|121246|3709|1299|4|1|5715|11|701.80|49.12|750.92|33.90|378.51|498.27|93.62|109.91|461.53
2452595|53075|1323|8356|63996|4483|4123|8356|63996|4483|4123|1|3|5717|3|37.74|0.37|38.11|43.76|29.16|1.13|12.08|24.53|73.29
2452719|57039|1401|570|59813|1616|3339|570|59813|1616|3339|3|1|5717|35|515.20|5.15|520.35|39.55|128.80|36.06|402.47|76.67|173.50
2452152|54465|393|1223|147376|1449|3562|1223|147376|1449|3562|3|3|5719|15|64.95|5.84|70.79|48.13|231.45|37.67|25.91|1.37|285.42
2452408|9383|1243|2748|186586|6791|4389|2748|186586|6791|4389|5|1|5719|2|69.32|0.00|69.32|2.46|0.00|59.61|5.43|4.28|2.46
2452858|8811|1687|9226|4808|3190|4372|9226|4808|3190|4372|3|1|5720|9|4.32|0.00|4.32|89.57|19.62|1.25|2.48|0.59|109.19
2452647||3||102997||2468|965||||1|1|5720|44||134.59||70.43|||336.10|548.39|913.42
2452712|68870|648|7270|34201|765|3136|7270|34201|765|3136|1|2|5720|93|407.34|12.22|419.56|94.22|1922.31|382.89|8.55|15.90|2028.75
2451649|79458|1126|7250|47399|2875|1264|7250|47399|2875|1264|1|1|5722|33|2779.26|111.17|2890.43|49.09|1241.79|750.40|1237.60|791.26|1402.05
2452342|2161|391|6268|47311|3041|4651|6268|47311|3041|4651|3|1|5723|12|1453.20|101.72|1554.92|36.65|889.32|741.13|327.55|384.52|1027.69
2452416|54463|1431|9165|176828|91|201|9165|176828|91|201|3|3|5723|39|3109.08|0.00|3109.08|31.55|604.50|2269.62|302.20|537.26|636.05
2451777|44554|247|881|107290|466|4635|881|107290|466|4635|5|3|5724|23|450.57|9.01|459.58|79.96|439.53|351.44|20.81|78.32|528.50
2451144|62702|1006|7475|32181|3702|1623|7475|32181|3702|1623|4|2|5725|6|234.66|21.11|255.77|39.99|144.06|91.51|12.88|130.27|205.16
2451276|78716|1336|516|82539|6002|2945|516|82539|6002|2945|4|2|5725|23|918.16|45.90|964.06|19.72|581.21|64.27|51.23|802.66|646.83
2451134|70307|812|5116|134124|3165|413|5116|134124|3165|413|4|3|5725|47|4116.73|370.50|4487.23|90.66|488.33|1646.69|419.90|2050.14|949.49
2451312|60356|1226|5522|19|4789|3846|5522|19|||1|3|5726|19|131.86|10.54|142.40|5.67||113.39|0.36||521.80
2451415|35930|1354|158|180901|4005|1382|158|180901|4005|1382|2|3|5726|24|1084.80|21.69|1106.49|6.01|0.00|1019.71|18.87|46.22|27.70
2451447|57424|385|3362|82567|1005|4650|3362|82567|1005|4650|2|2|5726|10|365.40|10.96|376.36|50.93|531.50|266.74|34.53|64.13|593.39
2452740|62651|57|7625|125436|5360|1204|7625|125436|5360|1204|3|1|5727|8|1089.44|76.26|1165.70|92.10|41.36|817.08|149.79|122.57|209.72
2452691|50850|235|1927|61444|3521|4471|1927|61444|3521|4471|6|2|5727|20|3406.00|102.18|3508.18|3.22|2206.60|442.78|29.63|2933.59|2312.00
2451355|69476|1249|2119|34348|17|1366|2119|34348|17|1366|4|2|5728|15|1305.45|52.21|1357.66|17.47|529.20|731.05|310.17|264.23|598.88
2452168|63914|1573|5092|131725|1718|4831|5092|131725|1718|4831|3|3|5731|4|172.04|5.16|177.20|70.83|159.32|166.87|3.72|1.45|235.31
2452300|38993|1549|1510|2625|6027|462|1510|2625|6027|462|5|1|5732|40|690.80|6.90|697.70|68.56|162.40|435.20|15.33|240.27|237.86
2451929|55080|707|5703|15243|3936|1629|5703|15243|3936|1629|5|2|5734|42|4512.90|180.51|4693.41|28.63|2181.90|4422.64|66.79|23.47|2391.04
2451281|56575|916|1731|60719|4907|4342|1731|60719|4907|4342|4|3|5736|43|1384.17|0.00|1384.17|63.77|1307.20|872.02|414.84|97.31|1370.97
2451907|31818|1139|9453|44034|3015|2796|9453|44034|3015|2796||1|5737|68|7671.76|||19.82|1322.60||||1495.85
2451956|9892|1721|8737|134156|535|1434|8737|134156|535|1434|2|3|5738|17|1467.27|29.34|1496.61|83.31|544.34|278.78|142.61|1045.88|656.99
2451995|713|1595|2772|18213|3654|2095|2772|18213|3654|2095|1|1|5738|25|1474.50|0.00|1474.50|86.55|874.75|1445.01|5.89|23.60|961.30
2451154|9192|830|9883|181749|3648|2354|9883|181749|3648|2354|2|3|5739|12|1379.52|27.59|1407.11|44.67|143.28|151.74|908.55|319.23|215.54
2451005|38618|1604|4510|130505|5860|2935|4510|130505|5860|2935|1|3|5742|18|130.14|2.60|132.74|44.77|553.68|106.71|12.18|11.25|601.05
2451751||1189|7997||2696||||2696|869||1|5744|10||||||580.36|||
2451821|76139|818|1786|102770|7114|778|1786|102770|7114|778|1|3|5744|86|2515.50|226.39|2741.89|52.27|588.24|2440.03|51.31|24.16|866.90
2451606|80992|469|6646|29038|277|4269|6646|29038|277|4269|2|3|5745|8|468.48|14.05|482.53|18.55|91.60|416.94|18.55|32.99|124.20
|85711|449|2093||4033||2093||4033|1003|2|1|5746|10|473.20|||24.33|254.80||21.20||302.79
2452933|49001|378|7109|129730|4718|346|7109|129730|4718|346|1|1|5747|5|48.10|0.48|48.58|96.63|12.55|0.48|26.19|21.43|109.66
2452129|18587|309|941|82440|1859|3318|941|82440|1859|3318|1|2|5748|18|18.18|1.27|19.45|89.89|13.32|5.45|6.36|6.37|104.48
2452086|38840|1209|1530|114018|4873|1521|1530|114018|4873|1521|1|1|5748|32|0.00|0.00|0.00|62.65|95.36|0.00|0.00|0.00|158.01
2451216|57950|1642|811|77600|6389|4978|811|77600|6389|4978|1|2|5749|20|200.80|4.01|204.81|21.09|386.20|138.55|19.29|42.96|411.30
2451261|26299|949|70|97943|1449|1562|70|97943|1449|1562|2|1|5749|1|44.80|0.89|45.69|44.82|1.60|17.47|7.65|19.68|47.31
2452067|13205|165|2579|3964|5429|1654|2579|3964|5429|1654|3|3|5750|86|13427.18|537.08|13964.26|93.91|821.30|10338.92|864.71|2223.55|1452.29
2452037|37916|721|5843|114146|6331|2269|5843|114146|6331|2269|1|3|5750|4|15.40|0.77|16.17|73.63|5.16|12.93|0.14|2.33|79.56
2452273|69372|975|1050|177824|6323|1415|1050|177824|6323|1415|1|2|5751|3|188.64|15.09|203.73|4.80|35.61|164.11|14.47|10.06|55.50
2452258|45559|1219|8229|45890|4351|3059|8229|45890|4351|3059|5|1|5751|23|2055.74|123.34|2179.08|51.73|1449.00|534.49|136.91|1384.34|1624.07
2452179|40342|465|4847|71910|6413|1996|4847|71910|6413|1996|1|3|5753|2|9.90|0.69|10.59|66.97|27.52|9.80|0.04|0.06|95.18
2452248|48976|829|6469|11897|1388|1632|6469|11897|1388|1632|5|1|5753|32|2779.20|111.16|2890.36|64.27|1452.80|389.08|1386.26|1003.86|1628.23
2452186|37475|1459|8785|106534|4283|585|8785|106534|4283|585|3|1|5753|36|3682.08|294.56|3976.64|82.40|2313.00|0.00|810.05|2872.03|2689.96
2452254|70945|131|4738|82552|5696|4567|4738|82552|5696|4567|1|2|5754|63|2175.39|195.78|2371.17|59.16|6014.61|1022.43|564.95|588.01|6269.55
2451243|64438|601|1009|42051|4213|1615|1009|42051|4213|1615|2|3|5755|15|1086.75|10.86|1097.61|58.61|463.80|652.05|421.65|13.05|533.27
2451273|75964|1388|1973|4288|6010|3405|1973|4288|6010|3405|2|3|5755|72|4527.36|362.18|4889.54|98.59|5030.64|3938.80|282.50|306.06|5491.41
2452545|70315|543|9697|44825|7200|4928|9697|44825|7200|4928|3|1|5758|12|188.16|15.05|203.21|93.19|386.28|13.17|94.49|80.50|494.52
2452470|46404|797|3130|61550|7010|2550|3130|61550|7010|2550|5|2|5758|39|2708.16|81.24|2789.40|90.14|1867.71|1543.65|1106.28|58.23|2039.09
2451295|74648|1052|2531|113584|2830|4956|2531|113584|2830|4956|1|2|5759|9|221.13|15.47|236.60|59.17|90.18|212.28|7.69|1.16|164.82
2451384|62561|1789|3463|128292|2721|3350|3463|128292|2721|3350|4|3|5759|9|500.31|20.01|520.32|33.72|410.94|170.10|29.71|300.50|464.67
2452352|82520|181|5567|148527|3807|4974|5567|148527|3807|4974|1|3|5760|15|6.45|0.12|6.57|56.11|215.25|3.54|2.50|0.41|271.48
2452846|37716|243|6604|68240|4996|2992|6604|68240|4996|2992|3|3|5762|22|1857.46|55.72|1913.18|1.43|269.50|817.28|696.92|343.26|326.65
2452121|55858|411|9045|125001|4030|4546|9045|125001|4030|4546|3|1|5763|7|311.43|3.11|314.54|90.68|162.89|214.88|81.10|15.45|256.68
2452257|48747|1463|6958|82617|483|3469|6958|82617|483|3469|1|3|5763|7|689.15|20.67|709.82|25.27|367.50|296.33|125.70|267.12|413.44
2452128|18470|1706|9311|136408|6625|1235|9311|136408|6625|1235|2|1|5765|1|7.43|0.66|8.09|25.79|72.82|3.93|1.40|2.10|99.27
2451878|32405|1745|1213|22038|3776|3881|1213|22038|3776|3881|2|3|5767|38|4244.98|127.34|4372.32|44.92|1313.66|636.74|2742.26|865.98|1485.92
2451940|77487|1313|4950|47147|4191|2788|4950|47147|4191|2788|1|3|5767|22|814.66|0.00|814.66|22.56|602.14|211.81|337.59|265.26|624.70
2452612|51069|679|1939|135447|4235|2583|1939|135447|4235|2583|1|1|5770|37|789.95|0.00|789.95|25.23|409.59|655.65|18.80|115.50|434.82
2452472|66651|65|4669|159861|5773|4125|4669|159861|5773|4125|1|3|5772|22|852.28|42.61|894.89|23.46|36.08|306.82|387.27|158.19|102.15
2452225|73582|843|6964|26890|6816|2189|6964|26890|6816|2189|1|1|5774|54|2228.58|22.28|2250.86|69.68|2013.12|1872.00|74.88|281.70|2105.08
2452396|42181|761|8394|164794|1834|954|8394|164794|1834|954|5|2|5774|2|11.48|0.80|12.28|69.42|4.04|2.29|0.55|8.64|74.26
2452225|74599|1679|1146|190898|970|1235|1146|190898|970|1235|5|3|5774|27|2006.91|160.55|2167.46|96.72|1412.10|1946.70|10.83|49.38|1669.37
2451152|27572|1504|4859|154978|2020|3255|4859|154978|2020|3255|4|2|5776|17|560.32|50.42|610.74|82.50|110.67|336.19|179.30|44.83|243.59
2452359|24300|1243|4147|68057|1360|4590|4147|68057|1360|4590|3|2|5777|29|477.34|9.54|486.88|63.27|337.56|23.86|49.88|403.60|410.37
2452347|66433|1723|3088|124710|1052|4081|3088|124710|1052|4081|5|3|5777|6|769.44|15.38|784.82|66.78|452.04|569.38|170.05|30.01|534.20
||615||41830||2766|9169||3418|2766|||5778||||259.00|26.85|||||82.57
|39846|1366|5707||6843||||6843|4211|2|1|5779|||6.04|81.64|4.36||47.62||17.07|17.12
2451690|43346|418|8731|24865|4472|1766|8731|24865|4472|1766|2|3|5779|71|1467.57|58.70|1526.27|7.92|3760.87|396.24|96.41|974.92|3827.49
2452622|18938|1707|4839|177301|1330|3999|4839|177301|1330|3999|1|3|5784|7|176.33|7.05|183.38|52.98|108.50|70.53|104.74|1.06|168.53
2452203|34716|269|6284|165419|6521|816|6284|165419|6521|816|1|2|5785|33|856.68|8.56|865.24|43.19|554.40|205.60|468.77|182.31|606.15
2452336|84695|297|203|91295|3267|3399|203|91295|3267|3399|1|3|5785|3|24.42|0.73|25.15|32.46|15.93|4.63|4.55|15.24|49.12
2451802|85592|1117|4215|121189|2690|504|4215|121189|2690|504|5|2|5786|27|1445.04|101.15|1546.19|60.01|82.35|1025.97|410.68|8.39|243.51
2451849|72572|733|3199|99993|4707|661|3199|99993|4707|661|2|3|5786|13|1220.44|97.63|1318.07|23.56|361.53|451.56|269.10|499.78|482.72
2451237|65155|296|6462|73125|6884|450|6462|73125|6884|450|2|3|5789|23|358.57|17.92|376.49|36.94|89.47|297.61|50.59|10.37|144.33
2451180|63964|643|1783|55854|2998|1829|1783|55854|2998|1829|4|3|5789|16|1464.16|131.77|1595.93|20.37|851.84|1332.38|32.94|98.84|1003.98
2452669|20619|1177|1967|138938|2902|1593|1967|138938|2902|1593|1|2|5790|8|145.84|13.12|158.96|16.04|30.24|7.29|42.95|95.60|59.40
2452617|74974|1167|6870|176274|4191|3075|6870|176274|4191|3075|3|1|5790|35|766.85|38.34|805.19|44.11|1533.70|161.03|508.88|96.94|1616.15
2452003|27981|1643|1197|15512|4067|2502|1197|15512|4067|2502|5|2|5791|18|402.66|20.13|422.79|42.15|1409.40|24.15|310.37|68.14|1471.68
2451418|35830|962|5254|138219|2464|1069|5254|138219|2464|1069|1|2|5794|51|2594.37|77.83|2672.20|57.74|864.45|622.64|1163.32|808.41|1000.02
2452019|72441|161|5323|133130|24|551|5323|133130|24|551|1|2|5796|19|132.43|6.62|139.05|79.63|729.22|27.81|93.11|11.51|815.47
2452027|30976|397|6941|25088|6708|3015|6941|25088|6708|3015|1|2|5796|21|512.82|30.76|543.58|21.62|182.49|302.56|31.53|178.73|234.87
2451961||38||3017|6725|1553|1069|3017||1553|1||5796|3|99.27||107.21||||||104.61
2451535|53727|916|1911|141360|4809|4611|1911|141360|4809|4611|1|3|5797|4|277.80|2.77|280.57|83.66|190.72|80.56|21.69|175.55|277.15
2451547|68600|442|846|170480|6547|4421|846|170480|6547|4421|2|1|5798|43|2685.35|53.70|2739.05|32.48|1891.14|698.19|1490.37|496.79|1977.32
2451601|22023|1309|2335|187243|3151|2932|2335|187243|3151|2932|2|2|5798|44|1843.16|18.43|1861.59|23.68|164.56|866.28|791.27|185.61|206.67
2452745|73875|961|9709|137398|5967|3896|9709|137398|5967|3896|6|3|5800|4|110.88|4.43|115.31|23.18|67.76|87.59|15.13|8.16|95.37
2452416|37439|1427|6462|31211|2713|615|6462|31211|2713|615|5|1|5801|3|15.81|0.94|16.75|95.90|75.96|11.69|1.31|2.81|172.80
2452406|58666|871|5824|78457|4643|4476|5824|78457|4643|4476|1|3|5801|9|376.29|15.05|391.34|99.67|66.33|225.77|70.74|79.78|181.05
2451296|24326|1048|9038|106029|6027|945|9038|106029|6027|945|4|3|5803|2|80.82|4.04|84.86|53.67|0.96|62.23|16.91|1.68|58.67
2452179|50087|739|6274|169985|1329|833|6274|169985|1329|833|1|2|5804|66|6198.06|61.98|6260.04|67.85|2337.06|929.70|5110.30|158.06|2466.89
2451727|43944|176|5739|33106|5386||5739||5386|386|||5805|||||19.63|||||
2451740|58101|1057|708|172506|7184|2622|708|172506|7184|2622|1|1|5805|6|19.32|0.77|20.09|42.79|96.84|1.93|3.99|13.40|140.40
2451384|70154|830||191475|1493|3271|3090|191475|1493||2||5806|18||18.32||81.03|327.24|172.73|21.35||426.59
2451371|46246|28|2612|157885|1525|1958|2612|157885|1525|1958|4|1|5806|4|53.40|0.53|53.93|67.31|106.80|31.50|1.53|20.37|174.64
2451126|74118|1736|2868|123117|6486|2942|2868|123117|6486|2942|1|2|5807|23|52.90|1.05|53.95|86.27|62.10|34.38|6.66|11.86|149.42
2451135|46340|1747|4006|100942|711|1040|4006|100942|711|1040|1|1|5807|23|258.75|12.93|271.68|65.37|226.32|253.57|5.07|0.11|304.62
2451305|78251|739|866|99176|5166|3716|866|99176|5166|3716|2|2|5807|44|4066.04|0.00|4066.04|15.89|2675.20|3944.05|79.29|42.70|2691.09
2451102|28765|1256|9218|144002|626|4730|9218|144002|626|4730|4|3|5807|9|349.92|3.49|353.41|24.17|82.62|59.48|60.99|229.45|110.28
2452566|47927|1335|4167|181220|4306|3199|4167|181220|4306|3199|1|2|5808|7|10.71|0.85|11.56|18.14|18.06|4.49|3.35|2.87|37.05
2450984|62178|688|6961|17581|7161|3061|6961|17581|7161|3061|4|1|5811|30|524.10|20.96|545.06|90.58|38.10|272.53|17.60|233.97|149.64
2452037|4872|536|4738|130837|4936|4835|4738|130837|4936|4835|5|1|5813|11|457.27|41.15|498.42|41.70|307.89|109.74|222.41|125.12|390.74
2452163|22072|1255|8384|188282|3540|1071|8384|188282|3540|1071|2|2|5813|18|705.42|0.00|705.42|32.95|633.06|105.81|77.94|521.67|666.01
2451571|64952|140|3132|42159|3953|4987|3132|42159|3953|4987|1|1|5814|60|5642.40|112.84|5755.24|94.30|2865.60|4118.95|15.23|1508.22|3072.74
2452269|70379|585|5891|78572|1926|520|5891|78572|1926|520|5|2|5815|2|50.08|4.00|54.08|56.15|16.34|49.07|0.20|0.81|76.49
2452310|13480|525|3592|90077|7089|2261|3592|90077|7089|2261|5|3|5815|4|35.36|0.00|35.36|2.12|10.88|15.20|3.22|16.94|13.00
2452249|24655|1533|2326|56003|3920|1517|2326|56003|3920|1517|1|1|5815|3|411.45|12.34|423.79|28.29|119.43|12.34|247.44|151.67|160.06
2452139|53204|1628|2951|155677|3956|1882|2951|155677|3956|1882|5|2|5818|4|3.44|0.06|3.50|95.49|0.60|2.64|0.36|0.44|96.15
2451994|62484|1543|2614|163954|3792|3070|2614|163954|3792|3070|1|1|5818|7|168.28|10.09|178.37|98.13|84.14|47.11|88.45|32.72|192.36
2452059|67863|1643|6358||3898||6358|||621||3|5818|6|8.16|0.57|8.73|18.43|117.48||3.07|0.77|
2451719|77329|1573|9506|127243|2681|4719|9506|127243|2681|4719|1|3|5819|55|109.45|2.18|111.63|7.67|78.10|5.47|61.34|42.64|87.95
2451117|49066|1342|8557|187730|5943|3236|8557|187730|5943|3236|2|3|5820|2|20.34|0.40|20.74|73.04|59.66|16.67|2.01|1.66|133.10
2451317|64554|79|5939|113623|2940|4417|5939|113623|2940|4417|4|3|5820|3|40.44|1.61|42.05|3.30|28.89|22.64|7.29|10.51|33.80
2451262|24062|1075|9201|38459|4084|2349|9201|38459|4084|2349|2|1|5820|7|82.67|1.65|84.32|4.47|69.93|57.04|3.07|22.56|76.05
2452579|538|637|802|118014|1419|4351|802|118014|1419|4351|3|3|5821|9|63.00|1.26|64.26|29.37|245.16|33.39|5.03|24.58|275.79
2452706|15923|1146|1737|175977|3419|4188|1737|175977|3419|4188|6|3|5822|36|3471.84|243.02|3714.86|18.95|47.52|3124.65|347.19|0.00|309.49
2452694|35921|1212|1144|29091|1518|1705|1144|29091|1518|1705|3|3|5822|5|29.40|0.00|29.40|96.75|58.85|4.41|5.49|19.50|155.60
2452598|68154|1248|4363|177086|2929|3365|4363|177086|2929|3365|1|2|5823|11|411.29|0.00|411.29|81.21|543.95|259.11|12.17|140.01|625.16
2452596|25836|276|8735|184540|2392|3397|8735|184540|2392|3397|6|1|5823|34|2030.14|142.10|2172.24|23.35|354.28|1136.87|741.41|151.86|519.73
2451213|22612|1124|3653|125685|1957|1909|3653|125685|1957|1909|2|2|5825|22|112.64|1.12|113.76|87.96|173.36|95.74|9.80|7.10|262.44
2451223|62879|850|5091|47066|5714|3449|5091|47066|5714|3449|2|1|5825|57|107.73|1.07|108.80|35.58|70.11|77.56|14.17|16.00|106.76
2452736|70198|511|||5737||5260|||||1|5827|||||26.29||352.79|66.53||305.61
2452679|71460|531|4141|168737|5046|4675|4141|168737|5046|4675|6|2|5828|11|573.32|11.46|584.78|64.07|333.30|493.05|28.89|51.38|408.83
2452537|66777|120|4672|86319|2253|2867|4672|86319|2253|2867|1|1|5828|1|8.77|0.17|8.94|10.39|23.81|8.50|0.19|0.08|34.37
2451902|66492|1358|6886|7185|2091|1070|6886|7185|2091|1070|5|1|5829|5|301.15|9.03|310.18|49.69|45.00|258.98|18.97|23.20|103.72
2451863|20430|1661|5282|32085|4488|2644|5282|32085|4488|2644|2|3|5829|9|777.60|38.88|816.48|29.51|607.50|171.07|212.28|394.25|675.89
2452470|46796|381|947|26031|5228|792|947|26031|5228|792|1|2|5830|48|9560.16|860.41|10420.57|59.00|336.96|669.21|2400.55|6490.40|1256.37
2452253|75308|1335|5502|78505|1235|3725|5502|78505|1235|3725|3|3|5830|5|56.50|3.39|59.89|87.80|45.50|55.93|0.36|0.21|136.69
2452483|55929|129|5229|143607|5585|4163|5229|143607|5585|4163|5|1|5831|1|186.35|1.86|188.21|93.66|15.52|91.31|12.35|82.69|111.04
2452541|36782|53|2047|66149|1498|1000|2047|66149|1498|1000|1|2|5831|4|630.84|18.92|649.76|29.84|361.80|75.70|455.21|99.93|410.56
2452400|23356|17|7978|130539|1293|2774|7978|130539|1293|2774|1|3|5831|6|346.44|13.85|360.29|44.78|209.04|207.86|130.26|8.32|267.67
2451993|43752|665|6290|104407|2364|1601|6290|104407|2364|1601|2|2|5832|47|375.06|30.00|405.06|32.54|1167.95|22.50|151.60|200.96|1230.49
2452125|69392|350|6913|148319|12|3338|6913|148319|12|3338|2|2|5832|13|475.02|42.75|517.77|84.38|284.96|384.76|56.86|33.40|412.09
2450941||1472||53884|3360|||53884|3360||||5834||441.42||454.66|91.92|||5.03||
2451115|35867|1298|9039|18813|2907|2794|9039|18813|2907|2794|4|1|5834|7|1235.22|0.00|1235.22|76.54|100.52|209.98|768.93|256.31|177.06
2452254|40746|1369|4514|7540|3446|2512|4514|7540|3446|2512|5|2|5835|1|13.23|1.19|14.42|3.19|1.47|5.02|0.08|8.13|5.85
||777|129|37256||2397||37256|||||5835|18||29.03|2932.61||0.00|1132.39|531.35|1239.84|
2452065|69983|1503|3760|7251|2342|986|3760|7251|2342|986|3|1|5835|9|473.31|33.13|506.44|2.36|60.66|4.73|463.89|4.69|96.15
2452138|45808|1413|168|93590|885|4467|168|93590|885|4467|1|1|5835|5|442.25|0.00|442.25|78.44|128.35|234.39|70.67|137.19|206.79
2451366|63996|1726|1062|25015|6775|3208|1062|25015|6775|3208|1|3|5837|73|89.79|6.28|96.07|49.06|100.74|17.06|26.18|46.55|156.08
2452070|56047|734|1085|15916|907|2171|1085|15916|907|2171|5|2|5838|10|78.60|5.50|84.10|51.41|107.60|1.57|33.89|43.14|164.51
2452207|43616|1321|7634|143178|5362|2873|7634|143178|5362|2873|1|3|5838|12|1227.48|110.47|1337.95|52.49|1076.76|687.38|64.81|475.29|1239.72
2452899|44499|318|5190|136565|4307|642|5190|136565|4307|642|6|3|5839|57|10309.02|721.63|11030.65|67.68|4766.34|2886.52|6606.02|816.48|5555.65
2452615|63299|834|6076|142400|4531|3935|6076|142400|4531|3935|6|2|5841|10|1037.50|10.37|1047.87|77.34|463.10|41.50|9.96|986.04|550.81
2451295|31051|1090|5551|146354|4600|1406|5551|146354|4600|1406|4|2|5843|2|187.54|5.62|193.16|92.05|55.30|140.65|39.85|7.04|152.97
2451312|41399|1549|8208|156630|4252|4874|8208|156630|4252|4874|2|1|5843|22|1177.22|94.17|1271.39|82.73|479.60|588.61|253.10|335.51|656.50
2451387|26175|148|9522|15870|5705|1020|9522|15870|5705|1020|2|2|5846|57|630.42|18.91|649.33|97.95|1365.72|283.68|312.06|34.68|1482.58
2451219|70509|1789|647|56496|5185|1794|647|56496|5185|1794|4|3|5847|28|64.96|1.94|66.90|44.51|56.56|35.07|4.18|25.71|103.01
2451278|19512|730|1690|31874|6778|1675|1690|31874|6778|1675|4|3|5847|47|9506.22|665.43|10171.65|23.24|1632.31|5608.66|1013.36|2884.20|2320.98
||1510|||4963||||4963||1|3|5847|61|||5757.91||333.06|4958.20||14.93|794.10
2452779|42935|9|4429|188362|5495|981|4429|188362|5495|981|3|2|5848|13|1543.49|108.04|1651.53|78.15|52.26|355.00|439.74|748.75|238.45
2452713|66826|639|7792|44208|1744|4567|7792|44208|1744|4567|1|1|5848|7|11.13|0.77|11.90|15.50|49.21|9.23|0.76|1.14|65.48
2452588|72167|1230|4750|16755|6360|765|4750|16755|6360|765|3|2|5849|11|14.19|0.56|14.75|36.12|192.39|9.50|2.57|2.12|229.07
2452011|71836|848|2545|181570|3042|3667|2545|181570|3042|3667|1|3|5850|1|179.17|5.37|184.54|21.41|40.61|141.54|2.25|35.38|67.39
2451892|43272|617|1708|154132|4762|4119|1708|154132|4762|4119|1|3|5850|19|763.99|0.00|763.99|17.84|1236.90|175.71|147.07|441.21|1254.74
2452745|29696|619|5802|128162|4235|1675|5802|128162|4235|1675|6|1|5851|33|888.03|17.76|905.79|32.45|289.08|816.98|35.52|35.53|339.29
2452564|74399|396|9941|13540|2716|2819|9941|13540|2716|2819|3|2|5852|3|93.69|3.74|97.43|10.99|18.33|74.95|5.43|13.31|33.06
|12980|1323|6745|||4460|||||1|3|5853|1|||82.88||53.71||||100.63
2452383|38944|1401|5210|105627|5200|2893|5210|105627|5200|2893|5|1|5853|75|1177.50|58.87|1236.37|95.66|33.00|482.77|562.73|132.00|187.53
2452615|44688|421|3037|51119|1554|2636|3037|51119|1554|2636|1|1|5854|4|0.00|0.00|0.00|67.64|63.48|0.00|0.00|0.00|131.12
2451431|79253|1202|7817|118342|1907|4105|7817|118342|1907|4105|2|1|5856|50|2185.50|109.27|2294.77|81.65|828.00|677.50|226.20|1281.80|1018.92
2451427|66195|1603|269|66189|5822|3822|269|66189|5822|3822|4|2|5859|20|403.60|36.32|439.92|26.30|132.80|44.39|104.17|255.04|195.42
2451547|75515|1204|2383|102958|5660|2475|2383|102958|5660|2475|2|3|5860|3|190.29|11.41|201.70|8.38|96.75|112.27|38.22|39.80|116.54
2452628|71221|984|4279|121457|6189|434|4279|121457|6189|434|6|1|5861|52|105.04|2.10|107.14|50.80|3903.12|8.40|35.75|60.89|3956.02
2452430|15344|1097|6253|93936|499|869|6253|93936|499|869|1|3|5863|58|3879.62|77.59|3957.21|37.33|2115.84|2599.34|320.07|960.21|2230.76
2451108|17223|118|9538|185052|3639|3313|9538|185052|3639|3313|1|2|5864|4|26.28|2.10|28.38|66.77|14.76|18.92|0.29|7.07|83.63
2451033|75144|934|6248|80148|3055|2635|6248|80148|3055|2635|4|3|5865|31|807.86|48.47|856.33|78.50|195.30|331.22|362.24|114.40|322.27
2451091|23118|889|9110|78690|5622|234|9110|78690|5622|234|4|1|5865|24|1332.48|66.62|1399.10|28.66|1006.56|612.94|316.59|402.95|1101.84
2451017|59121|1081|2658|85482|4946|2890|2658|85482|4946|2890|1|1|5865|1|99.80|0.00|99.80|17.71|46.78|21.95|29.58|48.27|64.49
2451356|61013|445|9925|114897|5789|1521|9925|114897|5789|1521|4|3|5866|61|5302.73|265.13|5567.86|11.69|361.12|3924.02|330.89|1047.82|637.94
2452749|50729|1380|985|77122|3706|1643|985|77122|3706|1643|6|2|5867|75|2887.50|231.00|3118.50|95.37|507.00|2800.87|50.24|36.39|833.37
2452657|58970|444|1847|171944|2281|1651|1847|171944|2281|1651|3|3|5867|18|1168.38|0.00|1168.38|40.10|384.48|432.30|721.35|14.73|424.58
2451034|63687|565|7141|30011|4881|1551|7141|30011|4881|1551|2|3|5868|18|46.98|1.87|48.85|69.38|21.96|4.69|41.02|1.27|93.21
2450963|48692|1046|8551|23650|2429|3921|8551|23650|2429|3921|1|1|5868|14|122.36|8.56|130.92|14.56|164.92|64.85|47.73|9.78|188.04
2452708||751||59401||||||1191||2|5869|||1.49|51.44|83.41|24.90|||0.66|109.80
2452959|35128|1647|2774|182519|1864|2209|2774|182519|1864|2209|3|2|5869|12|212.88|0.00|212.88|98.30|81.12|170.30|26.39|16.19|179.42
2451263|56393|253|856|53492|1775|611|856|53492|1775|611|2|1|5870|43|1842.12|18.42|1860.54|79.17|654.89|55.26|1554.56|232.30|752.48
2451197|52018|1340|9977|174069|2034|486|9977|174069|2034|486|1|2|5870|7|683.48|27.33|710.81|2.32|245.63|321.23|246.33|115.92|275.28
2451283|59222|925|9142|123348|4914|2000|9142|123348|4914|2000|2|2|5872|45|6140.70|491.25|6631.95|83.18|2790.90|0.00|1350.95|4789.75|3365.33
2451723|59821|331|6614|27787|2927|1660|6614|27787|2927|1660|2|3|5873|48|3736.80|336.31|4073.11|86.68|3418.56|1233.14|1702.48|801.18|3841.55
2451258|58290|1472|4439|94484|6816|381|4439|94484|6816|381|1|1|5874|48|4353.60|0.00|4353.60|77.97|2759.04|2220.33|1407.95|725.32|2837.01
2451281|13159|499|3318|26920|4715|237|3318|26920|4715|237|4|3|5877|66|3287.46|32.87|3320.33|19.57|1125.96|788.99|874.46|1624.01|1178.40
2451748|78515|926|7410|7944|1725|4906|7410|7944|1725|4906|2|2|5878|1|0.75|0.00|0.75|67.31|0.12|0.40|0.21|0.14|67.43
||1504|6354|174432||||||2995|4||5880|70|18229.40|729.17||50.11|6562.50|7656.34|4863.60|5709.46|
|33307|1626|5225||2528|556||93053|||||5882|9|469.17|4.69|473.86||215.19||63.05|199.69|
2452576|16032|819|1865|110562|2139|2276|1865|110562|2139|2276|1|2|5884|6|38.46|2.30|40.76|4.39|85.08|8.84|18.36|11.26|91.77
2452454|23516|1513|8627|24794|5521|2721|8627|24794|5521|2721|5|1|5884|6|151.08|0.00|151.08|23.89|154.86|1.51|136.10|13.47|178.75
2451401|23830|1432|4430|79655|4033|2058|4430|79655|4033|2058|2|3|5885|24|3533.52|212.01|3745.53|89.82|1709.76|1342.73|547.69|1643.10|2011.59
2451987|32522|1399|9347|159729|6431|2973|9347|159729|6431|2973|2|2|5886|40|1410.00|84.60|1494.60|39.97|464.80|902.40|284.25|223.35|589.37
2452117|29990|175|716|134711|4913|1035|716|134711|4913|1035|5|2|5887|16|572.16|11.44|583.60|93.18|20.64|160.20|374.88|37.08|125.26
2451627|48833|625|8902|72079|5336|2200|8902|72079|5336|2200|2|3|5888|7|637.56|0.00|637.56|23.12|12.46|114.76|104.56|418.24|35.58
2451619|42436|94|3701|191742|5976|4337|3701|191742|5976|4337|4|1|5888|9|76.23|3.04|79.27|98.08|305.10|6.86|35.37|34.00|406.22
2452346|58371|1417|2276|126930|1913|3216|2276|126930|1913|3216|5|1|5889|13|11.96|0.47|12.43|57.64|0.91|7.17|1.82|2.97|59.02
2452645|51813|297|4411|28414|7090|4053|4411|28414|7090|4053|3|2|5890|59|6001.48|60.01|6061.49|69.48|110.92|4561.12|993.84|446.52|240.41
2451514|67966|499|691|118626|6194|2369|691|118626|6194|2369|4|3|5891|7|540.33|0.00|540.33|5.21|263.55|0.00|194.51|345.82|268.76
2451498|73723|1412|8376|75202|108|3374|8376|75202|108|3374|1|1|5891|16|1071.84|21.43|1093.27|27.47|785.92|139.33|130.55|801.96|834.82
2452850|71335|709|4714|57493|6799|65|4714|57493|6799|65|1|2|5892|65|2133.30|42.66|2175.96|44.20|1623.05|42.66|83.62|2007.02|1709.91
2452047|22598|1586|536|101635|1341|4320|536|101635|1341|4320|5|3|5893|23|437.00|13.11|450.11|69.56|69.00|139.84|20.80|276.36|151.67
2452796|21002|523|8850|62847|44|4794|8850|62847|44|4794|6|1|5894|11|947.32|75.78|1023.10|11.82|847.66|255.77|504.83|186.72|935.26
2452649|53436|78|1104|50300|4376|3812|1104|50300|4376|3812|1|1|5894|21|1406.79|112.54|1519.33|14.73|408.87|1167.63|40.65|198.51|536.14
2451907|2420|1361|1195|55441|5000|2279|1195|55441|5000|2279|1|1|5895|52|502.84|20.11|522.95|53.85|774.28|226.27|135.51|141.06|848.24
2451794|22021|536|7898|167874|6250|2673|7898|167874|6250|2673|4|1|5897|9|151.20|0.00|151.20|92.04|207.90|104.32|22.03|24.85|299.94
2452346|73521|1091|105|135254|2083|1119|105|135254|2083|1119|3|3|5898|32|0.00|0.00|0.00|46.27|241.92|0.00|0.00|0.00|288.19
2452783|39633|1719|2660|11968|6283|2471|2660|11968|6283|2471|6|3|5899|61|6090.24|365.41|6455.65|16.02|146.40|4811.28|972.00|306.96|527.83
2452643|71551|1443|1546|179021|1856|1058|1546|179021|1856|1058|6|2|5899|12|732.48|14.64|747.12|3.67|106.08|36.62|334.01|361.85|124.39
2452802|40697|1417|8602|176264|1799|4421|8602|176264|1799|4421|1|2|5899|10|163.20|8.16|171.36|87.27|133.50|76.70|40.65|45.85|228.93
2452603|29007|1611|4671|181137|2803|2516|4671|181137|2803|2516|3|3|5901|67|10256.36|307.69|10564.05|9.26|4968.05|3076.90|5958.95|1220.51|5285.00
||59|44||6412|||96788|6412||3||5901||1412.66||1525.67|99.27|||||
2452427|29817|1603|7474|99976|6158|1500|7474|99976|6158|1500|1|1|5901|11|729.41|21.88|751.29|3.96|285.01|452.23|227.28|49.90|310.85
2451409|69322|1015|4573|17311|962|533|4573|17311|962|533|2|3|5902|7|1047.90|20.95|1068.85|37.34|79.73|398.20|45.47|604.23|138.02
2451677|32461|778|3107|162865|2913|1528|3107|162865|2913|1528|4|2|5904|31|4170.12|166.80|4336.92|58.42|1302.93|4170.12|0.00|0.00|1528.15
2451775|66318|775|5654|189253|565|3597|5654|189253|565|3597|2|3|5904|17|1719.89|85.99|1805.88|38.95|1083.75|1272.71|53.66|393.52|1208.69
2451915|33885|2|5994|73854|1907|440|5994|73854|1907|440|1|1|5906|50|4095.00|122.85|4217.85|27.79|292.50|1269.45|1836.60|988.95|443.14
2451559|46971|1682|1872|133158|6611|3897|1872|133158|6611|3897|4|2|5908|1|1.97|0.11|2.08|59.79|1.58|0.76|1.19|0.02|61.48
2451561|3413|4|7571|156843|355|2747|7571|156843|355|2747|1|1|5909|24|13.68|1.09|14.77|35.63|289.68|12.17|0.16|1.35|326.40
||1718||||80|1101|||80||1|5909|||3.01|78.45||||11.80|5.56|76.02
2451485|75875|1520|6464|13339|4167|1242|6464|13339|4167|1242|4|1|5909|19|235.41|18.83|254.24|92.52|19.95|157.72|60.59|17.10|131.30
2452384|31083|429|8891|1816|3486|3909|8891|1816|3486|3909|1|3|5912|2|227.34|11.36|238.70|98.84|118.72|97.75|88.12|41.47|228.92
2452514|66604|997|8700|167634|4215|4349|8700|167634|4215|4349|1|1|5912|32|3648.96|218.93|3867.89|25.05|1459.52|1350.11|1999.99|298.86|1703.50
2452412|72459|693|4579|89653|6887|4841|4579|89653|6887|4841|1|1|5912|4|77.12|3.08|80.20|21.25|93.00|10.79|21.22|45.11|117.33
2452409|15939|199|4002|123804|999|2721|4002|123804|999|2721|3|3|5912|5|239.80|21.58|261.38|24.58|33.05|199.03|36.28|4.49|79.21
2451070|42095|1741|8172|93060|5788|4949|8172|93060|5788|4949|2|2|5914|8|170.08|10.20|180.28|54.49|65.84|83.33|52.05|34.70|130.53
2451145|63398|1492|7982|18496|3250|3637|7982|18496|3250|3637|2|3|5916|15|184.50|9.22|193.72|6.62|688.05|57.19|29.28|98.03|703.89
2451355|23508|1526|2477|18898|2199|4213|2477|18898|2199|4213|2|1|5916|66|3116.52|249.32|3365.84|25.68|699.60|1246.60|785.36|1084.56|974.60
2451761|56923|1622|8657|152283|3269|3375|8657|152283|3269|3375|1|1|5917|9|224.10|17.92|242.02|90.97|630.27|121.01|17.52|85.57|739.16
2451698|74748|767|6276|91918|5880|282|6276|91918|5880|282|2|3|5917|13|1196.00|95.68|1291.68|32.19|465.14|155.48|41.62|998.90|593.01
2451680|21517|1160|5973|161371|5889|4494|5973|161371|5889|4494|5|3|5917|25|3056.75|122.27|3179.02|18.63|1528.25|1192.13|391.57|1473.05|1669.15
2451893|50099|128|1181|68684|954|4017|1181|68684|954|4017|1|1|5918|53|6918.62|207.55|7126.17|2.54|234.26|6295.94|529.27|93.41|444.35
2451790|23668|1799|5953|177200|6734|3901|5953|177200|6734|3901|1|3|5918|2|45.38|0.00|45.38|33.96|8.32|40.84|3.35|1.19|42.28
2452816|36080|798||||3986|||4642||||5919|14||||75.06|119.28||||
2452772|59497|631|||3719|1215|7880|131656|3719||3||5919|70|2886.80|115.47|3002.27|19.44|1836.80|288.68||2182.43|1971.71
2452321|60089|1659|4506|170398|6803|3775|4506|170398|6803|3775|3|3|5924|19|1022.20|20.44|1042.64|52.13|140.03|235.10|236.13|550.97|212.60
2452833|46540|73|7127|85678|2516|187|7127|85678|2516|187|6|1|5925|69|4069.62|40.69|4110.31|39.42|84.18|1465.06|989.73|1614.83|164.29
2452685|79919|1122|1967|175414|2974|4101|1967|175414|2974|4101|1|2|5925|3|63.36|4.43|67.79|10.69|14.85|14.57|33.17|15.62|29.97
2451021|75527|1112|2754|148649|1344|1239|2754|148649|1344|1239|1|1|5926|19|1283.07|12.83|1295.90|53.30|1031.51|1154.76|6.41|121.90|1097.64
2452257|36383|695|2918|148362|1213|384|2918|148362|1213|384|3|1|5927|23|2381.42|95.25|2476.67|99.94|0.00|2286.16|45.72|49.54|195.19
2452376|42126|79|1533|92005|7150|2382|1533|92005|7150|2382|3|2|5929|66|2696.10|188.72|2884.82|62.90|1320.00|458.33|2237.77|0.00|1571.62
2452474|42578|801|2128|64282|5363|2757|2128|64282|5363|2757|5|3|5931|64|3249.28|162.46|3411.74|15.55|1344.00|1722.11|580.32|946.85|1522.01
2451258|6008|1148|1488|15161|5441|2194|1488|15161|5441|2194|1|1|5932|43|3751.75|0.00|3751.75|82.61|52.03|1012.97|2738.78|0.00|134.64
2451202|30656|466|5188|136229|2150|1231|5188|136229|2150|1231|2|2|5932|68|5381.52|107.63|5489.15|72.33|945.20|107.63|2636.94|2636.95|1125.16
2451212|8956|403|6169|89515|668|1541|6169|89515|668|1541|2|3|5933|37|476.56|42.89|519.45|50.98|476.56|266.87|201.30|8.39|570.43
2451078|72720|1204|5750|106974|438|4582|5750|106974|438|4582|4|2|5933|3|60.36|5.43|65.79|35.01|9.57|34.40|12.98|12.98|50.01
2452512|9735|1441|4206|134038|6157|309|4206|134038|6157|309|3|2|5934|7|57.54|1.15|58.69|41.23|32.90|56.38|0.74|0.42|75.28
2452486|18163|557|2533|166435|7137|1086|2533|166435|7137|1086|5|1|5934|29|192.85|7.71|200.56|89.51|37.70|13.49|130.93|48.43|134.92
||1750||173550||||173550||4140||1|5935|6|||||||||96.16
2451382|39006|634|9765|180681|3517|2346|9765|180681|3517|2346|4|1|5935|17|110.33|4.41|114.74|49.89|0.00|14.34|15.35|80.64|54.30
2451345|73397|110|3319|134634|3196|711|3319|134634|3196|711|4|1|5935|11|793.43|31.73|825.16|42.49|168.30|15.86|622.05|155.52|242.52
2451510|69272|542|4998|164100|915|850|4998|164100|915|850|1|2|5936|29|0.00|0.00|0.00|24.95|1675.33|0.00|0.00|0.00|1700.28
2451287|80874|1627|8544|15550|6316|1402|8544|15550|6316|1402|2|1|5936|12|128.04|1.28|129.32|74.96|33.96|53.77|0.74|73.53|110.20
2452286|70758|1771|5523|55203|5443|1450|5523|55203|5443|1450|1|3|5937|11|1542.09|15.42|1557.51|41.72|862.84|1017.77|246.43|277.89|919.98
2451608|72033|184|5618|189858|4498|938|5618|189858|4498|938|2|3|5938|42|1855.14|37.10|1892.24|9.78|0.00|909.01|737.98|208.15|46.88
2451785|28130|1564|8794|122277|3280|3370|8794|122277|3280|3370|1|1|5938|57|12669.39|253.38|12922.77|43.14|6130.35|10008.81|1942.22|718.36|6426.87
2451657|70180|19|8440|100279|1878|3150|8440|100279|1878|3150|2|1|5938|40|1857.60|55.72|1913.32|23.69|2357.60|1244.59|453.62|159.39|2437.01
2451402|75455|283|4294|3829|6004|3812|4294|3829|6004|3812|4|3|5939|2|152.80|13.75|166.55|64.95|86.26|7.64|56.61|88.55|164.96
2452851|29259|1761|6495|43731|7127|43|6495|43731|7127|43|3|2|5941|70|9191.70|183.83|9375.53|45.88|2646.00|0.00|459.58|8732.12|2875.71
2451598|7024|1628|6511|67795|6646|4737|6511|67795|6646|4737|1|3|5944|25|50.25|1.00|51.25|17.95|81.50|50.25|0.00|0.00|100.45
2451450|27980|1576|5959|101517|3748|2019|5959|101517|3748|2019|1|1|5945|50|40.50|1.62|42.12|64.94|30.00|4.86|21.02|14.62|96.56
2452665|34234|589|4383|153221|1659|2544|4383|153221|1659|2544|6|3|5947|60|3183.00|0.00|3183.00|46.21|3581.40|668.43|854.95|1659.62|3627.61
2452226|43712|1525|611|190918|4538|3325|611|190918|4538|3325|5|1|5949|22|1911.14|76.44|1987.58|81.80|490.60|630.67|1229.25|51.22|648.84
2452493|17449|319|1112|31351|4343|3135|1112|31351|4343|3135|5|3|5951|53|381.60|3.81|385.41|55.65|98.05|370.15|5.49|5.96|157.51
2452557|40652|225|2479|49903|207|3071|2479|49903|207|3071|3|3|5951|63|30.24|2.72|32.96|23.20|399.42|5.44|16.61|8.19|425.34
2452471|80960|691|2102|44020|2305|2983|2102|44020|2305|2983|5|1|5951|10|10.90|0.65|11.55|48.50|36.40|6.21|0.32|4.37|85.55
2452481|63548|3|2543|48902|1628|2547|2543|48902|1628|2547|3|2|5951|78|5609.76|0.00|5609.76|22.21|109.98|1682.92|3769.76|157.08|132.19
2452539|38278|647|959|112312|1538|3251|959|112312|1538|3251|3|3|5951|42|170.52|10.23|180.75|70.55|1422.54|66.50|100.89|3.13|1503.32
2452338|13739|1353|5283|182894|5326|958|5283|182894|5326|958|3|1|5952|4|619.88|30.99|650.87|90.81|357.32|229.35|148.40|242.13|479.12
2452118|40944|207|3880|25373|7186|3039|3880|25373|7186|3039|1|3|5952|11|76.89|0.00|76.89|27.11|743.60|0.76|29.69|46.44|770.71
2452208|51349|797|8151|50272|1433|2027|8151|50272|1433|2027|5|1|5956|27|349.38|6.98|356.36|32.12|625.59|97.82|251.56|0.00|664.69
2451447|76189|91|3166|35135|2177|906|3166|35135|2177|906|2|2|5959|3|504.48|10.08|514.56|24.58|185.85|459.07|18.61|26.80|220.51
2451467|65922|1018|8856|89911|2006|4334|8856|89911|2006|4334|1|3|5959|1|72.70|2.90|75.60|20.10|23.20|34.16|24.28|14.26|46.20
2451808|62178|1339|4283|7449|215|2934|4283|7449|215|2934|2|1|5961|32|56.32|5.06|61.38|6.84|648.32|27.03|12.00|17.29|660.22
2452083|43598|1597|4354|145276|5318|4553|4354|145276|5318|4553|5|3|5963|14|739.48|22.18|761.66|50.18|403.34|576.79|122.01|40.68|475.70
2452174|35223|733|7044|130468|3365|4949|7044|130468|3365|4949|3|2|5963|71|2666.76|53.33|2720.09|84.43|4444.60|133.33|836.03|1697.40|4582.36
2451957|46535|215||||589||111780|||||5964|9||49.37|754.79|||543.17|||
2451673|71112|1078|7907|100736|285|4921|7907|100736|285|4921|2|1|5965|4|111.28|5.56|116.84|87.03|11.96|44.51|40.72|26.05|104.55
2451659|82567|970|3498|27720|5062|2197|3498|27720|5062|2197|2|3|5967|63|4227.93|253.67|4481.60|67.66|667.17|338.23|2294.92|1594.78|988.50
2452757|32897|894|6847|110853|6172|3258|6847|110853|6172|3258|1|2|5968|17|716.89|21.50|738.39|76.60|368.05|451.64|114.05|151.20|466.15
2452709|63710|151|8513|98777|4674|3378|8513|98777|4674|3378|6|2|5968|15|551.85|11.03|562.88|43.54|838.80|386.29|94.36|71.20|893.37
2451763|63491|74|1231|26979|3047|3555|1231|26979|3047|3555|5|3|5969|28|456.40|31.94|488.34|51.56|272.16|18.25|113.91|324.24|355.66
2451879|14805|1219|9484|40124|2331|3131|9484|40124|2331|3131|5|1|5969|57|7313.67|146.27|7459.94|77.25|2954.88|6362.89|437.35|513.43|3178.40
2451621|67749|1204|5152|177017|3969|4201|5152|177017|3969|4201|2|2|5970|79|298.62|23.88|322.50|59.26|508.76|286.67|11.83|0.12|591.90
2452468|74725|1139|4617|74523|1869|4095|4617|74523|1869|4095|1|3|5972|1|118.72|4.74|123.46|93.71|37.92|48.67|45.53|24.52|136.37
2452378|47249|725|3491|43841|6031|148|3491|43841|6031|148|3|2|5974|45|1963.35|157.06|2120.41|52.49|517.95|1786.64|113.09|63.62|727.50
2451658|52360|1399|7574|139219|3904|669|7574|139219|3904|669|2|1|5975|9|43.20|2.16|45.36|42.20|345.60|27.64|8.55|7.01|389.96
2451952|33391|350|2361|35210|198|2466|2361|35210|198|2466|2|3|5978|10|31.40|1.88|33.28|19.87|115.40|18.84|9.16|3.40|137.15
2452108|5596|275|2810|60480|1670|1500|2810|60480|1670|1500|5|3|5978|5|923.35|0.00|923.35|26.75|591.90|18.46|760.10|144.79|618.65
2452179|85748|1381|9485|917|2989|3741|9485|917|2989|3741|2|3|5978|12|1701.60|102.09|1803.69|70.25|940.32|1242.16|96.48|362.96|1112.66
2452402|77955|247|5641|143004|3087|3010|5641|143004|3087|3010|1|3|5979|21|1442.28|129.80|1572.08|96.07|0.00|1067.28|198.75|176.25|225.87
2452426|67791|179|8215|85266|4877|4408|8215|85266|4877|4408|5|3|5979|24|2186.40|153.04|2339.44|14.78|696.96|546.60|393.55|1246.25|864.78
2451995|65511|1547|5080|116427|814|3281|5080|116427|814|3281|2|1|5980|2|10.84|0.21|11.05|82.49|21.26|4.01|1.29|5.54|103.96
2452405|60285|385|6556|127201|4119|677|6556|127201|4119|677|1|1|5982|47|194.11|5.82|199.93|15.84|2523.43|5.82|146.86|41.43|2545.09
2452396|60108|155|7087|158634|5545|336|7087|158634|5545|336|1|2|5982|53|3336.35|0.00|3336.35|19.39|4480.62|2669.08|200.18|467.09|4500.01
2452625|63107|1129|8713|117341|3296|2164|8713|117341|3296|2164|3|3|5983|30|5.70|0.17|5.87|43.40|34.50|3.59|1.96|0.15|78.07
2451790|68052|929|2502|134411|3247|2443|2502|134411|3247|2443|2|2|5984|10|253.50|2.53|256.03|81.17|273.00|12.67|233.60|7.23|356.70
2452390|48840|1643|6423|127300|6417|3614|6423|127300|6417|3614|3|2|5985|71|3826.90|229.61|4056.51|38.60|1549.93|2564.02|833.50|429.38|1818.14
2451195||1376|4437|142293|||4437|||1398||2|5986|14|214.06||214.06|8.30|||9.63||39.38
2452010|42745|962|26|48669|3472|4842|26|48669|3472|4842|5|1|5987|28|4937.80|246.89|5184.69|75.01|379.68|3555.21|138.25|1244.34|701.58
2452037|69879|722|160|138463|6399|1542|160|138463|6399|1542|1|1|5987|23|2712.16|189.85|2902.01|63.50|1232.80|1654.41|655.80|401.95|1486.15
2451936|20901|1451|4378|187829|6492|3228|4378|187829|6492|3228|1|1|5987|15|316.50|18.99|335.49|26.00|271.35|98.11|137.58|80.81|316.34
2452072|77208|1694|9120|85822|3004|3546|9120|85822|3004|3546|5|2|5987|43|2540.87|228.67|2769.54|13.90|1149.82|889.30|710.17|941.40|1392.39
2452769|50051|480|1419|93047|4995|3383|1419|93047|4995|3383|1|3|5988|12|191.76|0.00|191.76|7.62|71.88|151.49|7.65|32.62|79.50
2452795|54510|877|9429|145294|2999|3784|9429|145294|2999|3784|1|1|5988|12|831.12|66.48|897.60|13.50|604.44|407.24|122.92|300.96|684.42
2452278|23162|1505|3333|157506|4319|612|3333|157506|4319|612|1|1|5991|2|332.38|26.59|358.97|36.96|63.74|6.64|94.46|231.28|127.29
2452232|54147|99|2806|113619|5872|405|2806|113619|5872|405|3|2|5991|3|32.73|0.00|32.73|61.89|43.35|1.96|19.38|11.39|105.24
2452347|34260|617|8793|127124|2928|419|8793|127124|2928|419|1|2|5991|42|1645.56|65.82|1711.38|85.48|1225.98|707.59|253.25|684.72|1377.28
2452838|77001|954|8915|35168|4494|1860|8915|35168|4494|1860|1|3|5992|1|3.95|0.00|3.95|50.71|3.95|3.23|0.25|0.47|54.66
2451819|46721|559|8044|185787|4170|4233|8044|185787|4170|4233|4|1|5994|53|438.84|17.55|456.39|77.92|146.28|434.45|0.83|3.56|241.75
2451656|58574|1705|5786|51072|5991|870|5786|51072|5991|870|4|1|5994|27|1678.05|117.46|1795.51|25.87|1830.60|1342.44|255.06|80.55|1973.93
2451804|20890|1232|8459|92357|1248|3266|8459|92357|1248|3266|5|3|5995|45|10.80|0.97|11.77|23.57|345.15|5.07|1.14|4.59|369.69
2451292|26261|1450|6492|48725|238|3711|6492|48725|238|3711|2|3|5996|3|16.23|1.13|17.36|17.56|59.49|4.70|10.60|0.93|78.18
2452727|74730|715|697|20932|3694|2769|697|20932|3694|2769|3|2|5999|54|1266.30|25.32|1291.62|52.23|1899.72|1139.67|108.90|17.73|1977.27
2452862|62217|1350|8737|56462|4714|4079|8737|56462|4714|4079|3|3|5999|5|182.10|9.10|191.20|73.17|105.05|47.34|26.95|107.81|187.32
2451603|46297|842|1887|106053|219|4185|1887|106053|219|4185|4|1|6000|1|4.02|0.32|4.34|14.02|3.81|3.41|0.34|0.27|18.15
