fold,model,regime,kind,query_id,variant,y_true,y_pred
0,pg_baseline_linear,plan_time,baseline,q01_customers_by_country,default,0.928,8.757690302627456
0,pg_baseline_linear,plan_time,baseline,q02_orders_recent,default,4.298,52.62838795078071
0,pg_baseline_linear,plan_time,baseline,q07_self_subquery,default,11.032,93.41904399641425
0,pg_baseline_linear,plan_time,baseline,q01,default,11982.478,8797.450216601384
0,pg_baseline_linear,plan_time,baseline,q01,no_hashjoin,11191.817,8797.450216601384
0,pg_baseline_linear,plan_time,baseline,q01,no_mergejoin,10066.542,8797.450216601384
0,pg_baseline_linear,plan_time,baseline,q01,no_nestloop,6900.803,8797.450216601384
0,pg_baseline_linear,plan_time,baseline,q05,default,8827.081,3172.5022505817087
0,pg_baseline_linear,plan_time,baseline,q05,no_hashjoin,7074.668,3614.806733931903
0,pg_baseline_linear,plan_time,baseline,q05,no_mergejoin,9969.823,3172.5022505817087
0,pg_baseline_linear,plan_time,baseline,q05,no_nestloop,2887.231,7028.840371522923
0,pg_baseline_linear,plan_time,baseline,q12,default,4159.307,7985.797379351605
0,pg_baseline_linear,plan_time,baseline,q12,no_hashjoin,3556.871,8138.06848295082
0,pg_baseline_linear,plan_time,baseline,q12,no_mergejoin,4213.912,7985.797379351605
0,pg_baseline_linear,plan_time,baseline,q12,no_nestloop,3102.1,7985.797379351605
0,pg_baseline_linear,plan_time,baseline,q17,default,4823.064,7464.584583298163
0,pg_baseline_linear,plan_time,baseline,q17,no_hashjoin,939.65,31976.506055932474
0,pg_baseline_linear,plan_time,baseline,q17,no_mergejoin,4153.603,7464.584583298163
0,pg_baseline_linear,plan_time,baseline,q17,no_nestloop,4235.083,7464.584583298163
0,pg_baseline_linear,plan_time,baseline,q19,default,543.454,1268.2197904115178
0,pg_baseline_linear,plan_time,baseline,q19,no_hashjoin,198.599,1268.2197904115178
0,pg_baseline_linear,plan_time,baseline,q19,no_mergejoin,215.468,1268.2197904115178
0,pg_baseline_linear,plan_time,baseline,q19,no_nestloop,1441.563,7478.548149331987
0,pg_baseline_linear,plan_time,baseline,q22,default,383.714,499.89162785798027
0,pg_baseline_linear,plan_time,baseline,q22,no_hashjoin,345.909,499.89162785798027
0,pg_baseline_linear,plan_time,baseline,q22,no_mergejoin,387.731,499.89162785798027
0,pg_baseline_linear,plan_time,baseline,q22,no_nestloop,491.9,1555.933905308876
0,pg_baseline_linear,plan_time,baseline,q01_p1,default,9892.378,8812.886597682624
0,pg_baseline_linear,plan_time,baseline,q01_p1,no_hashjoin,14592.651,8812.886597682624
0,pg_baseline_linear,plan_time,baseline,q01_p1,no_mergejoin,10802.619,8812.886597682624
0,pg_baseline_linear,plan_time,baseline,q01_p1,no_nestloop,10626.043,8812.886597682624
0,pg_baseline_linear,plan_time,baseline,q01_p4,default,7707.074,8760.535790437523
0,pg_baseline_linear,plan_time,baseline,q01_p4,no_hashjoin,11899.903,8760.535790437523
0,pg_baseline_linear,plan_time,baseline,q01_p4,no_mergejoin,11406.505,8760.535790437523
0,pg_baseline_linear,plan_time,baseline,q01_p4,no_nestloop,9862.402,8760.535790437523
0,pg_baseline_linear,plan_time,baseline,q03_p2,default,1513.628,7421.136920168541
0,pg_baseline_linear,plan_time,baseline,q03_p2,no_hashjoin,9935.697,8288.068679377648
0,pg_baseline_linear,plan_time,baseline,q03_p2,no_mergejoin,2103.504,7421.136920168541
0,pg_baseline_linear,plan_time,baseline,q03_p2,no_nestloop,3760.127,9758.071365898857
0,pg_baseline_linear,plan_time,baseline,q03_p4,default,1825.335,7489.35742378029
0,pg_baseline_linear,plan_time,baseline,q03_p4,no_hashjoin,9233.542,8360.675643523584
0,pg_baseline_linear,plan_time,baseline,q03_p4,no_mergejoin,1153.93,7489.35742378029
0,pg_baseline_linear,plan_time,baseline,q03_p4,no_nestloop,1581.882,9787.936993676534
0,pg_baseline_linear,plan_time,baseline,q05_p4,default,7116.569,3156.634838829922
0,pg_baseline_linear,plan_time,baseline,q05_p4,no_hashjoin,7761.671,3593.340111923589
0,pg_baseline_linear,plan_time,baseline,q05_p4,no_mergejoin,14257.984,3156.634838829922
0,pg_baseline_linear,plan_time,baseline,q05_p4,no_nestloop,5488.744,7023.997749554715
0,pg_baseline_linear,plan_time,baseline,q06_p1,default,4169.204,6406.859306232588
0,pg_baseline_linear,plan_time,baseline,q06_p1,no_hashjoin,2672.595,6406.859306232588
0,pg_baseline_linear,plan_time,baseline,q06_p1,no_mergejoin,2169.062,6406.859306232588
0,pg_baseline_linear,plan_time,baseline,q06_p1,no_nestloop,2766.657,6406.859306232588
0,pg_baseline_linear,plan_time,baseline,q07_p0,default,33515.848,2708.363702999633
0,pg_baseline_linear,plan_time,baseline,q07_p0,no_hashjoin,6605.498,3083.1509633462933
0,pg_baseline_linear,plan_time,baseline,q07_p0,no_mergejoin,31465.431,2708.363702999633
0,pg_baseline_linear,plan_time,baseline,q07_p0,no_nestloop,2952.799,7462.8185760101815
0,pg_baseline_linear,plan_time,baseline,q07_p4,default,59489.379,2708.363702999633
0,pg_baseline_linear,plan_time,baseline,q07_p4,no_hashjoin,12167.826,3083.1509633462933
0,pg_baseline_linear,plan_time,baseline,q07_p4,no_mergejoin,26668.91,2708.363702999633
0,pg_baseline_linear,plan_time,baseline,q07_p4,no_nestloop,1892.741,7462.8185760101815
0,pg_baseline_linear,plan_time,baseline,q08_p3,default,6018.607,2967.271109107645
0,pg_baseline_linear,plan_time,baseline,q08_p3,no_hashjoin,3792.658,2974.672118951652
0,pg_baseline_linear,plan_time,baseline,q08_p3,no_mergejoin,3685.784,2967.271109107645
0,pg_baseline_linear,plan_time,baseline,q08_p3,no_nestloop,6346.003,7306.18309648711
0,pg_baseline_linear,plan_time,baseline,q09_p2,default,12046.323,5271.055793196797
0,pg_baseline_linear,plan_time,baseline,q09_p2,no_hashjoin,20980.942,6566.731323476196
0,pg_baseline_linear,plan_time,baseline,q09_p2,no_mergejoin,14809.125,5271.055793196797
0,pg_baseline_linear,plan_time,baseline,q09_p2,no_nestloop,7339.487,10309.187485875193
0,pg_baseline_linear,plan_time,baseline,q11_p0,default,3049.573,390.4966529038556
0,pg_baseline_linear,plan_time,baseline,q11_p0,no_hashjoin,904.409,390.4966529038556
0,pg_baseline_linear,plan_time,baseline,q11_p0,no_mergejoin,816.264,390.4966529038556
0,pg_baseline_linear,plan_time,baseline,q11_p0,no_nestloop,1302.632,1984.3254649213443
0,pg_baseline_linear,plan_time,baseline,q12_p4,default,2249.037,7986.719602217386
0,pg_baseline_linear,plan_time,baseline,q12_p4,no_hashjoin,3823.712,8156.304659544895
0,pg_baseline_linear,plan_time,baseline,q12_p4,no_mergejoin,6799.636,7986.719602217386
0,pg_baseline_linear,plan_time,baseline,q12_p4,no_nestloop,7214.151,7986.719602217386
0,pg_baseline_linear,plan_time,baseline,q14_p2,default,3528.926,4269.3290917719405
0,pg_baseline_linear,plan_time,baseline,q14_p2,no_hashjoin,3469.28,4618.1764542113615
0,pg_baseline_linear,plan_time,baseline,q14_p2,no_mergejoin,3484.62,4269.3290917719405
0,pg_baseline_linear,plan_time,baseline,q14_p2,no_nestloop,2670.408,4269.3290917719405
0,pg_baseline_linear,plan_time,baseline,q15_p1,default,2973.557,5685.174982999988
0,pg_baseline_linear,plan_time,baseline,q15_p1,no_hashjoin,3481.784,5685.174982999988
0,pg_baseline_linear,plan_time,baseline,q15_p1,no_mergejoin,3814.434,5685.174982999988
0,pg_baseline_linear,plan_time,baseline,q15_p1,no_nestloop,2991.507,5687.308432511537
0,pg_baseline_linear,plan_time,baseline,q16_p0,default,3583.344,1371.0929514741904
0,pg_baseline_linear,plan_time,baseline,q16_p0,no_hashjoin,2973.287,1575.717146933368
0,pg_baseline_linear,plan_time,baseline,q16_p0,no_mergejoin,1724.904,1371.0929514741904
0,pg_baseline_linear,plan_time,baseline,q16_p0,no_nestloop,2170.77,1371.0929514741904
0,pg_baseline_linear,plan_time,baseline,q19_p4,default,413.238,1272.714389382484
0,pg_baseline_linear,plan_time,baseline,q19_p4,no_hashjoin,264.754,1272.714389382484
0,pg_baseline_linear,plan_time,baseline,q19_p4,no_mergejoin,314.011,1272.714389382484
0,pg_baseline_linear,plan_time,baseline,q19_p4,no_nestloop,3594.635,7478.549291639418
0,pg_baseline_linear,plan_time,baseline,q21_p0,default,52833.508,2769.737215871303
0,pg_baseline_linear,plan_time,baseline,q21_p0,no_hashjoin,47704.612,2901.5743433796256
0,pg_baseline_linear,plan_time,baseline,q21_p0,no_mergejoin,18214.814,2769.737215871303
0,pg_baseline_linear,plan_time,baseline,q21_p0,no_nestloop,9580.423,19815.9896746865
0,pg_baseline_linear,plan_time,baseline,ds_q06_web_vs_store,default,696.566,645.2007484357493
0,pg_baseline_linear,plan_time,baseline,ds_q06_web_vs_store,no_hashjoin,1647.674,1350.7145676782634
0,pg_baseline_linear,plan_time,baseline,ds_q06_web_vs_store,no_mergejoin,852.859,645.2007484357493
0,pg_baseline_linear,plan_time,baseline,ds_q06_web_vs_store,no_nestloop,1042.574,645.2007484357493
0,pg_baseline_linear,plan_time,baseline,ds_q11_inventory_check,default,519.915,276.14863292987974
0,pg_baseline_linear,plan_time,baseline,ds_q11_inventory_check,no_hashjoin,947.458,854.9025004247331
0,pg_baseline_linear,plan_time,baseline,ds_q11_inventory_check,no_mergejoin,423.518,276.14863292987974
0,pg_baseline_linear,plan_time,baseline,ds_q11_inventory_check,no_nestloop,343.882,276.14863292987974
0,pg_baseline_linear,plan_time,baseline,ds_q17_dow_pattern,default,996.646,522.6814226402785
0,pg_baseline_linear,plan_time,baseline,ds_q17_dow_pattern,no_hashjoin,2377.113,1237.8317473688314
0,pg_baseline_linear,plan_time,baseline,ds_q17_dow_pattern,no_mergejoin,571.268,522.6814226402785
0,pg_baseline_linear,plan_time,baseline,ds_q17_dow_pattern,no_nestloop,644.053,522.6814226402785
0,pg_baseline_linear,plan_time,baseline,online_ce83de12bc,default,947.618,4269.3290917719405
0,pg_baseline_linear,plan_time,baseline,online_ce83de12bc,no_mergejoin,823.206,4269.3290917719405
0,pg_baseline_linear,plan_time,baseline,online_ce83de12bc,no_nestloop,732.934,4269.3290917719405
0,pg_baseline_linear,plan_time,baseline,online_ce83de12bc,no_hashjoin,782.553,4618.1764542113615
1,pg_baseline_linear,plan_time,baseline,q03_join_customer_orders,default,13.224,88.36558495287197
1,pg_baseline_linear,plan_time,baseline,q05_top_customers,default,18.031,108.8537286314494
1,pg_baseline_linear,plan_time,baseline,q02,default,6173.76,2083.0532194671214
1,pg_baseline_linear,plan_time,baseline,q02,no_hashjoin,4302.342,3326.3646469267474
1,pg_baseline_linear,plan_time,baseline,q02,no_mergejoin,3199.538,2083.0532194671214
1,pg_baseline_linear,plan_time,baseline,q02,no_nestloop,6690.813,7011.2718082286
1,pg_baseline_linear,plan_time,baseline,q04,default,1216.968,2347.60017026577
1,pg_baseline_linear,plan_time,baseline,q04,no_hashjoin,1396.247,2347.60017026577
1,pg_baseline_linear,plan_time,baseline,q04,no_mergejoin,1429.065,2347.60017026577
1,pg_baseline_linear,plan_time,baseline,q04,no_nestloop,16777.004,7100.14271955066
1,pg_baseline_linear,plan_time,baseline,q07,default,35165.908,2658.5235233491135
1,pg_baseline_linear,plan_time,baseline,q07,no_hashjoin,3945.736,3026.4138280299912
1,pg_baseline_linear,plan_time,baseline,q07,no_mergejoin,29002.507,2658.5235233491135
1,pg_baseline_linear,plan_time,baseline,q07,no_nestloop,2402.029,7325.4853891432795
1,pg_baseline_linear,plan_time,baseline,q11,default,1724.803,383.3106079453815
1,pg_baseline_linear,plan_time,baseline,q11,no_hashjoin,403.337,383.3106079453815
1,pg_baseline_linear,plan_time,baseline,q11,no_mergejoin,308.811,383.3106079453815
1,pg_baseline_linear,plan_time,baseline,q11,no_nestloop,801.703,1947.8092697193317
1,pg_baseline_linear,plan_time,baseline,q16,default,1605.611,1345.8616581499778
1,pg_baseline_linear,plan_time,baseline,q16,no_hashjoin,1383.148,1546.7202933739354
1,pg_baseline_linear,plan_time,baseline,q16,no_mergejoin,1106.188,1345.8616581499778
1,pg_baseline_linear,plan_time,baseline,q16,no_nestloop,1324.611,1345.8616581499778
1,pg_baseline_linear,plan_time,baseline,q21,default,13986.072,2718.7676211042244
1,pg_baseline_linear,plan_time,baseline,q21,no_hashjoin,19448.204,2848.178639404118
1,pg_baseline_linear,plan_time,baseline,q21,no_mergejoin,13055.611,2718.7676211042244
1,pg_baseline_linear,plan_time,baseline,q21,no_nestloop,10367.542,19451.329461493802
1,pg_baseline_linear,plan_time,baseline,q01_p2,default,9565.353,8635.55670917611
1,pg_baseline_linear,plan_time,baseline,q01_p2,no_hashjoin,9512.992,8635.55670917611
1,pg_baseline_linear,plan_time,baseline,q01_p2,no_mergejoin,13686.939,8635.55670917611
1,pg_baseline_linear,plan_time,baseline,q01_p2,no_nestloop,13280.512,8635.55670917611
1,pg_baseline_linear,plan_time,baseline,q03_p1,default,1789.751,7409.67007116291
1,pg_baseline_linear,plan_time,baseline,q03_p1,no_hashjoin,11886.905,8268.805257636443
1,pg_baseline_linear,plan_time,baseline,q03_p1,no_mergejoin,1234.521,7409.67007116291
1,pg_baseline_linear,plan_time,baseline,q03_p1,no_nestloop,1698.449,9633.266439536368
1,pg_baseline_linear,plan_time,baseline,q04_p4,default,1251.353,2340.4145937512367
1,pg_baseline_linear,plan_time,baseline,q04_p4,no_hashjoin,872.911,2340.4145937512367
1,pg_baseline_linear,plan_time,baseline,q04_p4,no_mergejoin,1007.402,2340.4145937512367
1,pg_baseline_linear,plan_time,baseline,q04_p4,no_nestloop,9201.859,7099.658323859486
1,pg_baseline_linear,plan_time,baseline,q05_p2,default,4849.114,3114.120844149645
1,pg_baseline_linear,plan_time,baseline,q05_p2,no_hashjoin,4040.571,3548.285898188338
1,pg_baseline_linear,plan_time,baseline,q05_p2,no_mergejoin,3505.474,3114.120844149645
1,pg_baseline_linear,plan_time,baseline,q05_p2,no_nestloop,3152.242,6899.493391106839
1,pg_baseline_linear,plan_time,baseline,q05_p3,default,4461.936,3112.964797951495
1,pg_baseline_linear,plan_time,baseline,q05_p3,no_hashjoin,4576.937,3546.5064167950636
1,pg_baseline_linear,plan_time,baseline,q05_p3,no_mergejoin,5163.161,3112.964797951495
1,pg_baseline_linear,plan_time,baseline,q05_p3,no_nestloop,4531.435,6898.969750394389
1,pg_baseline_linear,plan_time,baseline,q07_p3,default,48180.292,2658.5235233491135
1,pg_baseline_linear,plan_time,baseline,q07_p3,no_hashjoin,20439.496,3026.4138280299912
1,pg_baseline_linear,plan_time,baseline,q07_p3,no_mergejoin,75622.57,2658.5235233491135
1,pg_baseline_linear,plan_time,baseline,q07_p3,no_nestloop,7456.51,7325.4853891432795
1,pg_baseline_linear,plan_time,baseline,q08_p2,default,4115.998,2912.6664321265116
1,pg_baseline_linear,plan_time,baseline,q08_p2,no_hashjoin,2794.834,2919.931246207811
1,pg_baseline_linear,plan_time,baseline,q08_p2,no_mergejoin,3521.968,2912.6664321265116
1,pg_baseline_linear,plan_time,baseline,q08_p2,no_nestloop,6391.806,7171.732366075532
1,pg_baseline_linear,plan_time,baseline,q09_p1,default,39188.185,3901.3169165278996
1,pg_baseline_linear,plan_time,baseline,q09_p1,no_hashjoin,37214.359,3961.21341552314
1,pg_baseline_linear,plan_time,baseline,q09_p1,no_mergejoin,17515.704,3901.3169165278996
1,pg_baseline_linear,plan_time,baseline,q09_p1,no_nestloop,9813.353,9086.684582696496
1,pg_baseline_linear,plan_time,baseline,q11_p4,default,1992.165,383.3106079453815
1,pg_baseline_linear,plan_time,baseline,q11_p4,no_hashjoin,694.319,383.3106079453815
1,pg_baseline_linear,plan_time,baseline,q11_p4,no_mergejoin,595.204,383.3106079453815
1,pg_baseline_linear,plan_time,baseline,q11_p4,no_nestloop,1576.498,1947.8092697193317
1,pg_baseline_linear,plan_time,baseline,q12_p3,default,2243.386,7839.440804105043
1,pg_baseline_linear,plan_time,baseline,q12_p3,no_hashjoin,2231.47,8000.214948360073
1,pg_baseline_linear,plan_time,baseline,q12_p3,no_mergejoin,2085.778,7839.440804105043
1,pg_baseline_linear,plan_time,baseline,q12_p3,no_nestloop,2514.896,7839.440804105043
1,pg_baseline_linear,plan_time,baseline,q14_p1,default,2856.102,4198.748578820861
1,pg_baseline_linear,plan_time,baseline,q14_p1,no_hashjoin,2769.721,4542.660549264373
1,pg_baseline_linear,plan_time,baseline,q14_p1,no_mergejoin,2453.346,4198.748578820861
1,pg_baseline_linear,plan_time,baseline,q14_p1,no_nestloop,2195.13,4198.748578820861
1,pg_baseline_linear,plan_time,baseline,q15_p0,default,4191.151,5610.544862810931
1,pg_baseline_linear,plan_time,baseline,q15_p0,no_hashjoin,5584.123,5610.544862810931
1,pg_baseline_linear,plan_time,baseline,q15_p0,no_mergejoin,5665.229,5610.544862810931
1,pg_baseline_linear,plan_time,baseline,q15_p0,no_nestloop,2830.03,5612.639051898625
1,pg_baseline_linear,plan_time,baseline,q16_p4,default,2523.064,1348.239906439287
1,pg_baseline_linear,plan_time,baseline,q16_p4,no_hashjoin,1946.083,1549.715249140435
1,pg_baseline_linear,plan_time,baseline,q16_p4,no_mergejoin,1783.659,1348.239906439287
1,pg_baseline_linear,plan_time,baseline,q16_p4,no_nestloop,2195.978,1348.239906439287
1,pg_baseline_linear,plan_time,baseline,q19_p0,default,435.11,1244.8816020727627
1,pg_baseline_linear,plan_time,baseline,q19_p0,no_hashjoin,516.983,1244.8816020727627
1,pg_baseline_linear,plan_time,baseline,q19_p0,no_mergejoin,498.459,1244.8816020727627
1,pg_baseline_linear,plan_time,baseline,q19_p0,no_nestloop,3656.192,7340.925501799475
1,pg_baseline_linear,plan_time,baseline,q19_p3,default,392.595,1249.2934899883699
1,pg_baseline_linear,plan_time,baseline,q19_p3,no_hashjoin,404.667,1249.2934899883699
1,pg_baseline_linear,plan_time,baseline,q19_p3,no_mergejoin,494.229,1249.2934899883699
1,pg_baseline_linear,plan_time,baseline,q19_p3,no_nestloop,3766.083,7340.92624932369
1,pg_baseline_linear,plan_time,baseline,q21_p4,default,19462.346,2718.7676211042244
1,pg_baseline_linear,plan_time,baseline,q21_p4,no_hashjoin,19158.111,2848.178639404118
1,pg_baseline_linear,plan_time,baseline,q21_p4,no_mergejoin,21773.347,2718.7676211042244
1,pg_baseline_linear,plan_time,baseline,q21_p4,no_nestloop,20578.87,19451.329461493802
1,pg_baseline_linear,plan_time,baseline,ds_q04_customer_topk,default,704.859,555.9632857353083
1,pg_baseline_linear,plan_time,baseline,ds_q04_customer_topk,no_hashjoin,1272.521,1058.0566126949
1,pg_baseline_linear,plan_time,baseline,ds_q04_customer_topk,no_mergejoin,577.718,555.9632857353083
1,pg_baseline_linear,plan_time,baseline,ds_q04_customer_topk,no_nestloop,799.922,555.9632857353083
1,pg_baseline_linear,plan_time,baseline,ds_q05_returns_filter,default,279.907,148.62388566806334
1,pg_baseline_linear,plan_time,baseline,ds_q05_returns_filter,no_hashjoin,328.061,229.4544265359944
1,pg_baseline_linear,plan_time,baseline,ds_q05_returns_filter,no_mergejoin,196.199,148.62388566806334
1,pg_baseline_linear,plan_time,baseline,ds_q05_returns_filter,no_nestloop,163.456,148.62874457545936
1,pg_baseline_linear,plan_time,baseline,ds_q09_avg_basket,default,481.674,370.0510234236869
1,pg_baseline_linear,plan_time,baseline,ds_q09_avg_basket,no_hashjoin,512.863,370.0510234236869
1,pg_baseline_linear,plan_time,baseline,ds_q09_avg_basket,no_mergejoin,420.93,370.0510234236869
1,pg_baseline_linear,plan_time,baseline,ds_q09_avg_basket,no_nestloop,445.387,370.0510234236869
1,pg_baseline_linear,plan_time,baseline,ds_q18_brand_topk,default,662.842,433.69448754549086
1,pg_baseline_linear,plan_time,baseline,ds_q18_brand_topk,no_hashjoin,2523.984,920.4004023060282
1,pg_baseline_linear,plan_time,baseline,ds_q18_brand_topk,no_mergejoin,2049.833,433.69448754549086
1,pg_baseline_linear,plan_time,baseline,ds_q18_brand_topk,no_nestloop,774.295,433.69448754549086
1,pg_baseline_linear,plan_time,baseline,ds_q19_self_join,default,5.488,0.1
1,pg_baseline_linear,plan_time,baseline,ds_q19_self_join,no_hashjoin,0.11,0.1
1,pg_baseline_linear,plan_time,baseline,ds_q19_self_join,no_mergejoin,0.106,0.1
1,pg_baseline_linear,plan_time,baseline,ds_q19_self_join,no_nestloop,0.133,0.1
2,pg_baseline_linear,plan_time,baseline,q10,default,1318.8,5930.995157283906
2,pg_baseline_linear,plan_time,baseline,q10,no_hashjoin,4160.12,6110.844696521222
2,pg_baseline_linear,plan_time,baseline,q10,no_mergejoin,1571.937,5930.995157283906
2,pg_baseline_linear,plan_time,baseline,q10,no_nestloop,2518.974,7363.984037034779
2,pg_baseline_linear,plan_time,baseline,q15,default,2757.332,5733.740947573202
2,pg_baseline_linear,plan_time,baseline,q15,no_hashjoin,2518.908,5733.740947573202
2,pg_baseline_linear,plan_time,baseline,q15,no_mergejoin,2113.783,5733.740947573202
2,pg_baseline_linear,plan_time,baseline,q15,no_nestloop,2244.615,5735.888598126254
2,pg_baseline_linear,plan_time,baseline,q20,default,7381.431,3747.825768162848
2,pg_baseline_linear,plan_time,baseline,q20,no_hashjoin,4427.324,3754.383327624137
2,pg_baseline_linear,plan_time,baseline,q20,no_mergejoin,4679.932,3747.825768162848
2,pg_baseline_linear,plan_time,baseline,q01_p3,default,13984.334,8840.469835777212
2,pg_baseline_linear,plan_time,baseline,q01_p3,no_hashjoin,15019.025,8840.469835777212
2,pg_baseline_linear,plan_time,baseline,q01_p3,no_mergejoin,12287.425,8840.469835777212
2,pg_baseline_linear,plan_time,baseline,q01_p3,no_nestloop,11661.957,8840.469835777212
2,pg_baseline_linear,plan_time,baseline,q02_p0,default,23413.931,2136.2304030285873
2,pg_baseline_linear,plan_time,baseline,q02_p0,no_hashjoin,3964.82,3411.281682060033
2,pg_baseline_linear,plan_time,baseline,q02_p0,no_mergejoin,3313.199,2136.2304030285873
2,pg_baseline_linear,plan_time,baseline,q02_p0,no_nestloop,8545.085,7190.258924093494
2,pg_baseline_linear,plan_time,baseline,q02_p2,default,3165.46,2136.2304030285873
2,pg_baseline_linear,plan_time,baseline,q02_p2,no_hashjoin,5007.324,3411.281682060033
2,pg_baseline_linear,plan_time,baseline,q02_p2,no_mergejoin,3606.714,2136.2304030285873
2,pg_baseline_linear,plan_time,baseline,q02_p2,no_nestloop,7216.648,7190.258924093494
2,pg_baseline_linear,plan_time,baseline,q03_p0,default,2635.037,7613.975851000825
2,pg_baseline_linear,plan_time,baseline,q03_p0,no_hashjoin,18114.795,8496.175732445743
2,pg_baseline_linear,plan_time,baseline,q03_p0,no_mergejoin,1944.902,7613.975851000825
2,pg_baseline_linear,plan_time,baseline,q03_p0,no_nestloop,5589.845,9885.832130486377
2,pg_baseline_linear,plan_time,baseline,q04_p3,default,990.862,2350.4622829063997
2,pg_baseline_linear,plan_time,baseline,q04_p3,no_hashjoin,1329.233,2350.4622829063997
2,pg_baseline_linear,plan_time,baseline,q04_p3,no_mergejoin,1103.474,2350.4622829063997
2,pg_baseline_linear,plan_time,baseline,q04_p3,no_nestloop,8503.564,7277.120139001235
2,pg_baseline_linear,plan_time,baseline,q05_p1,default,6327.661,3193.619617495578
2,pg_baseline_linear,plan_time,baseline,q05_p1,no_hashjoin,3334.809,3638.8682456642177
2,pg_baseline_linear,plan_time,baseline,q05_p1,no_mergejoin,3473.214,3193.619617495578
2,pg_baseline_linear,plan_time,baseline,q05_p1,no_nestloop,2614.839,7075.626973826279
2,pg_baseline_linear,plan_time,baseline,q06_p2,default,4135.177,6459.697047287437
2,pg_baseline_linear,plan_time,baseline,q06_p2,no_hashjoin,3106.429,6459.697047287437
2,pg_baseline_linear,plan_time,baseline,q06_p2,no_mergejoin,2665.156,6459.697047287437
2,pg_baseline_linear,plan_time,baseline,q06_p2,no_nestloop,2697.838,6459.697047287437
2,pg_baseline_linear,plan_time,baseline,q07_p2,default,42141.36,2726.3915893603007
2,pg_baseline_linear,plan_time,baseline,q07_p2,no_hashjoin,10847.283,3103.6735745223436
2,pg_baseline_linear,plan_time,baseline,q07_p2,no_mergejoin,49967.521,2726.3915893603007
2,pg_baseline_linear,plan_time,baseline,q07_p2,no_nestloop,8066.19,7512.493900291622
2,pg_baseline_linear,plan_time,baseline,q08_p1,default,2058.638,2987.022380436912
2,pg_baseline_linear,plan_time,baseline,q08_p1,no_hashjoin,2498.809,2994.4726541830587
2,pg_baseline_linear,plan_time,baseline,q08_p1,no_mergejoin,2816.12,2987.022380436912
2,pg_baseline_linear,plan_time,baseline,q08_p1,no_nestloop,5506.494,7354.815796167665
2,pg_baseline_linear,plan_time,baseline,q09_p0,default,27540.065,4399.064863655105
2,pg_baseline_linear,plan_time,baseline,q09_p0,no_hashjoin,44491.972,4953.8095560013035
2,pg_baseline_linear,plan_time,baseline,q09_p0,no_mergejoin,20940.383,4399.064863655105
2,pg_baseline_linear,plan_time,baseline,q09_p0,no_nestloop,16162.56,9509.2665399136
2,pg_baseline_linear,plan_time,baseline,q11_p3,default,1976.909,393.0959453382413
2,pg_baseline_linear,plan_time,baseline,q11_p3,no_hashjoin,748.431,393.0959453382413
2,pg_baseline_linear,plan_time,baseline,q11_p3,no_mergejoin,562.144,393.0959453382413
2,pg_baseline_linear,plan_time,baseline,q11_p3,no_nestloop,1681.782,1997.5338807425137
2,pg_baseline_linear,plan_time,baseline,q12_p2,default,2149.287,8040.863082695643
2,pg_baseline_linear,plan_time,baseline,q12_p2,no_hashjoin,2364.648,8229.74057365097
2,pg_baseline_linear,plan_time,baseline,q12_p2,no_mergejoin,2164.549,8040.863082695643
2,pg_baseline_linear,plan_time,baseline,q12_p2,no_nestloop,1854.457,8040.863082695643
2,pg_baseline_linear,plan_time,baseline,q14_p0,default,2971.513,4285.589723912451
2,pg_baseline_linear,plan_time,baseline,q14_p0,no_hashjoin,3770.611,4634.472738973553
2,pg_baseline_linear,plan_time,baseline,q14_p0,no_mergejoin,4340.477,4285.589723912451
2,pg_baseline_linear,plan_time,baseline,q14_p0,no_nestloop,3252.169,4285.589723912451
2,pg_baseline_linear,plan_time,baseline,q15_p4,default,3928.715,5731.361398290078
2,pg_baseline_linear,plan_time,baseline,q15_p4,no_hashjoin,3612.135,5731.361398290078
2,pg_baseline_linear,plan_time,baseline,q15_p4,no_mergejoin,4176.719,5731.361398290078
2,pg_baseline_linear,plan_time,baseline,q15_p4,no_nestloop,4123.565,5733.50904884313
2,pg_baseline_linear,plan_time,baseline,q16_p3,default,2142.518,1376.2971146700302
2,pg_baseline_linear,plan_time,baseline,q16_p3,no_hashjoin,2488.674,1581.265694366584
2,pg_baseline_linear,plan_time,baseline,q16_p3,no_mergejoin,2170.027,1376.2971146700302
2,pg_baseline_linear,plan_time,baseline,q16_p3,no_nestloop,1427.093,1376.2971146700302
2,pg_baseline_linear,plan_time,baseline,q17_p2,default,5596.138,7514.208417679413
2,pg_baseline_linear,plan_time,baseline,q17_p2,no_hashjoin,730.087,30313.278018935005
2,pg_baseline_linear,plan_time,baseline,q17_p2,no_mergejoin,4160.795,7514.208417679413
2,pg_baseline_linear,plan_time,baseline,q17_p2,no_nestloop,4012.796,7514.208417679413
2,pg_baseline_linear,plan_time,baseline,q17_p3,default,5259.441,7514.213400627333
2,pg_baseline_linear,plan_time,baseline,q17_p3,no_hashjoin,821.265,30469.70693634606
2,pg_baseline_linear,plan_time,baseline,q17_p3,no_mergejoin,5243.261,7514.213400627333
2,pg_baseline_linear,plan_time,baseline,q17_p3,no_nestloop,7027.809,7514.213400627333
2,pg_baseline_linear,plan_time,baseline,q19_p2,default,231.761,337.2811790911283
2,pg_baseline_linear,plan_time,baseline,q19_p2,no_hashjoin,251.742,337.2811790911283
2,pg_baseline_linear,plan_time,baseline,q19_p2,no_mergejoin,298.061,337.2811790911283
2,pg_baseline_linear,plan_time,baseline,q19_p2,no_nestloop,232.592,7528.211651242616
2,pg_baseline_linear,plan_time,baseline,q20_p0,default,6531.394,3747.825768162848
2,pg_baseline_linear,plan_time,baseline,q20_p0,no_hashjoin,3627.978,3754.383327624137
2,pg_baseline_linear,plan_time,baseline,q20_p0,no_mergejoin,4085.213,3747.825768162848
2,pg_baseline_linear,plan_time,baseline,q21_p3,default,17560.987,2788.1736273921547
2,pg_baseline_linear,plan_time,baseline,q21_p3,no_hashjoin,17085.046,2920.8883123534165
2,pg_baseline_linear,plan_time,baseline,q21_p3,no_mergejoin,17104.211,2788.1736273921547
2,pg_baseline_linear,plan_time,baseline,q21_p3,no_nestloop,11808.777,19947.892346984077
2,pg_baseline_linear,plan_time,baseline,ds_q03_promo_effect,default,639.997,451.3370239181787
2,pg_baseline_linear,plan_time,baseline,ds_q03_promo_effect,no_hashjoin,2233.295,945.5526979822871
2,pg_baseline_linear,plan_time,baseline,ds_q03_promo_effect,no_mergejoin,613.607,451.3370239181787
2,pg_baseline_linear,plan_time,baseline,ds_q03_promo_effect,no_nestloop,389.256,451.3370239181787
2,pg_baseline_linear,plan_time,baseline,ds_q08_addr_filter,default,89.476,27.939772285029438
2,pg_baseline_linear,plan_time,baseline,ds_q08_addr_filter,no_hashjoin,43.675,64.22253260106298
2,pg_baseline_linear,plan_time,baseline,ds_q08_addr_filter,no_mergejoin,39.483,27.939772285029438
2,pg_baseline_linear,plan_time,baseline,ds_q08_addr_filter,no_nestloop,61.302,27.939772285029438
2,pg_baseline_linear,plan_time,baseline,ds_q12_catalog_topk,default,531.523,306.7579399619857
2,pg_baseline_linear,plan_time,baseline,ds_q12_catalog_topk,no_hashjoin,968.577,506.0126116102911
2,pg_baseline_linear,plan_time,baseline,ds_q12_catalog_topk,no_mergejoin,392.038,306.7579399619857
2,pg_baseline_linear,plan_time,baseline,ds_q12_catalog_topk,no_nestloop,356.789,306.7579399619857
2,pg_baseline_linear,plan_time,baseline,ds_q15_returns_ratio,default,810.594,617.3378009777773
2,pg_baseline_linear,plan_time,baseline,ds_q15_returns_ratio,no_hashjoin,2445.148,1124.5283048153622
2,pg_baseline_linear,plan_time,baseline,ds_q15_returns_ratio,no_mergejoin,643.784,617.3378009777773
2,pg_baseline_linear,plan_time,baseline,ds_q15_returns_ratio,no_nestloop,729.727,617.3378009777773
2,pg_baseline_linear,plan_time,baseline,online_b21324f41e,default,256.352,444.76604882787717
2,pg_baseline_linear,plan_time,baseline,online_b21324f41e,no_mergejoin,160.573,444.76604882787717
2,pg_baseline_linear,plan_time,baseline,online_b21324f41e,no_nestloop,160.279,444.76604882787717
2,pg_baseline_linear,plan_time,baseline,online_b21324f41e,no_hashjoin,301.284,943.8968260584637
3,pg_baseline_linear,plan_time,baseline,q03,default,1640.223,6022.66917835056
3,pg_baseline_linear,plan_time,baseline,q03,no_hashjoin,15919.201,6720.984617218479
3,pg_baseline_linear,plan_time,baseline,q03,no_mergejoin,2101.658,6022.66917835056
3,pg_baseline_linear,plan_time,baseline,q03,no_nestloop,2195.742,7830.035118301684
3,pg_baseline_linear,plan_time,baseline,q09,default,23625.277,3486.6052305820667
3,pg_baseline_linear,plan_time,baseline,q09,no_hashjoin,30860.744,3926.2840727723647
3,pg_baseline_linear,plan_time,baseline,q09,no_mergejoin,19454.599,3486.6052305820667
3,pg_baseline_linear,plan_time,baseline,q09,no_nestloop,9471.806,7536.842370974689
3,pg_baseline_linear,plan_time,baseline,q14,default,1878.312,3406.303124744578
3,pg_baseline_linear,plan_time,baseline,q14,no_hashjoin,1806.03,3684.632537913128
3,pg_baseline_linear,plan_time,baseline,q14,no_mergejoin,1504.265,3406.303124744578
3,pg_baseline_linear,plan_time,baseline,q14,no_nestloop,2199.709,3406.303124744578
3,pg_baseline_linear,plan_time,baseline,q02_p1,default,4831.789,1785.3411673436854
3,pg_baseline_linear,plan_time,baseline,q02_p1,no_hashjoin,7944.497,2850.2518951027637
3,pg_baseline_linear,plan_time,baseline,q02_p1,no_mergejoin,7564.481,1785.3411673436854
3,pg_baseline_linear,plan_time,baseline,q02_p1,no_nestloop,6618.888,6387.568968663522
3,pg_baseline_linear,plan_time,baseline,q02_p3,default,3892.114,1797.231227073746
3,pg_baseline_linear,plan_time,baseline,q02_p3,no_hashjoin,3155.964,2869.4947862408326
3,pg_baseline_linear,plan_time,baseline,q02_p3,no_mergejoin,4532.378,1797.231227073746
3,pg_baseline_linear,plan_time,baseline,q02_p3,no_nestloop,5564.808,6476.428466357426
3,pg_baseline_linear,plan_time,baseline,q04_p0,default,698.777,1908.15772534541
3,pg_baseline_linear,plan_time,baseline,q04_p0,no_hashjoin,711.225,1908.15772534541
3,pg_baseline_linear,plan_time,baseline,q04_p0,no_mergejoin,778.803,1908.15772534541
3,pg_baseline_linear,plan_time,baseline,q04_p0,no_nestloop,3866.661,5771.081614733304
3,pg_baseline_linear,plan_time,baseline,q05_p0,default,8204.45,2531.1949716508157
3,pg_baseline_linear,plan_time,baseline,q05_p0,no_hashjoin,5962.965,2884.0895626599604
3,pg_baseline_linear,plan_time,baseline,q05_p0,no_mergejoin,4610.027,2531.1949716508157
3,pg_baseline_linear,plan_time,baseline,q05_p0,no_nestloop,2611.541,5607.991421179561
3,pg_baseline_linear,plan_time,baseline,q06_p3,default,3480.088,5118.510915860111
3,pg_baseline_linear,plan_time,baseline,q06_p3,no_hashjoin,2996.05,5118.510915860111
3,pg_baseline_linear,plan_time,baseline,q06_p3,no_mergejoin,2669.903,5118.510915860111
3,pg_baseline_linear,plan_time,baseline,q06_p3,no_nestloop,4023.332,5118.510915860111
3,pg_baseline_linear,plan_time,baseline,q06_p4,default,5669.9,5118.4847892022135
3,pg_baseline_linear,plan_time,baseline,q06_p4,no_hashjoin,2089.769,5118.4847892022135
3,pg_baseline_linear,plan_time,baseline,q06_p4,no_mergejoin,4714.611,5118.4847892022135
3,pg_baseline_linear,plan_time,baseline,q06_p4,no_nestloop,1983.072,5118.4847892022135
3,pg_baseline_linear,plan_time,baseline,q08_p0,default,2318.738,2367.450396456249
3,pg_baseline_linear,plan_time,baseline,q08_p0,no_hashjoin,1937.078,2373.3553249393904
3,pg_baseline_linear,plan_time,baseline,q08_p0,no_mergejoin,2662.364,2367.450396456249
3,pg_baseline_linear,plan_time,baseline,q08_p0,no_nestloop,4359.179,5829.270542644192
3,pg_baseline_linear,plan_time,baseline,q09_p4,default,8298.719,3486.6052305820667
3,pg_baseline_linear,plan_time,baseline,q09_p4,no_hashjoin,16043.449,3926.2840727723647
3,pg_baseline_linear,plan_time,baseline,q09_p4,no_mergejoin,10137.559,3486.6052305820667
3,pg_baseline_linear,plan_time,baseline,q09_p4,no_nestloop,11374.003,7536.842370974689
3,pg_baseline_linear,plan_time,baseline,q11_p2,default,1218.799,311.5594840304609
3,pg_baseline_linear,plan_time,baseline,q11_p2,no_hashjoin,843.429,311.5594840304609
3,pg_baseline_linear,plan_time,baseline,q11_p2,no_mergejoin,2433.052,311.5594840304609
3,pg_baseline_linear,plan_time,baseline,q11_p2,no_nestloop,3181.035,1583.2028607723164
3,pg_baseline_linear,plan_time,baseline,q12_p1,default,6508.802,6371.866543468887
3,pg_baseline_linear,plan_time,baseline,q12_p1,no_hashjoin,3209.493,6500.1693958307005
3,pg_baseline_linear,plan_time,baseline,q12_p1,no_mergejoin,2447.656,6371.866543468887
3,pg_baseline_linear,plan_time,baseline,q12_p1,no_nestloop,1816.0,6371.866543468887
3,pg_baseline_linear,plan_time,baseline,q14_p4,default,3773.783,3548.367738456281
3,pg_baseline_linear,plan_time,baseline,q14_p4,no_hashjoin,2474.995,3856.723061314149
3,pg_baseline_linear,plan_time,baseline,q14_p4,no_mergejoin,2967.284,3548.367738456281
3,pg_baseline_linear,plan_time,baseline,q14_p4,no_nestloop,2601.241,3548.367738456281
3,pg_baseline_linear,plan_time,baseline,q15_p3,default,4889.391,4544.44110242123
3,pg_baseline_linear,plan_time,baseline,q15_p3,no_hashjoin,5317.028,4544.44110242123
3,pg_baseline_linear,plan_time,baseline,q15_p3,no_mergejoin,5676.261,4544.44110242123
3,pg_baseline_linear,plan_time,baseline,q15_p3,no_nestloop,5457.38,4546.143284563075
3,pg_baseline_linear,plan_time,baseline,q16_p2,default,2458.46,1086.8580317878673
3,pg_baseline_linear,plan_time,baseline,q16_p2,no_hashjoin,2627.809,1248.285536984959
3,pg_baseline_linear,plan_time,baseline,q16_p2,no_mergejoin,1893.313,1086.8580317878673
3,pg_baseline_linear,plan_time,baseline,q16_p2,no_nestloop,2458.918,1086.8580317878673
3,pg_baseline_linear,plan_time,baseline,q17_p1,default,11535.719,5955.664326189414
3,pg_baseline_linear,plan_time,baseline,q17_p1,no_hashjoin,2053.23,25884.301246492767
3,pg_baseline_linear,plan_time,baseline,q17_p1,no_mergejoin,7398.36,5955.664326189414
3,pg_baseline_linear,plan_time,baseline,q17_p1,no_nestloop,4296.241,5955.664326189414
3,pg_baseline_linear,plan_time,baseline,q17_p4,default,4937.429,5955.643364103427
3,pg_baseline_linear,plan_time,baseline,q17_p4,no_hashjoin,664.182,25264.753731806737
3,pg_baseline_linear,plan_time,baseline,q17_p4,no_mergejoin,4008.003,5955.643364103427
3,pg_baseline_linear,plan_time,baseline,q17_p4,no_nestloop,4202.008,5955.643364103427
3,pg_baseline_linear,plan_time,baseline,q20_p1,default,2525.096,2970.4469771626746
3,pg_baseline_linear,plan_time,baseline,q20_p1,no_hashjoin,2273.024,2975.6443592941546
3,pg_baseline_linear,plan_time,baseline,q20_p1,no_mergejoin,2129.206,2970.4469771626746
3,pg_baseline_linear,plan_time,baseline,q20_p1,no_nestloop,278747.214,208294.9441374666
3,pg_baseline_linear,plan_time,baseline,q20_p3,default,11028.75,2970.4469771626746
3,pg_baseline_linear,plan_time,baseline,q20_p3,no_hashjoin,10269.854,2975.6443592941546
3,pg_baseline_linear,plan_time,baseline,q20_p3,no_mergejoin,13299.016,2970.4469771626746
3,pg_baseline_linear,plan_time,baseline,q20_p4,default,70494.953,2970.4469771626746
3,pg_baseline_linear,plan_time,baseline,q20_p4,no_hashjoin,17808.234,2975.6443592941546
3,pg_baseline_linear,plan_time,baseline,q20_p4,no_mergejoin,22436.179,2970.4469771626746
3,pg_baseline_linear,plan_time,baseline,q21_p2,default,12400.143,2209.84710485929
3,pg_baseline_linear,plan_time,baseline,q21_p2,no_hashjoin,16524.084,2315.0339409489306
3,pg_baseline_linear,plan_time,baseline,q21_p2,no_mergejoin,11762.799,2209.84710485929
3,pg_baseline_linear,plan_time,baseline,q21_p2,no_nestloop,9402.375,15810.275127040171
3,pg_baseline_linear,plan_time,baseline,ds_q02_topk_revenue,default,1542.053,388.97915114551137
3,pg_baseline_linear,plan_time,baseline,ds_q02_topk_revenue,no_hashjoin,1352.97,822.8475461387848
3,pg_baseline_linear,plan_time,baseline,ds_q02_topk_revenue,no_mergejoin,543.457,388.97915114551137
3,pg_baseline_linear,plan_time,baseline,ds_q02_topk_revenue,no_nestloop,667.532,388.97915114551137
3,pg_baseline_linear,plan_time,baseline,ds_q07_yearly_trend,default,1811.255,419.1396435028349
3,pg_baseline_linear,plan_time,baseline,ds_q07_yearly_trend,no_hashjoin,1572.343,989.7254974909436
3,pg_baseline_linear,plan_time,baseline,ds_q07_yearly_trend,no_mergejoin,572.578,419.1396435028349
3,pg_baseline_linear,plan_time,baseline,ds_q07_yearly_trend,no_nestloop,616.613,419.1396435028349
3,pg_baseline_linear,plan_time,baseline,ds_q14_state_revenue,default,495.792,365.2066266440818
3,pg_baseline_linear,plan_time,baseline,ds_q14_state_revenue,no_hashjoin,1105.507,802.070777143465
3,pg_baseline_linear,plan_time,baseline,ds_q14_state_revenue,no_mergejoin,802.114,365.2066266440818
3,pg_baseline_linear,plan_time,baseline,ds_q14_state_revenue,no_nestloop,778.636,365.2066266440818
3,pg_baseline_linear,plan_time,baseline,ds_q16_web_returns,default,86.387,16.275692676637846
3,pg_baseline_linear,plan_time,baseline,ds_q16_web_returns,no_hashjoin,52.615,16.275692676637846
3,pg_baseline_linear,plan_time,baseline,ds_q16_web_returns,no_mergejoin,35.959,16.275692676637846
3,pg_baseline_linear,plan_time,baseline,ds_q16_web_returns,no_nestloop,37.871,16.275692676637846
3,pg_baseline_linear,plan_time,baseline,online_749218157a,default,1747.386,5111.741073481229
3,pg_baseline_linear,plan_time,baseline,online_749218157a,no_hashjoin,1146.033,5111.741073481229
3,pg_baseline_linear,plan_time,baseline,online_749218157a,no_mergejoin,1039.564,5111.741073481229
3,pg_baseline_linear,plan_time,baseline,online_749218157a,no_nestloop,1177.454,5111.741073481229
3,pg_baseline_linear,plan_time,baseline,online_dac91519b8,default,208.479,419.1396435028349
3,pg_baseline_linear,plan_time,baseline,online_dac91519b8,no_hashjoin,316.51,989.7254974909436
3,pg_baseline_linear,plan_time,baseline,online_dac91519b8,no_mergejoin,194.431,419.1396435028349
3,pg_baseline_linear,plan_time,baseline,online_dac91519b8,no_nestloop,217.28,419.1396435028349
4,pg_baseline_linear,plan_time,baseline,q04_agg_total_per_country,default,36.801,118.1542668296428
4,pg_baseline_linear,plan_time,baseline,q06_status_breakdown,default,22.161,95.40491256535184
4,pg_baseline_linear,plan_time,baseline,q06,default,2272.089,6457.201198330499
4,pg_baseline_linear,plan_time,baseline,q06,no_hashjoin,1791.259,6457.201198330499
4,pg_baseline_linear,plan_time,baseline,q06,no_mergejoin,1959.172,6457.201198330499
4,pg_baseline_linear,plan_time,baseline,q06,no_nestloop,1737.52,6457.201198330499
4,pg_baseline_linear,plan_time,baseline,q08,default,2118.05,2990.586439577698
4,pg_baseline_linear,plan_time,baseline,q08,no_hashjoin,1382.048,2998.0456028508934
4,pg_baseline_linear,plan_time,baseline,q08,no_mergejoin,1513.581,2990.586439577698
4,pg_baseline_linear,plan_time,baseline,q08,no_nestloop,2374.629,7363.5914245790245
4,pg_baseline_linear,plan_time,baseline,q13,default,2831.432,5544.5591210307
4,pg_baseline_linear,plan_time,baseline,q13,no_hashjoin,23582.006,6200.365286810268
4,pg_baseline_linear,plan_time,baseline,q13,no_mergejoin,2595.487,5544.5591210307
4,pg_baseline_linear,plan_time,baseline,q13,no_nestloop,2688.645,5544.5591210307
4,pg_baseline_linear,plan_time,baseline,q18,default,13888.445,19317.155579083643
4,pg_baseline_linear,plan_time,baseline,q18,no_hashjoin,14970.42,20204.374255214403
4,pg_baseline_linear,plan_time,baseline,q18,no_mergejoin,16967.045,19221.073712049296
4,pg_baseline_linear,plan_time,baseline,q18,no_nestloop,17635.017,22460.527648978135
4,pg_baseline_linear,plan_time,baseline,q01_p0,default,3349.141,8890.11914703737
4,pg_baseline_linear,plan_time,baseline,q01_p0,no_hashjoin,4540.459,8890.11914703737
4,pg_baseline_linear,plan_time,baseline,q01_p0,no_mergejoin,10943.592,8890.11914703737
4,pg_baseline_linear,plan_time,baseline,q01_p0,no_nestloop,8294.856,8890.11914703737
4,pg_baseline_linear,plan_time,baseline,q02_p4,default,1973.717,2058.9090473282126
4,pg_baseline_linear,plan_time,baseline,q02_p4,no_hashjoin,1809.446,3288.2031014395147
4,pg_baseline_linear,plan_time,baseline,q02_p4,no_mergejoin,2038.239,2058.9090473282126
4,pg_baseline_linear,plan_time,baseline,q02_p4,no_nestloop,4826.137,6602.442470423915
4,pg_baseline_linear,plan_time,baseline,q03_p3,default,2118.779,7573.598511816963
4,pg_baseline_linear,plan_time,baseline,q03_p3,no_hashjoin,12346.115,8453.594805234261
4,pg_baseline_linear,plan_time,baseline,q03_p3,no_mergejoin,1371.854,7573.598511816963
4,pg_baseline_linear,plan_time,baseline,q03_p3,no_nestloop,3581.978,9876.008925918086
4,pg_baseline_linear,plan_time,baseline,q04_p1,default,616.709,2341.6112202540075
4,pg_baseline_linear,plan_time,baseline,q04_p1,no_hashjoin,714.221,2341.6112202540075
4,pg_baseline_linear,plan_time,baseline,q04_p1,no_mergejoin,781.058,2341.6112202540075
4,pg_baseline_linear,plan_time,baseline,q04_p1,no_nestloop,4254.901,7285.076219006347
4,pg_baseline_linear,plan_time,baseline,q04_p2,default,706.16,2409.116321679545
4,pg_baseline_linear,plan_time,baseline,q04_p2,no_hashjoin,693.738,2409.116321679545
4,pg_baseline_linear,plan_time,baseline,q04_p2,no_mergejoin,797.277,2409.116321679545
4,pg_baseline_linear,plan_time,baseline,q04_p2,no_nestloop,4757.625,7289.935401254903
4,pg_baseline_linear,plan_time,baseline,q06_p0,default,4046.07,6456.192674325665
4,pg_baseline_linear,plan_time,baseline,q06_p0,no_hashjoin,3038.813,6456.192674325665
4,pg_baseline_linear,plan_time,baseline,q06_p0,no_mergejoin,3906.789,6456.192674325665
4,pg_baseline_linear,plan_time,baseline,q06_p0,no_nestloop,3998.758,6456.192674325665
4,pg_baseline_linear,plan_time,baseline,q07_p1,default,48689.845,2729.644668724239
4,pg_baseline_linear,plan_time,baseline,q07_p1,no_hashjoin,15251.364,3107.376819682386
4,pg_baseline_linear,plan_time,baseline,q07_p1,no_mergejoin,53754.001,2729.644668724239
4,pg_baseline_linear,plan_time,baseline,q07_p1,no_nestloop,5609.712,7521.457667262634
4,pg_baseline_linear,plan_time,baseline,q08_p4,default,5660.325,2990.586439577698
4,pg_baseline_linear,plan_time,baseline,q08_p4,no_hashjoin,6197.882,2998.0456028508934
4,pg_baseline_linear,plan_time,baseline,q08_p4,no_mergejoin,2379.517,2990.586439577698
4,pg_baseline_linear,plan_time,baseline,q08_p4,no_nestloop,5048.417,7363.5914245790245
4,pg_baseline_linear,plan_time,baseline,q09_p3,default,6549.707,4404.313745431453
4,pg_baseline_linear,plan_time,baseline,q09_p3,no_hashjoin,13347.475,4959.720348751104
4,pg_baseline_linear,plan_time,baseline,q09_p3,no_mergejoin,5954.025,4404.313745431453
4,pg_baseline_linear,plan_time,baseline,q09_p3,no_nestloop,3600.447,9520.612818587546
4,pg_baseline_linear,plan_time,baseline,q11_p1,default,2820.861,393.5649800553443
4,pg_baseline_linear,plan_time,baseline,q11_p1,no_hashjoin,834.804,393.5649800553443
4,pg_baseline_linear,plan_time,baseline,q11_p1,no_mergejoin,854.796,393.5649800553443
4,pg_baseline_linear,plan_time,baseline,q11_p1,no_nestloop,1680.754,1999.91730074409
4,pg_baseline_linear,plan_time,baseline,q12_p0,default,12501.249,8048.545776151269
4,pg_baseline_linear,plan_time,baseline,q12_p0,no_hashjoin,5870.008,8202.013349830539
4,pg_baseline_linear,plan_time,baseline,q12_p0,no_mergejoin,4893.417,8048.545776151269
4,pg_baseline_linear,plan_time,baseline,q12_p0,no_nestloop,3516.724,8048.545776151269
4,pg_baseline_linear,plan_time,baseline,q14_p3,default,3822.122,4573.888921110301
4,pg_baseline_linear,plan_time,baseline,q14_p3,no_hashjoin,5657.868,4986.9804302424955
4,pg_baseline_linear,plan_time,baseline,q14_p3,no_mergejoin,5261.081,4573.888921110301
4,pg_baseline_linear,plan_time,baseline,q14_p3,no_nestloop,3418.002,4573.888921110301
4,pg_baseline_linear,plan_time,baseline,q15_p2,default,4505.763,5730.412672370526
4,pg_baseline_linear,plan_time,baseline,q15_p2,no_hashjoin,6508.556,5730.412672370526
4,pg_baseline_linear,plan_time,baseline,q15_p2,no_mergejoin,5286.807,5730.412672370526
4,pg_baseline_linear,plan_time,baseline,q15_p2,no_nestloop,5383.88,5732.563269221016
4,pg_baseline_linear,plan_time,baseline,q16_p1,default,2655.656,1373.3798217227713
4,pg_baseline_linear,plan_time,baseline,q16_p1,no_hashjoin,1923.553,1577.413668422186
4,pg_baseline_linear,plan_time,baseline,q16_p1,no_mergejoin,2945.97,1373.3798217227713
4,pg_baseline_linear,plan_time,baseline,q16_p1,no_nestloop,1993.228,1373.3798217227713
4,pg_baseline_linear,plan_time,baseline,q17_p0,default,10431.913,7523.23755095153
4,pg_baseline_linear,plan_time,baseline,q17_p0,no_hashjoin,1729.994,32227.761427807116
4,pg_baseline_linear,plan_time,baseline,q17_p0,no_mergejoin,8897.062,7523.23755095153
4,pg_baseline_linear,plan_time,baseline,q17_p0,no_nestloop,9330.833,7523.23755095153
4,pg_baseline_linear,plan_time,baseline,q19_p1,default,1205.132,1312.399425445707
4,pg_baseline_linear,plan_time,baseline,q19_p1,no_hashjoin,454.037,1312.399425445707
4,pg_baseline_linear,plan_time,baseline,q19_p1,no_mergejoin,371.417,1312.399425445707
4,pg_baseline_linear,plan_time,baseline,q19_p1,no_nestloop,3774.525,7537.32465109211
4,pg_baseline_linear,plan_time,baseline,q20_p2,default,5046.379,3752.2976036517875
4,pg_baseline_linear,plan_time,baseline,q20_p2,no_hashjoin,3476.229,3758.862987470166
4,pg_baseline_linear,plan_time,baseline,q20_p2,no_mergejoin,3548.939,3752.2976036517875
4,pg_baseline_linear,plan_time,baseline,q21_p1,default,17294.152,2791.5004239263512
4,pg_baseline_linear,plan_time,baseline,q21_p1,no_hashjoin,18352.588,2924.3734615632243
4,pg_baseline_linear,plan_time,baseline,q21_p1,no_mergejoin,18510.851,2791.5004239263512
4,pg_baseline_linear,plan_time,baseline,q21_p1,no_nestloop,10391.969,19971.693798397468
4,pg_baseline_linear,plan_time,baseline,ds_q01_filter_agg,default,1042.995,469.1217717949686
4,pg_baseline_linear,plan_time,baseline,ds_q01_filter_agg,no_hashjoin,810.184,978.0844631522837
4,pg_baseline_linear,plan_time,baseline,ds_q01_filter_agg,no_mergejoin,537.585,469.1217717949686
4,pg_baseline_linear,plan_time,baseline,ds_q01_filter_agg,no_nestloop,1482.016,469.1217717949686
4,pg_baseline_linear,plan_time,baseline,ds_q10_window_topk,default,2181.389,917.549229677962
4,pg_baseline_linear,plan_time,baseline,ds_q10_window_topk,no_hashjoin,4045.225,1417.2759441614799
4,pg_baseline_linear,plan_time,baseline,ds_q10_window_topk,no_mergejoin,1774.157,917.549229677962
4,pg_baseline_linear,plan_time,baseline,ds_q10_window_topk,no_nestloop,1763.773,917.549229677962
4,pg_baseline_linear,plan_time,baseline,ds_q13_high_quantity,default,350.115,363.45777543158556
4,pg_baseline_linear,plan_time,baseline,ds_q13_high_quantity,no_hashjoin,465.736,363.45777543158556
4,pg_baseline_linear,plan_time,baseline,ds_q13_high_quantity,no_mergejoin,399.664,363.45777543158556
4,pg_baseline_linear,plan_time,baseline,ds_q13_high_quantity,no_nestloop,458.559,363.45777543158556
4,pg_baseline_linear,plan_time,baseline,ds_q20_demographic,default,867.031,603.5678459218777
4,pg_baseline_linear,plan_time,baseline,ds_q20_demographic,no_hashjoin,3716.274,1974.0537256657856
4,pg_baseline_linear,plan_time,baseline,ds_q20_demographic,no_mergejoin,726.447,603.5678459218777
4,pg_baseline_linear,plan_time,baseline,ds_q20_demographic,no_nestloop,1077.246,603.5678459218777
4,pg_baseline_linear,plan_time,baseline,online_d4e75912f5,default,2553.552,6998.196423433435
4,pg_baseline_linear,plan_time,baseline,online_d4e75912f5,no_hashjoin,1500.007,6998.196423433435
4,pg_baseline_linear,plan_time,baseline,online_d4e75912f5,no_mergejoin,1479.977,6998.196423433435
4,pg_baseline_linear,plan_time,baseline,online_d4e75912f5,no_nestloop,1374.997,6998.196423433435
4,pg_baseline_linear,plan_time,baseline,online_4742846dc9,no_hashjoin,974.089,3170.2906040630855
0,pg_baseline_loglinear,plan_time,baseline,q01_customers_by_country,default,0.928,34.49523466741459
0,pg_baseline_loglinear,plan_time,baseline,q02_orders_recent,default,4.298,135.52451700626108
0,pg_baseline_loglinear,plan_time,baseline,q07_self_subquery,default,11.032,209.22809884211193
0,pg_baseline_loglinear,plan_time,baseline,q01,default,11982.478,6430.631135724336
0,pg_baseline_loglinear,plan_time,baseline,q01,no_hashjoin,11191.817,6430.631135724336
0,pg_baseline_loglinear,plan_time,baseline,q01,no_mergejoin,10066.542,6430.631135724336
0,pg_baseline_loglinear,plan_time,baseline,q01,no_nestloop,6900.803,6430.631135724336
0,pg_baseline_loglinear,plan_time,baseline,q05,default,8827.081,2983.7873935644325
0,pg_baseline_loglinear,plan_time,baseline,q05,no_hashjoin,7074.668,3291.8965014759137
0,pg_baseline_loglinear,plan_time,baseline,q05,no_mergejoin,9969.823,2983.7873935644325
0,pg_baseline_loglinear,plan_time,baseline,q05,no_nestloop,2887.231,5430.926350083723
0,pg_baseline_loglinear,plan_time,baseline,q12,default,4159.307,5978.6952470557
0,pg_baseline_loglinear,plan_time,baseline,q12,no_hashjoin,3556.871,6064.315894778666
0,pg_baseline_loglinear,plan_time,baseline,q12,no_mergejoin,4213.912,5978.6952470557
0,pg_baseline_loglinear,plan_time,baseline,q12,no_nestloop,3102.1,5978.6952470557
0,pg_baseline_loglinear,plan_time,baseline,q17,default,4823.064,5682.4973124601065
0,pg_baseline_loglinear,plan_time,baseline,q17,no_hashjoin,939.65,16988.735601274417
0,pg_baseline_loglinear,plan_time,baseline,q17,no_mergejoin,4153.603,5682.4973124601065
0,pg_baseline_loglinear,plan_time,baseline,q17,no_nestloop,4235.083,5682.4973124601065
0,pg_baseline_loglinear,plan_time,baseline,q19,default,543.454,1495.8913637507123
0,pg_baseline_loglinear,plan_time,baseline,q19,no_hashjoin,198.599,1495.8913637507123
0,pg_baseline_loglinear,plan_time,baseline,q19,no_mergejoin,215.468,1495.8913637507123
0,pg_baseline_loglinear,plan_time,baseline,q19,no_nestloop,1441.563,5690.497924159769
0,pg_baseline_loglinear,plan_time,baseline,q22,default,383.714,741.807782458471
0,pg_baseline_loglinear,plan_time,baseline,q22,no_hashjoin,345.909,741.807782458471
0,pg_baseline_loglinear,plan_time,baseline,q22,no_mergejoin,387.731,741.807782458471
0,pg_baseline_loglinear,plan_time,baseline,q22,no_nestloop,491.9,1744.9238656232274
0,pg_baseline_loglinear,plan_time,baseline,q01_p1,default,9892.378,6439.123589542328
0,pg_baseline_loglinear,plan_time,baseline,q01_p1,no_hashjoin,14592.651,6439.123589542328
0,pg_baseline_loglinear,plan_time,baseline,q01_p1,no_mergejoin,10802.619,6439.123589542328
0,pg_baseline_loglinear,plan_time,baseline,q01_p1,no_nestloop,10626.043,6439.123589542328
0,pg_baseline_loglinear,plan_time,baseline,q01_p4,default,7707.074,6410.3073943555855
0,pg_baseline_loglinear,plan_time,baseline,q01_p4,no_hashjoin,11899.903,6410.3073943555855
0,pg_baseline_loglinear,plan_time,baseline,q01_p4,no_mergejoin,11406.505,6410.3073943555855
0,pg_baseline_loglinear,plan_time,baseline,q01_p4,no_nestloop,9862.402,6410.3073943555855
0,pg_baseline_loglinear,plan_time,baseline,q03_p2,default,1513.628,5657.5796742712755
0,pg_baseline_loglinear,plan_time,baseline,q03_p2,no_hashjoin,9935.697,6148.273085537648
0,pg_baseline_loglinear,plan_time,baseline,q03_p2,no_mergejoin,2103.504,5657.5796742712755
0,pg_baseline_loglinear,plan_time,baseline,q03_p2,no_nestloop,3760.127,6952.407711760505
0,pg_baseline_loglinear,plan_time,baseline,q03_p4,default,1825.335,5696.688705725035
0,pg_baseline_loglinear,plan_time,baseline,q03_p4,no_hashjoin,9233.542,6188.77701592315
0,pg_baseline_loglinear,plan_time,baseline,q03_p4,no_mergejoin,1153.93,5696.688705725035
0,pg_baseline_loglinear,plan_time,baseline,q03_p4,no_nestloop,1581.882,6968.420203421272
0,pg_baseline_loglinear,plan_time,baseline,q05_p4,default,7116.569,2972.5439111576698
0,pg_baseline_loglinear,plan_time,baseline,q05_p4,no_hashjoin,7761.671,3277.1668948733554
0,pg_baseline_loglinear,plan_time,baseline,q05_p4,no_mergejoin,14257.984,2972.5439111576698
0,pg_baseline_loglinear,plan_time,baseline,q05_p4,no_nestloop,5488.744,5428.10923328254
0,pg_baseline_loglinear,plan_time,baseline,q06_p1,default,4169.204,5065.017708724704
0,pg_baseline_loglinear,plan_time,baseline,q06_p1,no_hashjoin,2672.595,5065.017708724704
0,pg_baseline_loglinear,plan_time,baseline,q06_p1,no_mergejoin,2169.062,5065.017708724704
0,pg_baseline_loglinear,plan_time,baseline,q06_p1,no_nestloop,2766.657,5065.017708724704
0,pg_baseline_loglinear,plan_time,baseline,q07_p0,default,33515.848,2648.7669391571994
0,pg_baseline_loglinear,plan_time,baseline,q07_p0,no_hashjoin,6605.498,2920.29024055795
0,pg_baseline_loglinear,plan_time,baseline,q07_p0,no_mergejoin,31465.431,2648.7669391571994
0,pg_baseline_loglinear,plan_time,baseline,q07_p0,no_nestloop,2952.799,5681.485191458817
0,pg_baseline_loglinear,plan_time,baseline,q07_p4,default,59489.379,2648.7669391571994
0,pg_baseline_loglinear,plan_time,baseline,q07_p4,no_hashjoin,12167.826,2920.29024055795
0,pg_baseline_loglinear,plan_time,baseline,q07_p4,no_mergejoin,26668.91,2648.7669391571994
0,pg_baseline_loglinear,plan_time,baseline,q07_p4,no_nestloop,1892.741,5681.485191458817
0,pg_baseline_loglinear,plan_time,baseline,q08_p3,default,6018.607,2837.2578260396476
0,pg_baseline_loglinear,plan_time,baseline,q08_p3,no_hashjoin,3792.658,2842.5846168352855
0,pg_baseline_loglinear,plan_time,baseline,q08_p3,no_mergejoin,3685.784,2837.2578260396476
0,pg_baseline_loglinear,plan_time,baseline,q08_p3,no_nestloop,6346.003,5591.477757112752
0,pg_baseline_loglinear,plan_time,baseline,q09_p2,default,12046.323,4372.992028183241
0,pg_baseline_loglinear,plan_time,baseline,q09_p2,no_hashjoin,20980.942,5159.877571547564
0,pg_baseline_loglinear,plan_time,baseline,q09_p2,no_mergejoin,14809.125,4372.992028183241
0,pg_baseline_loglinear,plan_time,baseline,q09_p2,no_nestloop,7339.487,7245.9836817703
0,pg_baseline_loglinear,plan_time,baseline,q11_p0,default,3049.573,615.8085310215235
0,pg_baseline_loglinear,plan_time,baseline,q11_p0,no_hashjoin,904.409,615.8085310215235
0,pg_baseline_loglinear,plan_time,baseline,q11_p0,no_mergejoin,816.264,615.8085310215235
0,pg_baseline_loglinear,plan_time,baseline,q11_p0,no_nestloop,1302.632,2095.643638178937
0,pg_baseline_loglinear,plan_time,baseline,q12_p4,default,2249.037,5979.215012995626
0,pg_baseline_loglinear,plan_time,baseline,q12_p4,no_hashjoin,3823.712,6074.543242921586
0,pg_baseline_loglinear,plan_time,baseline,q12_p4,no_mergejoin,6799.636,5979.215012995626
0,pg_baseline_loglinear,plan_time,baseline,q12_p4,no_nestloop,7214.151,5979.215012995626
0,pg_baseline_loglinear,plan_time,baseline,q14_p2,default,3528.926,3731.315052687
0,pg_baseline_loglinear,plan_time,baseline,q14_p2,no_hashjoin,3469.28,3958.6171495188005
0,pg_baseline_loglinear,plan_time,baseline,q14_p2,no_mergejoin,3484.62,3731.315052687
0,pg_baseline_loglinear,plan_time,baseline,q14_p2,no_nestloop,2670.408,3731.315052687
0,pg_baseline_loglinear,plan_time,baseline,q15_p1,default,2973.557,4629.213600528801
0,pg_baseline_loglinear,plan_time,baseline,q15_p1,no_hashjoin,3481.784,4629.213600528801
0,pg_baseline_loglinear,plan_time,baseline,q15_p1,no_mergejoin,3814.434,4629.213600528801
0,pg_baseline_loglinear,plan_time,baseline,q15_p1,no_nestloop,2991.507,4630.521384289907
0,pg_baseline_loglinear,plan_time,baseline,q16_p0,default,3583.344,1586.39546601698
0,pg_baseline_loglinear,plan_time,baseline,q16_p0,no_hashjoin,2973.287,1761.6063487387803
0,pg_baseline_loglinear,plan_time,baseline,q16_p0,no_mergejoin,1724.904,1586.39546601698
0,pg_baseline_loglinear,plan_time,baseline,q16_p0,no_nestloop,2170.77,1586.39546601698
0,pg_baseline_loglinear,plan_time,baseline,q19_p4,default,413.238,1499.8825595103099
0,pg_baseline_loglinear,plan_time,baseline,q19_p4,no_hashjoin,264.754,1499.8825595103099
0,pg_baseline_loglinear,plan_time,baseline,q19_p4,no_mergejoin,314.011,1499.8825595103099
0,pg_baseline_loglinear,plan_time,baseline,q19_p4,no_nestloop,3594.635,5690.498578508865
0,pg_baseline_loglinear,plan_time,baseline,q21_p0,default,52833.508,2693.836959601819
0,pg_baseline_loglinear,plan_time,baseline,q21_p0,no_hashjoin,47704.612,2789.828073466278
0,pg_baseline_loglinear,plan_time,baseline,q21_p0,no_mergejoin,18214.814,2693.836959601819
0,pg_baseline_loglinear,plan_time,baseline,q21_p0,no_nestloop,9580.423,11850.278921084811
0,pg_baseline_loglinear,plan_time,baseline,ds_q06_web_vs_store,default,696.566,899.0856188656811
0,pg_baseline_loglinear,plan_time,baseline,ds_q06_web_vs_store,no_hashjoin,1647.674,1568.6045741373216
0,pg_baseline_loglinear,plan_time,baseline,ds_q06_web_vs_store,no_mergejoin,852.859,899.0856188656811
0,pg_baseline_loglinear,plan_time,baseline,ds_q06_web_vs_store,no_nestloop,1042.574,899.0856188656811
0,pg_baseline_loglinear,plan_time,baseline,ds_q11_inventory_check,default,519.915,474.22810891906266
0,pg_baseline_loglinear,plan_time,baseline,ds_q11_inventory_check,no_hashjoin,947.458,1111.4355483212569
0,pg_baseline_loglinear,plan_time,baseline,ds_q11_inventory_check,no_mergejoin,423.518,474.22810891906266
0,pg_baseline_loglinear,plan_time,baseline,ds_q11_inventory_check,no_nestloop,343.882,474.22810891906266
0,pg_baseline_loglinear,plan_time,baseline,ds_q17_dow_pattern,default,996.646,767.1542764362918
0,pg_baseline_loglinear,plan_time,baseline,ds_q17_dow_pattern,no_hashjoin,2377.113,1468.8142322926888
0,pg_baseline_loglinear,plan_time,baseline,ds_q17_dow_pattern,no_mergejoin,571.268,767.1542764362918
0,pg_baseline_loglinear,plan_time,baseline,ds_q17_dow_pattern,no_nestloop,644.053,767.1542764362918
0,pg_baseline_loglinear,plan_time,baseline,online_ce83de12bc,default,947.618,3731.315052687
0,pg_baseline_loglinear,plan_time,baseline,online_ce83de12bc,no_mergejoin,823.206,3731.315052687
0,pg_baseline_loglinear,plan_time,baseline,online_ce83de12bc,no_nestloop,732.934,3731.315052687
0,pg_baseline_loglinear,plan_time,baseline,online_ce83de12bc,no_hashjoin,782.553,3958.6171495188005
1,pg_baseline_loglinear,plan_time,baseline,q03_join_customer_orders,default,13.224,179.27429945118467
1,pg_baseline_loglinear,plan_time,baseline,q05_top_customers,default,18.031,210.87986717391442
1,pg_baseline_loglinear,plan_time,baseline,q02,default,6173.76,2085.4056725825244
1,pg_baseline_loglinear,plan_time,baseline,q02,no_hashjoin,4302.342,2997.6589770523283
1,pg_baseline_loglinear,plan_time,baseline,q02,no_mergejoin,3199.538,2085.4056725825244
1,pg_baseline_loglinear,plan_time,baseline,q02,no_nestloop,6690.813,5343.237606875694
1,pg_baseline_loglinear,plan_time,baseline,q04,default,1216.968,2287.9597554843563
1,pg_baseline_loglinear,plan_time,baseline,q04,no_hashjoin,1396.247,2287.9597554843563
1,pg_baseline_loglinear,plan_time,baseline,q04,no_mergejoin,1429.065,2287.9597554843563
1,pg_baseline_loglinear,plan_time,baseline,q04,no_nestloop,16777.004,5395.660665421066
1,pg_baseline_loglinear,plan_time,baseline,q07,default,35165.908,2519.5734120653074
1,pg_baseline_loglinear,plan_time,baseline,q07,no_hashjoin,3945.736,2785.896999428515
1,pg_baseline_loglinear,plan_time,baseline,q07,no_mergejoin,29002.507,2519.5734120653074
1,pg_baseline_loglinear,plan_time,baseline,q07,no_nestloop,2402.029,5527.929689986824
1,pg_baseline_loglinear,plan_time,baseline,q11,default,1724.803,560.9484675824492
1,pg_baseline_loglinear,plan_time,baseline,q11,no_hashjoin,403.337,560.9484675824492
1,pg_baseline_loglinear,plan_time,baseline,q11,no_mergejoin,308.811,560.9484675824492
1,pg_baseline_loglinear,plan_time,baseline,q11,no_nestloop,801.703,1979.6390725718447
1,pg_baseline_loglinear,plan_time,baseline,q16,default,1605.611,1486.2626141943754
1,pg_baseline_loglinear,plan_time,baseline,q16,no_hashjoin,1383.148,1655.5489759181905
1,pg_baseline_loglinear,plan_time,baseline,q16,no_mergejoin,1106.188,1486.2626141943754
1,pg_baseline_loglinear,plan_time,baseline,q16,no_nestloop,1324.611,1486.2626141943754
1,pg_baseline_loglinear,plan_time,baseline,q21,default,13986.072,2563.7265346357954
1,pg_baseline_loglinear,plan_time,baseline,q21,no_hashjoin,19448.204,2657.8372822543965
1,pg_baseline_loglinear,plan_time,baseline,q21,no_mergejoin,13055.611,2563.7265346357954
1,pg_baseline_loglinear,plan_time,baseline,q21,no_nestloop,10367.542,11783.757477465539
1,pg_baseline_loglinear,plan_time,baseline,q01_p2,default,9565.353,6279.821550649991
1,pg_baseline_loglinear,plan_time,baseline,q01_p2,no_hashjoin,9512.992,6279.821550649991
1,pg_baseline_loglinear,plan_time,baseline,q01_p2,no_mergejoin,13686.939,6279.821550649991
1,pg_baseline_loglinear,plan_time,baseline,q01_p2,no_nestloop,13280.512,6279.821550649991
1,pg_baseline_loglinear,plan_time,baseline,q03_p1,default,1789.751,5577.1074720737615
1,pg_baseline_loglinear,plan_time,baseline,q03_p1,no_hashjoin,11886.905,6072.093266204227
1,pg_baseline_loglinear,plan_time,baseline,q03_p1,no_mergejoin,1234.521,5577.1074720737615
1,pg_baseline_loglinear,plan_time,baseline,q03_p1,no_nestloop,1698.449,6835.204461174698
1,pg_baseline_loglinear,plan_time,baseline,q04_p4,default,1251.353,2282.5283638420656
1,pg_baseline_loglinear,plan_time,baseline,q04_p4,no_hashjoin,872.911,2282.5283638420656
1,pg_baseline_loglinear,plan_time,baseline,q04_p4,no_mergejoin,1007.402,2282.5283638420656
1,pg_baseline_loglinear,plan_time,baseline,q04_p4,no_nestloop,9201.859,5395.375332405165
1,pg_baseline_loglinear,plan_time,baseline,q05_p2,default,4849.114,2848.286637728477
1,pg_baseline_loglinear,plan_time,baseline,q05_p2,no_hashjoin,4040.571,3151.5658768176363
1,pg_baseline_loglinear,plan_time,baseline,q05_p2,no_mergejoin,3505.474,2848.286637728477
1,pg_baseline_loglinear,plan_time,baseline,q05_p2,no_nestloop,3152.242,5277.089006256379
1,pg_baseline_loglinear,plan_time,baseline,q05_p3,default,4461.936,2847.466887637117
1,pg_baseline_loglinear,plan_time,baseline,q05_p3,no_hashjoin,4576.937,3150.340550882696
1,pg_baseline_loglinear,plan_time,baseline,q05_p3,no_mergejoin,5163.161,2847.466887637117
1,pg_baseline_loglinear,plan_time,baseline,q05_p3,no_nestloop,4531.435,5276.778559631209
1,pg_baseline_loglinear,plan_time,baseline,q07_p3,default,48180.292,2519.5734120653074
1,pg_baseline_loglinear,plan_time,baseline,q07_p3,no_hashjoin,20439.496,2785.896999428515
1,pg_baseline_loglinear,plan_time,baseline,q07_p3,no_mergejoin,75622.57,2519.5734120653074
1,pg_baseline_loglinear,plan_time,baseline,q07_p3,no_nestloop,7456.51,5527.929689986824
1,pg_baseline_loglinear,plan_time,baseline,q08_p2,default,4115.998,2704.373538252892
1,pg_baseline_loglinear,plan_time,baseline,q08_p2,no_hashjoin,2794.834,2709.601426931369
1,pg_baseline_loglinear,plan_time,baseline,q08_p2,no_mergejoin,3521.968,2704.373538252892
1,pg_baseline_loglinear,plan_time,baseline,q08_p2,no_nestloop,6391.806,5437.782542656633
1,pg_baseline_loglinear,plan_time,baseline,q09_p1,default,39188.185,3392.0282142674855
1,pg_baseline_loglinear,plan_time,baseline,q09_p1,no_hashjoin,37214.359,3432.3296070762676
1,pg_baseline_loglinear,plan_time,baseline,q09_p1,no_mergejoin,17515.704,3392.0282142674855
1,pg_baseline_loglinear,plan_time,baseline,q09_p1,no_nestloop,9813.353,6532.640553055764
1,pg_baseline_loglinear,plan_time,baseline,q11_p4,default,1992.165,560.9484675824492
1,pg_baseline_loglinear,plan_time,baseline,q11_p4,no_hashjoin,694.319,560.9484675824492
1,pg_baseline_loglinear,plan_time,baseline,q11_p4,no_mergejoin,595.204,560.9484675824492
1,pg_baseline_loglinear,plan_time,baseline,q11_p4,no_nestloop,1576.498,1979.6390725718447
1,pg_baseline_loglinear,plan_time,baseline,q12_p3,default,2243.386,5826.244036949459
1,pg_baseline_loglinear,plan_time,baseline,q12_p3,no_hashjoin,2231.47,5918.647877829177
1,pg_baseline_loglinear,plan_time,baseline,q12_p3,no_mergejoin,2085.778,5826.244036949459
1,pg_baseline_loglinear,plan_time,baseline,q12_p3,no_nestloop,2514.896,5826.244036949459
1,pg_baseline_loglinear,plan_time,baseline,q14_p1,default,2856.102,3590.8312428922186
1,pg_baseline_loglinear,plan_time,baseline,q14_p1,no_hashjoin,2769.721,3816.7959963370777
1,pg_baseline_loglinear,plan_time,baseline,q14_p1,no_mergejoin,2453.346,3590.8312428922186
1,pg_baseline_loglinear,plan_time,baseline,q14_p1,no_nestloop,2195.13,3590.8312428922186
1,pg_baseline_loglinear,plan_time,baseline,q15_p0,default,4191.151,4495.495348105789
1,pg_baseline_loglinear,plan_time,baseline,q15_p0,no_hashjoin,5584.123,4495.495348105789
1,pg_baseline_loglinear,plan_time,baseline,q15_p0,no_mergejoin,5665.229,4495.495348105789
1,pg_baseline_loglinear,plan_time,baseline,q15_p0,no_nestloop,2830.03,4496.7959864344375
1,pg_baseline_loglinear,plan_time,baseline,q16_p4,default,2523.064,1488.29890013004
1,pg_baseline_loglinear,plan_time,baseline,q16_p4,no_hashjoin,1946.083,1658.0342285645588
1,pg_baseline_loglinear,plan_time,baseline,q16_p4,no_mergejoin,1783.659,1488.29890013004
1,pg_baseline_loglinear,plan_time,baseline,q16_p4,no_nestloop,2195.978,1488.29890013004
1,pg_baseline_loglinear,plan_time,baseline,q19_p0,default,435.11,1399.0317231558693
1,pg_baseline_loglinear,plan_time,baseline,q19_p0,no_hashjoin,516.983,1399.0317231558693
1,pg_baseline_loglinear,plan_time,baseline,q19_p0,no_mergejoin,498.459,1399.0317231558693
1,pg_baseline_loglinear,plan_time,baseline,q19_p0,no_nestloop,3656.192,5536.958752816195
1,pg_baseline_loglinear,plan_time,baseline,q19_p3,default,392.595,1402.8753479756
1,pg_baseline_loglinear,plan_time,baseline,q19_p3,no_hashjoin,404.667,1402.8753479756
1,pg_baseline_loglinear,plan_time,baseline,q19_p3,no_mergejoin,494.229,1402.8753479756
1,pg_baseline_loglinear,plan_time,baseline,q19_p3,no_nestloop,3766.083,5536.959189849583
1,pg_baseline_loglinear,plan_time,baseline,q21_p4,default,19462.346,2563.7265346357954
1,pg_baseline_loglinear,plan_time,baseline,q21_p4,no_hashjoin,19158.111,2657.8372822543965
1,pg_baseline_loglinear,plan_time,baseline,q21_p4,no_mergejoin,21773.347,2563.7265346357954
1,pg_baseline_loglinear,plan_time,baseline,q21_p4,no_nestloop,20578.87,11783.757477465539
1,pg_baseline_loglinear,plan_time,baseline,ds_q04_customer_topk,default,704.859,748.6223675184207
1,pg_baseline_loglinear,plan_time,baseline,ds_q04_customer_topk,no_hashjoin,1272.521,1233.272243342167
1,pg_baseline_loglinear,plan_time,baseline,ds_q04_customer_topk,no_mergejoin,577.718,748.6223675184207
1,pg_baseline_loglinear,plan_time,baseline,ds_q04_customer_topk,no_nestloop,799.922,748.6223675184207
1,pg_baseline_loglinear,plan_time,baseline,ds_q05_returns_filter,default,279.907,268.694262453756
1,pg_baseline_loglinear,plan_time,baseline,ds_q05_returns_filter,no_hashjoin,328.061,376.58082036959615
1,pg_baseline_loglinear,plan_time,baseline,ds_q05_returns_filter,no_mergejoin,196.199,268.694262453756
1,pg_baseline_loglinear,plan_time,baseline,ds_q05_returns_filter,no_nestloop,163.456,268.7010937574523
1,pg_baseline_loglinear,plan_time,baseline,ds_q09_avg_basket,default,481.674,545.8255030327069
1,pg_baseline_loglinear,plan_time,baseline,ds_q09_avg_basket,no_hashjoin,512.863,545.8255030327069
1,pg_baseline_loglinear,plan_time,baseline,ds_q09_avg_basket,no_mergejoin,420.93,545.8255030327069
1,pg_baseline_loglinear,plan_time,baseline,ds_q09_avg_basket,no_nestloop,445.387,545.8255030327069
1,pg_baseline_loglinear,plan_time,baseline,ds_q18_brand_topk,default,662.842,617.3828541196017
1,pg_baseline_loglinear,plan_time,baseline,ds_q18_brand_topk,no_hashjoin,2523.984,1106.901967555236
1,pg_baseline_loglinear,plan_time,baseline,ds_q18_brand_topk,no_mergejoin,2049.833,617.3828541196017
1,pg_baseline_loglinear,plan_time,baseline,ds_q18_brand_topk,no_nestloop,774.295,617.3828541196017
1,pg_baseline_loglinear,plan_time,baseline,ds_q19_self_join,default,5.488,0.1
1,pg_baseline_loglinear,plan_time,baseline,ds_q19_self_join,no_hashjoin,0.11,0.1
1,pg_baseline_loglinear,plan_time,baseline,ds_q19_self_join,no_mergejoin,0.106,0.1
1,pg_baseline_loglinear,plan_time,baseline,ds_q19_self_join,no_nestloop,0.133,0.1
2,pg_baseline_loglinear,plan_time,baseline,q10,default,1318.8,4811.305854913777
2,pg_baseline_loglinear,plan_time,baseline,q10,no_hashjoin,4160.12,4924.652880457606
2,pg_baseline_loglinear,plan_time,baseline,q10,no_mergejoin,1571.937,4811.305854913777
2,pg_baseline_loglinear,plan_time,baseline,q10,no_nestloop,2518.974,5695.359531199339
2,pg_baseline_loglinear,plan_time,baseline,q15,default,2757.332,4686.1135524700185
2,pg_baseline_loglinear,plan_time,baseline,q15,no_hashjoin,2518.908,4686.1135524700185
2,pg_baseline_loglinear,plan_time,baseline,q15,no_mergejoin,2113.783,4686.1135524700185
2,pg_baseline_loglinear,plan_time,baseline,q15,no_nestloop,2244.615,4687.481678090245
2,pg_baseline_loglinear,plan_time,baseline,q20,default,7381.431,3364.1039391033833
2,pg_baseline_loglinear,plan_time,baseline,q20,no_hashjoin,4427.324,3368.691574473646
2,pg_baseline_loglinear,plan_time,baseline,q20,no_mergejoin,4679.932,3364.1039391033833
2,pg_baseline_loglinear,plan_time,baseline,q01_p3,default,13984.334,6567.192687746361
2,pg_baseline_loglinear,plan_time,baseline,q01_p3,no_hashjoin,15019.025,6567.192687746361
2,pg_baseline_loglinear,plan_time,baseline,q01_p3,no_mergejoin,12287.425,6567.192687746361
2,pg_baseline_loglinear,plan_time,baseline,q01_p3,no_nestloop,11661.957,6567.192687746361
2,pg_baseline_loglinear,plan_time,baseline,q02_p0,default,23413.931,2170.424323396549
2,pg_baseline_loglinear,plan_time,baseline,q02_p0,no_hashjoin,3964.82,3126.1909440709733
2,pg_baseline_loglinear,plan_time,baseline,q02_p0,no_mergejoin,3313.199,2170.424323396549
2,pg_baseline_loglinear,plan_time,baseline,q02_p0,no_nestloop,8545.085,5590.356779666511
2,pg_baseline_loglinear,plan_time,baseline,q02_p2,default,3165.46,2170.424323396549
2,pg_baseline_loglinear,plan_time,baseline,q02_p2,no_hashjoin,5007.324,3126.1909440709733
2,pg_baseline_loglinear,plan_time,baseline,q02_p2,no_mergejoin,3606.714,2170.424323396549
2,pg_baseline_loglinear,plan_time,baseline,q02_p2,no_nestloop,7216.648,5590.356779666511
2,pg_baseline_loglinear,plan_time,baseline,q03_p0,default,2635.037,5845.506368421408
2,pg_baseline_loglinear,plan_time,baseline,q03_p0,no_hashjoin,18114.795,6366.973179615768
2,pg_baseline_loglinear,plan_time,baseline,q03_p0,no_mergejoin,1944.902,5845.506368421408
2,pg_baseline_loglinear,plan_time,baseline,q03_p0,no_nestloop,5589.845,7164.925229019957
2,pg_baseline_loglinear,plan_time,baseline,q04_p3,default,990.862,2338.321819715463
2,pg_baseline_loglinear,plan_time,baseline,q04_p3,no_hashjoin,1329.233,2338.321819715463
2,pg_baseline_loglinear,plan_time,baseline,q04_p3,no_mergejoin,1103.474,2338.321819715463
2,pg_baseline_loglinear,plan_time,baseline,q04_p3,no_nestloop,8503.564,5642.926493529366
2,pg_baseline_loglinear,plan_time,baseline,q05_p1,default,6327.661,2969.5666672280386
2,pg_baseline_loglinear,plan_time,baseline,q05_p1,no_hashjoin,3334.809,3287.6155944470765
2,pg_baseline_loglinear,plan_time,baseline,q05_p1,no_mergejoin,3473.214,2969.5666672280386
2,pg_baseline_loglinear,plan_time,baseline,q05_p1,no_nestloop,2614.839,5520.764649315281
2,pg_baseline_loglinear,plan_time,baseline,q06_p2,default,4135.177,5142.441411551911
2,pg_baseline_loglinear,plan_time,baseline,q06_p2,no_hashjoin,3106.429,5142.441411551911
2,pg_baseline_loglinear,plan_time,baseline,q06_p2,no_mergejoin,2665.156,5142.441411551911
2,pg_baseline_loglinear,plan_time,baseline,q06_p2,no_nestloop,2697.838,5142.441411551911
2,pg_baseline_loglinear,plan_time,baseline,q07_p2,default,42141.36,2625.060037468313
2,pg_baseline_loglinear,plan_time,baseline,q07_p2,no_hashjoin,10847.283,2904.1615158634113
2,pg_baseline_loglinear,plan_time,baseline,q07_p2,no_mergejoin,49967.521,2625.060037468313
2,pg_baseline_loglinear,plan_time,baseline,q07_p2,no_nestloop,8066.19,5784.688798775945
2,pg_baseline_loglinear,plan_time,baseline,q08_p1,default,2058.638,2818.710110948002
2,pg_baseline_loglinear,plan_time,baseline,q08_p1,no_hashjoin,2498.809,2824.1894607371823
2,pg_baseline_loglinear,plan_time,baseline,q08_p1,no_mergejoin,2816.12,2818.710110948002
2,pg_baseline_loglinear,plan_time,baseline,q08_p1,no_nestloop,5506.494,5689.8318397298535
2,pg_baseline_loglinear,plan_time,baseline,q09_p0,default,27540.065,3811.622543753118
2,pg_baseline_loglinear,plan_time,baseline,q09_p0,no_hashjoin,44491.972,4181.346201166026
2,pg_baseline_loglinear,plan_time,baseline,q09_p0,no_mergejoin,20940.383,3811.622543753118
2,pg_baseline_loglinear,plan_time,baseline,q09_p0,no_nestloop,16162.56,6951.29432209595
2,pg_baseline_loglinear,plan_time,baseline,q11_p3,default,1976.909,579.5704475425465
2,pg_baseline_loglinear,plan_time,baseline,q11_p3,no_hashjoin,748.431,579.5704475425465
2,pg_baseline_loglinear,plan_time,baseline,q11_p3,no_mergejoin,562.144,579.5704475425465
2,pg_baseline_loglinear,plan_time,baseline,q11_p3,no_nestloop,1681.782,2059.7479409306015
2,pg_baseline_loglinear,plan_time,baseline,q12_p2,default,2149.287,6099.414433459431
2,pg_baseline_loglinear,plan_time,baseline,q12_p2,no_hashjoin,2364.648,6210.801347271747
2,pg_baseline_loglinear,plan_time,baseline,q12_p2,no_mergejoin,2164.549,6099.414433459431
2,pg_baseline_loglinear,plan_time,baseline,q12_p2,no_nestloop,1854.457,6099.414433459431
2,pg_baseline_loglinear,plan_time,baseline,q14_p0,default,2971.513,3734.758423938226
2,pg_baseline_loglinear,plan_time,baseline,q14_p0,no_hashjoin,3770.611,3969.7033228187906
2,pg_baseline_loglinear,plan_time,baseline,q14_p0,no_mergejoin,4340.477,3734.758423938226
2,pg_baseline_loglinear,plan_time,baseline,q14_p0,no_nestloop,3252.169,3734.758423938226
2,pg_baseline_loglinear,plan_time,baseline,q15_p4,default,3928.715,4684.597567490882
2,pg_baseline_loglinear,plan_time,baseline,q15_p4,no_hashjoin,3612.135,4684.597567490882
2,pg_baseline_loglinear,plan_time,baseline,q15_p4,no_mergejoin,4176.719,4684.597567490882
2,pg_baseline_loglinear,plan_time,baseline,q15_p4,no_nestloop,4123.565,4685.965818416987
2,pg_baseline_loglinear,plan_time,baseline,q16_p3,default,2142.518,1540.5155121667597
2,pg_baseline_loglinear,plan_time,baseline,q16_p3,no_hashjoin,2488.674,1716.6471094187368
2,pg_baseline_loglinear,plan_time,baseline,q16_p3,no_mergejoin,2170.027,1540.5155121667597
2,pg_baseline_loglinear,plan_time,baseline,q16_p3,no_nestloop,1427.093,1540.5155121667597
2,pg_baseline_loglinear,plan_time,baseline,q17_p2,default,5596.138,5785.717799025558
2,pg_baseline_loglinear,plan_time,baseline,q17_p2,no_hashjoin,730.087,17158.46767587464
2,pg_baseline_loglinear,plan_time,baseline,q17_p2,no_mergejoin,4160.795,5785.717799025558
2,pg_baseline_loglinear,plan_time,baseline,q17_p2,no_nestloop,4012.796,5785.717799025558
2,pg_baseline_loglinear,plan_time,baseline,q17_p3,default,5259.441,5785.720789561096
2,pg_baseline_loglinear,plan_time,baseline,q17_p3,no_hashjoin,821.265,17227.43706185355
2,pg_baseline_loglinear,plan_time,baseline,q17_p3,no_mergejoin,5243.261,5785.720789561096
2,pg_baseline_loglinear,plan_time,baseline,q17_p3,no_nestloop,7027.809,5785.720789561096
2,pg_baseline_loglinear,plan_time,baseline,q19_p2,default,231.761,514.2649210121558
2,pg_baseline_loglinear,plan_time,baseline,q19_p2,no_hashjoin,251.742,514.2649210121558
2,pg_baseline_loglinear,plan_time,baseline,q19_p2,no_mergejoin,298.061,514.2649210121558
2,pg_baseline_loglinear,plan_time,baseline,q19_p2,no_nestloop,232.592,5794.120167842799
2,pg_baseline_loglinear,plan_time,baseline,q20_p0,default,6531.394,3364.1039391033833
2,pg_baseline_loglinear,plan_time,baseline,q20_p0,no_hashjoin,3627.978,3368.691574473646
2,pg_baseline_loglinear,plan_time,baseline,q20_p0,no_mergejoin,4085.213,3364.1039391033833
2,pg_baseline_loglinear,plan_time,baseline,q21_p3,default,17560.987,2671.3206103365446
2,pg_baseline_loglinear,plan_time,baseline,q21_p3,no_hashjoin,17085.046,2769.9380881062743
2,pg_baseline_loglinear,plan_time,baseline,q21_p3,no_mergejoin,17104.211,2671.3206103365446
2,pg_baseline_loglinear,plan_time,baseline,q21_p3,no_nestloop,11808.777,12383.361743537767
2,pg_baseline_loglinear,plan_time,baseline,ds_q03_promo_effect,default,639.997,645.5643165560754
2,pg_baseline_loglinear,plan_time,baseline,ds_q03_promo_effect,no_hashjoin,2233.295,1149.5418433585608
2,pg_baseline_loglinear,plan_time,baseline,ds_q03_promo_effect,no_mergejoin,613.607,645.5643165560754
2,pg_baseline_loglinear,plan_time,baseline,ds_q03_promo_effect,no_nestloop,389.256,645.5643165560754
2,pg_baseline_loglinear,plan_time,baseline,ds_q08_addr_filter,default,89.476,73.0306827427945
2,pg_baseline_loglinear,plan_time,baseline,ds_q08_addr_filter,no_hashjoin,43.675,140.52926218862726
2,pg_baseline_loglinear,plan_time,baseline,ds_q08_addr_filter,no_mergejoin,39.483,73.0306827427945
2,pg_baseline_loglinear,plan_time,baseline,ds_q08_addr_filter,no_nestloop,61.302,73.0306827427945
2,pg_baseline_loglinear,plan_time,baseline,ds_q12_catalog_topk,default,531.523,477.5521908667189
2,pg_baseline_loglinear,plan_time,baseline,ds_q12_catalog_topk,no_hashjoin,968.577,705.8218274490865
2,pg_baseline_loglinear,plan_time,baseline,ds_q12_catalog_topk,no_mergejoin,392.038,477.5521908667189
2,pg_baseline_loglinear,plan_time,baseline,ds_q12_catalog_topk,no_nestloop,356.789,477.5521908667189
2,pg_baseline_loglinear,plan_time,baseline,ds_q15_returns_ratio,default,810.594,824.2938205658501
2,pg_baseline_loglinear,plan_time,baseline,ds_q15_returns_ratio,no_hashjoin,2445.148,1315.9553994792673
2,pg_baseline_loglinear,plan_time,baseline,ds_q15_returns_ratio,no_mergejoin,643.784,824.2938205658501
2,pg_baseline_loglinear,plan_time,baseline,ds_q15_returns_ratio,no_nestloop,729.727,824.2938205658501
2,pg_baseline_loglinear,plan_time,baseline,online_b21324f41e,default,256.352,638.2171359594331
2,pg_baseline_loglinear,plan_time,baseline,online_b21324f41e,no_mergejoin,160.573,638.2171359594331
2,pg_baseline_loglinear,plan_time,baseline,online_b21324f41e,no_nestloop,160.279,638.2171359594331
2,pg_baseline_loglinear,plan_time,baseline,online_b21324f41e,no_hashjoin,301.284,1147.971388041601
3,pg_baseline_loglinear,plan_time,baseline,q03,default,1640.223,5838.512426166743
3,pg_baseline_loglinear,plan_time,baseline,q03,no_hashjoin,15919.201,6365.084490863451
3,pg_baseline_loglinear,plan_time,baseline,q03,no_mergejoin,2101.658,5838.512426166743
3,pg_baseline_loglinear,plan_time,baseline,q03,no_nestloop,2195.742,7178.1804427033485
3,pg_baseline_loglinear,plan_time,baseline,q09,default,23625.277,3796.988526887001
3,pg_baseline_loglinear,plan_time,baseline,q09,no_hashjoin,30860.744,4169.097492756015
3,pg_baseline_loglinear,plan_time,baseline,q09,no_mergejoin,19454.599,3796.988526887001
3,pg_baseline_loglinear,plan_time,baseline,q09,no_nestloop,9471.806,6965.7604618584155
3,pg_baseline_loglinear,plan_time,baseline,q14,default,1878.312,3727.976376495201
3,pg_baseline_loglinear,plan_time,baseline,q14,no_hashjoin,1806.03,3965.7501677301716
3,pg_baseline_loglinear,plan_time,baseline,q14,no_mergejoin,1504.265,3727.976376495201
3,pg_baseline_loglinear,plan_time,baseline,q14,no_nestloop,2199.709,3727.976376495201
3,pg_baseline_loglinear,plan_time,baseline,q02_p1,default,4831.789,2241.7899198424357
3,pg_baseline_loglinear,plan_time,baseline,q02_p1,no_hashjoin,7944.497,3239.9772826901867
3,pg_baseline_loglinear,plan_time,baseline,q02_p1,no_mergejoin,7564.481,2241.7899198424357
3,pg_baseline_loglinear,plan_time,baseline,q02_p1,no_nestloop,6618.888,6115.201574624192
3,pg_baseline_loglinear,plan_time,baseline,q02_p3,default,3892.114,2253.5365774216416
3,pg_baseline_loglinear,plan_time,baseline,q02_p3,no_hashjoin,3155.964,3257.1850494806013
3,pg_baseline_loglinear,plan_time,baseline,q02_p3,no_mergejoin,4532.378,2253.5365774216416
3,pg_baseline_loglinear,plan_time,baseline,q02_p3,no_nestloop,5564.808,6182.064484329031
3,pg_baseline_loglinear,plan_time,baseline,q04_p0,default,698.777,2362.3454202885964
3,pg_baseline_loglinear,plan_time,baseline,q04_p0,no_hashjoin,711.225,2362.3454202885964
3,pg_baseline_loglinear,plan_time,baseline,q04_p0,no_mergejoin,778.803,2362.3454202885964
3,pg_baseline_loglinear,plan_time,baseline,q04_p0,no_nestloop,3866.661,5645.665294712407
3,pg_baseline_loglinear,plan_time,baseline,q05_p0,default,8204.45,2950.89097593072
3,pg_baseline_loglinear,plan_time,baseline,q05_p0,no_hashjoin,5962.965,3270.2198960293067
3,pg_baseline_loglinear,plan_time,baseline,q05_p0,no_mergejoin,4610.027,2950.89097593072
3,pg_baseline_loglinear,plan_time,baseline,q05_p0,no_nestloop,2611.541,5519.697886818035
3,pg_baseline_loglinear,plan_time,baseline,q06_p3,default,3480.088,5136.816818893276
3,pg_baseline_loglinear,plan_time,baseline,q06_p3,no_hashjoin,2996.05,5136.816818893276
3,pg_baseline_loglinear,plan_time,baseline,q06_p3,no_mergejoin,2669.903,5136.816818893276
3,pg_baseline_loglinear,plan_time,baseline,q06_p3,no_nestloop,4023.332,5136.816818893276
3,pg_baseline_loglinear,plan_time,baseline,q06_p4,default,5669.9,5136.796179634891
3,pg_baseline_loglinear,plan_time,baseline,q06_p4,no_hashjoin,2089.769,5136.796179634891
3,pg_baseline_loglinear,plan_time,baseline,q06_p4,no_mergejoin,4714.611,5136.796179634891
3,pg_baseline_loglinear,plan_time,baseline,q06_p4,no_nestloop,1983.072,5136.796179634891
3,pg_baseline_loglinear,plan_time,baseline,q08_p0,default,2318.738,2799.5430909138236
3,pg_baseline_loglinear,plan_time,baseline,q08_p0,no_hashjoin,1937.078,2805.0389143383763
3,pg_baseline_loglinear,plan_time,baseline,q08_p0,no_mergejoin,2662.364,2799.5430909138236
3,pg_baseline_loglinear,plan_time,baseline,q08_p0,no_nestloop,4359.179,5690.424852619645
3,pg_baseline_loglinear,plan_time,baseline,q09_p4,default,8298.719,3796.988526887001
3,pg_baseline_loglinear,plan_time,baseline,q09_p4,no_hashjoin,16043.449,4169.097492756015
3,pg_baseline_loglinear,plan_time,baseline,q09_p4,no_mergejoin,10137.559,3796.988526887001
3,pg_baseline_loglinear,plan_time,baseline,q09_p4,no_nestloop,11374.003,6965.7604618584155
3,pg_baseline_loglinear,plan_time,baseline,q11_p2,default,1218.799,566.7071051490165
3,pg_baseline_loglinear,plan_time,baseline,q11_p2,no_hashjoin,843.429,566.7071051490165
3,pg_baseline_loglinear,plan_time,baseline,q11_p2,no_mergejoin,2433.052,566.7071051490165
3,pg_baseline_loglinear,plan_time,baseline,q11_p2,no_nestloop,3181.035,2039.4208173631423
3,pg_baseline_loglinear,plan_time,baseline,q12_p1,default,6508.802,6103.365648648223
3,pg_baseline_loglinear,plan_time,baseline,q12_p1,no_hashjoin,3209.493,6199.895338397148
3,pg_baseline_loglinear,plan_time,baseline,q12_p1,no_mergejoin,2447.656,6103.365648648223
3,pg_baseline_loglinear,plan_time,baseline,q12_p1,no_nestloop,1816.0,6103.365648648223
3,pg_baseline_loglinear,plan_time,baseline,q14_p4,default,3773.783,3849.837353440394
3,pg_baseline_loglinear,plan_time,baseline,q14_p4,no_hashjoin,2474.995,4110.843034602303
3,pg_baseline_loglinear,plan_time,baseline,q14_p4,no_mergejoin,2967.284,3849.837353440394
3,pg_baseline_loglinear,plan_time,baseline,q14_p4,no_nestloop,2601.241,3849.837353440394
3,pg_baseline_loglinear,plan_time,baseline,q15_p3,default,4889.391,4677.640783689966
3,pg_baseline_loglinear,plan_time,baseline,q15_p3,no_hashjoin,5317.028,4677.640783689966
3,pg_baseline_loglinear,plan_time,baseline,q15_p3,no_mergejoin,5676.261,4677.640783689966
3,pg_baseline_loglinear,plan_time,baseline,q15_p3,no_nestloop,5457.38,4679.019905468682
3,pg_baseline_loglinear,plan_time,baseline,q16_p2,default,2458.46,1516.5905952898818
3,pg_baseline_loglinear,plan_time,baseline,q16_p2,no_hashjoin,2627.809,1691.3288706333544
3,pg_baseline_loglinear,plan_time,baseline,q16_p2,no_mergejoin,1893.313,1516.5905952898818
3,pg_baseline_loglinear,plan_time,baseline,q16_p2,no_nestloop,2458.918,1516.5905952898818
3,pg_baseline_loglinear,plan_time,baseline,q17_p1,default,11535.719,5787.3223454280505
3,pg_baseline_loglinear,plan_time,baseline,q17_p1,no_hashjoin,2053.23,18395.884212207155
3,pg_baseline_loglinear,plan_time,baseline,q17_p1,no_mergejoin,7398.36,5787.3223454280505
3,pg_baseline_loglinear,plan_time,baseline,q17_p1,no_nestloop,4296.241,5787.3223454280505
3,pg_baseline_loglinear,plan_time,baseline,q17_p4,default,4937.429,5787.306311773187
3,pg_baseline_loglinear,plan_time,baseline,q17_p4,no_hashjoin,664.182,18048.447278783136
3,pg_baseline_loglinear,plan_time,baseline,q17_p4,no_mergejoin,4008.003,5787.306311773187
3,pg_baseline_loglinear,plan_time,baseline,q17_p4,no_nestloop,4202.008,5787.306311773187
3,pg_baseline_loglinear,plan_time,baseline,q20_p1,default,2525.096,3347.0626821304404
3,pg_baseline_loglinear,plan_time,baseline,q20_p1,no_hashjoin,2273.024,3351.672127759191
3,pg_baseline_loglinear,plan_time,baseline,q20_p1,no_mergejoin,2129.206,3347.0626821304404
3,pg_baseline_loglinear,plan_time,baseline,q20_p1,no_nestloop,278747.214,94947.71426704404
3,pg_baseline_loglinear,plan_time,baseline,q20_p3,default,11028.75,3347.0626821304404
3,pg_baseline_loglinear,plan_time,baseline,q20_p3,no_hashjoin,10269.854,3351.672127759191
3,pg_baseline_loglinear,plan_time,baseline,q20_p3,no_mergejoin,13299.016,3347.0626821304404
3,pg_baseline_loglinear,plan_time,baseline,q20_p4,default,70494.953,3347.0626821304404
3,pg_baseline_loglinear,plan_time,baseline,q20_p4,no_hashjoin,17808.234,3351.672127759191
3,pg_baseline_loglinear,plan_time,baseline,q20_p4,no_mergejoin,22436.179,3347.0626821304404
3,pg_baseline_loglinear,plan_time,baseline,q21_p2,default,12400.143,2651.7506562616627
3,pg_baseline_loglinear,plan_time,baseline,q21_p2,no_hashjoin,16524.084,2750.6290997104793
3,pg_baseline_loglinear,plan_time,baseline,q21_p2,no_mergejoin,11762.799,2651.7506562616627
3,pg_baseline_loglinear,plan_time,baseline,q21_p2,no_nestloop,9402.375,12479.990974464406
3,pg_baseline_loglinear,plan_time,baseline,ds_q02_topk_revenue,default,1542.053,675.0416685358131
3,pg_baseline_loglinear,plan_time,baseline,ds_q02_topk_revenue,no_hashjoin,1352.97,1218.1170587863166
3,pg_baseline_loglinear,plan_time,baseline,ds_q02_topk_revenue,no_mergejoin,543.457,675.0416685358131
3,pg_baseline_loglinear,plan_time,baseline,ds_q02_topk_revenue,no_nestloop,667.532,675.0416685358131
3,pg_baseline_loglinear,plan_time,baseline,ds_q07_yearly_trend,default,1811.255,715.9618101266126
3,pg_baseline_loglinear,plan_time,baseline,ds_q07_yearly_trend,no_hashjoin,1572.343,1408.7998504321454
3,pg_baseline_loglinear,plan_time,baseline,ds_q07_yearly_trend,no_mergejoin,572.578,715.9618101266126
3,pg_baseline_loglinear,plan_time,baseline,ds_q07_yearly_trend,no_nestloop,616.613,715.9618101266126
3,pg_baseline_loglinear,plan_time,baseline,ds_q14_state_revenue,default,495.792,642.3109747074197
3,pg_baseline_loglinear,plan_time,baseline,ds_q14_state_revenue,no_hashjoin,1105.507,1193.8261434427668
3,pg_baseline_loglinear,plan_time,baseline,ds_q14_state_revenue,no_mergejoin,802.114,642.3109747074197
3,pg_baseline_loglinear,plan_time,baseline,ds_q14_state_revenue,no_nestloop,778.636,642.3109747074197
3,pg_baseline_loglinear,plan_time,baseline,ds_q16_web_returns,default,86.387,54.69120018916585
3,pg_baseline_loglinear,plan_time,baseline,ds_q16_web_returns,no_hashjoin,52.615,54.69120018916585
3,pg_baseline_loglinear,plan_time,baseline,ds_q16_web_returns,no_mergejoin,35.959,54.69120018916585
3,pg_baseline_loglinear,plan_time,baseline,ds_q16_web_returns,no_nestloop,37.871,54.69120018916585
3,pg_baseline_loglinear,plan_time,baseline,online_749218157a,default,1747.386,5131.468100275014
3,pg_baseline_loglinear,plan_time,baseline,online_749218157a,no_hashjoin,1146.033,5131.468100275014
3,pg_baseline_loglinear,plan_time,baseline,online_749218157a,no_mergejoin,1039.564,5131.468100275014
3,pg_baseline_loglinear,plan_time,baseline,online_749218157a,no_nestloop,1177.454,5131.468100275014
3,pg_baseline_loglinear,plan_time,baseline,online_dac91519b8,default,208.479,715.9618101266126
3,pg_baseline_loglinear,plan_time,baseline,online_dac91519b8,no_hashjoin,316.51,1408.7998504321454
3,pg_baseline_loglinear,plan_time,baseline,online_dac91519b8,no_mergejoin,194.431,715.9618101266126
3,pg_baseline_loglinear,plan_time,baseline,online_dac91519b8,no_nestloop,217.28,715.9618101266126
4,pg_baseline_loglinear,plan_time,baseline,q04_agg_total_per_country,default,36.801,228.04817169440855
4,pg_baseline_loglinear,plan_time,baseline,q06_status_breakdown,default,22.161,192.845010739903
4,pg_baseline_loglinear,plan_time,baseline,q06,default,2272.089,5200.587138739339
4,pg_baseline_loglinear,plan_time,baseline,q06,no_hashjoin,1791.259,5200.587138739339
4,pg_baseline_loglinear,plan_time,baseline,q06,no_mergejoin,1959.172,5200.587138739339
4,pg_baseline_loglinear,plan_time,baseline,q06,no_nestloop,1737.52,5200.587138739339
4,pg_baseline_loglinear,plan_time,baseline,q08,default,2118.05,2851.34825469609
4,pg_baseline_loglinear,plan_time,baseline,q08,no_hashjoin,1382.048,2856.899938197466
4,pg_baseline_loglinear,plan_time,baseline,q08,no_mergejoin,1513.581,2851.34825469609
4,pg_baseline_loglinear,plan_time,baseline,q08,no_nestloop,2374.629,5762.199029732512
4,pg_baseline_loglinear,plan_time,baseline,q13,default,2831.432,4617.278228149523
4,pg_baseline_loglinear,plan_time,baseline,q13,no_hashjoin,23582.006,5038.376358134617
4,pg_baseline_loglinear,plan_time,baseline,q13,no_mergejoin,2595.487,4617.278228149523
4,pg_baseline_loglinear,plan_time,baseline,q13,no_nestloop,2688.645,4617.278228149523
4,pg_baseline_loglinear,plan_time,baseline,q18,default,13888.445,12234.103256349246
4,pg_baseline_loglinear,plan_time,baseline,q18,no_hashjoin,14970.42,12670.571909224684
4,pg_baseline_loglinear,plan_time,baseline,q18,no_mergejoin,16967.045,12186.574641863843
4,pg_baseline_loglinear,plan_time,baseline,q18,no_nestloop,17635.017,13762.118615883943
4,pg_baseline_loglinear,plan_time,baseline,q01_p0,default,3349.141,6675.179992017085
4,pg_baseline_loglinear,plan_time,baseline,q01_p0,no_hashjoin,4540.459,6675.179992017085
4,pg_baseline_loglinear,plan_time,baseline,q01_p0,no_mergejoin,10943.592,6675.179992017085
4,pg_baseline_loglinear,plan_time,baseline,q01_p0,no_nestloop,8294.856,6675.179992017085
4,pg_baseline_loglinear,plan_time,baseline,q02_p4,default,1973.717,2130.370188272264
4,pg_baseline_loglinear,plan_time,baseline,q02_p4,no_hashjoin,1809.446,3070.591650179648
4,pg_baseline_loglinear,plan_time,baseline,q02_p4,no_mergejoin,2038.239,2130.370188272264
4,pg_baseline_loglinear,plan_time,baseline,q02_p4,no_nestloop,4826.137,5291.689234163749
4,pg_baseline_loglinear,plan_time,baseline,q03_p3,default,2118.779,5890.099709328844
4,pg_baseline_loglinear,plan_time,baseline,q03_p3,no_hashjoin,12346.115,6417.891209824326
4,pg_baseline_loglinear,plan_time,baseline,q03_p3,no_mergejoin,1371.854,5890.099709328844
4,pg_baseline_loglinear,plan_time,baseline,q03_p3,no_nestloop,3581.978,7246.356599537679
4,pg_baseline_loglinear,plan_time,baseline,q04_p1,default,616.709,2355.5388838887416
4,pg_baseline_loglinear,plan_time,baseline,q04_p1,no_hashjoin,714.221,2355.5388838887416
4,pg_baseline_loglinear,plan_time,baseline,q04_p1,no_mergejoin,781.058,2355.5388838887416
4,pg_baseline_loglinear,plan_time,baseline,q04_p1,no_nestloop,4254.901,5714.176158684277
4,pg_baseline_loglinear,plan_time,baseline,q04_p2,default,706.16,2408.400704414222
4,pg_baseline_loglinear,plan_time,baseline,q04_p2,no_hashjoin,693.738,2408.400704414222
4,pg_baseline_loglinear,plan_time,baseline,q04_p2,no_mergejoin,797.277,2408.400704414222
4,pg_baseline_loglinear,plan_time,baseline,q04_p2,no_nestloop,4757.625,5717.1515038591
4,pg_baseline_loglinear,plan_time,baseline,q06_p0,default,4046.07,5199.952983814795
4,pg_baseline_loglinear,plan_time,baseline,q06_p0,no_hashjoin,3038.813,5199.952983814795
4,pg_baseline_loglinear,plan_time,baseline,q06_p0,no_mergejoin,3906.789,5199.952983814795
4,pg_baseline_loglinear,plan_time,baseline,q06_p0,no_nestloop,3998.758,5199.952983814795
4,pg_baseline_loglinear,plan_time,baseline,q07_p1,default,48689.845,2655.15316010431
4,pg_baseline_loglinear,plan_time,baseline,q07_p1,no_hashjoin,15251.364,2937.929667260598
4,pg_baseline_loglinear,plan_time,baseline,q07_p1,no_mergejoin,53754.001,2655.15316010431
4,pg_baseline_loglinear,plan_time,baseline,q07_p1,no_nestloop,5609.712,5858.417789066058
4,pg_baseline_loglinear,plan_time,baseline,q08_p4,default,5660.325,2851.34825469609
4,pg_baseline_loglinear,plan_time,baseline,q08_p4,no_hashjoin,6197.882,2856.899938197466
4,pg_baseline_loglinear,plan_time,baseline,q08_p4,no_mergejoin,2379.517,2851.34825469609
4,pg_baseline_loglinear,plan_time,baseline,q08_p4,no_nestloop,5048.417,5762.199029732512
4,pg_baseline_loglinear,plan_time,baseline,q09_p3,default,6549.707,3857.6226876064547
4,pg_baseline_loglinear,plan_time,baseline,q09_p3,no_hashjoin,13347.475,4232.436361767158
4,pg_baseline_loglinear,plan_time,baseline,q09_p3,no_mergejoin,5954.025,3857.6226876064547
4,pg_baseline_loglinear,plan_time,baseline,q09_p3,no_nestloop,3600.447,7041.967083102432
4,pg_baseline_loglinear,plan_time,baseline,q11_p1,default,2820.861,584.8018641578262
4,pg_baseline_loglinear,plan_time,baseline,q11_p1,no_hashjoin,834.804,584.8018641578262
4,pg_baseline_loglinear,plan_time,baseline,q11_p1,no_mergejoin,854.796,584.8018641578262
4,pg_baseline_loglinear,plan_time,baseline,q11_p1,no_nestloop,1680.754,2082.551600207257
4,pg_baseline_loglinear,plan_time,baseline,q12_p0,default,12501.249,6176.534480237143
4,pg_baseline_loglinear,plan_time,baseline,q12_p0,no_hashjoin,5870.008,6268.287953846487
4,pg_baseline_loglinear,plan_time,baseline,q12_p0,no_mergejoin,4893.417,6176.534480237143
4,pg_baseline_loglinear,plan_time,baseline,q12_p0,no_nestloop,3516.724,6176.534480237143
4,pg_baseline_loglinear,plan_time,baseline,q14_p3,default,3822.122,3973.1048927709676
4,pg_baseline_loglinear,plan_time,baseline,q14_p3,no_hashjoin,5657.868,4250.587796641568
4,pg_baseline_loglinear,plan_time,baseline,q14_p3,no_mergejoin,5261.081,3973.1048927709676
4,pg_baseline_loglinear,plan_time,baseline,q14_p3,no_nestloop,3418.002,3973.1048927709676
4,pg_baseline_loglinear,plan_time,baseline,q15_p2,default,4505.763,4737.67503869133
4,pg_baseline_loglinear,plan_time,baseline,q15_p2,no_hashjoin,6508.556,4737.67503869133
4,pg_baseline_loglinear,plan_time,baseline,q15_p2,no_mergejoin,5286.807,4737.67503869133
4,pg_baseline_loglinear,plan_time,baseline,q15_p2,no_nestloop,5383.88,4739.063142528676
4,pg_baseline_loglinear,plan_time,baseline,q16_p1,default,2655.656,1552.8220100952833
4,pg_baseline_loglinear,plan_time,baseline,q16_p1,no_hashjoin,1923.553,1730.2320180429174
4,pg_baseline_loglinear,plan_time,baseline,q16_p1,no_mergejoin,2945.97,1552.8220100952833
4,pg_baseline_loglinear,plan_time,baseline,q16_p1,no_nestloop,1993.228,1552.8220100952833
4,pg_baseline_loglinear,plan_time,baseline,q17_p0,default,10431.913,5859.500078182394
4,pg_baseline_loglinear,plan_time,baseline,q17_p0,no_hashjoin,1729.994,18242.923565995723
4,pg_baseline_loglinear,plan_time,baseline,q17_p0,no_mergejoin,8897.062,5859.500078182394
4,pg_baseline_loglinear,plan_time,baseline,q17_p0,no_nestloop,9330.833,5859.500078182394
4,pg_baseline_loglinear,plan_time,baseline,q19_p1,default,1205.132,1498.702874587936
4,pg_baseline_loglinear,plan_time,baseline,q19_p1,no_hashjoin,454.037,1498.702874587936
4,pg_baseline_loglinear,plan_time,baseline,q19_p1,no_mergejoin,371.417,1498.702874587936
4,pg_baseline_loglinear,plan_time,baseline,q19_p1,no_nestloop,3774.525,5868.064002780993
4,pg_baseline_loglinear,plan_time,baseline,q20_p2,default,5046.379,3404.0218269721213
4,pg_baseline_loglinear,plan_time,baseline,q20_p2,no_hashjoin,3476.229,3408.671342405738
4,pg_baseline_loglinear,plan_time,baseline,q20_p2,no_mergejoin,3548.939,3404.0218269721213
4,pg_baseline_loglinear,plan_time,baseline,q21_p1,default,17294.152,2702.019656264849
4,pg_baseline_loglinear,plan_time,baseline,q21_p1,no_hashjoin,18352.588,2801.9331525091247
4,pg_baseline_loglinear,plan_time,baseline,q21_p1,no_mergejoin,18510.851,2702.019656264849
4,pg_baseline_loglinear,plan_time,baseline,q21_p1,no_nestloop,10391.969,12556.51861124829
4,pg_baseline_loglinear,plan_time,baseline,ds_q01_filter_agg,default,1042.995,670.860249147591
4,pg_baseline_loglinear,plan_time,baseline,ds_q01_filter_agg,no_hashjoin,810.184,1191.1686289496129
4,pg_baseline_loglinear,plan_time,baseline,ds_q01_filter_agg,no_mergejoin,537.585,670.860249147591
4,pg_baseline_loglinear,plan_time,baseline,ds_q01_filter_agg,no_nestloop,1482.016,670.860249147591
4,pg_baseline_loglinear,plan_time,baseline,ds_q10_window_topk,default,2181.389,1133.1749739806187
4,pg_baseline_loglinear,plan_time,baseline,ds_q10_window_topk,no_hashjoin,4045.225,1591.4525941088962
4,pg_baseline_loglinear,plan_time,baseline,ds_q10_window_topk,no_mergejoin,1774.157,1133.1749739806187
4,pg_baseline_loglinear,plan_time,baseline,ds_q10_window_topk,no_nestloop,1763.773,1133.1749739806187
4,pg_baseline_loglinear,plan_time,baseline,ds_q13_high_quantity,default,350.115,549.5224028107957
4,pg_baseline_loglinear,plan_time,baseline,ds_q13_high_quantity,no_hashjoin,465.736,549.5224028107957
4,pg_baseline_loglinear,plan_time,baseline,ds_q13_high_quantity,no_mergejoin,399.664,549.5224028107957
4,pg_baseline_loglinear,plan_time,baseline,ds_q13_high_quantity,no_nestloop,458.559,549.5224028107957
4,pg_baseline_loglinear,plan_time,baseline,ds_q20_demographic,default,867.031,816.8975622912258
4,pg_baseline_loglinear,plan_time,baseline,ds_q20_demographic,no_hashjoin,3716.274,2061.489379128571
4,pg_baseline_loglinear,plan_time,baseline,ds_q20_demographic,no_mergejoin,726.447,816.8975622912258
4,pg_baseline_loglinear,plan_time,baseline,ds_q20_demographic,no_nestloop,1077.246,816.8975622912258
4,pg_baseline_loglinear,plan_time,baseline,online_d4e75912f5,default,2553.552,5537.731395042743
4,pg_baseline_loglinear,plan_time,baseline,online_d4e75912f5,no_hashjoin,1500.007,5537.731395042743
4,pg_baseline_loglinear,plan_time,baseline,online_d4e75912f5,no_mergejoin,1479.977,5537.731395042743
4,pg_baseline_loglinear,plan_time,baseline,online_d4e75912f5,no_nestloop,1374.997,5537.731395042743
4,pg_baseline_loglinear,plan_time,baseline,online_4742846dc9,no_hashjoin,974.089,2984.273347406759
0,ridge,plan_time,default_ml,q01_customers_by_country,default,0.928,289.7191177480573
0,ridge,plan_time,default_ml,q02_orders_recent,default,4.298,2787472.1399999997
0,ridge,plan_time,default_ml,q07_self_subquery,default,11.032,39659.723030382425
0,ridge,plan_time,default_ml,q01,default,11982.478,6094.818069132143
0,ridge,plan_time,default_ml,q01,no_hashjoin,11191.817,3319.3461671047667
0,ridge,plan_time,default_ml,q01,no_mergejoin,10066.542,3371.8146663405846
0,ridge,plan_time,default_ml,q01,no_nestloop,6900.803,3370.1544076241926
0,ridge,plan_time,default_ml,q05,default,8827.081,4357.025256859805
0,ridge,plan_time,default_ml,q05,no_hashjoin,7074.668,3337.9257061511594
0,ridge,plan_time,default_ml,q05,no_mergejoin,9969.823,3932.891322085759
0,ridge,plan_time,default_ml,q05,no_nestloop,2887.231,5325.140704495578
0,ridge,plan_time,default_ml,q12,default,4159.307,4193.166135012045
0,ridge,plan_time,default_ml,q12,no_hashjoin,3556.871,2501.9927406704514
0,ridge,plan_time,default_ml,q12,no_mergejoin,4213.912,3635.8406658349127
0,ridge,plan_time,default_ml,q12,no_nestloop,3102.1,3634.7182149812843
0,ridge,plan_time,default_ml,q17,default,4823.064,7502.328948317297
0,ridge,plan_time,default_ml,q17,no_hashjoin,939.65,1491.3830438627313
0,ridge,plan_time,default_ml,q17,no_mergejoin,4153.603,6703.849574460473
0,ridge,plan_time,default_ml,q17,no_nestloop,4235.083,6685.537639002702
0,ridge,plan_time,default_ml,q19,default,543.454,705.6174687350604
0,ridge,plan_time,default_ml,q19,no_hashjoin,198.599,617.3675772703185
0,ridge,plan_time,default_ml,q19,no_mergejoin,215.468,625.080037906066
0,ridge,plan_time,default_ml,q19,no_nestloop,1441.563,2827.96686401777
0,ridge,plan_time,default_ml,q22,default,383.714,251.66609471006223
0,ridge,plan_time,default_ml,q22,no_hashjoin,345.909,221.29825886543176
0,ridge,plan_time,default_ml,q22,no_mergejoin,387.731,224.38628612897395
0,ridge,plan_time,default_ml,q22,no_nestloop,491.9,1993.5027785635355
0,ridge,plan_time,default_ml,q01_p1,default,9892.378,3764.817678279876
0,ridge,plan_time,default_ml,q01_p1,no_hashjoin,14592.651,3334.1364975687825
0,ridge,plan_time,default_ml,q01_p1,no_mergejoin,10802.619,3373.2015008622416
0,ridge,plan_time,default_ml,q01_p1,no_nestloop,10626.043,3370.069584793845
0,ridge,plan_time,default_ml,q01_p4,default,7707.074,3734.729372617033
0,ridge,plan_time,default_ml,q01_p4,no_hashjoin,11899.903,3298.0323902711057
0,ridge,plan_time,default_ml,q01_p4,no_mergejoin,11406.505,3350.2410333767793
0,ridge,plan_time,default_ml,q01_p4,no_nestloop,9862.402,3348.514485429403
0,ridge,plan_time,default_ml,q03_p2,default,1513.628,4828.638606549197
0,ridge,plan_time,default_ml,q03_p2,no_hashjoin,9935.697,6374.119894817135
0,ridge,plan_time,default_ml,q03_p2,no_mergejoin,2103.504,4326.492567723891
0,ridge,plan_time,default_ml,q03_p2,no_nestloop,3760.127,5064.398853751092
0,ridge,plan_time,default_ml,q03_p4,default,1825.335,4860.896774698946
0,ridge,plan_time,default_ml,q03_p4,no_hashjoin,9233.542,6456.410570273124
0,ridge,plan_time,default_ml,q03_p4,no_mergejoin,1153.93,4351.597434859822
0,ridge,plan_time,default_ml,q03_p4,no_nestloop,1581.882,5045.3216239042995
0,ridge,plan_time,default_ml,q05_p4,default,7116.569,4244.430937591534
0,ridge,plan_time,default_ml,q05_p4,no_hashjoin,7761.671,3321.1011472258774
0,ridge,plan_time,default_ml,q05_p4,no_mergejoin,14257.984,3815.273821982202
0,ridge,plan_time,default_ml,q05_p4,no_nestloop,5488.744,5640.224729419235
0,ridge,plan_time,default_ml,q06_p1,default,4169.204,3186.7628817756813
0,ridge,plan_time,default_ml,q06_p1,no_hashjoin,2672.595,2811.0854111789617
0,ridge,plan_time,default_ml,q06_p1,no_mergejoin,2169.062,2855.7190862424413
0,ridge,plan_time,default_ml,q06_p1,no_nestloop,2766.657,2852.390411012222
0,ridge,plan_time,default_ml,q07_p0,default,33515.848,17798.29266934107
0,ridge,plan_time,default_ml,q07_p0,no_hashjoin,6605.498,5183.049590045925
0,ridge,plan_time,default_ml,q07_p0,no_mergejoin,31465.431,14150.02812941885
0,ridge,plan_time,default_ml,q07_p0,no_nestloop,2952.799,4883.576345802817
0,ridge,plan_time,default_ml,q07_p4,default,59489.379,17572.640931493785
0,ridge,plan_time,default_ml,q07_p4,no_hashjoin,12167.826,5313.738487648682
0,ridge,plan_time,default_ml,q07_p4,no_mergejoin,26668.91,14147.212431741513
0,ridge,plan_time,default_ml,q07_p4,no_nestloop,1892.741,4867.490053633076
0,ridge,plan_time,default_ml,q08_p3,default,6018.607,6175.340690620785
0,ridge,plan_time,default_ml,q08_p3,no_hashjoin,3792.658,6722.31282500505
0,ridge,plan_time,default_ml,q08_p3,no_mergejoin,3685.784,5097.86561768169
0,ridge,plan_time,default_ml,q08_p3,no_nestloop,6346.003,4542.242843528039
0,ridge,plan_time,default_ml,q09_p2,default,12046.323,12079.666494175872
0,ridge,plan_time,default_ml,q09_p2,no_hashjoin,20980.942,41225.503486726026
0,ridge,plan_time,default_ml,q09_p2,no_mergejoin,14809.125,9958.515994352412
0,ridge,plan_time,default_ml,q09_p2,no_nestloop,7339.487,7860.056569608874
0,ridge,plan_time,default_ml,q11_p0,default,3049.573,1075.7660112581877
0,ridge,plan_time,default_ml,q11_p0,no_hashjoin,904.409,942.4570974759632
0,ridge,plan_time,default_ml,q11_p0,no_mergejoin,816.264,953.9317765265919
0,ridge,plan_time,default_ml,q11_p0,no_nestloop,1302.632,2370.3857109580917
0,ridge,plan_time,default_ml,q12_p4,default,2249.037,4057.5592862353096
0,ridge,plan_time,default_ml,q12_p4,no_hashjoin,3823.712,2504.8452201705995
0,ridge,plan_time,default_ml,q12_p4,no_mergejoin,6799.636,3633.9975831444112
0,ridge,plan_time,default_ml,q12_p4,no_nestloop,7214.151,3645.8594044069687
0,ridge,plan_time,default_ml,q14_p2,default,3528.926,2205.6389385596813
0,ridge,plan_time,default_ml,q14_p2,no_hashjoin,3469.28,3509.786577431758
0,ridge,plan_time,default_ml,q14_p2,no_mergejoin,3484.62,1976.271330958675
0,ridge,plan_time,default_ml,q14_p2,no_nestloop,2670.408,1974.405799807958
0,ridge,plan_time,default_ml,q15_p1,default,2973.557,4591.566629165131
0,ridge,plan_time,default_ml,q15_p1,no_hashjoin,3481.784,4052.038974582361
0,ridge,plan_time,default_ml,q15_p1,no_mergejoin,3814.434,4106.831846439447
0,ridge,plan_time,default_ml,q15_p1,no_nestloop,2991.507,4106.859737103343
0,ridge,plan_time,default_ml,q16_p0,default,3583.344,2453.9470407773215
0,ridge,plan_time,default_ml,q16_p0,no_hashjoin,2973.287,1892.7990523223891
0,ridge,plan_time,default_ml,q16_p0,no_mergejoin,1724.904,1955.8948340974564
0,ridge,plan_time,default_ml,q16_p0,no_nestloop,2170.77,1958.1977401348663
0,ridge,plan_time,default_ml,q19_p4,default,413.238,696.3417940092381
0,ridge,plan_time,default_ml,q19_p4,no_hashjoin,264.754,624.1751259757731
0,ridge,plan_time,default_ml,q19_p4,no_mergejoin,314.011,623.990990326112
0,ridge,plan_time,default_ml,q19_p4,no_nestloop,3594.635,2890.497502127941
0,ridge,plan_time,default_ml,q21_p0,default,52833.508,13041.243861963681
0,ridge,plan_time,default_ml,q21_p0,no_hashjoin,47704.612,15427.089218106554
0,ridge,plan_time,default_ml,q21_p0,no_mergejoin,18214.814,9513.439579065905
0,ridge,plan_time,default_ml,q21_p0,no_nestloop,9580.423,7565.974523719865
0,ridge,plan_time,default_ml,ds_q06_web_vs_store,default,696.566,496.8076546041642
0,ridge,plan_time,default_ml,ds_q06_web_vs_store,no_hashjoin,1647.674,839.8727178011331
0,ridge,plan_time,default_ml,ds_q06_web_vs_store,no_mergejoin,852.859,422.3608774338767
0,ridge,plan_time,default_ml,ds_q06_web_vs_store,no_nestloop,1042.574,422.3954481151871
0,ridge,plan_time,default_ml,ds_q11_inventory_check,default,519.915,682.3073369949346
0,ridge,plan_time,default_ml,ds_q11_inventory_check,no_hashjoin,947.458,495.86111183115395
0,ridge,plan_time,default_ml,ds_q11_inventory_check,no_mergejoin,423.518,584.2389547874802
0,ridge,plan_time,default_ml,ds_q11_inventory_check,no_nestloop,343.882,583.7091643727402
0,ridge,plan_time,default_ml,ds_q17_dow_pattern,default,996.646,606.4208801947967
0,ridge,plan_time,default_ml,ds_q17_dow_pattern,no_hashjoin,2377.113,1148.6539996217145
0,ridge,plan_time,default_ml,ds_q17_dow_pattern,no_mergejoin,571.268,542.3006950521617
0,ridge,plan_time,default_ml,ds_q17_dow_pattern,no_nestloop,644.053,544.7373277047253
0,ridge,plan_time,default_ml,online_ce83de12bc,default,947.618,2200.3253697635378
0,ridge,plan_time,default_ml,online_ce83de12bc,no_mergejoin,823.206,1969.6389527831466
0,ridge,plan_time,default_ml,online_ce83de12bc,no_nestloop,732.934,1969.7546198104242
0,ridge,plan_time,default_ml,online_ce83de12bc,no_hashjoin,782.553,3507.503345727535
1,ridge,plan_time,default_ml,q03_join_customer_orders,default,13.224,23.31189400767181
1,ridge,plan_time,default_ml,q05_top_customers,default,18.031,249.13342230814646
1,ridge,plan_time,default_ml,q02,default,6173.76,9106.108235783866
1,ridge,plan_time,default_ml,q02,no_hashjoin,4302.342,3192.0459378845194
1,ridge,plan_time,default_ml,q02,no_mergejoin,3199.538,3864.8100070601317
1,ridge,plan_time,default_ml,q02,no_nestloop,6690.813,4711.687649270403
1,ridge,plan_time,default_ml,q04,default,1216.968,1352.3460402810604
1,ridge,plan_time,default_ml,q04,no_hashjoin,1396.247,1235.5776738804277
1,ridge,plan_time,default_ml,q04,no_mergejoin,1429.065,1225.2565923404563
1,ridge,plan_time,default_ml,q04,no_nestloop,16777.004,2691.2376627121407
1,ridge,plan_time,default_ml,q07,default,35165.908,14000.802345308091
1,ridge,plan_time,default_ml,q07,no_hashjoin,3945.736,6142.706776026202
1,ridge,plan_time,default_ml,q07,no_mergejoin,29002.507,12286.040258516763
1,ridge,plan_time,default_ml,q07,no_nestloop,2402.029,5968.534106838711
1,ridge,plan_time,default_ml,q11,default,1724.803,1381.4543341111785
1,ridge,plan_time,default_ml,q11,no_hashjoin,403.337,1252.6567580741778
1,ridge,plan_time,default_ml,q11,no_mergejoin,308.811,1261.4532468072305
1,ridge,plan_time,default_ml,q11,no_nestloop,801.703,2706.0826370472723
1,ridge,plan_time,default_ml,q16,default,1605.611,2506.5899234374892
1,ridge,plan_time,default_ml,q16,no_hashjoin,1383.148,2431.1494939169997
1,ridge,plan_time,default_ml,q16,no_mergejoin,1106.188,2195.107758153049
1,ridge,plan_time,default_ml,q16,no_nestloop,1324.611,1944.4173016030356
1,ridge,plan_time,default_ml,q21,default,13986.072,11178.430827812648
1,ridge,plan_time,default_ml,q21,no_hashjoin,19448.204,17948.78095700608
1,ridge,plan_time,default_ml,q21,no_mergejoin,13055.611,9540.264615948468
1,ridge,plan_time,default_ml,q21,no_nestloop,10367.542,5989.322187801064
1,ridge,plan_time,default_ml,q01_p2,default,9565.353,5027.977799281874
1,ridge,plan_time,default_ml,q01_p2,no_hashjoin,9512.992,4572.46708922881
1,ridge,plan_time,default_ml,q01_p2,no_mergejoin,13686.939,4557.327538546764
1,ridge,plan_time,default_ml,q01_p2,no_nestloop,13280.512,4037.982521911185
1,ridge,plan_time,default_ml,q03_p1,default,1789.751,5131.418042663436
1,ridge,plan_time,default_ml,q03_p1,no_hashjoin,11886.905,6691.653193675159
1,ridge,plan_time,default_ml,q03_p1,no_mergejoin,1234.521,4612.206111201513
1,ridge,plan_time,default_ml,q03_p1,no_nestloop,1698.449,5191.671611757882
1,ridge,plan_time,default_ml,q04_p4,default,1251.353,1351.3033747995382
1,ridge,plan_time,default_ml,q04_p4,no_hashjoin,872.911,1226.0726555059127
1,ridge,plan_time,default_ml,q04_p4,no_mergejoin,1007.402,1237.4228700688739
1,ridge,plan_time,default_ml,q04_p4,no_nestloop,9201.859,2678.166992230046
1,ridge,plan_time,default_ml,q05_p2,default,4849.114,5424.174929479394
1,ridge,plan_time,default_ml,q05_p2,no_hashjoin,4040.571,4444.052460478464
1,ridge,plan_time,default_ml,q05_p2,no_mergejoin,3505.474,4757.248483645571
1,ridge,plan_time,default_ml,q05_p2,no_nestloop,3152.242,5280.677959649918
1,ridge,plan_time,default_ml,q05_p3,default,4461.936,5842.117048525531
1,ridge,plan_time,default_ml,q05_p3,no_hashjoin,4576.937,4429.417544711675
1,ridge,plan_time,default_ml,q05_p3,no_mergejoin,5163.161,4854.3589462856435
1,ridge,plan_time,default_ml,q05_p3,no_nestloop,4531.435,5443.467962110425
1,ridge,plan_time,default_ml,q07_p3,default,48180.292,13421.593039720401
1,ridge,plan_time,default_ml,q07_p3,no_hashjoin,20439.496,6072.301877160138
1,ridge,plan_time,default_ml,q07_p3,no_mergejoin,75622.57,13139.470245805363
1,ridge,plan_time,default_ml,q07_p3,no_nestloop,7456.51,6466.127475359007
1,ridge,plan_time,default_ml,q08_p2,default,4115.998,5354.526316526804
1,ridge,plan_time,default_ml,q08_p2,no_hashjoin,2794.834,7518.713702555965
1,ridge,plan_time,default_ml,q08_p2,no_mergejoin,3521.968,4651.604395444626
1,ridge,plan_time,default_ml,q08_p2,no_nestloop,6391.806,4005.623250783551
1,ridge,plan_time,default_ml,q09_p1,default,39188.185,17075.52071371481
1,ridge,plan_time,default_ml,q09_p1,no_hashjoin,37214.359,34295.06144266523
1,ridge,plan_time,default_ml,q09_p1,no_mergejoin,17515.704,14653.065482336615
1,ridge,plan_time,default_ml,q09_p1,no_nestloop,9813.353,7333.171522846726
1,ridge,plan_time,default_ml,q11_p4,default,1992.165,1385.40074301046
1,ridge,plan_time,default_ml,q11_p4,no_hashjoin,694.319,1256.9902156737849
1,ridge,plan_time,default_ml,q11_p4,no_mergejoin,595.204,1249.2127224053083
1,ridge,plan_time,default_ml,q11_p4,no_nestloop,1576.498,2701.7857025048156
1,ridge,plan_time,default_ml,q12_p3,default,2243.386,5196.923273213195
1,ridge,plan_time,default_ml,q12_p3,no_hashjoin,2231.47,2940.16093705882
1,ridge,plan_time,default_ml,q12_p3,no_mergejoin,2085.778,4694.853602522366
1,ridge,plan_time,default_ml,q12_p3,no_nestloop,2514.896,4204.027425956767
1,ridge,plan_time,default_ml,q14_p1,default,2856.102,1933.1447674004628
1,ridge,plan_time,default_ml,q14_p1,no_hashjoin,2769.721,2862.368972414179
1,ridge,plan_time,default_ml,q14_p1,no_mergejoin,2453.346,1804.7852428023439
1,ridge,plan_time,default_ml,q14_p1,no_nestloop,2195.13,1550.241754513493
1,ridge,plan_time,default_ml,q15_p0,default,4191.151,4223.876369951569
1,ridge,plan_time,default_ml,q15_p0,no_hashjoin,5584.123,3753.5764940634294
1,ridge,plan_time,default_ml,q15_p0,no_mergejoin,5665.229,3739.2987414206805
1,ridge,plan_time,default_ml,q15_p0,no_nestloop,2830.03,4110.671475246491
1,ridge,plan_time,default_ml,q16_p4,default,2523.064,2424.6220808919393
1,ridge,plan_time,default_ml,q16_p4,no_hashjoin,1946.083,2422.5292274769204
1,ridge,plan_time,default_ml,q16_p4,no_mergejoin,1783.659,2191.471495784136
1,ridge,plan_time,default_ml,q16_p4,no_nestloop,2195.978,1947.6000560598748
1,ridge,plan_time,default_ml,q19_p0,default,435.11,661.3795627530352
1,ridge,plan_time,default_ml,q19_p0,no_hashjoin,516.983,598.0960278620846
1,ridge,plan_time,default_ml,q19_p0,no_mergejoin,498.459,591.6032810951775
1,ridge,plan_time,default_ml,q19_p0,no_nestloop,3656.192,2932.7586758946873
1,ridge,plan_time,default_ml,q19_p3,default,392.595,653.357497009337
1,ridge,plan_time,default_ml,q19_p3,no_hashjoin,404.667,594.3029933909962
1,ridge,plan_time,default_ml,q19_p3,no_mergejoin,494.229,615.7709954299787
1,ridge,plan_time,default_ml,q19_p3,no_nestloop,3766.083,2912.4421702225477
1,ridge,plan_time,default_ml,q21_p4,default,19462.346,10548.563563666885
1,ridge,plan_time,default_ml,q21_p4,no_hashjoin,19158.111,17591.98683993218
1,ridge,plan_time,default_ml,q21_p4,no_mergejoin,21773.347,9555.939524154423
1,ridge,plan_time,default_ml,q21_p4,no_nestloop,20578.87,5819.073749846638
1,ridge,plan_time,default_ml,ds_q04_customer_topk,default,704.859,890.88394601007
1,ridge,plan_time,default_ml,ds_q04_customer_topk,no_hashjoin,1272.521,1475.5991148065982
1,ridge,plan_time,default_ml,ds_q04_customer_topk,no_mergejoin,577.718,779.4915259764149
1,ridge,plan_time,default_ml,ds_q04_customer_topk,no_nestloop,799.922,690.8423018938822
1,ridge,plan_time,default_ml,ds_q05_returns_filter,default,279.907,1028.7896108737882
1,ridge,plan_time,default_ml,ds_q05_returns_filter,no_hashjoin,328.061,1155.5670925851546
1,ridge,plan_time,default_ml,ds_q05_returns_filter,no_mergejoin,196.199,784.2178219167323
1,ridge,plan_time,default_ml,ds_q05_returns_filter,no_nestloop,163.456,762.7213627898475
1,ridge,plan_time,default_ml,ds_q09_avg_basket,default,481.674,504.3481475866489
1,ridge,plan_time,default_ml,ds_q09_avg_basket,no_hashjoin,512.863,458.22240216918726
1,ridge,plan_time,default_ml,ds_q09_avg_basket,no_mergejoin,420.93,454.54225331966495
1,ridge,plan_time,default_ml,ds_q09_avg_basket,no_nestloop,445.387,402.6657858624998
1,ridge,plan_time,default_ml,ds_q18_brand_topk,default,662.842,569.5895447818779
1,ridge,plan_time,default_ml,ds_q18_brand_topk,no_hashjoin,2523.984,1044.637147939447
1,ridge,plan_time,default_ml,ds_q18_brand_topk,no_mergejoin,2049.833,517.1716724235295
1,ridge,plan_time,default_ml,ds_q18_brand_topk,no_nestloop,774.295,456.3835267489716
1,ridge,plan_time,default_ml,ds_q19_self_join,default,5.488,0.1
1,ridge,plan_time,default_ml,ds_q19_self_join,no_hashjoin,0.11,0.1
1,ridge,plan_time,default_ml,ds_q19_self_join,no_mergejoin,0.106,0.1
1,ridge,plan_time,default_ml,ds_q19_self_join,no_nestloop,0.133,0.1
2,ridge,plan_time,default_ml,q10,default,1318.8,2916.7591136475594
2,ridge,plan_time,default_ml,q10,no_hashjoin,4160.12,1545.0882872702932
2,ridge,plan_time,default_ml,q10,no_mergejoin,1571.937,2460.704707228616
2,ridge,plan_time,default_ml,q10,no_nestloop,2518.974,2574.7863985202785
2,ridge,plan_time,default_ml,q15,default,2757.332,5263.390545146767
2,ridge,plan_time,default_ml,q15,no_hashjoin,2518.908,4365.994539186577
2,ridge,plan_time,default_ml,q15,no_mergejoin,2113.783,4787.601259852686
2,ridge,plan_time,default_ml,q15,no_nestloop,2244.615,4542.418447729396
2,ridge,plan_time,default_ml,q20,default,7381.431,3939.4486623332305
2,ridge,plan_time,default_ml,q20,no_hashjoin,4427.324,4433.737679510126
2,ridge,plan_time,default_ml,q20,no_mergejoin,4679.932,3333.403606015188
2,ridge,plan_time,default_ml,q01_p3,default,13984.334,4915.756949935222
2,ridge,plan_time,default_ml,q01_p3,no_hashjoin,15019.025,4256.070641862355
2,ridge,plan_time,default_ml,q01_p3,no_mergejoin,12287.425,4554.698888249955
2,ridge,plan_time,default_ml,q01_p3,no_nestloop,11661.957,4371.716959705681
2,ridge,plan_time,default_ml,q02_p0,default,23413.931,77725.10892790182
2,ridge,plan_time,default_ml,q02_p0,no_hashjoin,3964.82,3222.0600367203824
2,ridge,plan_time,default_ml,q02_p0,no_mergejoin,3313.199,3459.631027533274
2,ridge,plan_time,default_ml,q02_p0,no_nestloop,8545.085,4208.939025594994
2,ridge,plan_time,default_ml,q02_p2,default,3165.46,3810.402008728051
2,ridge,plan_time,default_ml,q02_p2,no_hashjoin,5007.324,3318.438872748574
2,ridge,plan_time,default_ml,q02_p2,no_mergejoin,3606.714,3453.1120962851323
2,ridge,plan_time,default_ml,q02_p2,no_nestloop,7216.648,4232.764023049408
2,ridge,plan_time,default_ml,q03_p0,default,2635.037,12222.829534484737
2,ridge,plan_time,default_ml,q03_p0,no_hashjoin,18114.795,6691.572095596347
2,ridge,plan_time,default_ml,q03_p0,no_mergejoin,1944.902,4615.809555199899
2,ridge,plan_time,default_ml,q03_p0,no_nestloop,5589.845,5160.564173117721
2,ridge,plan_time,default_ml,q04_p3,default,990.862,1518.6251467532438
2,ridge,plan_time,default_ml,q04_p3,no_hashjoin,1329.233,1310.1661118719376
2,ridge,plan_time,default_ml,q04_p3,no_mergejoin,1103.474,1402.590018141992
2,ridge,plan_time,default_ml,q04_p3,no_nestloop,8503.564,2986.446760513808
2,ridge,plan_time,default_ml,q05_p1,default,6327.661,5346.094603006282
2,ridge,plan_time,default_ml,q05_p1,no_hashjoin,3334.809,4112.203115090758
2,ridge,plan_time,default_ml,q05_p1,no_mergejoin,3473.214,4858.118324069948
2,ridge,plan_time,default_ml,q05_p1,no_nestloop,2614.839,5329.409609911376
2,ridge,plan_time,default_ml,q06_p2,default,4135.177,3064.9230029160917
2,ridge,plan_time,default_ml,q06_p2,no_hashjoin,3106.429,2647.509226054094
2,ridge,plan_time,default_ml,q06_p2,no_mergejoin,2665.156,2841.817079839413
2,ridge,plan_time,default_ml,q06_p2,no_nestloop,2697.838,2717.9772007765887
2,ridge,plan_time,default_ml,q07_p2,default,42141.36,16646.033846321036
2,ridge,plan_time,default_ml,q07_p2,no_hashjoin,10847.283,6137.792979103838
2,ridge,plan_time,default_ml,q07_p2,no_mergejoin,49967.521,15575.88029891055
2,ridge,plan_time,default_ml,q07_p2,no_nestloop,8066.19,5907.208069496805
2,ridge,plan_time,default_ml,q08_p1,default,2058.638,6988.585569455215
2,ridge,plan_time,default_ml,q08_p1,no_hashjoin,2498.809,7403.367147866478
2,ridge,plan_time,default_ml,q08_p1,no_mergejoin,2816.12,6292.4523958696045
2,ridge,plan_time,default_ml,q08_p1,no_nestloop,5506.494,4199.063465760453
2,ridge,plan_time,default_ml,q09_p0,default,27540.065,15082.765694476464
2,ridge,plan_time,default_ml,q09_p0,no_hashjoin,44491.972,46859.291942288495
2,ridge,plan_time,default_ml,q09_p0,no_mergejoin,20940.383,9367.257331759205
2,ridge,plan_time,default_ml,q09_p0,no_nestloop,16162.56,7942.893322972793
2,ridge,plan_time,default_ml,q11_p3,default,1976.909,1238.2106018798
2,ridge,plan_time,default_ml,q11_p3,no_hashjoin,748.431,1069.9659600470875
2,ridge,plan_time,default_ml,q11_p3,no_mergejoin,562.144,1141.49186589559
2,ridge,plan_time,default_ml,q11_p3,no_nestloop,1681.782,2316.384436226638
2,ridge,plan_time,default_ml,q12_p2,default,2149.287,4650.505298137855
2,ridge,plan_time,default_ml,q12_p2,no_hashjoin,2364.648,2759.508151678852
2,ridge,plan_time,default_ml,q12_p2,no_mergejoin,2164.549,4310.585720908296
2,ridge,plan_time,default_ml,q12_p2,no_nestloop,1854.457,4127.858285046187
2,ridge,plan_time,default_ml,q14_p0,default,2971.513,2017.9562370863273
2,ridge,plan_time,default_ml,q14_p0,no_hashjoin,3770.611,3160.872769871467
2,ridge,plan_time,default_ml,q14_p0,no_mergejoin,4340.477,1679.1155004008206
2,ridge,plan_time,default_ml,q14_p0,no_nestloop,3252.169,1632.5377728671783
2,ridge,plan_time,default_ml,q15_p4,default,3928.715,5039.500135397564
2,ridge,plan_time,default_ml,q15_p4,no_hashjoin,3612.135,4374.293433134595
2,ridge,plan_time,default_ml,q15_p4,no_mergejoin,4176.719,4689.740151353577
2,ridge,plan_time,default_ml,q15_p4,no_nestloop,4123.565,4531.547712687431
2,ridge,plan_time,default_ml,q16_p3,default,2142.518,2143.63282268273
2,ridge,plan_time,default_ml,q16_p3,no_hashjoin,2488.674,1962.3258109840933
2,ridge,plan_time,default_ml,q16_p3,no_mergejoin,2170.027,1986.0906785001914
2,ridge,plan_time,default_ml,q16_p3,no_nestloop,1427.093,1893.9593495204037
2,ridge,plan_time,default_ml,q17_p2,default,5596.138,7440.879242986902
2,ridge,plan_time,default_ml,q17_p2,no_hashjoin,730.087,2023.9840771097304
2,ridge,plan_time,default_ml,q17_p2,no_mergejoin,4160.795,6930.375569038143
2,ridge,plan_time,default_ml,q17_p2,no_nestloop,4012.796,6608.125158362094
2,ridge,plan_time,default_ml,q17_p3,default,5259.441,7441.763317315427
2,ridge,plan_time,default_ml,q17_p3,no_hashjoin,821.265,2017.481234013594
2,ridge,plan_time,default_ml,q17_p3,no_mergejoin,5243.261,6942.069144463033
2,ridge,plan_time,default_ml,q17_p3,no_nestloop,7027.809,6644.287496670048
2,ridge,plan_time,default_ml,q19_p2,default,231.761,53.05555868481562
2,ridge,plan_time,default_ml,q19_p2,no_hashjoin,251.742,45.69051952999293
2,ridge,plan_time,default_ml,q19_p2,no_mergejoin,298.061,49.062760962570906
2,ridge,plan_time,default_ml,q19_p2,no_nestloop,232.592,1687.1260616068464
2,ridge,plan_time,default_ml,q20_p0,default,6531.394,4331.1404144051785
2,ridge,plan_time,default_ml,q20_p0,no_hashjoin,3627.978,4321.474716994873
2,ridge,plan_time,default_ml,q20_p0,no_mergejoin,4085.213,3312.7470724286973
2,ridge,plan_time,default_ml,q21_p3,default,17560.987,10682.82113602684
2,ridge,plan_time,default_ml,q21_p3,no_hashjoin,17085.046,18165.177310417326
2,ridge,plan_time,default_ml,q21_p3,no_mergejoin,17104.211,9717.746412193901
2,ridge,plan_time,default_ml,q21_p3,no_nestloop,11808.777,7825.492832922864
2,ridge,plan_time,default_ml,ds_q03_promo_effect,default,639.997,860.8260935776423
2,ridge,plan_time,default_ml,ds_q03_promo_effect,no_hashjoin,2233.295,1439.2015774157603
2,ridge,plan_time,default_ml,ds_q03_promo_effect,no_mergejoin,613.607,763.100540052767
2,ridge,plan_time,default_ml,ds_q03_promo_effect,no_nestloop,389.256,729.3585575214786
2,ridge,plan_time,default_ml,ds_q08_addr_filter,default,89.476,110.3997553836017
2,ridge,plan_time,default_ml,ds_q08_addr_filter,no_hashjoin,43.675,193.764186692093
2,ridge,plan_time,default_ml,ds_q08_addr_filter,no_mergejoin,39.483,93.97118179752788
2,ridge,plan_time,default_ml,ds_q08_addr_filter,no_nestloop,61.302,89.76528820213534
2,ridge,plan_time,default_ml,ds_q12_catalog_topk,default,531.523,558.1514330949329
2,ridge,plan_time,default_ml,ds_q12_catalog_topk,no_hashjoin,968.577,801.4535053541301
2,ridge,plan_time,default_ml,ds_q12_catalog_topk,no_mergejoin,392.038,516.8636317386952
2,ridge,plan_time,default_ml,ds_q12_catalog_topk,no_nestloop,356.789,491.02675452052733
2,ridge,plan_time,default_ml,ds_q15_returns_ratio,default,810.594,729.7852445277571
2,ridge,plan_time,default_ml,ds_q15_returns_ratio,no_hashjoin,2445.148,1104.9183292180464
2,ridge,plan_time,default_ml,ds_q15_returns_ratio,no_mergejoin,643.784,675.1323339177529
2,ridge,plan_time,default_ml,ds_q15_returns_ratio,no_nestloop,729.727,645.5066871241202
2,ridge,plan_time,default_ml,online_b21324f41e,default,256.352,711.3331045709339
2,ridge,plan_time,default_ml,online_b21324f41e,no_mergejoin,160.573,659.1988033055875
2,ridge,plan_time,default_ml,online_b21324f41e,no_nestloop,160.279,629.9779966207965
2,ridge,plan_time,default_ml,online_b21324f41e,no_hashjoin,301.284,1193.39684479815
3,ridge,plan_time,default_ml,q03,default,1640.223,8086.9659373560335
3,ridge,plan_time,default_ml,q03,no_hashjoin,15919.201,6893.144819885808
3,ridge,plan_time,default_ml,q03,no_mergejoin,2101.658,4432.543327983538
3,ridge,plan_time,default_ml,q03,no_nestloop,2195.742,5037.144865527175
3,ridge,plan_time,default_ml,q09,default,23625.277,11350.315397810009
3,ridge,plan_time,default_ml,q09,no_hashjoin,30860.744,48245.9179965092
3,ridge,plan_time,default_ml,q09,no_mergejoin,19454.599,9809.066940869954
3,ridge,plan_time,default_ml,q09,no_nestloop,9471.806,8046.768858937362
3,ridge,plan_time,default_ml,q14,default,1878.312,1939.638303034419
3,ridge,plan_time,default_ml,q14,no_hashjoin,1806.03,3227.2595503269586
3,ridge,plan_time,default_ml,q14,no_mergejoin,1504.265,1719.7709165864437
3,ridge,plan_time,default_ml,q14,no_nestloop,2199.709,1728.2598018017632
3,ridge,plan_time,default_ml,q02_p1,default,4831.789,4293.1040164599935
3,ridge,plan_time,default_ml,q02_p1,no_hashjoin,7944.497,2856.748654718647
3,ridge,plan_time,default_ml,q02_p1,no_mergejoin,7564.481,4001.889589399973
3,ridge,plan_time,default_ml,q02_p1,no_nestloop,6618.888,3623.214958210889
3,ridge,plan_time,default_ml,q02_p3,default,3892.114,4357.520353382885
3,ridge,plan_time,default_ml,q02_p3,no_hashjoin,3155.964,2895.9719983746204
3,ridge,plan_time,default_ml,q02_p3,no_mergejoin,4532.378,3855.465332159008
3,ridge,plan_time,default_ml,q02_p3,no_nestloop,5564.808,3744.1555556142725
3,ridge,plan_time,default_ml,q04_p0,default,698.777,1822.912202332536
3,ridge,plan_time,default_ml,q04_p0,no_hashjoin,711.225,1660.355237256563
3,ridge,plan_time,default_ml,q04_p0,no_mergejoin,778.803,1616.5220963102681
3,ridge,plan_time,default_ml,q04_p0,no_nestloop,3866.661,3296.6334456119143
3,ridge,plan_time,default_ml,q05_p0,default,8204.45,5188.440553861047
3,ridge,plan_time,default_ml,q05_p0,no_hashjoin,5962.965,4163.108286308144
3,ridge,plan_time,default_ml,q05_p0,no_mergejoin,4610.027,4532.752053655939
3,ridge,plan_time,default_ml,q05_p0,no_nestloop,2611.541,5243.809326754016
3,ridge,plan_time,default_ml,q06_p3,default,3480.088,3320.399755485983
3,ridge,plan_time,default_ml,q06_p3,no_hashjoin,2996.05,3036.582040233721
3,ridge,plan_time,default_ml,q06_p3,no_mergejoin,2669.903,2980.8959430754485
3,ridge,plan_time,default_ml,q06_p3,no_nestloop,4023.332,2993.7983379225775
3,ridge,plan_time,default_ml,q06_p4,default,5669.9,3323.657019106079
3,ridge,plan_time,default_ml,q06_p4,no_hashjoin,2089.769,3035.419012160566
3,ridge,plan_time,default_ml,q06_p4,no_mergejoin,4714.611,2983.989796614174
3,ridge,plan_time,default_ml,q06_p4,no_nestloop,1983.072,2992.077878678672
3,ridge,plan_time,default_ml,q08_p0,default,2318.738,6595.437109981925
3,ridge,plan_time,default_ml,q08_p0,no_hashjoin,1937.078,8941.8746494111
3,ridge,plan_time,default_ml,q08_p0,no_mergejoin,2662.364,5815.6173521519695
3,ridge,plan_time,default_ml,q08_p0,no_nestloop,4359.179,4335.660115816018
3,ridge,plan_time,default_ml,q09_p4,default,8298.719,10715.478688678262
3,ridge,plan_time,default_ml,q09_p4,no_hashjoin,16043.449,45731.702302409365
3,ridge,plan_time,default_ml,q09_p4,no_mergejoin,10137.559,9957.770116431533
3,ridge,plan_time,default_ml,q09_p4,no_nestloop,11374.003,7497.546826746107
3,ridge,plan_time,default_ml,q11_p2,default,1218.799,1070.622425473202
3,ridge,plan_time,default_ml,q11_p2,no_hashjoin,843.429,979.1483836184466
3,ridge,plan_time,default_ml,q11_p2,no_mergejoin,2433.052,986.1316041593752
3,ridge,plan_time,default_ml,q11_p2,no_nestloop,3181.035,1817.7803905841229
3,ridge,plan_time,default_ml,q12_p1,default,6508.802,4433.130057913357
3,ridge,plan_time,default_ml,q12_p1,no_hashjoin,3209.493,2938.0465734750587
3,ridge,plan_time,default_ml,q12_p1,no_mergejoin,2447.656,3971.1905433961533
3,ridge,plan_time,default_ml,q12_p1,no_nestloop,1816.0,3989.680961271389
3,ridge,plan_time,default_ml,q14_p4,default,3773.783,1949.4418415118882
3,ridge,plan_time,default_ml,q14_p4,no_hashjoin,2474.995,3288.8609366487744
3,ridge,plan_time,default_ml,q14_p4,no_mergejoin,2967.284,1743.1870177797969
3,ridge,plan_time,default_ml,q14_p4,no_nestloop,2601.241,1755.3416851380564
3,ridge,plan_time,default_ml,q15_p3,default,4889.391,4129.850480229971
3,ridge,plan_time,default_ml,q15_p3,no_hashjoin,5317.028,3841.7069506618786
3,ridge,plan_time,default_ml,q15_p3,no_mergejoin,5676.261,3708.107282539237
3,ridge,plan_time,default_ml,q15_p3,no_nestloop,5457.38,3680.612503423986
3,ridge,plan_time,default_ml,q16_p2,default,2458.46,2091.626531271168
3,ridge,plan_time,default_ml,q16_p2,no_hashjoin,2627.809,2110.8709774147233
3,ridge,plan_time,default_ml,q16_p2,no_mergejoin,1893.313,1872.7822407322483
3,ridge,plan_time,default_ml,q16_p2,no_nestloop,2458.918,1883.95209647173
3,ridge,plan_time,default_ml,q17_p1,default,11535.719,8275.554106267791
3,ridge,plan_time,default_ml,q17_p1,no_hashjoin,2053.23,1486.805532799024
3,ridge,plan_time,default_ml,q17_p1,no_mergejoin,7398.36,7440.582914874968
3,ridge,plan_time,default_ml,q17_p1,no_nestloop,4296.241,7452.380849586562
3,ridge,plan_time,default_ml,q17_p4,default,4937.429,8264.352756543198
3,ridge,plan_time,default_ml,q17_p4,no_hashjoin,664.182,1507.4872722873527
3,ridge,plan_time,default_ml,q17_p4,no_mergejoin,4008.003,7421.652823290583
3,ridge,plan_time,default_ml,q17_p4,no_nestloop,4202.008,7497.509974126116
3,ridge,plan_time,default_ml,q20_p1,default,2525.096,2704.601522948577
3,ridge,plan_time,default_ml,q20_p1,no_hashjoin,2273.024,3475.7060070995085
3,ridge,plan_time,default_ml,q20_p1,no_mergejoin,2129.206,2394.9005078381942
3,ridge,plan_time,default_ml,q20_p1,no_nestloop,278747.214,256.2556014264701
3,ridge,plan_time,default_ml,q20_p3,default,11028.75,2821.6455744000764
3,ridge,plan_time,default_ml,q20_p3,no_hashjoin,10269.854,3459.550998473097
3,ridge,plan_time,default_ml,q20_p3,no_mergejoin,13299.016,2414.5597224177295
3,ridge,plan_time,default_ml,q20_p4,default,70494.953,7756.320391079829
3,ridge,plan_time,default_ml,q20_p4,no_hashjoin,17808.234,3470.1812009797
3,ridge,plan_time,default_ml,q20_p4,no_mergejoin,22436.179,2402.5333100897415
3,ridge,plan_time,default_ml,q21_p2,default,12400.143,11403.794162806415
3,ridge,plan_time,default_ml,q21_p2,no_hashjoin,16524.084,17213.478946408224
3,ridge,plan_time,default_ml,q21_p2,no_mergejoin,11762.799,10342.4393641942
3,ridge,plan_time,default_ml,q21_p2,no_nestloop,9402.375,8363.981633051873
3,ridge,plan_time,default_ml,ds_q02_topk_revenue,default,1542.053,670.4501061382872
3,ridge,plan_time,default_ml,ds_q02_topk_revenue,no_hashjoin,1352.97,1636.131750409992
3,ridge,plan_time,default_ml,ds_q02_topk_revenue,no_mergejoin,543.457,583.4669168926603
3,ridge,plan_time,default_ml,ds_q02_topk_revenue,no_nestloop,667.532,593.8411454775205
3,ridge,plan_time,default_ml,ds_q07_yearly_trend,default,1811.255,453.16278618566366
3,ridge,plan_time,default_ml,ds_q07_yearly_trend,no_hashjoin,1572.343,927.4600937588365
3,ridge,plan_time,default_ml,ds_q07_yearly_trend,no_mergejoin,572.578,408.37266263562606
3,ridge,plan_time,default_ml,ds_q07_yearly_trend,no_nestloop,616.613,408.445697143102
3,ridge,plan_time,default_ml,ds_q14_state_revenue,default,495.792,776.0748247770562
3,ridge,plan_time,default_ml,ds_q14_state_revenue,no_hashjoin,1105.507,1891.7216832751374
3,ridge,plan_time,default_ml,ds_q14_state_revenue,no_mergejoin,802.114,688.6565892725721
3,ridge,plan_time,default_ml,ds_q14_state_revenue,no_nestloop,778.636,692.9401383994452
3,ridge,plan_time,default_ml,ds_q16_web_returns,default,86.387,32.86135529387581
3,ridge,plan_time,default_ml,ds_q16_web_returns,no_hashjoin,52.615,29.20652619495373
3,ridge,plan_time,default_ml,ds_q16_web_returns,no_mergejoin,35.959,28.679307291225403
3,ridge,plan_time,default_ml,ds_q16_web_returns,no_nestloop,37.871,29.25526269589752
3,ridge,plan_time,default_ml,online_749218157a,default,1747.386,3305.3333209853886
3,ridge,plan_time,default_ml,online_749218157a,no_hashjoin,1146.033,3023.4686450977447
3,ridge,plan_time,default_ml,online_749218157a,no_mergejoin,1039.564,2969.1403703304677
3,ridge,plan_time,default_ml,online_749218157a,no_nestloop,1177.454,2985.4672225765607
3,ridge,plan_time,default_ml,online_dac91519b8,default,208.479,453.16601066381565
3,ridge,plan_time,default_ml,online_dac91519b8,no_hashjoin,316.51,926.603544113075
3,ridge,plan_time,default_ml,online_dac91519b8,no_mergejoin,194.431,406.7453783065099
3,ridge,plan_time,default_ml,online_dac91519b8,no_nestloop,217.28,408.1928676148679
4,ridge,plan_time,default_ml,q04_agg_total_per_country,default,36.801,393.5826260225311
4,ridge,plan_time,default_ml,q06_status_breakdown,default,22.161,317.67707394910946
4,ridge,plan_time,default_ml,q06,default,2272.089,3499.192646170518
4,ridge,plan_time,default_ml,q06,no_hashjoin,1791.259,2916.6615957180093
4,ridge,plan_time,default_ml,q06,no_mergejoin,1959.172,3096.330209669175
4,ridge,plan_time,default_ml,q06,no_nestloop,1737.52,2870.970725295911
4,ridge,plan_time,default_ml,q08,default,2118.05,7173.948928276008
4,ridge,plan_time,default_ml,q08,no_hashjoin,1382.048,8154.072626829339
4,ridge,plan_time,default_ml,q08,no_mergejoin,1513.581,5980.551744128042
4,ridge,plan_time,default_ml,q08,no_nestloop,2374.629,4705.108779465627
4,ridge,plan_time,default_ml,q13,default,2831.432,4095.921617336092
4,ridge,plan_time,default_ml,q13,no_hashjoin,23582.006,4716.4084076340805
4,ridge,plan_time,default_ml,q13,no_mergejoin,2595.487,3622.557187611633
4,ridge,plan_time,default_ml,q13,no_nestloop,2688.645,3355.230463742039
4,ridge,plan_time,default_ml,q18,default,13888.445,45700.96021101752
4,ridge,plan_time,default_ml,q18,no_hashjoin,14970.42,35178.324757575356
4,ridge,plan_time,default_ml,q18,no_mergejoin,16967.045,59288.98738780832
4,ridge,plan_time,default_ml,q18,no_nestloop,17635.017,30912.08614912875
4,ridge,plan_time,default_ml,q01_p0,default,3349.141,7203.3144235297295
4,ridge,plan_time,default_ml,q01_p0,no_hashjoin,4540.459,5841.0262011287205
4,ridge,plan_time,default_ml,q01_p0,no_mergejoin,10943.592,6258.9950638736545
4,ridge,plan_time,default_ml,q01_p0,no_nestloop,8294.856,5755.186652013763
4,ridge,plan_time,default_ml,q02_p4,default,1973.717,4600.110549476383
4,ridge,plan_time,default_ml,q02_p4,no_hashjoin,1809.446,3696.002919068661
4,ridge,plan_time,default_ml,q02_p4,no_mergejoin,2038.239,4021.482770593904
4,ridge,plan_time,default_ml,q02_p4,no_nestloop,4826.137,5302.397709932255
4,ridge,plan_time,default_ml,q03_p3,default,2118.779,5334.663327155764
4,ridge,plan_time,default_ml,q03_p3,no_hashjoin,12346.115,6784.101158579635
4,ridge,plan_time,default_ml,q03_p3,no_mergejoin,1371.854,4582.004101999676
4,ridge,plan_time,default_ml,q03_p3,no_nestloop,3581.978,4822.924101390343
4,ridge,plan_time,default_ml,q04_p1,default,616.709,1639.3531495201944
4,ridge,plan_time,default_ml,q04_p1,no_hashjoin,714.221,1363.0682869862565
4,ridge,plan_time,default_ml,q04_p1,no_mergejoin,781.058,1447.5850947982567
4,ridge,plan_time,default_ml,q04_p1,no_nestloop,4254.901,2820.1800243325383
4,ridge,plan_time,default_ml,q04_p2,default,706.16,1685.516005465277
4,ridge,plan_time,default_ml,q04_p2,no_hashjoin,693.738,1405.538206658769
4,ridge,plan_time,default_ml,q04_p2,no_mergejoin,797.277,1489.8251301745738
4,ridge,plan_time,default_ml,q04_p2,no_nestloop,4757.625,2819.554726626845
4,ridge,plan_time,default_ml,q06_p0,default,4046.07,3517.63867663236
4,ridge,plan_time,default_ml,q06_p0,no_hashjoin,3038.813,2909.5838732952006
4,ridge,plan_time,default_ml,q06_p0,no_mergejoin,3906.789,3095.100177148939
4,ridge,plan_time,default_ml,q06_p0,no_nestloop,3998.758,2870.2234026194747
4,ridge,plan_time,default_ml,q07_p1,default,48689.845,17792.426114877027
4,ridge,plan_time,default_ml,q07_p1,no_hashjoin,15251.364,6114.6199196881025
4,ridge,plan_time,default_ml,q07_p1,no_mergejoin,53754.001,15343.274005649298
4,ridge,plan_time,default_ml,q07_p1,no_nestloop,5609.712,5340.257114019604
4,ridge,plan_time,default_ml,q08_p4,default,5660.325,7714.13533604844
4,ridge,plan_time,default_ml,q08_p4,no_hashjoin,6197.882,8783.744209368144
4,ridge,plan_time,default_ml,q08_p4,no_mergejoin,2379.517,6361.431305607988
4,ridge,plan_time,default_ml,q08_p4,no_nestloop,5048.417,5230.313525991651
4,ridge,plan_time,default_ml,q09_p3,default,6549.707,13804.573530182395
4,ridge,plan_time,default_ml,q09_p3,no_hashjoin,13347.475,46369.444498847064
4,ridge,plan_time,default_ml,q09_p3,no_mergejoin,5954.025,11963.98786047647
4,ridge,plan_time,default_ml,q09_p3,no_nestloop,3600.447,8470.777454111143
4,ridge,plan_time,default_ml,q11_p1,default,2820.861,1194.5512192271383
4,ridge,plan_time,default_ml,q11_p1,no_hashjoin,834.804,995.1607161503483
4,ridge,plan_time,default_ml,q11_p1,no_mergejoin,854.796,1055.9971553142836
4,ridge,plan_time,default_ml,q11_p1,no_nestloop,1680.754,1948.4715860872775
4,ridge,plan_time,default_ml,q12_p0,default,12501.249,4684.093412786102
4,ridge,plan_time,default_ml,q12_p0,no_hashjoin,5870.008,3219.146308166709
4,ridge,plan_time,default_ml,q12_p0,no_mergejoin,4893.417,3864.561642885687
4,ridge,plan_time,default_ml,q12_p0,no_nestloop,3516.724,3587.83628429695
4,ridge,plan_time,default_ml,q14_p3,default,3822.122,1801.4539552512074
4,ridge,plan_time,default_ml,q14_p3,no_hashjoin,5657.868,2742.8027569776077
4,ridge,plan_time,default_ml,q14_p3,no_mergejoin,5261.081,1602.3436369032656
4,ridge,plan_time,default_ml,q14_p3,no_nestloop,3418.002,1485.4140623933604
4,ridge,plan_time,default_ml,q15_p2,default,4505.763,4284.769610680383
4,ridge,plan_time,default_ml,q15_p2,no_hashjoin,6508.556,3583.7221821711387
4,ridge,plan_time,default_ml,q15_p2,no_mergejoin,5286.807,3808.929878522654
4,ridge,plan_time,default_ml,q15_p2,no_nestloop,5383.88,3796.5859049122464
4,ridge,plan_time,default_ml,q16_p1,default,2655.656,2288.352349971278
4,ridge,plan_time,default_ml,q16_p1,no_hashjoin,1923.553,1781.52420611816
4,ridge,plan_time,default_ml,q16_p1,no_mergejoin,2945.97,2030.519258156965
4,ridge,plan_time,default_ml,q16_p1,no_nestloop,1993.228,1878.7699906794792
4,ridge,plan_time,default_ml,q17_p0,default,10431.913,7664.00081681507
4,ridge,plan_time,default_ml,q17_p0,no_hashjoin,1729.994,1253.2311642542027
4,ridge,plan_time,default_ml,q17_p0,no_mergejoin,8897.062,6638.702401303163
4,ridge,plan_time,default_ml,q17_p0,no_nestloop,9330.833,6147.503712419208
4,ridge,plan_time,default_ml,q19_p1,default,1205.132,281.638096064611
4,ridge,plan_time,default_ml,q19_p1,no_hashjoin,454.037,234.41097142892914
4,ridge,plan_time,default_ml,q19_p1,no_mergejoin,371.417,251.76648307471953
4,ridge,plan_time,default_ml,q19_p1,no_nestloop,3774.525,1965.2361789534343
4,ridge,plan_time,default_ml,q20_p2,default,5046.379,4455.015804972569
4,ridge,plan_time,default_ml,q20_p2,no_hashjoin,3476.229,5396.025179123652
4,ridge,plan_time,default_ml,q20_p2,no_mergejoin,3548.939,3841.878200537835
4,ridge,plan_time,default_ml,q21_p1,default,17294.152,11176.299237454932
4,ridge,plan_time,default_ml,q21_p1,no_hashjoin,18352.588,16126.926871300378
4,ridge,plan_time,default_ml,q21_p1,no_mergejoin,18510.851,9885.383978637545
4,ridge,plan_time,default_ml,q21_p1,no_nestloop,10391.969,7135.171656145732
4,ridge,plan_time,default_ml,ds_q01_filter_agg,default,1042.995,188.80319184888904
4,ridge,plan_time,default_ml,ds_q01_filter_agg,no_hashjoin,810.184,516.0238713863753
4,ridge,plan_time,default_ml,ds_q01_filter_agg,no_mergejoin,537.585,153.91811177696695
4,ridge,plan_time,default_ml,ds_q01_filter_agg,no_nestloop,1482.016,142.45851295359066
4,ridge,plan_time,default_ml,ds_q10_window_topk,default,2181.389,0.1
4,ridge,plan_time,default_ml,ds_q10_window_topk,no_hashjoin,4045.225,0.1
4,ridge,plan_time,default_ml,ds_q10_window_topk,no_mergejoin,1774.157,0.1
4,ridge,plan_time,default_ml,ds_q10_window_topk,no_nestloop,1763.773,0.1
4,ridge,plan_time,default_ml,ds_q13_high_quantity,default,350.115,571.5564189156231
4,ridge,plan_time,default_ml,ds_q13_high_quantity,no_hashjoin,465.736,475.8929447224466
4,ridge,plan_time,default_ml,ds_q13_high_quantity,no_mergejoin,399.664,507.1470134012914
4,ridge,plan_time,default_ml,ds_q13_high_quantity,no_nestloop,458.559,468.9357963943065
4,ridge,plan_time,default_ml,ds_q20_demographic,default,867.031,770.4683171077328
4,ridge,plan_time,default_ml,ds_q20_demographic,no_hashjoin,3716.274,2512.014099324634
4,ridge,plan_time,default_ml,ds_q20_demographic,no_mergejoin,726.447,651.7898639867097
4,ridge,plan_time,default_ml,ds_q20_demographic,no_nestloop,1077.246,604.5973949972732
4,ridge,plan_time,default_ml,online_d4e75912f5,default,2553.552,6182.759601595816
4,ridge,plan_time,default_ml,online_d4e75912f5,no_hashjoin,1500.007,5147.884082483109
4,ridge,plan_time,default_ml,online_d4e75912f5,no_mergejoin,1479.977,5500.332604706415
4,ridge,plan_time,default_ml,online_d4e75912f5,no_nestloop,1374.997,5074.62303829226
4,ridge,plan_time,default_ml,online_4742846dc9,no_hashjoin,974.089,4437.783583285251
0,lasso,plan_time,default_ml,q01_customers_by_country,default,0.928,225.05229113940658
0,lasso,plan_time,default_ml,q02_orders_recent,default,4.298,2787472.1399999997
0,lasso,plan_time,default_ml,q07_self_subquery,default,11.032,9419.333917125066
0,lasso,plan_time,default_ml,q01,default,11982.478,5955.588292869736
0,lasso,plan_time,default_ml,q01,no_hashjoin,11191.817,3286.4215275862043
0,lasso,plan_time,default_ml,q01,no_mergejoin,10066.542,3330.7215872948964
0,lasso,plan_time,default_ml,q01,no_nestloop,6900.803,3337.675000491503
0,lasso,plan_time,default_ml,q05,default,8827.081,4245.034474591591
0,lasso,plan_time,default_ml,q05,no_hashjoin,7074.668,3311.018051985244
0,lasso,plan_time,default_ml,q05,no_mergejoin,9969.823,3852.1855087713843
0,lasso,plan_time,default_ml,q05,no_nestloop,2887.231,5233.0169316443735
0,lasso,plan_time,default_ml,q12,default,4159.307,4184.717534805837
0,lasso,plan_time,default_ml,q12,no_hashjoin,3556.871,2505.372845094033
0,lasso,plan_time,default_ml,q12,no_mergejoin,4213.912,3649.4799949075723
0,lasso,plan_time,default_ml,q12,no_nestloop,3102.1,3657.7630659251054
0,lasso,plan_time,default_ml,q17,default,4823.064,7492.2947468903385
0,lasso,plan_time,default_ml,q17,no_hashjoin,939.65,1515.0790888019726
0,lasso,plan_time,default_ml,q17,no_mergejoin,4153.603,6731.268785335746
0,lasso,plan_time,default_ml,q17,no_nestloop,4235.083,6730.378389797669
0,lasso,plan_time,default_ml,q19,default,543.454,685.5170595569023
0,lasso,plan_time,default_ml,q19,no_hashjoin,198.599,604.464505435919
0,lasso,plan_time,default_ml,q19,no_mergejoin,215.468,610.6347822060034
0,lasso,plan_time,default_ml,q19,no_nestloop,1441.563,2873.661407520358
0,lasso,plan_time,default_ml,q22,default,383.714,281.0963991688816
0,lasso,plan_time,default_ml,q22,no_hashjoin,345.909,249.11244706545114
0,lasso,plan_time,default_ml,q22,no_mergejoin,387.731,252.01145501318024
0,lasso,plan_time,default_ml,q22,no_nestloop,491.9,2292.219939784641
0,lasso,plan_time,default_ml,q01_p1,default,9892.378,3698.8535468763603
0,lasso,plan_time,default_ml,q01_p1,no_hashjoin,14592.651,3300.8328533171407
0,lasso,plan_time,default_ml,q01_p1,no_mergejoin,10802.619,3332.0092103079114
0,lasso,plan_time,default_ml,q01_p1,no_nestloop,10626.043,3337.525034926176
0,lasso,plan_time,default_ml,q01_p4,default,7707.074,3669.8733706004323
0,lasso,plan_time,default_ml,q01_p4,no_hashjoin,11899.903,3265.712235820732
0,lasso,plan_time,default_ml,q01_p4,no_mergejoin,11406.505,3309.8083824801874
0,lasso,plan_time,default_ml,q01_p4,no_nestloop,9862.402,3316.642834669424
0,lasso,plan_time,default_ml,q03_p2,default,1513.628,4918.350493330498
0,lasso,plan_time,default_ml,q03_p2,no_hashjoin,9935.697,6644.91792358336
0,lasso,plan_time,default_ml,q03_p2,no_mergejoin,2103.504,4430.692365525983
0,lasso,plan_time,default_ml,q03_p2,no_nestloop,3760.127,5111.746466180631
0,lasso,plan_time,default_ml,q03_p4,default,1825.335,4951.119788573492
0,lasso,plan_time,default_ml,q03_p4,no_hashjoin,9233.542,6730.154664668851
0,lasso,plan_time,default_ml,q03_p4,no_mergejoin,1153.93,4456.366479105116
0,lasso,plan_time,default_ml,q03_p4,no_nestloop,1581.882,5092.526823118865
0,lasso,plan_time,default_ml,q05_p4,default,7116.569,4136.12133232475
0,lasso,plan_time,default_ml,q05_p4,no_hashjoin,7761.671,3294.1881682121107
0,lasso,plan_time,default_ml,q05_p4,no_mergejoin,14257.984,3737.8698011040265
0,lasso,plan_time,default_ml,q05_p4,no_nestloop,5488.744,5539.439575182936
0,lasso,plan_time,default_ml,q06_p1,default,4169.204,3157.393361009176
0,lasso,plan_time,default_ml,q06_p1,no_hashjoin,2672.595,2806.6587793283675
0,lasso,plan_time,default_ml,q06_p1,no_mergejoin,2169.062,2844.68752887837
0,lasso,plan_time,default_ml,q06_p1,no_nestloop,2766.657,2848.728323513232
0,lasso,plan_time,default_ml,q07_p0,default,33515.848,17955.22012282869
0,lasso,plan_time,default_ml,q07_p0,no_hashjoin,6605.498,5120.775428276196
0,lasso,plan_time,default_ml,q07_p0,no_mergejoin,31465.431,14371.369202797634
0,lasso,plan_time,default_ml,q07_p0,no_nestloop,2952.799,4927.8560384620105
0,lasso,plan_time,default_ml,q07_p4,default,59489.379,17730.140174861997
0,lasso,plan_time,default_ml,q07_p4,no_hashjoin,12167.826,5248.414388434036
0,lasso,plan_time,default_ml,q07_p4,no_mergejoin,26668.91,14368.541840081132
0,lasso,plan_time,default_ml,q07_p4,no_nestloop,1892.741,4911.807409587472
0,lasso,plan_time,default_ml,q08_p3,default,6018.607,6302.702784343709
0,lasso,plan_time,default_ml,q08_p3,no_hashjoin,3792.658,6538.332787476886
0,lasso,plan_time,default_ml,q08_p3,no_mergejoin,3685.784,5235.981520178316
0,lasso,plan_time,default_ml,q08_p3,no_nestloop,6346.003,4375.205684935018
0,lasso,plan_time,default_ml,q09_p2,default,12046.323,12263.316161767714
0,lasso,plan_time,default_ml,q09_p2,no_hashjoin,20980.942,40599.23720692408
0,lasso,plan_time,default_ml,q09_p2,no_mergejoin,14809.125,10174.140238984468
0,lasso,plan_time,default_ml,q09_p2,no_nestloop,7339.487,8311.379620085863
0,lasso,plan_time,default_ml,q11_p0,default,3049.573,1078.0243125601992
0,lasso,plan_time,default_ml,q11_p0,no_hashjoin,904.409,951.7982812903072
0,lasso,plan_time,default_ml,q11_p0,no_mergejoin,816.264,961.2169425822001
0,lasso,plan_time,default_ml,q11_p0,no_nestloop,1302.632,2477.17353621066
0,lasso,plan_time,default_ml,q12_p4,default,2249.037,4050.762466420235
0,lasso,plan_time,default_ml,q12_p4,no_hashjoin,3823.712,2508.484915866212
0,lasso,plan_time,default_ml,q12_p4,no_mergejoin,6799.636,3647.534836058468
0,lasso,plan_time,default_ml,q12_p4,no_nestloop,7214.151,3668.7309555037536
0,lasso,plan_time,default_ml,q14_p2,default,3528.926,2230.0611293212005
0,lasso,plan_time,default_ml,q14_p2,no_hashjoin,3469.28,3541.618782068028
0,lasso,plan_time,default_ml,q14_p2,no_mergejoin,3484.62,2008.9555545101057
0,lasso,plan_time,default_ml,q14_p2,no_nestloop,2670.408,2012.2513779544267
0,lasso,plan_time,default_ml,q15_p1,default,2973.557,4559.470816507119
0,lasso,plan_time,default_ml,q15_p1,no_hashjoin,3481.784,4054.7253296600766
0,lasso,plan_time,default_ml,q15_p1,no_mergejoin,3814.434,4100.244601234631
0,lasso,plan_time,default_ml,q15_p1,no_nestloop,2991.507,3948.7957972376757
0,lasso,plan_time,default_ml,q16_p0,default,3583.344,2401.6680746156067
0,lasso,plan_time,default_ml,q16_p0,no_hashjoin,2973.287,1871.8640730251145
0,lasso,plan_time,default_ml,q16_p0,no_mergejoin,1724.904,1927.1216093052367
0,lasso,plan_time,default_ml,q16_p0,no_nestloop,2170.77,1934.3355634919794
0,lasso,plan_time,default_ml,q19_p4,default,413.238,676.6425366043629
0,lasso,plan_time,default_ml,q19_p4,no_hashjoin,264.754,611.086575585002
0,lasso,plan_time,default_ml,q19_p4,no_mergejoin,314.011,609.615269144406
0,lasso,plan_time,default_ml,q19_p4,no_nestloop,3594.635,2936.4757323130793
0,lasso,plan_time,default_ml,q21_p0,default,52833.508,12719.31313888246
0,lasso,plan_time,default_ml,q21_p0,no_hashjoin,47704.612,15354.373194355092
0,lasso,plan_time,default_ml,q21_p0,no_mergejoin,18214.814,9350.468991122572
0,lasso,plan_time,default_ml,q21_p0,no_nestloop,9580.423,7439.6633662338945
0,lasso,plan_time,default_ml,ds_q06_web_vs_store,default,696.566,456.57193039634456
0,lasso,plan_time,default_ml,ds_q06_web_vs_store,no_hashjoin,1647.674,761.1353783783474
0,lasso,plan_time,default_ml,ds_q06_web_vs_store,no_mergejoin,852.859,390.4762147547228
0,lasso,plan_time,default_ml,ds_q06_web_vs_store,no_nestloop,1042.574,391.5159373615381
0,lasso,plan_time,default_ml,ds_q11_inventory_check,default,519.915,734.4133296486754
0,lasso,plan_time,default_ml,ds_q11_inventory_check,no_hashjoin,947.458,564.823120897105
0,lasso,plan_time,default_ml,ds_q11_inventory_check,no_mergejoin,423.518,632.5935612707202
0,lasso,plan_time,default_ml,ds_q11_inventory_check,no_nestloop,343.882,633.65650765048
0,lasso,plan_time,default_ml,ds_q17_dow_pattern,default,996.646,633.316162117896
0,lasso,plan_time,default_ml,ds_q17_dow_pattern,no_hashjoin,2377.113,1213.833558718557
0,lasso,plan_time,default_ml,ds_q17_dow_pattern,no_mergejoin,571.268,569.4337270325608
0,lasso,plan_time,default_ml,ds_q17_dow_pattern,no_nestloop,644.053,573.4383746826525
0,lasso,plan_time,default_ml,online_ce83de12bc,default,947.618,2224.7495084398843
0,lasso,plan_time,default_ml,online_ce83de12bc,no_mergejoin,823.206,2002.2897531624944
0,lasso,plan_time,default_ml,online_ce83de12bc,no_nestloop,732.934,2007.564698348111
0,lasso,plan_time,default_ml,online_ce83de12bc,no_hashjoin,782.553,3539.340926300278
1,lasso,plan_time,default_ml,q03_join_customer_orders,default,13.224,31.972121264374245
1,lasso,plan_time,default_ml,q05_top_customers,default,18.031,250.19340460048423
1,lasso,plan_time,default_ml,q02,default,6173.76,9019.311922374822
1,lasso,plan_time,default_ml,q02,no_hashjoin,4302.342,3299.303213901739
1,lasso,plan_time,default_ml,q02,no_mergejoin,3199.538,3854.350254395923
1,lasso,plan_time,default_ml,q02,no_nestloop,6690.813,4782.452771549701
1,lasso,plan_time,default_ml,q04,default,1216.968,1359.7456540830885
1,lasso,plan_time,default_ml,q04,no_hashjoin,1396.247,1251.1008039334174
1,lasso,plan_time,default_ml,q04,no_mergejoin,1429.065,1239.768570299513
1,lasso,plan_time,default_ml,q04,no_nestloop,16777.004,2762.8679657775115
1,lasso,plan_time,default_ml,q07,default,35165.908,14142.466034190178
1,lasso,plan_time,default_ml,q07,no_hashjoin,3945.736,6045.884878974741
1,lasso,plan_time,default_ml,q07,no_mergejoin,29002.507,12489.237503139771
1,lasso,plan_time,default_ml,q07,no_nestloop,2402.029,5958.749813238935
1,lasso,plan_time,default_ml,q11,default,1724.803,1396.1983662354232
1,lasso,plan_time,default_ml,q11,no_hashjoin,403.337,1274.9631088850401
1,lasso,plan_time,default_ml,q11,no_mergejoin,308.811,1282.9893630318338
1,lasso,plan_time,default_ml,q11,no_nestloop,801.703,2807.813689050895
1,lasso,plan_time,default_ml,q16,default,1605.611,2492.1424505599593
1,lasso,plan_time,default_ml,q16,no_hashjoin,1383.148,2358.367776738822
1,lasso,plan_time,default_ml,q16,no_mergejoin,1106.188,2196.335456787892
1,lasso,plan_time,default_ml,q16,no_nestloop,1324.611,1939.328959325396
1,lasso,plan_time,default_ml,q21,default,13986.072,10947.976845385605
1,lasso,plan_time,default_ml,q21,no_hashjoin,19448.204,18118.19361936133
1,lasso,plan_time,default_ml,q21,no_mergejoin,13055.611,9403.162555410801
1,lasso,plan_time,default_ml,q21,no_nestloop,10367.542,5942.470786336129
1,lasso,plan_time,default_ml,q01_p2,default,9565.353,4974.935916963666
1,lasso,plan_time,default_ml,q01_p2,no_hashjoin,9512.992,4556.135163457258
1,lasso,plan_time,default_ml,q01_p2,no_mergejoin,13686.939,4537.807936714809
1,lasso,plan_time,default_ml,q01_p2,no_nestloop,13280.512,4007.9260652577677
1,lasso,plan_time,default_ml,q03_p1,default,1789.751,5192.316747673052
1,lasso,plan_time,default_ml,q03_p1,no_hashjoin,11886.905,6891.463343468311
1,lasso,plan_time,default_ml,q03_p1,no_mergejoin,1234.521,4696.529665227154
1,lasso,plan_time,default_ml,q03_p1,no_nestloop,1698.449,5186.648824740731
1,lasso,plan_time,default_ml,q04_p4,default,1251.353,1358.6921449365552
1,lasso,plan_time,default_ml,q04_p4,no_hashjoin,872.911,1241.4780808295598
1,lasso,plan_time,default_ml,q04_p4,no_mergejoin,1007.402,1252.06433073775
1,lasso,plan_time,default_ml,q04_p4,no_nestloop,9201.859,2749.4591899569195
1,lasso,plan_time,default_ml,q05_p2,default,4849.114,5235.654922654713
1,lasso,plan_time,default_ml,q05_p2,no_hashjoin,4040.571,4425.696886970445
1,lasso,plan_time,default_ml,q05_p2,no_mergejoin,3505.474,4621.0964376066
1,lasso,plan_time,default_ml,q05_p2,no_nestloop,3152.242,5197.563033456953
1,lasso,plan_time,default_ml,q05_p3,default,4461.936,5638.755790928083
1,lasso,plan_time,default_ml,q05_p3,no_hashjoin,4576.937,4411.123935863328
1,lasso,plan_time,default_ml,q05_p3,no_mergejoin,5163.161,4715.348532943984
1,lasso,plan_time,default_ml,q05_p3,no_nestloop,4531.435,5357.651379200117
1,lasso,plan_time,default_ml,q07_p3,default,48180.292,13557.815662292836
1,lasso,plan_time,default_ml,q07_p3,no_hashjoin,20439.496,5976.639937401929
1,lasso,plan_time,default_ml,q07_p3,no_mergejoin,75622.57,13356.124824835393
1,lasso,plan_time,default_ml,q07_p3,no_nestloop,7456.51,6455.149398844092
1,lasso,plan_time,default_ml,q08_p2,default,4115.998,5397.727941522552
1,lasso,plan_time,default_ml,q08_p2,no_hashjoin,2794.834,7311.596264332557
1,lasso,plan_time,default_ml,q08_p2,no_mergejoin,3521.968,4718.97952446772
1,lasso,plan_time,default_ml,q08_p2,no_nestloop,6391.806,3889.7625232530786
1,lasso,plan_time,default_ml,q09_p1,default,39188.185,16165.520755719974
1,lasso,plan_time,default_ml,q09_p1,no_hashjoin,37214.359,31948.78284892461
1,lasso,plan_time,default_ml,q09_p1,no_mergejoin,17515.704,13960.558793931768
1,lasso,plan_time,default_ml,q09_p1,no_nestloop,9813.353,7935.704921484706
1,lasso,plan_time,default_ml,q11_p4,default,1992.165,1400.1839416303967
1,lasso,plan_time,default_ml,q11_p4,no_hashjoin,694.319,1279.3704391992262
1,lasso,plan_time,default_ml,q11_p4,no_mergejoin,595.204,1270.5490927115811
1,lasso,plan_time,default_ml,q11_p4,no_nestloop,1576.498,2803.358536950967
1,lasso,plan_time,default_ml,q12_p3,default,2243.386,5183.71695832419
1,lasso,plan_time,default_ml,q12_p3,no_hashjoin,2231.47,2972.367572847054
1,lasso,plan_time,default_ml,q12_p3,no_mergejoin,2085.778,4712.592222380584
1,lasso,plan_time,default_ml,q12_p3,no_nestloop,2514.896,4206.486499558005
1,lasso,plan_time,default_ml,q14_p1,default,2856.102,1968.593133031808
1,lasso,plan_time,default_ml,q14_p1,no_hashjoin,2769.721,2834.77713541658
1,lasso,plan_time,default_ml,q14_p1,no_mergejoin,2453.346,1849.484527621508
1,lasso,plan_time,default_ml,q14_p1,no_nestloop,2195.13,1583.6322247388186
1,lasso,plan_time,default_ml,q15_p0,default,4191.151,4225.542378627454
1,lasso,plan_time,default_ml,q15_p0,no_hashjoin,5584.123,3781.603339745595
1,lasso,plan_time,default_ml,q15_p0,no_mergejoin,5665.229,3764.530926088646
1,lasso,plan_time,default_ml,q15_p0,no_nestloop,2830.03,3849.9246437736547
1,lasso,plan_time,default_ml,q16_p4,default,2523.064,2410.617185867869
1,lasso,plan_time,default_ml,q16_p4,no_hashjoin,1946.083,2349.9262305852617
1,lasso,plan_time,default_ml,q16_p4,no_mergejoin,1783.659,2192.6194828366365
1,lasso,plan_time,default_ml,q16_p4,no_nestloop,2195.978,1942.4298888883136
1,lasso,plan_time,default_ml,q19_p0,default,435.11,648.6060242611546
1,lasso,plan_time,default_ml,q19_p0,no_hashjoin,516.983,590.6877661679478
1,lasso,plan_time,default_ml,q19_p0,no_mergejoin,498.459,583.86082987807
1,lasso,plan_time,default_ml,q19_p0,no_nestloop,3656.192,2932.062085563208
1,lasso,plan_time,default_ml,q19_p3,default,392.595,640.7473564025918
1,lasso,plan_time,default_ml,q19_p3,no_hashjoin,404.667,586.9470945516634
1,lasso,plan_time,default_ml,q19_p3,no_mergejoin,494.229,607.6978101034066
1,lasso,plan_time,default_ml,q19_p3,no_nestloop,3766.083,2911.76644818561
1,lasso,plan_time,default_ml,q21_p4,default,19462.346,10331.532132735983
1,lasso,plan_time,default_ml,q21_p4,no_hashjoin,19158.111,17758.292910133798
1,lasso,plan_time,default_ml,q21_p4,no_mergejoin,21773.347,9418.600911642829
1,lasso,plan_time,default_ml,q21_p4,no_nestloop,20578.87,5773.675711163097
1,lasso,plan_time,default_ml,ds_q04_customer_topk,default,704.859,869.3048193208019
1,lasso,plan_time,default_ml,ds_q04_customer_topk,no_hashjoin,1272.521,1472.9678930467412
1,lasso,plan_time,default_ml,ds_q04_customer_topk,no_mergejoin,577.718,765.4496332284805
1,lasso,plan_time,default_ml,ds_q04_customer_topk,no_nestloop,799.922,676.239391574644
1,lasso,plan_time,default_ml,ds_q05_returns_filter,default,279.907,1055.738802766481
1,lasso,plan_time,default_ml,ds_q05_returns_filter,no_hashjoin,328.061,1216.7011656360432
1,lasso,plan_time,default_ml,ds_q05_returns_filter,no_mergejoin,196.199,809.9712355449553
1,lasso,plan_time,default_ml,ds_q05_returns_filter,no_nestloop,163.456,813.4768669183775
1,lasso,plan_time,default_ml,ds_q09_avg_basket,default,481.674,494.31347780348307
1,lasso,plan_time,default_ml,ds_q09_avg_basket,no_hashjoin,512.863,452.27740293250787
1,lasso,plan_time,default_ml,ds_q09_avg_basket,no_mergejoin,420.93,448.32553230549604
1,lasso,plan_time,default_ml,ds_q09_avg_basket,no_nestloop,445.387,395.8936481332604
1,lasso,plan_time,default_ml,ds_q18_brand_topk,default,662.842,572.1926547746891
1,lasso,plan_time,default_ml,ds_q18_brand_topk,no_hashjoin,2523.984,1072.0647298506474
1,lasso,plan_time,default_ml,ds_q18_brand_topk,no_mergejoin,2049.833,522.8308699464526
1,lasso,plan_time,default_ml,ds_q18_brand_topk,no_nestloop,774.295,459.91299189755205
1,lasso,plan_time,default_ml,ds_q19_self_join,default,5.488,0.1
1,lasso,plan_time,default_ml,ds_q19_self_join,no_hashjoin,0.11,0.1
1,lasso,plan_time,default_ml,ds_q19_self_join,no_mergejoin,0.106,0.1
1,lasso,plan_time,default_ml,ds_q19_self_join,no_nestloop,0.133,0.1
2,lasso,plan_time,default_ml,q10,default,1318.8,2937.4203091151576
2,lasso,plan_time,default_ml,q10,no_hashjoin,4160.12,1670.7957651260258
2,lasso,plan_time,default_ml,q10,no_mergejoin,1571.937,2495.561069839236
2,lasso,plan_time,default_ml,q10,no_nestloop,2518.974,2593.277381882371
2,lasso,plan_time,default_ml,q15,default,2757.332,5263.371149232912
2,lasso,plan_time,default_ml,q15,no_hashjoin,2518.908,4407.892730043228
2,lasso,plan_time,default_ml,q15,no_mergejoin,2113.783,4818.186675839612
2,lasso,plan_time,default_ml,q15,no_nestloop,2244.615,4063.962646578747
2,lasso,plan_time,default_ml,q20,default,7381.431,4041.787590177122
2,lasso,plan_time,default_ml,q20,no_hashjoin,4427.324,4594.503986565186
2,lasso,plan_time,default_ml,q20,no_mergejoin,4679.932,3443.961286675549
2,lasso,plan_time,default_ml,q01_p3,default,13984.334,4815.992636875642
2,lasso,plan_time,default_ml,q01_p3,no_hashjoin,15019.025,4208.204352248622
2,lasso,plan_time,default_ml,q01_p3,no_mergejoin,12287.425,4490.086748939575
2,lasso,plan_time,default_ml,q01_p3,no_nestloop,11661.957,4335.915510428584
2,lasso,plan_time,default_ml,q02_p0,default,23413.931,75994.79363794894
2,lasso,plan_time,default_ml,q02_p0,no_hashjoin,3964.82,3364.775822430508
2,lasso,plan_time,default_ml,q02_p0,no_mergejoin,3313.199,3491.8160251014565
2,lasso,plan_time,default_ml,q02_p0,no_nestloop,8545.085,4205.440337101093
2,lasso,plan_time,default_ml,q02_p2,default,3165.46,3821.3622808043297
2,lasso,plan_time,default_ml,q02_p2,no_hashjoin,5007.324,3464.562499116236
2,lasso,plan_time,default_ml,q02_p2,no_mergejoin,3606.714,3485.291806858634
2,lasso,plan_time,default_ml,q02_p2,no_nestloop,7216.648,4229.0445587445865
2,lasso,plan_time,default_ml,q03_p0,default,2635.037,12277.718804849254
2,lasso,plan_time,default_ml,q03_p0,no_hashjoin,18114.795,6861.386708179736
2,lasso,plan_time,default_ml,q03_p0,no_mergejoin,1944.902,4700.84310340246
2,lasso,plan_time,default_ml,q03_p0,no_nestloop,5589.845,5220.648071147024
2,lasso,plan_time,default_ml,q04_p3,default,990.862,1543.7682154817137
2,lasso,plan_time,default_ml,q04_p3,no_hashjoin,1329.233,1344.207255508435
2,lasso,plan_time,default_ml,q04_p3,no_mergejoin,1103.474,1434.7468413023616
2,lasso,plan_time,default_ml,q04_p3,no_nestloop,8503.564,3035.803963553586
2,lasso,plan_time,default_ml,q05_p1,default,6327.661,5309.496566839923
2,lasso,plan_time,default_ml,q05_p1,no_hashjoin,3334.809,4080.3199916621206
2,lasso,plan_time,default_ml,q05_p1,no_mergejoin,3473.214,4855.74114909211
2,lasso,plan_time,default_ml,q05_p1,no_nestloop,2614.839,5133.11904188514
2,lasso,plan_time,default_ml,q06_p2,default,4135.177,3040.9421334143794
2,lasso,plan_time,default_ml,q06_p2,no_hashjoin,3106.429,2651.109533964739
2,lasso,plan_time,default_ml,q06_p2,no_mergejoin,2665.156,2837.1489830152473
2,lasso,plan_time,default_ml,q06_p2,no_nestloop,2697.838,2730.1022739239
2,lasso,plan_time,default_ml,q07_p2,default,42141.36,16858.881553698637
2,lasso,plan_time,default_ml,q07_p2,no_hashjoin,10847.283,6097.942623562104
2,lasso,plan_time,default_ml,q07_p2,no_mergejoin,49967.521,15872.087235509032
2,lasso,plan_time,default_ml,q07_p2,no_nestloop,8066.19,5937.445902260417
2,lasso,plan_time,default_ml,q08_p1,default,2058.638,6906.160754022948
2,lasso,plan_time,default_ml,q08_p1,no_hashjoin,2498.809,7280.361430339604
2,lasso,plan_time,default_ml,q08_p1,no_mergejoin,2816.12,6258.519556660374
2,lasso,plan_time,default_ml,q08_p1,no_nestloop,5506.494,4039.522793818929
2,lasso,plan_time,default_ml,q09_p0,default,27540.065,14824.409875129331
2,lasso,plan_time,default_ml,q09_p0,no_hashjoin,44491.972,45374.77998826702
2,lasso,plan_time,default_ml,q09_p0,no_mergejoin,20940.383,9295.458475429265
2,lasso,plan_time,default_ml,q09_p0,no_nestloop,16162.56,8608.520974938137
2,lasso,plan_time,default_ml,q11_p3,default,1976.909,1225.0316686059498
2,lasso,plan_time,default_ml,q11_p3,no_hashjoin,748.431,1068.3771383454725
2,lasso,plan_time,default_ml,q11_p3,no_mergejoin,562.144,1136.4364190785607
2,lasso,plan_time,default_ml,q11_p3,no_nestloop,1681.782,2408.463387395704
2,lasso,plan_time,default_ml,q12_p2,default,2149.287,4627.733104657253
2,lasso,plan_time,default_ml,q12_p2,no_hashjoin,2364.648,2762.1906496267975
2,lasso,plan_time,default_ml,q12_p2,no_mergejoin,2164.549,4316.212514306997
2,lasso,plan_time,default_ml,q12_p2,no_nestloop,1854.457,4158.469928424071
2,lasso,plan_time,default_ml,q14_p0,default,2971.513,1999.830885031487
2,lasso,plan_time,default_ml,q14_p0,no_hashjoin,3770.611,3247.511973377045
2,lasso,plan_time,default_ml,q14_p0,no_mergejoin,4340.477,1675.9289729918623
2,lasso,plan_time,default_ml,q14_p0,no_nestloop,3252.169,1639.1772363970617
2,lasso,plan_time,default_ml,q15_p4,default,3928.715,5041.427964526554
2,lasso,plan_time,default_ml,q15_p4,no_hashjoin,3612.135,4416.2898300393945
2,lasso,plan_time,default_ml,q15_p4,no_mergejoin,4176.719,4720.616539551244
2,lasso,plan_time,default_ml,q15_p4,no_nestloop,4123.565,4054.404133394514
2,lasso,plan_time,default_ml,q16_p3,default,2142.518,2115.970655982842
2,lasso,plan_time,default_ml,q16_p3,no_hashjoin,2488.674,1936.78852560446
2,lasso,plan_time,default_ml,q16_p3,no_mergejoin,2170.027,1972.6896482927384
2,lasso,plan_time,default_ml,q16_p3,no_nestloop,1427.093,1892.7294340555031
2,lasso,plan_time,default_ml,q17_p2,default,5596.138,7453.320222881042
2,lasso,plan_time,default_ml,q17_p2,no_hashjoin,730.087,2069.891454509016
2,lasso,plan_time,default_ml,q17_p2,no_mergejoin,4160.795,6984.94266410953
2,lasso,plan_time,default_ml,q17_p2,no_nestloop,4012.796,6701.038242718137
2,lasso,plan_time,default_ml,q17_p3,default,5259.441,7454.198684765162
2,lasso,plan_time,default_ml,q17_p3,no_hashjoin,821.265,2063.27558434435
2,lasso,plan_time,default_ml,q17_p3,no_mergejoin,5243.261,6996.629334408837
2,lasso,plan_time,default_ml,q17_p3,no_nestloop,7027.809,6737.399727660867
2,lasso,plan_time,default_ml,q19_p2,default,231.761,50.508475149163
2,lasso,plan_time,default_ml,q19_p2,no_hashjoin,251.742,43.902212261523765
2,lasso,plan_time,default_ml,q19_p2,no_mergejoin,298.061,47.00141279212799
2,lasso,plan_time,default_ml,q19_p2,no_nestloop,232.592,1691.1796980495362
2,lasso,plan_time,default_ml,q20_p0,default,6531.394,4440.107416236576
2,lasso,plan_time,default_ml,q20_p0,no_hashjoin,3627.978,4479.138313294738
2,lasso,plan_time,default_ml,q20_p0,no_mergejoin,4085.213,3422.798970867771
2,lasso,plan_time,default_ml,q21_p3,default,17560.987,10634.962004854979
2,lasso,plan_time,default_ml,q21_p3,no_hashjoin,17085.046,18009.180247045708
2,lasso,plan_time,default_ml,q21_p3,no_mergejoin,17104.211,9736.038761366972
2,lasso,plan_time,default_ml,q21_p3,no_nestloop,11808.777,7635.729541933218
2,lasso,plan_time,default_ml,ds_q03_promo_effect,default,639.997,867.3739949798141
2,lasso,plan_time,default_ml,ds_q03_promo_effect,no_hashjoin,2233.295,1449.4291816588823
2,lasso,plan_time,default_ml,ds_q03_promo_effect,no_mergejoin,613.607,773.9934843760832
2,lasso,plan_time,default_ml,ds_q03_promo_effect,no_nestloop,389.256,744.3016341290407
2,lasso,plan_time,default_ml,ds_q08_addr_filter,default,89.476,109.95664268658396
2,lasso,plan_time,default_ml,ds_q08_addr_filter,no_hashjoin,43.675,192.73066568761845
2,lasso,plan_time,default_ml,ds_q08_addr_filter,no_mergejoin,39.483,94.2499167929663
2,lasso,plan_time,default_ml,ds_q08_addr_filter,no_nestloop,61.302,90.58860531728305
2,lasso,plan_time,default_ml,ds_q12_catalog_topk,default,531.523,563.7383927123672
2,lasso,plan_time,default_ml,ds_q12_catalog_topk,no_hashjoin,968.577,809.175673580731
2,lasso,plan_time,default_ml,ds_q12_catalog_topk,no_mergejoin,392.038,525.3008559340185
2,lasso,plan_time,default_ml,ds_q12_catalog_topk,no_nestloop,356.789,502.1271827262345
2,lasso,plan_time,default_ml,ds_q15_returns_ratio,default,810.594,721.3038967077316
2,lasso,plan_time,default_ml,ds_q15_returns_ratio,no_hashjoin,2445.148,1079.6806227466823
2,lasso,plan_time,default_ml,ds_q15_returns_ratio,no_mergejoin,643.784,671.4599500675253
2,lasso,plan_time,default_ml,ds_q15_returns_ratio,no_nestloop,729.727,645.9263427943557
2,lasso,plan_time,default_ml,online_b21324f41e,default,256.352,713.2769802801723
2,lasso,plan_time,default_ml,online_b21324f41e,no_mergejoin,160.573,665.1261424601771
2,lasso,plan_time,default_ml,online_b21324f41e,no_nestloop,160.279,639.5377872608111
2,lasso,plan_time,default_ml,online_b21324f41e,no_hashjoin,301.284,1193.3779783215628
3,lasso,plan_time,default_ml,q03,default,1640.223,8158.7540518181295
3,lasso,plan_time,default_ml,q03,no_hashjoin,15919.201,7100.501153846801
3,lasso,plan_time,default_ml,q03,no_mergejoin,2101.658,4542.55376078481
3,lasso,plan_time,default_ml,q03,no_nestloop,2195.742,5038.062405650514
3,lasso,plan_time,default_ml,q09,default,23625.277,10562.82830931061
3,lasso,plan_time,default_ml,q09,no_hashjoin,30860.744,48959.4825659727
3,lasso,plan_time,default_ml,q09,no_mergejoin,19454.599,9184.382876119646
3,lasso,plan_time,default_ml,q09,no_nestloop,9471.806,9027.18045096158
3,lasso,plan_time,default_ml,q14,default,1878.312,1993.4396944326281
3,lasso,plan_time,default_ml,q14,no_hashjoin,1806.03,3192.7418148651172
3,lasso,plan_time,default_ml,q14,no_mergejoin,1504.265,1777.3409916660223
3,lasso,plan_time,default_ml,q14,no_nestloop,2199.709,1774.2982419589443
3,lasso,plan_time,default_ml,q02_p1,default,4831.789,4398.621347977336
3,lasso,plan_time,default_ml,q02_p1,no_hashjoin,7944.497,2863.3194203426037
3,lasso,plan_time,default_ml,q02_p1,no_mergejoin,7564.481,4118.792288922383
3,lasso,plan_time,default_ml,q02_p1,no_nestloop,6618.888,3807.409104033829
3,lasso,plan_time,default_ml,q02_p3,default,3892.114,4463.871880629053
3,lasso,plan_time,default_ml,q02_p3,no_hashjoin,3155.964,2902.3016844036715
3,lasso,plan_time,default_ml,q02_p3,no_mergejoin,4532.378,3971.780213439392
3,lasso,plan_time,default_ml,q02_p3,no_nestloop,5564.808,3933.8614752866597
3,lasso,plan_time,default_ml,q04_p0,default,698.777,1811.2441209286894
3,lasso,plan_time,default_ml,q04_p0,no_hashjoin,711.225,1644.1870030726668
3,lasso,plan_time,default_ml,q04_p0,no_mergejoin,778.803,1615.1335216406537
3,lasso,plan_time,default_ml,q04_p0,no_nestloop,3866.661,3371.8640558459765
3,lasso,plan_time,default_ml,q05_p0,default,8204.45,5018.04968120704
3,lasso,plan_time,default_ml,q05_p0,no_hashjoin,5962.965,4161.203295288782
3,lasso,plan_time,default_ml,q05_p0,no_mergejoin,4610.027,4409.723292215794
3,lasso,plan_time,default_ml,q05_p0,no_nestloop,2611.541,5341.48790954642
3,lasso,plan_time,default_ml,q06_p3,default,3480.088,3335.037211213579
3,lasso,plan_time,default_ml,q06_p3,no_hashjoin,2996.05,3039.471878706584
3,lasso,plan_time,default_ml,q06_p3,no_mergejoin,2669.903,3009.9567080190704
3,lasso,plan_time,default_ml,q06_p3,no_nestloop,4023.332,3003.029655552929
3,lasso,plan_time,default_ml,q06_p4,default,5669.9,3338.231334060073
3,lasso,plan_time,default_ml,q06_p4,no_hashjoin,2089.769,3038.3243152799846
3,lasso,plan_time,default_ml,q06_p4,no_mergejoin,4714.611,3013.007166265991
3,lasso,plan_time,default_ml,q06_p4,no_nestloop,1983.072,3001.3323625705925
3,lasso,plan_time,default_ml,q08_p0,default,2318.738,6524.55921640594
3,lasso,plan_time,default_ml,q08_p0,no_hashjoin,1937.078,8933.796532667158
3,lasso,plan_time,default_ml,q08_p0,no_mergejoin,2662.364,5785.890960085418
3,lasso,plan_time,default_ml,q08_p0,no_nestloop,4359.179,4210.544799961783
3,lasso,plan_time,default_ml,q09_p4,default,8298.719,9984.107208724658
3,lasso,plan_time,default_ml,q09_p4,no_hashjoin,16043.449,46460.33030997329
3,lasso,plan_time,default_ml,q09_p4,no_mergejoin,10137.559,9320.668038357971
3,lasso,plan_time,default_ml,q09_p4,no_nestloop,11374.003,8423.560582778126
3,lasso,plan_time,default_ml,q11_p2,default,1218.799,1088.011477766739
3,lasso,plan_time,default_ml,q11_p2,no_hashjoin,843.429,991.6241152154645
3,lasso,plan_time,default_ml,q11_p2,no_mergejoin,2433.052,1006.9368849171718
3,lasso,plan_time,default_ml,q11_p2,no_nestloop,3181.035,1870.5362773124389
3,lasso,plan_time,default_ml,q12_p1,default,6508.802,4380.560045235055
3,lasso,plan_time,default_ml,q12_p1,no_hashjoin,3209.493,2944.270232441348
3,lasso,plan_time,default_ml,q12_p1,no_mergejoin,2447.656,3945.141647495482
3,lasso,plan_time,default_ml,q12_p1,no_nestloop,1816.0,3937.3220716822116
3,lasso,plan_time,default_ml,q14_p4,default,3773.783,2005.6928021342208
3,lasso,plan_time,default_ml,q14_p4,no_hashjoin,2474.995,3256.741566861712
3,lasso,plan_time,default_ml,q14_p4,no_mergejoin,2967.284,1803.1772675985005
3,lasso,plan_time,default_ml,q14_p4,no_nestloop,2601.241,1803.6616322976136
3,lasso,plan_time,default_ml,q15_p3,default,4889.391,4148.1375832902095
3,lasso,plan_time,default_ml,q15_p3,no_hashjoin,5317.028,3844.0631315388605
3,lasso,plan_time,default_ml,q15_p3,no_mergejoin,5676.261,3744.3190020901116
3,lasso,plan_time,default_ml,q15_p3,no_nestloop,5457.38,3408.4951072521435
3,lasso,plan_time,default_ml,q16_p2,default,2458.46,2062.0873394887567
3,lasso,plan_time,default_ml,q16_p2,no_hashjoin,2627.809,2069.25353148427
3,lasso,plan_time,default_ml,q16_p2,no_mergejoin,1893.313,1856.2541868610774
3,lasso,plan_time,default_ml,q16_p2,no_nestloop,2458.918,1854.9330478457093
3,lasso,plan_time,default_ml,q17_p1,default,11535.719,8126.119662586732
3,lasso,plan_time,default_ml,q17_p1,no_hashjoin,2053.23,1489.472804514889
3,lasso,plan_time,default_ml,q17_p1,no_mergejoin,7398.36,7344.834884156543
3,lasso,plan_time,default_ml,q17_p1,no_nestloop,4296.241,7308.349254679709
3,lasso,plan_time,default_ml,q17_p4,default,4937.429,8115.350010753134
3,lasso,plan_time,default_ml,q17_p4,no_hashjoin,664.182,1505.7285483490261
3,lasso,plan_time,default_ml,q17_p4,no_mergejoin,4008.003,7326.539260629098
3,lasso,plan_time,default_ml,q17_p4,no_nestloop,4202.008,7351.671576456991
3,lasso,plan_time,default_ml,q20_p1,default,2525.096,2622.062125473595
3,lasso,plan_time,default_ml,q20_p1,no_hashjoin,2273.024,3322.417476392441
3,lasso,plan_time,default_ml,q20_p1,no_mergejoin,2129.206,2334.830103195183
3,lasso,plan_time,default_ml,q20_p1,no_nestloop,278747.214,244.47036240937825
3,lasso,plan_time,default_ml,q20_p3,default,11028.75,2733.100037469938
3,lasso,plan_time,default_ml,q20_p3,no_hashjoin,10269.854,3307.2986783368333
3,lasso,plan_time,default_ml,q20_p3,no_mergejoin,13299.016,2353.5918456633526
3,lasso,plan_time,default_ml,q20_p4,default,70494.953,7354.952740890606
3,lasso,plan_time,default_ml,q20_p4,no_hashjoin,17808.234,3317.247207552313
3,lasso,plan_time,default_ml,q20_p4,no_mergejoin,22436.179,2342.1148396984977
3,lasso,plan_time,default_ml,q21_p2,default,12400.143,11018.980059968972
3,lasso,plan_time,default_ml,q21_p2,no_hashjoin,16524.084,17070.342268976503
3,lasso,plan_time,default_ml,q21_p2,no_mergejoin,11762.799,10044.417311652085
3,lasso,plan_time,default_ml,q21_p2,no_nestloop,9402.375,8372.382221553407
3,lasso,plan_time,default_ml,ds_q02_topk_revenue,default,1542.053,667.26353585923
3,lasso,plan_time,default_ml,ds_q02_topk_revenue,no_hashjoin,1352.97,1651.7302679355962
3,lasso,plan_time,default_ml,ds_q02_topk_revenue,no_mergejoin,543.457,584.1652072674295
3,lasso,plan_time,default_ml,ds_q02_topk_revenue,no_nestloop,667.532,590.4566829158668
3,lasso,plan_time,default_ml,ds_q07_yearly_trend,default,1811.255,426.40694831278165
3,lasso,plan_time,default_ml,ds_q07_yearly_trend,no_hashjoin,1572.343,902.5997176714633
3,lasso,plan_time,default_ml,ds_q07_yearly_trend,no_mergejoin,572.578,386.2707201729336
3,lasso,plan_time,default_ml,ds_q07_yearly_trend,no_nestloop,616.613,383.81725382756133
3,lasso,plan_time,default_ml,ds_q14_state_revenue,default,495.792,758.972877717224
3,lasso,plan_time,default_ml,ds_q14_state_revenue,no_hashjoin,1105.507,1944.3068813520904
3,lasso,plan_time,default_ml,ds_q14_state_revenue,no_mergejoin,802.114,677.2277933908779
3,lasso,plan_time,default_ml,ds_q14_state_revenue,no_nestloop,778.636,676.9102372027576
3,lasso,plan_time,default_ml,ds_q16_web_returns,default,86.387,32.05022097318299
3,lasso,plan_time,default_ml,ds_q16_web_returns,no_hashjoin,52.615,28.39688639353223
3,lasso,plan_time,default_ml,ds_q16_web_returns,no_mergejoin,35.959,28.137024236525665
3,lasso,plan_time,default_ml,ds_q16_web_returns,no_nestloop,37.871,28.49720708414437
3,lasso,plan_time,default_ml,online_749218157a,default,1747.386,3319.840058132567
3,lasso,plan_time,default_ml,online_749218157a,no_hashjoin,1146.033,3026.273364932139
3,lasso,plan_time,default_ml,online_749218157a,no_mergejoin,1039.564,2997.9908777978367
3,lasso,plan_time,default_ml,online_749218157a,no_nestloop,1177.454,2994.5039470529628
3,lasso,plan_time,default_ml,online_dac91519b8,default,208.479,426.4099190301313
3,lasso,plan_time,default_ml,online_dac91519b8,no_hashjoin,316.51,901.783621216777
3,lasso,plan_time,default_ml,online_dac91519b8,no_mergejoin,194.431,384.76359496691924
3,lasso,plan_time,default_ml,online_dac91519b8,no_nestloop,217.28,383.584626499606
4,lasso,plan_time,default_ml,q04_agg_total_per_country,default,36.801,380.87899573129573
4,lasso,plan_time,default_ml,q06_status_breakdown,default,22.161,323.0478040975807
4,lasso,plan_time,default_ml,q06,default,2272.089,3499.4740280923465
4,lasso,plan_time,default_ml,q06,no_hashjoin,1791.259,2926.7509985044744
4,lasso,plan_time,default_ml,q06,no_mergejoin,1959.172,3113.245103601715
4,lasso,plan_time,default_ml,q06,no_nestloop,1737.52,2870.710803739499
4,lasso,plan_time,default_ml,q08,default,2118.05,7028.191097246392
4,lasso,plan_time,default_ml,q08,no_hashjoin,1382.048,8199.529402254435
4,lasso,plan_time,default_ml,q08,no_mergejoin,1513.581,5893.820878934462
4,lasso,plan_time,default_ml,q08,no_nestloop,2374.629,4620.211152877495
4,lasso,plan_time,default_ml,q13,default,2831.432,3659.774879022792
4,lasso,plan_time,default_ml,q13,no_hashjoin,23582.006,4162.429657850517
4,lasso,plan_time,default_ml,q13,no_mergejoin,2595.487,3254.2389779776872
4,lasso,plan_time,default_ml,q13,no_nestloop,2688.645,2997.467529330597
4,lasso,plan_time,default_ml,q18,default,13888.445,44306.08010838049
4,lasso,plan_time,default_ml,q18,no_hashjoin,14970.42,33487.424757385306
4,lasso,plan_time,default_ml,q18,no_mergejoin,16967.045,57603.54618651161
4,lasso,plan_time,default_ml,q18,no_nestloop,17635.017,29719.262983404285
4,lasso,plan_time,default_ml,q01_p0,default,3349.141,7133.4365993247875
4,lasso,plan_time,default_ml,q01_p0,no_hashjoin,4540.459,5805.38321488907
4,lasso,plan_time,default_ml,q01_p0,no_mergejoin,10943.592,6232.682405359253
4,lasso,plan_time,default_ml,q01_p0,no_nestloop,8294.856,5699.784053061808
4,lasso,plan_time,default_ml,q02_p4,default,1973.717,4664.313983966381
4,lasso,plan_time,default_ml,q02_p4,no_hashjoin,1809.446,3729.3483807698085
4,lasso,plan_time,default_ml,q02_p4,no_mergejoin,2038.239,4100.016516030515
4,lasso,plan_time,default_ml,q02_p4,no_nestloop,4826.137,5493.941490811228
4,lasso,plan_time,default_ml,q03_p3,default,2118.779,5289.558584337649
4,lasso,plan_time,default_ml,q03_p3,no_hashjoin,12346.115,6741.9374185637225
4,lasso,plan_time,default_ml,q03_p3,no_mergejoin,1371.854,4568.971523793099
4,lasso,plan_time,default_ml,q03_p3,no_nestloop,3581.978,4746.897735847447
4,lasso,plan_time,default_ml,q04_p1,default,616.709,1672.199966946908
4,lasso,plan_time,default_ml,q04_p1,no_hashjoin,714.221,1395.1130268493764
4,lasso,plan_time,default_ml,q04_p1,no_mergejoin,781.058,1484.5699443705264
4,lasso,plan_time,default_ml,q04_p1,no_nestloop,4254.901,2832.8531901781785
4,lasso,plan_time,default_ml,q04_p2,default,706.16,1719.0680411321493
4,lasso,plan_time,default_ml,q04_p2,no_hashjoin,693.738,1438.3585132108385
4,lasso,plan_time,default_ml,q04_p2,no_mergejoin,797.277,1527.6796634367233
4,lasso,plan_time,default_ml,q04_p2,no_nestloop,4757.625,2832.146734091996
4,lasso,plan_time,default_ml,q06_p0,default,4046.07,3517.7823011367727
4,lasso,plan_time,default_ml,q06_p0,no_hashjoin,3038.813,2919.7410770048727
4,lasso,plan_time,default_ml,q06_p0,no_mergejoin,3906.789,3112.048142208557
4,lasso,plan_time,default_ml,q06_p0,no_nestloop,3998.758,2869.996602337147
4,lasso,plan_time,default_ml,q07_p1,default,48689.845,18046.78743051791
4,lasso,plan_time,default_ml,q07_p1,no_hashjoin,15251.364,6134.188880954593
4,lasso,plan_time,default_ml,q07_p1,no_mergejoin,53754.001,15650.101154367192
4,lasso,plan_time,default_ml,q07_p1,no_nestloop,5609.712,5248.971898190203
4,lasso,plan_time,default_ml,q08_p4,default,5660.325,7552.324815659453
4,lasso,plan_time,default_ml,q08_p4,no_hashjoin,6197.882,8826.62879272844
4,lasso,plan_time,default_ml,q08_p4,no_mergejoin,2379.517,6265.59456559653
4,lasso,plan_time,default_ml,q08_p4,no_nestloop,5048.417,5130.910901874985
4,lasso,plan_time,default_ml,q09_p3,default,6549.707,13209.0903288882
4,lasso,plan_time,default_ml,q09_p3,no_hashjoin,13347.475,46926.9264985093
4,lasso,plan_time,default_ml,q09_p3,no_mergejoin,5954.025,11511.712443983954
4,lasso,plan_time,default_ml,q09_p3,no_nestloop,3600.447,9106.108073357726
4,lasso,plan_time,default_ml,q11_p1,default,2820.861,1183.0618787751998
4,lasso,plan_time,default_ml,q11_p1,no_hashjoin,834.804,988.9234534399694
4,lasso,plan_time,default_ml,q11_p1,no_mergejoin,854.796,1051.4803879315918
4,lasso,plan_time,default_ml,q11_p1,no_nestloop,1680.754,1999.2706453389792
4,lasso,plan_time,default_ml,q12_p0,default,12501.249,4671.443117216392
4,lasso,plan_time,default_ml,q12_p0,no_hashjoin,5870.008,3227.3608310062173
4,lasso,plan_time,default_ml,q12_p0,no_mergejoin,4893.417,3877.379135526157
4,lasso,plan_time,default_ml,q12_p0,no_nestloop,3516.724,3579.8129670534836
4,lasso,plan_time,default_ml,q14_p3,default,3822.122,1793.689467868939
4,lasso,plan_time,default_ml,q14_p3,no_hashjoin,5657.868,2768.3516434877156
4,lasso,plan_time,default_ml,q14_p3,no_mergejoin,5261.081,1603.9485919290623
4,lasso,plan_time,default_ml,q14_p3,no_nestloop,3418.002,1478.6890662931366
4,lasso,plan_time,default_ml,q15_p2,default,4505.763,4293.301609897481
4,lasso,plan_time,default_ml,q15_p2,no_hashjoin,6508.556,3602.875619329234
4,lasso,plan_time,default_ml,q15_p2,no_mergejoin,5286.807,3836.8908900517963
4,lasso,plan_time,default_ml,q15_p2,no_nestloop,5383.88,3911.1686177870024
4,lasso,plan_time,default_ml,q16_p1,default,2655.656,2307.082623968347
4,lasso,plan_time,default_ml,q16_p1,no_hashjoin,1923.553,1769.5415739543266
4,lasso,plan_time,default_ml,q16_p1,no_mergejoin,2945.97,2058.106435034515
4,lasso,plan_time,default_ml,q16_p1,no_nestloop,1993.228,1893.8131528608274
4,lasso,plan_time,default_ml,q17_p0,default,10431.913,7641.756358125321
4,lasso,plan_time,default_ml,q17_p0,no_hashjoin,1729.994,1264.4758141810846
4,lasso,plan_time,default_ml,q17_p0,no_mergejoin,8897.062,6656.367555049247
4,lasso,plan_time,default_ml,q17_p0,no_nestloop,9330.833,6129.897645821313
4,lasso,plan_time,default_ml,q19_p1,default,1205.132,277.6273666268805
4,lasso,plan_time,default_ml,q19_p1,no_hashjoin,454.037,231.85592394363817
4,lasso,plan_time,default_ml,q19_p1,no_mergejoin,371.417,249.49576822253567
4,lasso,plan_time,default_ml,q19_p1,no_nestloop,3774.525,1937.4223806634159
4,lasso,plan_time,default_ml,q20_p2,default,5046.379,4422.845745226296
4,lasso,plan_time,default_ml,q20_p2,no_hashjoin,3476.229,5419.926315854628
4,lasso,plan_time,default_ml,q20_p2,no_mergejoin,3548.939,3835.576157345569
4,lasso,plan_time,default_ml,q21_p1,default,17294.152,11178.967995756839
4,lasso,plan_time,default_ml,q21_p1,no_hashjoin,18352.588,15986.535978569205
4,lasso,plan_time,default_ml,q21_p1,no_mergejoin,18510.851,9940.990229351806
4,lasso,plan_time,default_ml,q21_p1,no_nestloop,10391.969,6996.9707861561765
4,lasso,plan_time,default_ml,ds_q01_filter_agg,default,1042.995,182.67307642173554
4,lasso,plan_time,default_ml,ds_q01_filter_agg,no_hashjoin,810.184,502.0270041122621
4,lasso,plan_time,default_ml,ds_q01_filter_agg,no_mergejoin,537.585,149.83410694440897
4,lasso,plan_time,default_ml,ds_q01_filter_agg,no_nestloop,1482.016,137.9070732035909
4,lasso,plan_time,default_ml,ds_q10_window_topk,default,2181.389,0.1
4,lasso,plan_time,default_ml,ds_q10_window_topk,no_hashjoin,4045.225,0.1
4,lasso,plan_time,default_ml,ds_q10_window_topk,no_mergejoin,1774.157,0.1
4,lasso,plan_time,default_ml,ds_q10_window_topk,no_nestloop,1763.773,0.1
4,lasso,plan_time,default_ml,ds_q13_high_quantity,default,350.115,580.3494380007204
4,lasso,plan_time,default_ml,ds_q13_high_quantity,no_hashjoin,465.736,484.8557259706723
4,lasso,plan_time,default_ml,ds_q13_high_quantity,no_mergejoin,399.664,517.712728392699
4,lasso,plan_time,default_ml,ds_q13_high_quantity,no_nestloop,458.559,476.0699419498654
4,lasso,plan_time,default_ml,ds_q20_demographic,default,867.031,761.9978190307074
4,lasso,plan_time,default_ml,ds_q20_demographic,no_hashjoin,3716.274,2490.72956714641
4,lasso,plan_time,default_ml,ds_q20_demographic,no_mergejoin,726.447,648.3651747277162
4,lasso,plan_time,default_ml,ds_q20_demographic,no_nestloop,1077.246,598.0912569778253
4,lasso,plan_time,default_ml,online_d4e75912f5,default,2553.552,6132.623863144345
4,lasso,plan_time,default_ml,online_d4e75912f5,no_hashjoin,1500.007,5123.440224108991
4,lasso,plan_time,default_ml,online_d4e75912f5,no_mergejoin,1479.977,5484.817226122873
4,lasso,plan_time,default_ml,online_d4e75912f5,no_nestloop,1374.997,5032.59543165889
4,lasso,plan_time,default_ml,online_4742846dc9,no_hashjoin,974.089,4101.662288471775
0,elasticnet,plan_time,default_ml,q01_customers_by_country,default,0.928,168.54675950660177
0,elasticnet,plan_time,default_ml,q02_orders_recent,default,4.298,2787472.1399999997
0,elasticnet,plan_time,default_ml,q07_self_subquery,default,11.032,31541.55065262375
0,elasticnet,plan_time,default_ml,q01,default,11982.478,6016.460668565194
0,elasticnet,plan_time,default_ml,q01,no_hashjoin,11191.817,3288.8608855733155
0,elasticnet,plan_time,default_ml,q01,no_mergejoin,10066.542,3335.133537179374
0,elasticnet,plan_time,default_ml,q01,no_nestloop,6900.803,3331.5440988068844
0,elasticnet,plan_time,default_ml,q05,default,8827.081,4285.9912062329895
0,elasticnet,plan_time,default_ml,q05,no_hashjoin,7074.668,3320.402279111931
0,elasticnet,plan_time,default_ml,q05,no_mergejoin,9969.823,3878.260518376793
0,elasticnet,plan_time,default_ml,q05,no_nestloop,2887.231,5345.7159444238
0,elasticnet,plan_time,default_ml,q12,default,4159.307,4205.905083865902
0,elasticnet,plan_time,default_ml,q12,no_hashjoin,3556.871,2502.1961801401585
0,elasticnet,plan_time,default_ml,q12,no_mergejoin,4213.912,3655.6985877393063
0,elasticnet,plan_time,default_ml,q12,no_nestloop,3102.1,3652.4358852193736
0,elasticnet,plan_time,default_ml,q17,default,4823.064,7535.156433665016
0,elasticnet,plan_time,default_ml,q17,no_hashjoin,939.65,1486.440204764588
0,elasticnet,plan_time,default_ml,q17,no_mergejoin,4153.603,6749.635848401088
0,elasticnet,plan_time,default_ml,q17,no_nestloop,4235.083,6727.25370214698
0,elasticnet,plan_time,default_ml,q19,default,543.454,700.0980603863228
0,elasticnet,plan_time,default_ml,q19,no_hashjoin,198.599,615.0869156770315
0,elasticnet,plan_time,default_ml,q19,no_mergejoin,215.468,621.7024993161217
0,elasticnet,plan_time,default_ml,q19,no_nestloop,1441.563,2872.72608485502
0,elasticnet,plan_time,default_ml,q22,default,383.714,256.1385562236184
0,elasticnet,plan_time,default_ml,q22,no_hashjoin,345.909,226.17435191185896
0,elasticnet,plan_time,default_ml,q22,no_mergejoin,387.731,228.93588567289345
0,elasticnet,plan_time,default_ml,q22,no_nestloop,491.9,2069.1687053880487
0,elasticnet,plan_time,default_ml,q01_p1,default,9892.378,3714.718385471494
0,elasticnet,plan_time,default_ml,q01_p1,no_hashjoin,14592.651,3303.4770005983255
0,elasticnet,plan_time,default_ml,q01_p1,no_mergejoin,10802.619,3336.4541966247325
0,elasticnet,plan_time,default_ml,q01_p1,no_nestloop,10626.043,3331.4079050341898
0,elasticnet,plan_time,default_ml,q01_p4,default,7707.074,3685.1991218266185
0,elasticnet,plan_time,default_ml,q01_p4,no_hashjoin,11899.903,3267.845902144885
0,elasticnet,plan_time,default_ml,q01_p4,no_mergejoin,11406.505,3313.8991548822864
0,elasticnet,plan_time,default_ml,q01_p4,no_nestloop,9862.402,3310.256463418394
0,elasticnet,plan_time,default_ml,q03_p2,default,1513.628,4849.565323686564
0,elasticnet,plan_time,default_ml,q03_p2,no_hashjoin,9935.697,6466.679113114169
0,elasticnet,plan_time,default_ml,q03_p2,no_mergejoin,2103.504,4355.872605329626
0,elasticnet,plan_time,default_ml,q03_p2,no_nestloop,3760.127,5070.1212761988
0,elasticnet,plan_time,default_ml,q03_p4,default,1825.335,4881.979344693022
0,elasticnet,plan_time,default_ml,q03_p4,no_hashjoin,9233.542,6550.246073751989
0,elasticnet,plan_time,default_ml,q03_p4,no_mergejoin,1153.93,4381.158852815367
0,elasticnet,plan_time,default_ml,q03_p4,no_nestloop,1581.882,5050.863766995696
0,elasticnet,plan_time,default_ml,q05_p4,default,7116.569,4175.041319862417
0,elasticnet,plan_time,default_ml,q05_p4,no_hashjoin,7761.671,3303.594129029806
0,elasticnet,plan_time,default_ml,q05_p4,no_mergejoin,14257.984,3762.0901010900416
0,elasticnet,plan_time,default_ml,q05_p4,no_nestloop,5488.744,5662.575331939584
0,elasticnet,plan_time,default_ml,q06_p1,default,4169.204,3167.771992967511
0,elasticnet,plan_time,default_ml,q06_p1,no_hashjoin,2672.595,2805.9685395407305
0,elasticnet,plan_time,default_ml,q06_p1,no_mergejoin,2169.062,2845.6454559719
0,elasticnet,plan_time,default_ml,q06_p1,no_nestloop,2766.657,2840.6663589093628
0,elasticnet,plan_time,default_ml,q07_p0,default,33515.848,18196.788940830596
0,elasticnet,plan_time,default_ml,q07_p0,no_hashjoin,6605.498,5221.200922996104
0,elasticnet,plan_time,default_ml,q07_p0,no_mergejoin,31465.431,14500.64500052174
0,elasticnet,plan_time,default_ml,q07_p0,no_nestloop,2952.799,4851.447158758903
0,elasticnet,plan_time,default_ml,q07_p4,default,59489.379,17965.875975686788
0,elasticnet,plan_time,default_ml,q07_p4,no_hashjoin,12167.826,5352.973293892531
0,elasticnet,plan_time,default_ml,q07_p4,no_mergejoin,26668.91,14497.756905101
0,elasticnet,plan_time,default_ml,q07_p4,no_nestloop,1892.741,4835.452112838339
0,elasticnet,plan_time,default_ml,q08_p3,default,6018.607,6159.4845610112425
0,elasticnet,plan_time,default_ml,q08_p3,no_hashjoin,3792.658,6691.896633491644
0,elasticnet,plan_time,default_ml,q08_p3,no_mergejoin,3685.784,5096.832049793582
0,elasticnet,plan_time,default_ml,q08_p3,no_nestloop,6346.003,4432.10556637185
0,elasticnet,plan_time,default_ml,q09_p2,default,12046.323,12061.6533961827
0,elasticnet,plan_time,default_ml,q09_p2,no_hashjoin,20980.942,41619.85765014176
0,elasticnet,plan_time,default_ml,q09_p2,no_mergejoin,14809.125,9967.228206772803
0,elasticnet,plan_time,default_ml,q09_p2,no_nestloop,7339.487,7880.708239523354
0,elasticnet,plan_time,default_ml,q11_p0,default,3049.573,1078.0529573056851
0,elasticnet,plan_time,default_ml,q11_p0,no_hashjoin,904.409,948.3906445233201
0,elasticnet,plan_time,default_ml,q11_p0,no_mergejoin,816.264,958.2912706611846
0,elasticnet,plan_time,default_ml,q11_p0,no_nestloop,1302.632,2404.143673090297
0,elasticnet,plan_time,default_ml,q12_p4,default,2249.037,4069.6963409108225
0,elasticnet,plan_time,default_ml,q12_p4,no_hashjoin,3823.712,2505.1093445661636
0,elasticnet,plan_time,default_ml,q12_p4,no_mergejoin,6799.636,3653.7828082467795
0,elasticnet,plan_time,default_ml,q12_p4,no_nestloop,7214.151,3663.580498721375
0,elasticnet,plan_time,default_ml,q14_p2,default,3528.926,2245.172676716699
0,elasticnet,plan_time,default_ml,q14_p2,no_hashjoin,3469.28,3529.09455193383
0,elasticnet,plan_time,default_ml,q14_p2,no_mergejoin,3484.62,2016.6180362203183
0,elasticnet,plan_time,default_ml,q14_p2,no_nestloop,2670.408,2013.5364955149041
0,elasticnet,plan_time,default_ml,q15_p1,default,2973.557,4579.481444090034
0,elasticnet,plan_time,default_ml,q15_p1,no_hashjoin,3481.784,4058.2020150769
0,elasticnet,plan_time,default_ml,q15_p1,no_mergejoin,3814.434,4106.03524106439
0,elasticnet,plan_time,default_ml,q15_p1,no_nestloop,2991.507,3972.752616805902
0,elasticnet,plan_time,default_ml,q16_p0,default,3583.344,2440.0723128447494
0,elasticnet,plan_time,default_ml,q16_p0,no_hashjoin,2973.287,1874.8291150811551
0,elasticnet,plan_time,default_ml,q16_p0,no_mergejoin,1724.904,1949.385413093796
0,elasticnet,plan_time,default_ml,q16_p0,no_nestloop,2170.77,1950.5433284223259
0,elasticnet,plan_time,default_ml,q19_p4,default,413.238,690.8965769127278
0,elasticnet,plan_time,default_ml,q19_p4,no_hashjoin,264.754,621.8846612285997
0,elasticnet,plan_time,default_ml,q19_p4,no_mergejoin,314.011,620.6273994477643
0,elasticnet,plan_time,default_ml,q19_p4,no_nestloop,3594.635,2936.304119384252
0,elasticnet,plan_time,default_ml,q21_p0,default,52833.508,12809.749413938664
0,elasticnet,plan_time,default_ml,q21_p0,no_hashjoin,47704.612,15584.193396508881
0,elasticnet,plan_time,default_ml,q21_p0,no_mergejoin,18214.814,9365.659388333068
0,elasticnet,plan_time,default_ml,q21_p0,no_nestloop,9580.423,7484.692457697565
0,elasticnet,plan_time,default_ml,ds_q06_web_vs_store,default,696.566,483.7868455904918
0,elasticnet,plan_time,default_ml,ds_q06_web_vs_store,no_hashjoin,1647.674,808.1520785803275
0,elasticnet,plan_time,default_ml,ds_q06_web_vs_store,no_mergejoin,852.859,412.27590858695936
0,elasticnet,plan_time,default_ml,ds_q06_web_vs_store,no_nestloop,1042.574,412.06851264322785
0,elasticnet,plan_time,default_ml,ds_q11_inventory_check,default,519.915,712.3734600175416
0,elasticnet,plan_time,default_ml,ds_q11_inventory_check,no_hashjoin,947.458,522.8005617159872
0,elasticnet,plan_time,default_ml,ds_q11_inventory_check,no_mergejoin,423.518,611.4589717032154
0,elasticnet,plan_time,default_ml,ds_q11_inventory_check,no_nestloop,343.882,610.546976905852
0,elasticnet,plan_time,default_ml,ds_q17_dow_pattern,default,996.646,617.6620800200109
0,elasticnet,plan_time,default_ml,ds_q17_dow_pattern,no_hashjoin,2377.113,1179.7438787908754
0,elasticnet,plan_time,default_ml,ds_q17_dow_pattern,no_mergejoin,571.268,553.7076365245143
0,elasticnet,plan_time,default_ml,ds_q17_dow_pattern,no_nestloop,644.053,555.8725687118447
0,elasticnet,plan_time,default_ml,online_ce83de12bc,default,947.618,2239.7589793767715
0,elasticnet,plan_time,default_ml,online_ce83de12bc,no_mergejoin,823.206,2009.8441549909055
0,elasticnet,plan_time,default_ml,online_ce83de12bc,no_nestloop,732.934,2008.7888555801906
0,elasticnet,plan_time,default_ml,online_ce83de12bc,no_hashjoin,782.553,3526.7966682278893
1,elasticnet,plan_time,default_ml,q03_join_customer_orders,default,13.224,33.118622509485995
1,elasticnet,plan_time,default_ml,q05_top_customers,default,18.031,252.4048900139796
1,elasticnet,plan_time,default_ml,q02,default,6173.76,9047.043953168904
1,elasticnet,plan_time,default_ml,q02,no_hashjoin,4302.342,3103.4060811230515
1,elasticnet,plan_time,default_ml,q02,no_mergejoin,3199.538,3850.6736979460384
1,elasticnet,plan_time,default_ml,q02,no_nestloop,6690.813,4879.344979867221
1,elasticnet,plan_time,default_ml,q04,default,1216.968,1340.6582166468695
1,elasticnet,plan_time,default_ml,q04,no_hashjoin,1396.247,1224.1294995377887
1,elasticnet,plan_time,default_ml,q04,no_mergejoin,1429.065,1218.1997349304197
1,elasticnet,plan_time,default_ml,q04,no_nestloop,16777.004,2736.0019750129613
1,elasticnet,plan_time,default_ml,q07,default,35165.908,14364.017598934695
1,elasticnet,plan_time,default_ml,q07,no_hashjoin,3945.736,6289.482413219808
1,elasticnet,plan_time,default_ml,q07,no_mergejoin,29002.507,12641.381228372828
1,elasticnet,plan_time,default_ml,q07,no_nestloop,2402.029,5933.821066455785
1,elasticnet,plan_time,default_ml,q11,default,1724.803,1395.8524400660406
1,elasticnet,plan_time,default_ml,q11,no_hashjoin,403.337,1264.9183182156448
1,elasticnet,plan_time,default_ml,q11,no_mergejoin,308.811,1278.309929900709
1,elasticnet,plan_time,default_ml,q11,no_nestloop,801.703,2701.595265262227
1,elasticnet,plan_time,default_ml,q16,default,1605.611,2473.195822880372
1,elasticnet,plan_time,default_ml,q16,no_hashjoin,1383.148,2373.2430546317887
1,elasticnet,plan_time,default_ml,q16,no_mergejoin,1106.188,2172.154048528782
1,elasticnet,plan_time,default_ml,q16,no_nestloop,1324.611,1916.7462060921798
1,elasticnet,plan_time,default_ml,q21,default,13986.072,11015.94394578259
1,elasticnet,plan_time,default_ml,q21,no_hashjoin,19448.204,18232.472730550722
1,elasticnet,plan_time,default_ml,q21,no_mergejoin,13055.611,9428.872625933069
1,elasticnet,plan_time,default_ml,q21,no_nestloop,10367.542,5987.345984987544
1,elasticnet,plan_time,default_ml,q01_p2,default,9565.353,5004.504465358679
1,elasticnet,plan_time,default_ml,q01_p2,no_hashjoin,9512.992,4548.263486902982
1,elasticnet,plan_time,default_ml,q01_p2,no_mergejoin,13686.939,4549.238295048048
1,elasticnet,plan_time,default_ml,q01_p2,no_nestloop,13280.512,4015.4474241205835
1,elasticnet,plan_time,default_ml,q03_p1,default,1789.751,5153.286776765761
1,elasticnet,plan_time,default_ml,q03_p1,no_hashjoin,11886.905,6714.459152571446
1,elasticnet,plan_time,default_ml,q03_p1,no_mergejoin,1234.521,4645.325251237448
1,elasticnet,plan_time,default_ml,q03_p1,no_nestloop,1698.449,5209.261599808918
1,elasticnet,plan_time,default_ml,q04_p4,default,1251.353,1339.6058183067498
1,elasticnet,plan_time,default_ml,q04_p4,no_hashjoin,872.911,1214.6948278024513
1,elasticnet,plan_time,default_ml,q04_p4,no_mergejoin,1007.402,1230.279810932095
1,elasticnet,plan_time,default_ml,q04_p4,no_nestloop,9201.859,2722.7169768242984
1,elasticnet,plan_time,default_ml,q05_p2,default,4849.114,5278.089323242235
1,elasticnet,plan_time,default_ml,q05_p2,no_hashjoin,4040.571,4439.963511809724
1,elasticnet,plan_time,default_ml,q05_p2,no_mergejoin,3505.474,4642.567313621296
1,elasticnet,plan_time,default_ml,q05_p2,no_nestloop,3152.242,5322.8648815014285
1,elasticnet,plan_time,default_ml,q05_p3,default,4461.936,5684.791263210301
1,elasticnet,plan_time,default_ml,q05_p3,no_hashjoin,4576.937,4425.325306832593
1,elasticnet,plan_time,default_ml,q05_p3,no_mergejoin,5163.161,4737.328881166753
1,elasticnet,plan_time,default_ml,q05_p3,no_nestloop,4531.435,5486.979931860656
1,elasticnet,plan_time,default_ml,q07_p3,default,48180.292,13769.737871671348
1,elasticnet,plan_time,default_ml,q07_p3,no_hashjoin,20439.496,6217.389922116885
1,elasticnet,plan_time,default_ml,q07_p3,no_mergejoin,75622.57,13519.563216985107
1,elasticnet,plan_time,default_ml,q07_p3,no_nestloop,7456.51,6428.561067222885
1,elasticnet,plan_time,default_ml,q08_p2,default,4115.998,5240.778996339427
1,elasticnet,plan_time,default_ml,q08_p2,no_hashjoin,2794.834,7576.274220498988
1,elasticnet,plan_time,default_ml,q08_p2,no_mergejoin,3521.968,4566.007403943278
1,elasticnet,plan_time,default_ml,q08_p2,no_nestloop,6391.806,3960.5325984213546
1,elasticnet,plan_time,default_ml,q09_p1,default,39188.185,16552.288795050143
1,elasticnet,plan_time,default_ml,q09_p1,no_hashjoin,37214.359,34660.49617601348
1,elasticnet,plan_time,default_ml,q09_p1,no_mergejoin,17515.704,14245.285874376592
1,elasticnet,plan_time,default_ml,q09_p1,no_nestloop,9813.353,7410.670679949904
1,elasticnet,plan_time,default_ml,q11_p4,default,1992.165,1399.840261856166
1,elasticnet,plan_time,default_ml,q11_p4,no_hashjoin,694.319,1269.2945017103075
1,elasticnet,plan_time,default_ml,q11_p4,no_mergejoin,595.204,1265.905003208801
1,elasticnet,plan_time,default_ml,q11_p4,no_nestloop,1576.498,2697.305119136759
1,elasticnet,plan_time,default_ml,q12_p3,default,2243.386,5223.597200928865
1,elasticnet,plan_time,default_ml,q12_p3,no_hashjoin,2231.47,2931.3802113113616
1,elasticnet,plan_time,default_ml,q12_p3,no_mergejoin,2085.778,4732.668747356563
1,elasticnet,plan_time,default_ml,q12_p3,no_nestloop,2514.896,4221.736719929905
1,elasticnet,plan_time,default_ml,q14_p1,default,2856.102,1966.44641964438
1,elasticnet,plan_time,default_ml,q14_p1,no_hashjoin,2769.721,2814.1868412854014
1,elasticnet,plan_time,default_ml,q14_p1,no_mergejoin,2453.346,1841.2201021243952
1,elasticnet,plan_time,default_ml,q14_p1,no_nestloop,2195.13,1575.5050041065658
1,elasticnet,plan_time,default_ml,q15_p0,default,4191.151,4230.368343915007
1,elasticnet,plan_time,default_ml,q15_p0,no_hashjoin,5584.123,3756.979453928845
1,elasticnet,plan_time,default_ml,q15_p0,no_mergejoin,5665.229,3755.9273660846675
1,elasticnet,plan_time,default_ml,q15_p0,no_nestloop,2830.03,3941.1757452859133
1,elasticnet,plan_time,default_ml,q16_p4,default,2523.064,2392.161367466235
1,elasticnet,plan_time,default_ml,q16_p4,no_hashjoin,1946.083,2364.677843854554
1,elasticnet,plan_time,default_ml,q16_p4,no_mergejoin,1783.659,2168.417730672667
1,elasticnet,plan_time,default_ml,q16_p4,no_nestloop,2195.978,1919.7619459021494
1,elasticnet,plan_time,default_ml,q19_p0,default,435.11,652.6272230988133
1,elasticnet,plan_time,default_ml,q19_p0,no_hashjoin,516.983,589.8086713816805
1,elasticnet,plan_time,default_ml,q19_p0,no_mergejoin,498.459,585.4720178635336
1,elasticnet,plan_time,default_ml,q19_p0,no_nestloop,3656.192,2958.353486018452
1,elasticnet,plan_time,default_ml,q19_p3,default,392.595,644.7230313632149
1,elasticnet,plan_time,default_ml,q19_p3,no_hashjoin,404.667,586.079169641975
1,elasticnet,plan_time,default_ml,q19_p3,no_mergejoin,494.229,609.403393761024
1,elasticnet,plan_time,default_ml,q19_p3,no_nestloop,3766.083,2937.8577577854708
1,elasticnet,plan_time,default_ml,q21_p4,default,19462.346,10395.184428189563
1,elasticnet,plan_time,default_ml,q21_p4,no_hashjoin,19158.111,17870.011583660045
1,elasticnet,plan_time,default_ml,q21_p4,no_mergejoin,21773.347,9444.36574275276
1,elasticnet,plan_time,default_ml,q21_p4,no_nestloop,20578.87,5817.14062658363
1,elasticnet,plan_time,default_ml,ds_q04_customer_topk,default,704.859,876.7598754181486
1,elasticnet,plan_time,default_ml,ds_q04_customer_topk,no_hashjoin,1272.521,1481.8762084312038
1,elasticnet,plan_time,default_ml,ds_q04_customer_topk,no_mergejoin,577.718,769.3620092587805
1,elasticnet,plan_time,default_ml,ds_q04_customer_topk,no_nestloop,799.922,679.2605580057045
1,elasticnet,plan_time,default_ml,ds_q05_returns_filter,default,279.907,1078.8967662021512
1,elasticnet,plan_time,default_ml,ds_q05_returns_filter,no_hashjoin,328.061,1235.040124183184
1,elasticnet,plan_time,default_ml,ds_q05_returns_filter,no_mergejoin,196.199,824.806893819447
1,elasticnet,plan_time,default_ml,ds_q05_returns_filter,no_nestloop,163.456,811.5003946648677
1,elasticnet,plan_time,default_ml,ds_q09_avg_basket,default,481.674,495.8498545552411
1,elasticnet,plan_time,default_ml,ds_q09_avg_basket,no_hashjoin,512.863,450.21645303322936
1,elasticnet,plan_time,default_ml,ds_q09_avg_basket,no_mergejoin,420.93,448.18313986543444
1,elasticnet,plan_time,default_ml,ds_q09_avg_basket,no_nestloop,445.387,395.5137238064129
1,elasticnet,plan_time,default_ml,ds_q18_brand_topk,default,662.842,567.9634922539439
1,elasticnet,plan_time,default_ml,ds_q18_brand_topk,no_hashjoin,2523.984,1061.8862682752413
1,elasticnet,plan_time,default_ml,ds_q18_brand_topk,no_mergejoin,2049.833,517.1968882238613
1,elasticnet,plan_time,default_ml,ds_q18_brand_topk,no_nestloop,774.295,454.6622208636812
1,elasticnet,plan_time,default_ml,ds_q19_self_join,default,5.488,0.1
1,elasticnet,plan_time,default_ml,ds_q19_self_join,no_hashjoin,0.11,0.1
1,elasticnet,plan_time,default_ml,ds_q19_self_join,no_mergejoin,0.106,0.1
1,elasticnet,plan_time,default_ml,ds_q19_self_join,no_nestloop,0.133,0.1
2,elasticnet,plan_time,default_ml,q10,default,1318.8,2898.839134107695
2,elasticnet,plan_time,default_ml,q10,no_hashjoin,4160.12,1562.7991491238713
2,elasticnet,plan_time,default_ml,q10,no_mergejoin,1571.937,2451.883871707081
2,elasticnet,plan_time,default_ml,q10,no_nestloop,2518.974,2573.8489167021467
2,elasticnet,plan_time,default_ml,q15,default,2757.332,5258.933999400001
2,elasticnet,plan_time,default_ml,q15,no_hashjoin,2518.908,4395.181294305613
2,elasticnet,plan_time,default_ml,q15,no_mergejoin,2113.783,4797.2872337044455
2,elasticnet,plan_time,default_ml,q15,no_nestloop,2244.615,4197.696852728857
2,elasticnet,plan_time,default_ml,q20,default,7381.431,4007.349908875906
2,elasticnet,plan_time,default_ml,q20,no_hashjoin,4427.324,4520.593732717138
2,elasticnet,plan_time,default_ml,q20,no_mergejoin,4679.932,3399.6328717565084
2,elasticnet,plan_time,default_ml,q01_p3,default,13984.334,4840.793369703184
2,elasticnet,plan_time,default_ml,q01_p3,no_hashjoin,15019.025,4223.472012285867
2,elasticnet,plan_time,default_ml,q01_p3,no_mergejoin,12287.425,4498.450677561525
2,elasticnet,plan_time,default_ml,q01_p3,no_nestloop,11661.957,4340.150547025173
2,elasticnet,plan_time,default_ml,q02_p0,default,23413.931,77694.21219387394
2,elasticnet,plan_time,default_ml,q02_p0,no_hashjoin,3964.82,3263.344957968273
2,elasticnet,plan_time,default_ml,q02_p0,no_mergejoin,3313.199,3427.170641471835
2,elasticnet,plan_time,default_ml,q02_p0,no_nestloop,8545.085,4301.141797680366
2,elasticnet,plan_time,default_ml,q02_p2,default,3165.46,3763.8669674848347
2,elasticnet,plan_time,default_ml,q02_p2,no_hashjoin,5007.324,3361.348880035134
2,elasticnet,plan_time,default_ml,q02_p2,no_mergejoin,3606.714,3420.6874223312307
2,elasticnet,plan_time,default_ml,q02_p2,no_nestloop,7216.648,4325.584847535732
2,elasticnet,plan_time,default_ml,q03_p0,default,2635.037,12225.331109083883
2,elasticnet,plan_time,default_ml,q03_p0,no_hashjoin,18114.795,6705.955603980163
2,elasticnet,plan_time,default_ml,q03_p0,no_mergejoin,1944.902,4613.995677017789
2,elasticnet,plan_time,default_ml,q03_p0,no_nestloop,5589.845,5179.778415822569
2,elasticnet,plan_time,default_ml,q04_p3,default,990.862,1525.791402913715
2,elasticnet,plan_time,default_ml,q04_p3,no_hashjoin,1329.233,1326.4832901491106
2,elasticnet,plan_time,default_ml,q04_p3,no_mergejoin,1103.474,1413.3440490930627
2,elasticnet,plan_time,default_ml,q04_p3,no_nestloop,8503.564,3025.597552208948
2,elasticnet,plan_time,default_ml,q05_p1,default,6327.661,5334.7438341464585
2,elasticnet,plan_time,default_ml,q05_p1,no_hashjoin,3334.809,4089.7153743912813
2,elasticnet,plan_time,default_ml,q05_p1,no_mergejoin,3473.214,4861.709110478996
2,elasticnet,plan_time,default_ml,q05_p1,no_nestloop,2614.839,5258.583759535251
2,elasticnet,plan_time,default_ml,q06_p2,default,4135.177,3035.2725915551455
2,elasticnet,plan_time,default_ml,q06_p2,no_hashjoin,3106.429,2642.0852094646834
2,elasticnet,plan_time,default_ml,q06_p2,no_mergejoin,2665.156,2822.622488457721
2,elasticnet,plan_time,default_ml,q06_p2,no_nestloop,2697.838,2713.6022701040947
2,elasticnet,plan_time,default_ml,q07_p2,default,42141.36,16866.206209266067
2,elasticnet,plan_time,default_ml,q07_p2,no_hashjoin,10847.283,6162.082668938166
2,elasticnet,plan_time,default_ml,q07_p2,no_mergejoin,49967.521,15828.987464282285
2,elasticnet,plan_time,default_ml,q07_p2,no_nestloop,8066.19,5932.28550620059
2,elasticnet,plan_time,default_ml,q08_p1,default,2058.638,6886.176330390648
2,elasticnet,plan_time,default_ml,q08_p1,no_hashjoin,2498.809,7343.172333260793
2,elasticnet,plan_time,default_ml,q08_p1,no_mergejoin,2816.12,6217.801042590771
2,elasticnet,plan_time,default_ml,q08_p1,no_nestloop,5506.494,4106.6167814832725
2,elasticnet,plan_time,default_ml,q09_p0,default,27540.065,15203.216788249194
2,elasticnet,plan_time,default_ml,q09_p0,no_hashjoin,44491.972,46672.016993953126
2,elasticnet,plan_time,default_ml,q09_p0,no_mergejoin,20940.383,9454.949944979217
2,elasticnet,plan_time,default_ml,q09_p0,no_nestloop,16162.56,7873.07790161856
2,elasticnet,plan_time,default_ml,q11_p3,default,1976.909,1230.3991008589371
2,elasticnet,plan_time,default_ml,q11_p3,no_hashjoin,748.431,1071.4086004968958
2,elasticnet,plan_time,default_ml,q11_p3,no_mergejoin,562.144,1137.6106810597369
2,elasticnet,plan_time,default_ml,q11_p3,no_nestloop,1681.782,2357.493409562338
2,elasticnet,plan_time,default_ml,q12_p2,default,2149.287,4671.794631883082
2,elasticnet,plan_time,default_ml,q12_p2,no_hashjoin,2364.648,2765.8436846495756
2,elasticnet,plan_time,default_ml,q12_p2,no_mergejoin,2164.549,4343.08017114059
2,elasticnet,plan_time,default_ml,q12_p2,no_nestloop,1854.457,4180.5358425312725
2,elasticnet,plan_time,default_ml,q14_p0,default,2971.513,2021.9474191111972
2,elasticnet,plan_time,default_ml,q14_p0,no_hashjoin,3770.611,3209.4258534104606
2,elasticnet,plan_time,default_ml,q14_p0,no_mergejoin,4340.477,1686.678953234736
2,elasticnet,plan_time,default_ml,q14_p0,no_nestloop,3252.169,1648.4947038525795
2,elasticnet,plan_time,default_ml,q15_p4,default,3928.715,5034.412035761951
2,elasticnet,plan_time,default_ml,q15_p4,no_hashjoin,3612.135,4403.605117913506
2,elasticnet,plan_time,default_ml,q15_p4,no_mergejoin,4176.719,4698.884532155505
2,elasticnet,plan_time,default_ml,q15_p4,no_nestloop,4123.565,4187.644259815191
2,elasticnet,plan_time,default_ml,q16_p3,default,2142.518,2140.567633427458
2,elasticnet,plan_time,default_ml,q16_p3,no_hashjoin,2488.674,1942.783664788761
2,elasticnet,plan_time,default_ml,q16_p3,no_mergejoin,2170.027,1989.0934017962877
2,elasticnet,plan_time,default_ml,q16_p3,no_nestloop,1427.093,1906.6274946467568
2,elasticnet,plan_time,default_ml,q17_p2,default,5596.138,7512.093660694946
2,elasticnet,plan_time,default_ml,q17_p2,no_hashjoin,730.087,2032.4581150279691
2,elasticnet,plan_time,default_ml,q17_p2,no_mergejoin,4160.795,7017.454690373459
2,elasticnet,plan_time,default_ml,q17_p2,no_nestloop,4012.796,6725.725719932479
2,elasticnet,plan_time,default_ml,q17_p3,default,5259.441,7512.989677458672
2,elasticnet,plan_time,default_ml,q17_p3,no_hashjoin,821.265,2025.572508680779
2,elasticnet,plan_time,default_ml,q17_p3,no_mergejoin,5243.261,7029.341857404412
2,elasticnet,plan_time,default_ml,q17_p3,no_nestloop,7027.809,6762.676985520171
2,elasticnet,plan_time,default_ml,q19_p2,default,231.761,50.185470997271
2,elasticnet,plan_time,default_ml,q19_p2,no_hashjoin,251.742,43.55177425690552
2,elasticnet,plan_time,default_ml,q19_p2,no_mergejoin,298.061,46.544175269662134
2,elasticnet,plan_time,default_ml,q19_p2,no_nestloop,232.592,1664.645396147626
2,elasticnet,plan_time,default_ml,q20_p0,default,6531.394,4407.437950507352
2,elasticnet,plan_time,default_ml,q20_p0,no_hashjoin,3627.978,4405.686590084153
2,elasticnet,plan_time,default_ml,q20_p0,no_mergejoin,4085.213,3378.483255536828
2,elasticnet,plan_time,default_ml,q21_p3,default,17560.987,10635.959209842003
2,elasticnet,plan_time,default_ml,q21_p3,no_hashjoin,17085.046,18373.59150963737
2,elasticnet,plan_time,default_ml,q21_p3,no_mergejoin,17104.211,9702.906398801326
2,elasticnet,plan_time,default_ml,q21_p3,no_nestloop,11808.777,7709.958578814011
2,elasticnet,plan_time,default_ml,ds_q03_promo_effect,default,639.997,873.1177155902666
2,elasticnet,plan_time,default_ml,ds_q03_promo_effect,no_hashjoin,2233.295,1458.0603574656907
2,elasticnet,plan_time,default_ml,ds_q03_promo_effect,no_mergejoin,613.607,776.1454068506999
2,elasticnet,plan_time,default_ml,ds_q03_promo_effect,no_nestloop,389.256,745.6718139810889
2,elasticnet,plan_time,default_ml,ds_q08_addr_filter,default,89.476,110.84416323618932
2,elasticnet,plan_time,default_ml,ds_q08_addr_filter,no_hashjoin,43.675,194.29827657100253
2,elasticnet,plan_time,default_ml,ds_q08_addr_filter,no_mergejoin,39.483,94.59943219665584
2,elasticnet,plan_time,default_ml,ds_q08_addr_filter,no_nestloop,61.302,90.83852322000726
2,elasticnet,plan_time,default_ml,ds_q12_catalog_topk,default,531.523,563.6732086651381
2,elasticnet,plan_time,default_ml,ds_q12_catalog_topk,no_hashjoin,968.577,807.6904423132703
2,elasticnet,plan_time,default_ml,ds_q12_catalog_topk,no_mergejoin,392.038,523.5167674043057
2,elasticnet,plan_time,default_ml,ds_q12_catalog_topk,no_nestloop,356.789,499.91523504270754
2,elasticnet,plan_time,default_ml,ds_q15_returns_ratio,default,810.594,733.0371652410543
2,elasticnet,plan_time,default_ml,ds_q15_returns_ratio,no_hashjoin,2445.148,1088.053720152002
2,elasticnet,plan_time,default_ml,ds_q15_returns_ratio,no_mergejoin,643.784,680.1369762038196
2,elasticnet,plan_time,default_ml,ds_q15_returns_ratio,no_nestloop,729.727,653.6636754366999
2,elasticnet,plan_time,default_ml,online_b21324f41e,default,256.352,716.7324998525281
2,elasticnet,plan_time,default_ml,online_b21324f41e,no_mergejoin,160.573,666.1625264917583
2,elasticnet,plan_time,default_ml,online_b21324f41e,no_nestloop,160.279,639.9332499518363
2,elasticnet,plan_time,default_ml,online_b21324f41e,no_hashjoin,301.284,1198.9779279891545
3,elasticnet,plan_time,default_ml,q03,default,1640.223,8089.07697841578
3,elasticnet,plan_time,default_ml,q03,no_hashjoin,15919.201,6913.645889961918
3,elasticnet,plan_time,default_ml,q03,no_mergejoin,2101.658,4459.879578736618
3,elasticnet,plan_time,default_ml,q03,no_nestloop,2195.742,5037.210130007486
3,elasticnet,plan_time,default_ml,q09,default,23625.277,10921.041144289571
3,elasticnet,plan_time,default_ml,q09,no_hashjoin,30860.744,50599.07980537469
3,elasticnet,plan_time,default_ml,q09,no_mergejoin,19454.599,9459.616915184683
3,elasticnet,plan_time,default_ml,q09,no_nestloop,9471.806,8071.309732816646
3,elasticnet,plan_time,default_ml,q14,default,1878.312,1991.8548111137166
3,elasticnet,plan_time,default_ml,q14,no_hashjoin,1806.03,3174.5759256147185
3,elasticnet,plan_time,default_ml,q14,no_mergejoin,1504.265,1769.7434037952328
3,elasticnet,plan_time,default_ml,q14,no_nestloop,2199.709,1766.510824443559
3,elasticnet,plan_time,default_ml,q02_p1,default,4831.789,4353.029239482014
3,elasticnet,plan_time,default_ml,q02_p1,no_hashjoin,7944.497,2746.833475126134
3,elasticnet,plan_time,default_ml,q02_p1,no_mergejoin,7564.481,4064.5734934016796
3,elasticnet,plan_time,default_ml,q02_p1,no_nestloop,6618.888,3848.61721268951
3,elasticnet,plan_time,default_ml,q02_p3,default,3892.114,4418.168722314285
3,elasticnet,plan_time,default_ml,q02_p3,no_hashjoin,3155.964,2784.496143157304
3,elasticnet,plan_time,default_ml,q02_p3,no_mergejoin,4532.378,3917.3191243996434
3,elasticnet,plan_time,default_ml,q02_p3,no_nestloop,5564.808,3977.045167091715
3,elasticnet,plan_time,default_ml,q04_p0,default,698.777,1803.2073645314138
3,elasticnet,plan_time,default_ml,q04_p0,no_hashjoin,711.225,1635.4144993613465
3,elasticnet,plan_time,default_ml,q04_p0,no_mergejoin,778.803,1602.3698838609373
3,elasticnet,plan_time,default_ml,q04_p0,no_nestloop,3866.661,3364.55895319305
3,elasticnet,plan_time,default_ml,q05_p0,default,8204.45,5062.011867115113
3,elasticnet,plan_time,default_ml,q05_p0,no_hashjoin,5962.965,4173.007357067139
3,elasticnet,plan_time,default_ml,q05_p0,no_mergejoin,4610.027,4432.010020525282
3,elasticnet,plan_time,default_ml,q05_p0,no_nestloop,2611.541,5425.068137131675
3,elasticnet,plan_time,default_ml,q06_p3,default,3480.088,3324.4370870823054
3,elasticnet,plan_time,default_ml,q06_p3,no_hashjoin,2996.05,3027.238274590034
3,elasticnet,plan_time,default_ml,q06_p3,no_mergejoin,2669.903,2990.430120034602
3,elasticnet,plan_time,default_ml,q06_p3,no_nestloop,4023.332,2983.1819450742983
3,elasticnet,plan_time,default_ml,q06_p4,default,5669.9,3327.6790568405936
3,elasticnet,plan_time,default_ml,q06_p4,no_hashjoin,2089.769,3026.0940055936335
3,elasticnet,plan_time,default_ml,q06_p4,no_mergejoin,4714.611,2993.5151978570966
3,elasticnet,plan_time,default_ml,q06_p4,no_nestloop,1983.072,2981.4870719047813
3,elasticnet,plan_time,default_ml,q08_p0,default,2318.738,6398.661839197895
3,elasticnet,plan_time,default_ml,q08_p0,no_hashjoin,1937.078,9052.190937586483
3,elasticnet,plan_time,default_ml,q08_p0,no_mergejoin,2662.364,5654.0800975334205
3,elasticnet,plan_time,default_ml,q08_p0,no_nestloop,4359.179,4300.860749041286
3,elasticnet,plan_time,default_ml,q09_p4,default,8298.719,10314.914418408775
3,elasticnet,plan_time,default_ml,q09_p4,no_hashjoin,16043.449,47982.57742615056
3,elasticnet,plan_time,default_ml,q09_p4,no_mergejoin,10137.559,9601.878456591676
3,elasticnet,plan_time,default_ml,q09_p4,no_nestloop,11374.003,7524.625972998016
3,elasticnet,plan_time,default_ml,q11_p2,default,1218.799,1083.4386287646253
3,elasticnet,plan_time,default_ml,q11_p2,no_hashjoin,843.429,986.6182650830326
3,elasticnet,plan_time,default_ml,q11_p2,no_mergejoin,2433.052,999.710845555802
3,elasticnet,plan_time,default_ml,q11_p2,no_nestloop,3181.035,1828.094742545971
3,elasticnet,plan_time,default_ml,q12_p1,default,6508.802,4455.247564627056
3,elasticnet,plan_time,default_ml,q12_p1,no_hashjoin,3209.493,2946.618215673271
3,elasticnet,plan_time,default_ml,q12_p1,no_mergejoin,2447.656,3998.974942537312
3,elasticnet,plan_time,default_ml,q12_p1,no_nestloop,1816.0,3990.576159547808
3,elasticnet,plan_time,default_ml,q14_p4,default,3773.783,2002.9231843362447
3,elasticnet,plan_time,default_ml,q14_p4,no_hashjoin,2474.995,3236.790212416371
3,elasticnet,plan_time,default_ml,q14_p4,no_mergejoin,2967.284,1794.6159857565247
3,elasticnet,plan_time,default_ml,q14_p4,no_nestloop,2601.241,1794.9395783033965
3,elasticnet,plan_time,default_ml,q15_p3,default,4889.391,4142.717412211541
3,elasticnet,plan_time,default_ml,q15_p3,no_hashjoin,5317.028,3836.636265131705
3,elasticnet,plan_time,default_ml,q15_p3,no_mergejoin,5676.261,3727.0212318011495
3,elasticnet,plan_time,default_ml,q15_p3,no_nestloop,5457.38,3515.5943016704414
3,elasticnet,plan_time,default_ml,q16_p2,default,2458.46,2086.6309801585976
3,elasticnet,plan_time,default_ml,q16_p2,no_hashjoin,2627.809,2084.7140410257125
3,elasticnet,plan_time,default_ml,q16_p2,no_mergejoin,1893.313,1872.0483075857214
3,elasticnet,plan_time,default_ml,q16_p2,no_nestloop,2458.918,1870.5262404961366
3,elasticnet,plan_time,default_ml,q17_p1,default,11535.719,8202.6108832499
3,elasticnet,plan_time,default_ml,q17_p1,no_hashjoin,2053.23,1473.1001737802633
3,elasticnet,plan_time,default_ml,q17_p1,no_mergejoin,7398.36,7389.511637758768
3,elasticnet,plan_time,default_ml,q17_p1,no_nestloop,4296.241,7351.638854441086
3,elasticnet,plan_time,default_ml,q17_p4,default,4937.429,8191.596045524273
3,elasticnet,plan_time,default_ml,q17_p4,no_hashjoin,664.182,1491.800959969664
3,elasticnet,plan_time,default_ml,q17_p4,no_mergejoin,4008.003,7370.860117704911
3,elasticnet,plan_time,default_ml,q17_p4,no_nestloop,4202.008,7395.804157663254
3,elasticnet,plan_time,default_ml,q20_p1,default,2525.096,2654.962385815622
3,elasticnet,plan_time,default_ml,q20_p1,no_hashjoin,2273.024,3385.2819476545446
3,elasticnet,plan_time,default_ml,q20_p1,no_mergejoin,2129.206,2355.8553205861335
3,elasticnet,plan_time,default_ml,q20_p1,no_nestloop,278747.214,403.3870224182466
3,elasticnet,plan_time,default_ml,q20_p3,default,11028.75,2768.9295629074622
3,elasticnet,plan_time,default_ml,q20_p3,no_hashjoin,10269.854,3369.671474244882
3,elasticnet,plan_time,default_ml,q20_p3,no_mergejoin,13299.016,2375.040327323524
3,elasticnet,plan_time,default_ml,q20_p4,default,70494.953,7550.718892075827
3,elasticnet,plan_time,default_ml,q20_p4,no_hashjoin,17808.234,3379.943430398927
3,elasticnet,plan_time,default_ml,q20_p4,no_mergejoin,22436.179,2363.304156480215
3,elasticnet,plan_time,default_ml,q21_p2,default,12400.143,11157.831355001501
3,elasticnet,plan_time,default_ml,q21_p2,no_hashjoin,16524.084,17274.33213363418
3,elasticnet,plan_time,default_ml,q21_p2,no_mergejoin,11762.799,10138.583597558809
3,elasticnet,plan_time,default_ml,q21_p2,no_nestloop,9402.375,8394.543316976462
3,elasticnet,plan_time,default_ml,ds_q02_topk_revenue,default,1542.053,672.7113587824322
3,elasticnet,plan_time,default_ml,ds_q02_topk_revenue,no_hashjoin,1352.97,1671.1718770269774
3,elasticnet,plan_time,default_ml,ds_q02_topk_revenue,no_mergejoin,543.457,586.7399403008048
3,elasticnet,plan_time,default_ml,ds_q02_topk_revenue,no_nestloop,667.532,593.0895731593762
3,elasticnet,plan_time,default_ml,ds_q07_yearly_trend,default,1811.255,433.4503431469824
3,elasticnet,plan_time,default_ml,ds_q07_yearly_trend,no_hashjoin,1572.343,911.225196176267
3,elasticnet,plan_time,default_ml,ds_q07_yearly_trend,no_mergejoin,572.578,391.36700143758424
3,elasticnet,plan_time,default_ml,ds_q07_yearly_trend,no_nestloop,616.613,388.81229008197454
3,elasticnet,plan_time,default_ml,ds_q14_state_revenue,default,495.792,766.4823626169027
3,elasticnet,plan_time,default_ml,ds_q14_state_revenue,no_hashjoin,1105.507,1952.4832032259512
3,elasticnet,plan_time,default_ml,ds_q14_state_revenue,no_mergejoin,802.114,681.553766094237
3,elasticnet,plan_time,default_ml,ds_q14_state_revenue,no_nestloop,778.636,681.1672629174507
3,elasticnet,plan_time,default_ml,ds_q16_web_returns,default,86.387,32.03384459878771
3,elasticnet,plan_time,default_ml,ds_q16_web_returns,no_hashjoin,52.615,28.347806840076018
3,elasticnet,plan_time,default_ml,ds_q16_web_returns,no_mergejoin,35.959,28.016825708003726
3,elasticnet,plan_time,default_ml,ds_q16_web_returns,no_nestloop,37.871,28.37765543529424
3,elasticnet,plan_time,default_ml,online_749218157a,default,1747.386,3309.4647439356604
3,elasticnet,plan_time,default_ml,online_749218157a,no_hashjoin,1146.033,3014.262341541555
3,elasticnet,plan_time,default_ml,online_749218157a,no_mergejoin,1039.564,2978.7240579962454
3,elasticnet,plan_time,default_ml,online_749218157a,no_nestloop,1177.454,2974.9398993988966
3,elasticnet,plan_time,default_ml,online_dac91519b8,default,208.479,433.4534032338259
3,elasticnet,plan_time,default_ml,online_dac91519b8,no_hashjoin,316.51,910.3902880751226
3,elasticnet,plan_time,default_ml,online_dac91519b8,no_mergejoin,194.431,389.8196475387025
3,elasticnet,plan_time,default_ml,online_dac91519b8,no_nestloop,217.28,388.57349036979537
4,elasticnet,plan_time,default_ml,q04_agg_total_per_country,default,36.801,383.98752521123924
4,elasticnet,plan_time,default_ml,q06_status_breakdown,default,22.161,322.2637312128825
4,elasticnet,plan_time,default_ml,q06,default,2272.089,3505.746958787155
4,elasticnet,plan_time,default_ml,q06,no_hashjoin,1791.259,2930.166599053867
4,elasticnet,plan_time,default_ml,q06,no_mergejoin,1959.172,3110.1675631494263
4,elasticnet,plan_time,default_ml,q06,no_nestloop,1737.52,2875.414719271123
4,elasticnet,plan_time,default_ml,q08,default,2118.05,6944.343957939397
4,elasticnet,plan_time,default_ml,q08,no_hashjoin,1382.048,8273.9493848755
4,elasticnet,plan_time,default_ml,q08,no_mergejoin,1513.581,5803.9436554146305
4,elasticnet,plan_time,default_ml,q08,no_nestloop,2374.629,4661.539202021971
4,elasticnet,plan_time,default_ml,q13,default,2831.432,3931.7462911040116
4,elasticnet,plan_time,default_ml,q13,no_hashjoin,23582.006,4382.6786757968885
4,elasticnet,plan_time,default_ml,q13,no_mergejoin,2595.487,3486.3592464357575
4,elasticnet,plan_time,default_ml,q13,no_nestloop,2688.645,3219.688200075271
4,elasticnet,plan_time,default_ml,q18,default,13888.445,44651.09645838148
4,elasticnet,plan_time,default_ml,q18,no_hashjoin,14970.42,32897.064698111535
4,elasticnet,plan_time,default_ml,q18,no_mergejoin,16967.045,58903.905451376595
4,elasticnet,plan_time,default_ml,q18,no_nestloop,17635.017,30757.975993877073
4,elasticnet,plan_time,default_ml,q01_p0,default,3349.141,7152.976499543999
4,elasticnet,plan_time,default_ml,q01_p0,no_hashjoin,4540.459,5816.07796450071
4,elasticnet,plan_time,default_ml,q01_p0,no_mergejoin,10943.592,6231.293695079436
4,elasticnet,plan_time,default_ml,q01_p0,no_nestloop,8294.856,5713.028413358884
4,elasticnet,plan_time,default_ml,q02_p4,default,1973.717,4589.952328355743
4,elasticnet,plan_time,default_ml,q02_p4,no_hashjoin,1809.446,3627.0056658203816
4,elasticnet,plan_time,default_ml,q02_p4,no_mergejoin,2038.239,4022.970905151253
4,elasticnet,plan_time,default_ml,q02_p4,no_nestloop,4826.137,5595.222090636626
4,elasticnet,plan_time,default_ml,q03_p3,default,2118.779,5266.680093012757
4,elasticnet,plan_time,default_ml,q03_p3,no_hashjoin,12346.115,6683.6630855984695
4,elasticnet,plan_time,default_ml,q03_p3,no_mergejoin,1371.854,4535.255790064926
4,elasticnet,plan_time,default_ml,q03_p3,no_nestloop,3581.978,4758.012163200058
4,elasticnet,plan_time,default_ml,q04_p1,default,616.709,1660.4147110447516
4,elasticnet,plan_time,default_ml,q04_p1,no_hashjoin,714.221,1384.3813512482031
4,elasticnet,plan_time,default_ml,q04_p1,no_mergejoin,781.058,1469.982926875661
4,elasticnet,plan_time,default_ml,q04_p1,no_nestloop,4254.901,2837.367345834944
4,elasticnet,plan_time,default_ml,q04_p2,default,706.16,1707.1216145361484
4,elasticnet,plan_time,default_ml,q04_p2,no_hashjoin,693.738,1427.4764263351587
4,elasticnet,plan_time,default_ml,q04_p2,no_mergejoin,797.277,1512.8337620217317
4,elasticnet,plan_time,default_ml,q04_p2,no_nestloop,4757.625,2836.713839940309
4,elasticnet,plan_time,default_ml,q06_p0,default,4046.07,3524.273425156085
4,elasticnet,plan_time,default_ml,q06_p0,no_hashjoin,3038.813,2923.0818531794807
4,elasticnet,plan_time,default_ml,q06_p0,no_mergejoin,3906.789,3108.9628756989323
4,elasticnet,plan_time,default_ml,q06_p0,no_nestloop,3998.758,2874.694973441093
4,elasticnet,plan_time,default_ml,q07_p1,default,48689.845,18165.85187087446
4,elasticnet,plan_time,default_ml,q07_p1,no_hashjoin,15251.364,6209.46833182158
4,elasticnet,plan_time,default_ml,q07_p1,no_mergejoin,53754.001,15705.654950552034
4,elasticnet,plan_time,default_ml,q07_p1,no_nestloop,5609.712,5226.22787126582
4,elasticnet,plan_time,default_ml,q08_p4,default,5660.325,7467.541381267711
4,elasticnet,plan_time,default_ml,q08_p4,no_hashjoin,6197.882,8913.24073002275
4,elasticnet,plan_time,default_ml,q08_p4,no_mergejoin,2379.517,6173.786729587823
4,elasticnet,plan_time,default_ml,q08_p4,no_nestloop,5048.417,5182.182464056662
4,elasticnet,plan_time,default_ml,q09_p3,default,6549.707,13621.416764097981
4,elasticnet,plan_time,default_ml,q09_p3,no_hashjoin,13347.475,47690.60287702923
4,elasticnet,plan_time,default_ml,q09_p3,no_mergejoin,5954.025,11835.694133988576
4,elasticnet,plan_time,default_ml,q09_p3,no_nestloop,3600.447,8490.270600952175
4,elasticnet,plan_time,default_ml,q11_p1,default,2820.861,1179.5162633472742
4,elasticnet,plan_time,default_ml,q11_p1,no_hashjoin,834.804,985.3389932445625
4,elasticnet,plan_time,default_ml,q11_p1,no_mergejoin,854.796,1045.407407041288
4,elasticnet,plan_time,default_ml,q11_p1,no_nestloop,1680.754,1974.0484591153281
4,elasticnet,plan_time,default_ml,q12_p0,default,12501.249,4679.688622358777
4,elasticnet,plan_time,default_ml,q12_p0,no_hashjoin,5870.008,3221.23620001911
4,elasticnet,plan_time,default_ml,q12_p0,no_mergejoin,4893.417,3870.7814132839144
4,elasticnet,plan_time,default_ml,q12_p0,no_nestloop,3516.724,3583.163192000031
4,elasticnet,plan_time,default_ml,q14_p3,default,3822.122,1802.9951787450075
4,elasticnet,plan_time,default_ml,q14_p3,no_hashjoin,5657.868,2735.034854014626
4,elasticnet,plan_time,default_ml,q14_p3,no_mergejoin,5261.081,1607.8755900978551
4,elasticnet,plan_time,default_ml,q14_p3,no_nestloop,3418.002,1486.2062839720334
4,elasticnet,plan_time,default_ml,q15_p2,default,4505.763,4286.553156922325
4,elasticnet,plan_time,default_ml,q15_p2,no_hashjoin,6508.556,3595.086395705804
4,elasticnet,plan_time,default_ml,q15_p2,no_mergejoin,5286.807,3820.3972366308612
4,elasticnet,plan_time,default_ml,q15_p2,no_nestloop,5383.88,3821.043950782237
4,elasticnet,plan_time,default_ml,q16_p1,default,2655.656,2305.6248924231645
4,elasticnet,plan_time,default_ml,q16_p1,no_hashjoin,1923.553,1745.641342893811
4,elasticnet,plan_time,default_ml,q16_p1,no_mergejoin,2945.97,2051.151205942328
4,elasticnet,plan_time,default_ml,q16_p1,no_nestloop,1993.228,1892.3383289248386
4,elasticnet,plan_time,default_ml,q17_p0,default,10431.913,7685.703576729398
4,elasticnet,plan_time,default_ml,q17_p0,no_hashjoin,1729.994,1247.7661888622504
4,elasticnet,plan_time,default_ml,q17_p0,no_mergejoin,8897.062,6674.670222771858
4,elasticnet,plan_time,default_ml,q17_p0,no_nestloop,9330.833,6162.834737132381
4,elasticnet,plan_time,default_ml,q19_p1,default,1205.132,278.4917873469007
4,elasticnet,plan_time,default_ml,q19_p1,no_hashjoin,454.037,232.43069572217644
4,elasticnet,plan_time,default_ml,q19_p1,no_mergejoin,371.417,249.60156059683854
4,elasticnet,plan_time,default_ml,q19_p1,no_nestloop,3774.525,1938.8692251052103
4,elasticnet,plan_time,default_ml,q20_p2,default,5046.379,4506.044958684456
4,elasticnet,plan_time,default_ml,q20_p2,no_hashjoin,3476.229,5498.355107119673
4,elasticnet,plan_time,default_ml,q20_p2,no_mergejoin,3548.939,3895.8982148595073
4,elasticnet,plan_time,default_ml,q21_p1,default,17294.152,11169.058141274198
4,elasticnet,plan_time,default_ml,q21_p1,no_hashjoin,18352.588,16155.249492138475
4,elasticnet,plan_time,default_ml,q21_p1,no_mergejoin,18510.851,9904.566903497229
4,elasticnet,plan_time,default_ml,q21_p1,no_nestloop,10391.969,7055.541301243171
4,elasticnet,plan_time,default_ml,ds_q01_filter_agg,default,1042.995,178.83541259131925
4,elasticnet,plan_time,default_ml,ds_q01_filter_agg,no_hashjoin,810.184,492.4962856996881
4,elasticnet,plan_time,default_ml,ds_q01_filter_agg,no_mergejoin,537.585,146.15602669550032
4,elasticnet,plan_time,default_ml,ds_q01_filter_agg,no_nestloop,1482.016,134.87434732945997
4,elasticnet,plan_time,default_ml,ds_q10_window_topk,default,2181.389,0.1
4,elasticnet,plan_time,default_ml,ds_q10_window_topk,no_hashjoin,4045.225,0.1
4,elasticnet,plan_time,default_ml,ds_q10_window_topk,no_mergejoin,1774.157,0.1
4,elasticnet,plan_time,default_ml,ds_q10_window_topk,no_nestloop,1763.773,0.1
4,elasticnet,plan_time,default_ml,ds_q13_high_quantity,default,350.115,576.9802933760399
4,elasticnet,plan_time,default_ml,ds_q13_high_quantity,no_hashjoin,465.736,481.7347435324159
4,elasticnet,plan_time,default_ml,ds_q13_high_quantity,no_mergejoin,399.664,513.2901817562234
4,elasticnet,plan_time,default_ml,ds_q13_high_quantity,no_nestloop,458.559,473.2336385181575
4,elasticnet,plan_time,default_ml,ds_q20_demographic,default,867.031,761.5252594829717
4,elasticnet,plan_time,default_ml,ds_q20_demographic,no_hashjoin,3716.274,2488.2240772775467
4,elasticnet,plan_time,default_ml,ds_q20_demographic,no_mergejoin,726.447,645.8778602752882
4,elasticnet,plan_time,default_ml,ds_q20_demographic,no_nestloop,1077.246,597.3683349062431
4,elasticnet,plan_time,default_ml,online_d4e75912f5,default,2553.552,6142.94863740776
4,elasticnet,plan_time,default_ml,online_d4e75912f5,no_hashjoin,1500.007,5128.8058892196395
4,elasticnet,plan_time,default_ml,online_d4e75912f5,no_mergejoin,1479.977,5479.088437198995
4,elasticnet,plan_time,default_ml,online_d4e75912f5,no_nestloop,1374.997,5040.310338308009
4,elasticnet,plan_time,default_ml,online_4742846dc9,no_hashjoin,974.089,4286.486891090716
0,random_forest,plan_time,default_ml,q01_customers_by_country,default,0.928,11.246874115898022
0,random_forest,plan_time,default_ml,q02_orders_recent,default,4.298,21.330242412775203
0,random_forest,plan_time,default_ml,q07_self_subquery,default,11.032,14.51480434683516
0,random_forest,plan_time,default_ml,q01,default,11982.478,9528.505967062201
0,random_forest,plan_time,default_ml,q01,no_hashjoin,11191.817,9374.089281483783
0,random_forest,plan_time,default_ml,q01,no_mergejoin,10066.542,12697.811725627496
0,random_forest,plan_time,default_ml,q01,no_nestloop,6900.803,12126.58101186328
0,random_forest,plan_time,default_ml,q05,default,8827.081,6704.795750081284
0,random_forest,plan_time,default_ml,q05,no_hashjoin,7074.668,4858.998522330359
0,random_forest,plan_time,default_ml,q05,no_mergejoin,9969.823,5946.738662937552
0,random_forest,plan_time,default_ml,q05,no_nestloop,2887.231,2830.11192523502
0,random_forest,plan_time,default_ml,q12,default,4159.307,5732.1293647915445
0,random_forest,plan_time,default_ml,q12,no_hashjoin,3556.871,4498.621364969752
0,random_forest,plan_time,default_ml,q12,no_mergejoin,4213.912,4520.209566686882
0,random_forest,plan_time,default_ml,q12,no_nestloop,3102.1,4472.691486186145
0,random_forest,plan_time,default_ml,q17,default,4823.064,8846.269768761864
0,random_forest,plan_time,default_ml,q17,no_hashjoin,939.65,1388.8165781154948
0,random_forest,plan_time,default_ml,q17,no_mergejoin,4153.603,8400.807908953018
0,random_forest,plan_time,default_ml,q17,no_nestloop,4235.083,8381.51537000164
0,random_forest,plan_time,default_ml,q19,default,543.454,468.1522598251655
0,random_forest,plan_time,default_ml,q19,no_hashjoin,198.599,518.5086636858144
0,random_forest,plan_time,default_ml,q19,no_mergejoin,215.468,516.2941762710624
0,random_forest,plan_time,default_ml,q19,no_nestloop,1441.563,3101.8469446759273
0,random_forest,plan_time,default_ml,q22,default,383.714,687.6099910648874
0,random_forest,plan_time,default_ml,q22,no_hashjoin,345.909,546.1390563065884
0,random_forest,plan_time,default_ml,q22,no_mergejoin,387.731,467.8806491531135
0,random_forest,plan_time,default_ml,q22,no_nestloop,491.9,2118.828018817367
0,random_forest,plan_time,default_ml,q01_p1,default,9892.378,6625.946417861449
0,random_forest,plan_time,default_ml,q01_p1,no_hashjoin,14592.651,6702.6648167827
0,random_forest,plan_time,default_ml,q01_p1,no_mergejoin,10802.619,7483.920309343254
0,random_forest,plan_time,default_ml,q01_p1,no_nestloop,10626.043,6487.342430358599
0,random_forest,plan_time,default_ml,q01_p4,default,7707.074,10985.44725839791
0,random_forest,plan_time,default_ml,q01_p4,no_hashjoin,11899.903,10439.375983173331
0,random_forest,plan_time,default_ml,q01_p4,no_mergejoin,11406.505,12158.424660928698
0,random_forest,plan_time,default_ml,q01_p4,no_nestloop,9862.402,12938.060145745783
0,random_forest,plan_time,default_ml,q03_p2,default,1513.628,1666.3506013427768
0,random_forest,plan_time,default_ml,q03_p2,no_hashjoin,9935.697,10849.85940578513
0,random_forest,plan_time,default_ml,q03_p2,no_mergejoin,2103.504,1564.9893290415052
0,random_forest,plan_time,default_ml,q03_p2,no_nestloop,3760.127,3039.6040807433724
0,random_forest,plan_time,default_ml,q03_p4,default,1825.335,1628.963523709697
0,random_forest,plan_time,default_ml,q03_p4,no_hashjoin,9233.542,12453.074621046731
0,random_forest,plan_time,default_ml,q03_p4,no_mergejoin,1153.93,1459.5834107813819
0,random_forest,plan_time,default_ml,q03_p4,no_nestloop,1581.882,3047.0165998599787
0,random_forest,plan_time,default_ml,q05_p4,default,7116.569,5250.729574515297
0,random_forest,plan_time,default_ml,q05_p4,no_hashjoin,7761.671,4748.580388393573
0,random_forest,plan_time,default_ml,q05_p4,no_mergejoin,14257.984,5190.526679895738
0,random_forest,plan_time,default_ml,q05_p4,no_nestloop,5488.744,4043.252959093089
0,random_forest,plan_time,default_ml,q06_p1,default,4169.204,2038.2508522008063
0,random_forest,plan_time,default_ml,q06_p1,no_hashjoin,2672.595,1543.018795179992
0,random_forest,plan_time,default_ml,q06_p1,no_mergejoin,2169.062,1999.3293823054842
0,random_forest,plan_time,default_ml,q06_p1,no_nestloop,2766.657,1712.4261954482613
0,random_forest,plan_time,default_ml,q07_p0,default,33515.848,53128.830863349656
0,random_forest,plan_time,default_ml,q07_p0,no_hashjoin,6605.498,13283.989622138888
0,random_forest,plan_time,default_ml,q07_p0,no_mergejoin,31465.431,48711.90563833994
0,random_forest,plan_time,default_ml,q07_p0,no_nestloop,2952.799,3414.8351447911004
0,random_forest,plan_time,default_ml,q07_p4,default,59489.379,53128.830863349656
0,random_forest,plan_time,default_ml,q07_p4,no_hashjoin,12167.826,6724.259396648973
0,random_forest,plan_time,default_ml,q07_p4,no_mergejoin,26668.91,48785.59608185355
0,random_forest,plan_time,default_ml,q07_p4,no_nestloop,1892.741,3493.322918382099
0,random_forest,plan_time,default_ml,q08_p3,default,6018.607,4172.791247577158
0,random_forest,plan_time,default_ml,q08_p3,no_hashjoin,3792.658,4269.996106997971
0,random_forest,plan_time,default_ml,q08_p3,no_mergejoin,3685.784,2429.3742504086376
0,random_forest,plan_time,default_ml,q08_p3,no_nestloop,6346.003,4874.6616233999675
0,random_forest,plan_time,default_ml,q09_p2,default,12046.323,18596.158876511698
0,random_forest,plan_time,default_ml,q09_p2,no_hashjoin,20980.942,29016.07489283299
0,random_forest,plan_time,default_ml,q09_p2,no_mergejoin,14809.125,11480.046647234212
0,random_forest,plan_time,default_ml,q09_p2,no_nestloop,7339.487,6030.444749934304
0,random_forest,plan_time,default_ml,q11_p0,default,3049.573,1190.2366173417424
0,random_forest,plan_time,default_ml,q11_p0,no_hashjoin,904.409,809.7556038314713
0,random_forest,plan_time,default_ml,q11_p0,no_mergejoin,816.264,695.7858255553035
0,random_forest,plan_time,default_ml,q11_p0,no_nestloop,1302.632,1633.354459281804
0,random_forest,plan_time,default_ml,q12_p4,default,2249.037,2712.3501113299358
0,random_forest,plan_time,default_ml,q12_p4,no_hashjoin,3823.712,2547.029889127076
0,random_forest,plan_time,default_ml,q12_p4,no_mergejoin,6799.636,2479.307738557234
0,random_forest,plan_time,default_ml,q12_p4,no_nestloop,7214.151,2934.432385670157
0,random_forest,plan_time,default_ml,q14_p2,default,3528.926,2073.7230745221705
0,random_forest,plan_time,default_ml,q14_p2,no_hashjoin,3469.28,2237.0822170518923
0,random_forest,plan_time,default_ml,q14_p2,no_mergejoin,3484.62,2032.2220734265209
0,random_forest,plan_time,default_ml,q14_p2,no_nestloop,2670.408,2152.4050501043007
0,random_forest,plan_time,default_ml,q15_p1,default,2973.557,4916.005953378151
0,random_forest,plan_time,default_ml,q15_p1,no_hashjoin,3481.784,4845.070065152752
0,random_forest,plan_time,default_ml,q15_p1,no_mergejoin,3814.434,4641.128800981632
0,random_forest,plan_time,default_ml,q15_p1,no_nestloop,2991.507,4755.493496145084
0,random_forest,plan_time,default_ml,q16_p0,default,3583.344,1970.5131847799498
0,random_forest,plan_time,default_ml,q16_p0,no_hashjoin,2973.287,1705.3434303044862
0,random_forest,plan_time,default_ml,q16_p0,no_mergejoin,1724.904,1343.6857086505854
0,random_forest,plan_time,default_ml,q16_p0,no_nestloop,2170.77,1488.6611729922595
0,random_forest,plan_time,default_ml,q19_p4,default,413.238,414.33553867052785
0,random_forest,plan_time,default_ml,q19_p4,no_hashjoin,264.754,470.3784417110452
0,random_forest,plan_time,default_ml,q19_p4,no_mergejoin,314.011,422.7014848663192
0,random_forest,plan_time,default_ml,q19_p4,no_nestloop,3594.635,3267.68880106327
0,random_forest,plan_time,default_ml,q21_p0,default,52833.508,17618.222029461238
0,random_forest,plan_time,default_ml,q21_p0,no_hashjoin,47704.612,17139.075985986456
0,random_forest,plan_time,default_ml,q21_p0,no_mergejoin,18214.814,19298.827746148094
0,random_forest,plan_time,default_ml,q21_p0,no_nestloop,9580.423,10350.097903201844
0,random_forest,plan_time,default_ml,ds_q06_web_vs_store,default,696.566,1362.5500788302923
0,random_forest,plan_time,default_ml,ds_q06_web_vs_store,no_hashjoin,1647.674,2208.2906035219935
0,random_forest,plan_time,default_ml,ds_q06_web_vs_store,no_mergejoin,852.859,720.2687232714387
0,random_forest,plan_time,default_ml,ds_q06_web_vs_store,no_nestloop,1042.574,1011.6531507018315
0,random_forest,plan_time,default_ml,ds_q11_inventory_check,default,519.915,731.9560351184547
0,random_forest,plan_time,default_ml,ds_q11_inventory_check,no_hashjoin,947.458,884.5189198331337
0,random_forest,plan_time,default_ml,ds_q11_inventory_check,no_mergejoin,423.518,512.4753108845711
0,random_forest,plan_time,default_ml,ds_q11_inventory_check,no_nestloop,343.882,598.7374682139427
0,random_forest,plan_time,default_ml,ds_q17_dow_pattern,default,996.646,587.059133321
0,random_forest,plan_time,default_ml,ds_q17_dow_pattern,no_hashjoin,2377.113,1396.6418789871598
0,random_forest,plan_time,default_ml,ds_q17_dow_pattern,no_mergejoin,571.268,349.4118644435669
0,random_forest,plan_time,default_ml,ds_q17_dow_pattern,no_nestloop,644.053,817.1593366044185
0,random_forest,plan_time,default_ml,online_ce83de12bc,default,947.618,2016.0830704244845
0,random_forest,plan_time,default_ml,online_ce83de12bc,no_mergejoin,823.206,2059.8751321728287
0,random_forest,plan_time,default_ml,online_ce83de12bc,no_nestloop,732.934,2042.3873261381598
0,random_forest,plan_time,default_ml,online_ce83de12bc,no_hashjoin,782.553,2304.245271002188
1,random_forest,plan_time,default_ml,q03_join_customer_orders,default,13.224,12.322839368233463
1,random_forest,plan_time,default_ml,q05_top_customers,default,18.031,44.026701414797024
1,random_forest,plan_time,default_ml,q02,default,6173.76,5813.289319536694
1,random_forest,plan_time,default_ml,q02,no_hashjoin,4302.342,4396.480949102817
1,random_forest,plan_time,default_ml,q02,no_mergejoin,3199.538,3445.320852773167
1,random_forest,plan_time,default_ml,q02,no_nestloop,6690.813,6609.468591454062
1,random_forest,plan_time,default_ml,q04,default,1216.968,730.0901893532521
1,random_forest,plan_time,default_ml,q04,no_hashjoin,1396.247,766.7625764359146
1,random_forest,plan_time,default_ml,q04,no_mergejoin,1429.065,784.4039453458774
1,random_forest,plan_time,default_ml,q04,no_nestloop,16777.004,5254.596918959314
1,random_forest,plan_time,default_ml,q07,default,35165.908,45177.980956880034
1,random_forest,plan_time,default_ml,q07,no_hashjoin,3945.736,8194.879852304008
1,random_forest,plan_time,default_ml,q07,no_mergejoin,29002.507,44963.00390168499
1,random_forest,plan_time,default_ml,q07,no_nestloop,2402.029,3470.307923002738
1,random_forest,plan_time,default_ml,q11,default,1724.803,1891.3233519426028
1,random_forest,plan_time,default_ml,q11,no_hashjoin,403.337,1014.1040403476014
1,random_forest,plan_time,default_ml,q11,no_mergejoin,308.811,1550.523771124994
1,random_forest,plan_time,default_ml,q11,no_nestloop,801.703,1862.5664202832193
1,random_forest,plan_time,default_ml,q16,default,1605.611,2959.6222010565275
1,random_forest,plan_time,default_ml,q16,no_hashjoin,1383.148,2794.4151045917324
1,random_forest,plan_time,default_ml,q16,no_mergejoin,1106.188,2263.2772035784255
1,random_forest,plan_time,default_ml,q16,no_nestloop,1324.611,2138.6673219209156
1,random_forest,plan_time,default_ml,q21,default,13986.072,19213.771907599756
1,random_forest,plan_time,default_ml,q21,no_hashjoin,19448.204,18480.645574078673
1,random_forest,plan_time,default_ml,q21,no_mergejoin,13055.611,13703.56818788812
1,random_forest,plan_time,default_ml,q21,no_nestloop,10367.542,9652.55378273981
1,random_forest,plan_time,default_ml,q01_p2,default,9565.353,10620.908710388885
1,random_forest,plan_time,default_ml,q01_p2,no_hashjoin,9512.992,11881.230582010696
1,random_forest,plan_time,default_ml,q01_p2,no_mergejoin,13686.939,10630.702227997801
1,random_forest,plan_time,default_ml,q01_p2,no_nestloop,13280.512,9530.117217105631
1,random_forest,plan_time,default_ml,q03_p1,default,1789.751,1993.9714377079379
1,random_forest,plan_time,default_ml,q03_p1,no_hashjoin,11886.905,15145.45680339414
1,random_forest,plan_time,default_ml,q03_p1,no_mergejoin,1234.521,1626.4571931416706
1,random_forest,plan_time,default_ml,q03_p1,no_nestloop,1698.449,3324.820357410254
1,random_forest,plan_time,default_ml,q04_p4,default,1251.353,746.2037483900638
1,random_forest,plan_time,default_ml,q04_p4,no_hashjoin,872.911,757.3487857697327
1,random_forest,plan_time,default_ml,q04_p4,no_mergejoin,1007.402,792.4531871251115
1,random_forest,plan_time,default_ml,q04_p4,no_nestloop,9201.859,4631.030199222992
1,random_forest,plan_time,default_ml,q05_p2,default,4849.114,6687.891582151781
1,random_forest,plan_time,default_ml,q05_p2,no_hashjoin,4040.571,6129.759644125581
1,random_forest,plan_time,default_ml,q05_p2,no_mergejoin,3505.474,5321.672213848003
1,random_forest,plan_time,default_ml,q05_p2,no_nestloop,3152.242,2706.325799218921
1,random_forest,plan_time,default_ml,q05_p3,default,4461.936,8545.144480705654
1,random_forest,plan_time,default_ml,q05_p3,no_hashjoin,4576.937,6104.96032664679
1,random_forest,plan_time,default_ml,q05_p3,no_mergejoin,5163.161,4549.403589211223
1,random_forest,plan_time,default_ml,q05_p3,no_nestloop,4531.435,2790.965503022425
1,random_forest,plan_time,default_ml,q07_p3,default,48180.292,45578.80644593846
1,random_forest,plan_time,default_ml,q07_p3,no_hashjoin,20439.496,8628.663518856669
1,random_forest,plan_time,default_ml,q07_p3,no_mergejoin,75622.57,45246.044735373725
1,random_forest,plan_time,default_ml,q07_p3,no_nestloop,7456.51,5443.589154770997
1,random_forest,plan_time,default_ml,q08_p2,default,4115.998,2403.450192930588
1,random_forest,plan_time,default_ml,q08_p2,no_hashjoin,2794.834,3089.7879067303893
1,random_forest,plan_time,default_ml,q08_p2,no_mergejoin,3521.968,2515.180938578502
1,random_forest,plan_time,default_ml,q08_p2,no_nestloop,6391.806,2922.9751554107165
1,random_forest,plan_time,default_ml,q09_p1,default,39188.185,24442.09452070645
1,random_forest,plan_time,default_ml,q09_p1,no_hashjoin,37214.359,23498.704469654236
1,random_forest,plan_time,default_ml,q09_p1,no_mergejoin,17515.704,17191.599460174984
1,random_forest,plan_time,default_ml,q09_p1,no_nestloop,9813.353,5297.786111112965
1,random_forest,plan_time,default_ml,q11_p4,default,1992.165,1617.0770654244852
1,random_forest,plan_time,default_ml,q11_p4,no_hashjoin,694.319,996.6574917511663
1,random_forest,plan_time,default_ml,q11_p4,no_mergejoin,595.204,872.7185709356992
1,random_forest,plan_time,default_ml,q11_p4,no_nestloop,1576.498,1500.5843486015453
1,random_forest,plan_time,default_ml,q12_p3,default,2243.386,4470.526711735401
1,random_forest,plan_time,default_ml,q12_p3,no_hashjoin,2231.47,3697.6021176090185
1,random_forest,plan_time,default_ml,q12_p3,no_mergejoin,2085.778,2732.3654737392258
1,random_forest,plan_time,default_ml,q12_p3,no_nestloop,2514.896,5349.43989851048
1,random_forest,plan_time,default_ml,q14_p1,default,2856.102,2955.4428785954738
1,random_forest,plan_time,default_ml,q14_p1,no_hashjoin,2769.721,1457.054380986097
1,random_forest,plan_time,default_ml,q14_p1,no_mergejoin,2453.346,2818.960621770676
1,random_forest,plan_time,default_ml,q14_p1,no_nestloop,2195.13,2671.665900403105
1,random_forest,plan_time,default_ml,q15_p0,default,4191.151,3459.5418839778704
1,random_forest,plan_time,default_ml,q15_p0,no_hashjoin,5584.123,3620.6991429869954
1,random_forest,plan_time,default_ml,q15_p0,no_mergejoin,5665.229,4132.212197291941
1,random_forest,plan_time,default_ml,q15_p0,no_nestloop,2830.03,4191.426165938534
1,random_forest,plan_time,default_ml,q16_p4,default,2523.064,2261.366921499008
1,random_forest,plan_time,default_ml,q16_p4,no_hashjoin,1946.083,2762.5444973346566
1,random_forest,plan_time,default_ml,q16_p4,no_mergejoin,1783.659,1819.7955223253011
1,random_forest,plan_time,default_ml,q16_p4,no_nestloop,2195.978,2190.465432158105
1,random_forest,plan_time,default_ml,q19_p0,default,435.11,310.46888751087727
1,random_forest,plan_time,default_ml,q19_p0,no_hashjoin,516.983,232.0722797461788
1,random_forest,plan_time,default_ml,q19_p0,no_mergejoin,498.459,257.3186457884161
1,random_forest,plan_time,default_ml,q19_p0,no_nestloop,3656.192,1816.2632278124722
1,random_forest,plan_time,default_ml,q19_p3,default,392.595,346.92282748445285
1,random_forest,plan_time,default_ml,q19_p3,no_hashjoin,404.667,308.4014031948006
1,random_forest,plan_time,default_ml,q19_p3,no_mergejoin,494.229,381.45997175134875
1,random_forest,plan_time,default_ml,q19_p3,no_nestloop,3766.083,1523.1302175891321
1,random_forest,plan_time,default_ml,q21_p4,default,19462.346,16430.873626261313
1,random_forest,plan_time,default_ml,q21_p4,no_hashjoin,19158.111,16059.998376184105
1,random_forest,plan_time,default_ml,q21_p4,no_mergejoin,21773.347,16505.292270159924
1,random_forest,plan_time,default_ml,q21_p4,no_nestloop,20578.87,10120.566192975053
1,random_forest,plan_time,default_ml,ds_q04_customer_topk,default,704.859,624.9798253416743
1,random_forest,plan_time,default_ml,ds_q04_customer_topk,no_hashjoin,1272.521,533.726519320785
1,random_forest,plan_time,default_ml,ds_q04_customer_topk,no_mergejoin,577.718,675.441244595378
1,random_forest,plan_time,default_ml,ds_q04_customer_topk,no_nestloop,799.922,514.6941507308054
1,random_forest,plan_time,default_ml,ds_q05_returns_filter,default,279.907,76.92348664014588
1,random_forest,plan_time,default_ml,ds_q05_returns_filter,no_hashjoin,328.061,703.4373742851977
1,random_forest,plan_time,default_ml,ds_q05_returns_filter,no_mergejoin,196.199,42.443728702189034
1,random_forest,plan_time,default_ml,ds_q05_returns_filter,no_nestloop,163.456,45.96646534237571
1,random_forest,plan_time,default_ml,ds_q09_avg_basket,default,481.674,441.81837297938193
1,random_forest,plan_time,default_ml,ds_q09_avg_basket,no_hashjoin,512.863,427.64623150721474
1,random_forest,plan_time,default_ml,ds_q09_avg_basket,no_mergejoin,420.93,405.36837608990805
1,random_forest,plan_time,default_ml,ds_q09_avg_basket,no_nestloop,445.387,442.4376911267745
1,random_forest,plan_time,default_ml,ds_q18_brand_topk,default,662.842,310.73253022210616
1,random_forest,plan_time,default_ml,ds_q18_brand_topk,no_hashjoin,2523.984,907.4435613976458
1,random_forest,plan_time,default_ml,ds_q18_brand_topk,no_mergejoin,2049.833,308.3027239802346
1,random_forest,plan_time,default_ml,ds_q18_brand_topk,no_nestloop,774.295,280.03501118198596
1,random_forest,plan_time,default_ml,ds_q19_self_join,default,5.488,18.562336899594303
1,random_forest,plan_time,default_ml,ds_q19_self_join,no_hashjoin,0.11,18.931175066175122
1,random_forest,plan_time,default_ml,ds_q19_self_join,no_mergejoin,0.106,17.660282201345755
1,random_forest,plan_time,default_ml,ds_q19_self_join,no_nestloop,0.133,19.491842848200474
2,random_forest,plan_time,default_ml,q10,default,1318.8,4473.894414852264
2,random_forest,plan_time,default_ml,q10,no_hashjoin,4160.12,6112.692188197016
2,random_forest,plan_time,default_ml,q10,no_mergejoin,1571.937,3574.069956867609
2,random_forest,plan_time,default_ml,q10,no_nestloop,2518.974,4422.685888348325
2,random_forest,plan_time,default_ml,q15,default,2757.332,5021.75497051072
2,random_forest,plan_time,default_ml,q15,no_hashjoin,2518.908,5448.607234146103
2,random_forest,plan_time,default_ml,q15,no_mergejoin,2113.783,5222.392276221371
2,random_forest,plan_time,default_ml,q15,no_nestloop,2244.615,4584.764853665316
2,random_forest,plan_time,default_ml,q20,default,7381.431,9031.38836625092
2,random_forest,plan_time,default_ml,q20,no_hashjoin,4427.324,3885.020148252365
2,random_forest,plan_time,default_ml,q20,no_mergejoin,4679.932,12435.213128941581
2,random_forest,plan_time,default_ml,q01_p3,default,13984.334,10479.688982950662
2,random_forest,plan_time,default_ml,q01_p3,no_hashjoin,15019.025,10732.32105653972
2,random_forest,plan_time,default_ml,q01_p3,no_mergejoin,12287.425,10517.151670879102
2,random_forest,plan_time,default_ml,q01_p3,no_nestloop,11661.957,9459.08414886311
2,random_forest,plan_time,default_ml,q02_p0,default,23413.931,5249.7519055436005
2,random_forest,plan_time,default_ml,q02_p0,no_hashjoin,3964.82,4165.792760158597
2,random_forest,plan_time,default_ml,q02_p0,no_mergejoin,3313.199,2904.788013537714
2,random_forest,plan_time,default_ml,q02_p0,no_nestloop,8545.085,5261.050443850963
2,random_forest,plan_time,default_ml,q02_p2,default,3165.46,3305.4191234203163
2,random_forest,plan_time,default_ml,q02_p2,no_hashjoin,5007.324,4051.5363674429327
2,random_forest,plan_time,default_ml,q02_p2,no_mergejoin,3606.714,2840.6403091594034
2,random_forest,plan_time,default_ml,q02_p2,no_nestloop,7216.648,5407.523042181707
2,random_forest,plan_time,default_ml,q03_p0,default,2635.037,1857.6601291692793
2,random_forest,plan_time,default_ml,q03_p0,no_hashjoin,18114.795,12073.896804847609
2,random_forest,plan_time,default_ml,q03_p0,no_mergejoin,1944.902,1447.2130794042532
2,random_forest,plan_time,default_ml,q03_p0,no_nestloop,5589.845,2018.794252306949
2,random_forest,plan_time,default_ml,q04_p3,default,990.862,826.3325247896132
2,random_forest,plan_time,default_ml,q04_p3,no_hashjoin,1329.233,734.2597546125357
2,random_forest,plan_time,default_ml,q04_p3,no_mergejoin,1103.474,771.9713993605944
2,random_forest,plan_time,default_ml,q04_p3,no_nestloop,8503.564,5752.108252706485
2,random_forest,plan_time,default_ml,q05_p1,default,6327.661,6860.5643577654955
2,random_forest,plan_time,default_ml,q05_p1,no_hashjoin,3334.809,4799.121594217781
2,random_forest,plan_time,default_ml,q05_p1,no_mergejoin,3473.214,4951.328008242113
2,random_forest,plan_time,default_ml,q05_p1,no_nestloop,2614.839,3791.060558817193
2,random_forest,plan_time,default_ml,q06_p2,default,4135.177,3592.161040542131
2,random_forest,plan_time,default_ml,q06_p2,no_hashjoin,3106.429,2449.8526213581126
2,random_forest,plan_time,default_ml,q06_p2,no_mergejoin,2665.156,2480.6708640901666
2,random_forest,plan_time,default_ml,q06_p2,no_nestloop,2697.838,2958.817115005345
2,random_forest,plan_time,default_ml,q07_p2,default,42141.36,39684.47888110608
2,random_forest,plan_time,default_ml,q07_p2,no_hashjoin,10847.283,11107.904518556583
2,random_forest,plan_time,default_ml,q07_p2,no_mergejoin,49967.521,34505.09477016172
2,random_forest,plan_time,default_ml,q07_p2,no_nestloop,8066.19,5861.950081397366
2,random_forest,plan_time,default_ml,q08_p1,default,2058.638,4903.660254809893
2,random_forest,plan_time,default_ml,q08_p1,no_hashjoin,2498.809,2564.1989635534233
2,random_forest,plan_time,default_ml,q08_p1,no_mergejoin,2816.12,4750.038444507862
2,random_forest,plan_time,default_ml,q08_p1,no_nestloop,5506.494,5254.245703984183
2,random_forest,plan_time,default_ml,q09_p0,default,27540.065,15068.33255253203
2,random_forest,plan_time,default_ml,q09_p0,no_hashjoin,44491.972,29408.71513704312
2,random_forest,plan_time,default_ml,q09_p0,no_mergejoin,20940.383,8132.298379749179
2,random_forest,plan_time,default_ml,q09_p0,no_nestloop,16162.56,9455.457690612624
2,random_forest,plan_time,default_ml,q11_p3,default,1976.909,1291.130361361406
2,random_forest,plan_time,default_ml,q11_p3,no_hashjoin,748.431,908.1877565519987
2,random_forest,plan_time,default_ml,q11_p3,no_mergejoin,562.144,790.8188669355535
2,random_forest,plan_time,default_ml,q11_p3,no_nestloop,1681.782,1484.6300557379254
2,random_forest,plan_time,default_ml,q12_p2,default,2149.287,3033.7434011065925
2,random_forest,plan_time,default_ml,q12_p2,no_hashjoin,2364.648,2981.7116533444837
2,random_forest,plan_time,default_ml,q12_p2,no_mergejoin,2164.549,3145.0108879483446
2,random_forest,plan_time,default_ml,q12_p2,no_nestloop,1854.457,3222.0065790097187
2,random_forest,plan_time,default_ml,q14_p0,default,2971.513,2498.965113154369
2,random_forest,plan_time,default_ml,q14_p0,no_hashjoin,3770.611,2373.5519223370784
2,random_forest,plan_time,default_ml,q14_p0,no_mergejoin,4340.477,2409.892700601906
2,random_forest,plan_time,default_ml,q14_p0,no_nestloop,3252.169,2245.772070680907
2,random_forest,plan_time,default_ml,q15_p4,default,3928.715,4857.237494518762
2,random_forest,plan_time,default_ml,q15_p4,no_hashjoin,3612.135,5674.631459752212
2,random_forest,plan_time,default_ml,q15_p4,no_mergejoin,4176.719,5442.399627713197
2,random_forest,plan_time,default_ml,q15_p4,no_nestloop,4123.565,3728.1759562800808
2,random_forest,plan_time,default_ml,q16_p3,default,2142.518,2039.0528044062012
2,random_forest,plan_time,default_ml,q16_p3,no_hashjoin,2488.674,1860.1126975882114
2,random_forest,plan_time,default_ml,q16_p3,no_mergejoin,2170.027,1437.9309351909894
2,random_forest,plan_time,default_ml,q16_p3,no_nestloop,1427.093,1651.5715196798978
2,random_forest,plan_time,default_ml,q17_p2,default,5596.138,5046.201480434768
2,random_forest,plan_time,default_ml,q17_p2,no_hashjoin,730.087,972.5911747367243
2,random_forest,plan_time,default_ml,q17_p2,no_mergejoin,4160.795,5167.743695317875
2,random_forest,plan_time,default_ml,q17_p2,no_nestloop,4012.796,5412.118242734696
2,random_forest,plan_time,default_ml,q17_p3,default,5259.441,4742.366994757538
2,random_forest,plan_time,default_ml,q17_p3,no_hashjoin,821.265,922.4830172704955
2,random_forest,plan_time,default_ml,q17_p3,no_mergejoin,5243.261,4706.031270341275
2,random_forest,plan_time,default_ml,q17_p3,no_nestloop,7027.809,4320.2030438521815
2,random_forest,plan_time,default_ml,q19_p2,default,231.761,437.3335036734459
2,random_forest,plan_time,default_ml,q19_p2,no_hashjoin,251.742,373.9250102937676
2,random_forest,plan_time,default_ml,q19_p2,no_mergejoin,298.061,368.9181018311366
2,random_forest,plan_time,default_ml,q19_p2,no_nestloop,232.592,2373.6019470682704
2,random_forest,plan_time,default_ml,q20_p0,default,6531.394,10946.326387034887
2,random_forest,plan_time,default_ml,q20_p0,no_hashjoin,3627.978,9645.041203158135
2,random_forest,plan_time,default_ml,q20_p0,no_mergejoin,4085.213,4113.4333890233065
2,random_forest,plan_time,default_ml,q21_p3,default,17560.987,15533.093415932673
2,random_forest,plan_time,default_ml,q21_p3,no_hashjoin,17085.046,31691.062178501194
2,random_forest,plan_time,default_ml,q21_p3,no_mergejoin,17104.211,14635.680361610057
2,random_forest,plan_time,default_ml,q21_p3,no_nestloop,11808.777,11058.631343316169
2,random_forest,plan_time,default_ml,ds_q03_promo_effect,default,639.997,583.0778850049672
2,random_forest,plan_time,default_ml,ds_q03_promo_effect,no_hashjoin,2233.295,599.5504918528871
2,random_forest,plan_time,default_ml,ds_q03_promo_effect,no_mergejoin,613.607,384.2735979127908
2,random_forest,plan_time,default_ml,ds_q03_promo_effect,no_nestloop,389.256,494.69476201268134
2,random_forest,plan_time,default_ml,ds_q08_addr_filter,default,89.476,41.38628252667242
2,random_forest,plan_time,default_ml,ds_q08_addr_filter,no_hashjoin,43.675,21.825650356853238
2,random_forest,plan_time,default_ml,ds_q08_addr_filter,no_mergejoin,39.483,26.78291226738159
2,random_forest,plan_time,default_ml,ds_q08_addr_filter,no_nestloop,61.302,27.162187935150115
2,random_forest,plan_time,default_ml,ds_q12_catalog_topk,default,531.523,881.0907400418736
2,random_forest,plan_time,default_ml,ds_q12_catalog_topk,no_hashjoin,968.577,1009.7193898333009
2,random_forest,plan_time,default_ml,ds_q12_catalog_topk,no_mergejoin,392.038,920.925471198123
2,random_forest,plan_time,default_ml,ds_q12_catalog_topk,no_nestloop,356.789,704.0255863302086
2,random_forest,plan_time,default_ml,ds_q15_returns_ratio,default,810.594,932.5085087981902
2,random_forest,plan_time,default_ml,ds_q15_returns_ratio,no_hashjoin,2445.148,1173.4480730261682
2,random_forest,plan_time,default_ml,ds_q15_returns_ratio,no_mergejoin,643.784,804.0868398091241
2,random_forest,plan_time,default_ml,ds_q15_returns_ratio,no_nestloop,729.727,875.7218316558947
2,random_forest,plan_time,default_ml,online_b21324f41e,default,256.352,843.3625083434907
2,random_forest,plan_time,default_ml,online_b21324f41e,no_mergejoin,160.573,599.5413511176973
2,random_forest,plan_time,default_ml,online_b21324f41e,no_nestloop,160.279,832.9647797386298
2,random_forest,plan_time,default_ml,online_b21324f41e,no_hashjoin,301.284,1223.6408048634912
3,random_forest,plan_time,default_ml,q03,default,1640.223,2203.6805315161846
3,random_forest,plan_time,default_ml,q03,no_hashjoin,15919.201,12122.667797382635
3,random_forest,plan_time,default_ml,q03,no_mergejoin,2101.658,1872.577414677179
3,random_forest,plan_time,default_ml,q03,no_nestloop,2195.742,2643.9875251546573
3,random_forest,plan_time,default_ml,q09,default,23625.277,12492.313800167412
3,random_forest,plan_time,default_ml,q09,no_hashjoin,30860.744,30040.117852227435
3,random_forest,plan_time,default_ml,q09,no_mergejoin,19454.599,14643.454795332711
3,random_forest,plan_time,default_ml,q09,no_nestloop,9471.806,12634.386387639479
3,random_forest,plan_time,default_ml,q14,default,1878.312,2985.815406788982
3,random_forest,plan_time,default_ml,q14,no_hashjoin,1806.03,3004.0903250032547
3,random_forest,plan_time,default_ml,q14,no_mergejoin,1504.265,1540.3848799301818
3,random_forest,plan_time,default_ml,q14,no_nestloop,2199.709,2713.947714218877
3,random_forest,plan_time,default_ml,q02_p1,default,4831.789,3250.333760926628
3,random_forest,plan_time,default_ml,q02_p1,no_hashjoin,7944.497,3720.97272333898
3,random_forest,plan_time,default_ml,q02_p1,no_mergejoin,7564.481,3914.766611922326
3,random_forest,plan_time,default_ml,q02_p1,no_nestloop,6618.888,6807.698796330391
3,random_forest,plan_time,default_ml,q02_p3,default,3892.114,3089.5019561022673
3,random_forest,plan_time,default_ml,q02_p3,no_hashjoin,3155.964,4963.833163963921
3,random_forest,plan_time,default_ml,q02_p3,no_mergejoin,4532.378,3072.7355878804055
3,random_forest,plan_time,default_ml,q02_p3,no_nestloop,5564.808,6651.124187362234
3,random_forest,plan_time,default_ml,q04_p0,default,698.777,1185.176448371159
3,random_forest,plan_time,default_ml,q04_p0,no_hashjoin,711.225,1186.333254789723
3,random_forest,plan_time,default_ml,q04_p0,no_mergejoin,778.803,1145.6116493996433
3,random_forest,plan_time,default_ml,q04_p0,no_nestloop,3866.661,6930.6080827143005
3,random_forest,plan_time,default_ml,q05_p0,default,8204.45,5809.025084846291
3,random_forest,plan_time,default_ml,q05_p0,no_hashjoin,5962.965,4591.984530995466
3,random_forest,plan_time,default_ml,q05_p0,no_mergejoin,4610.027,3731.7243048020723
3,random_forest,plan_time,default_ml,q05_p0,no_nestloop,2611.541,3324.813314587781
3,random_forest,plan_time,default_ml,q06_p3,default,3480.088,3114.5130174482583
3,random_forest,plan_time,default_ml,q06_p3,no_hashjoin,2996.05,3349.8114399941906
3,random_forest,plan_time,default_ml,q06_p3,no_mergejoin,2669.903,2669.375601662628
3,random_forest,plan_time,default_ml,q06_p3,no_nestloop,4023.332,2713.0240211105283
3,random_forest,plan_time,default_ml,q06_p4,default,5669.9,2929.264999396343
3,random_forest,plan_time,default_ml,q06_p4,no_hashjoin,2089.769,3016.5423443383006
3,random_forest,plan_time,default_ml,q06_p4,no_mergejoin,4714.611,3241.242315183238
3,random_forest,plan_time,default_ml,q06_p4,no_nestloop,1983.072,2685.029740212289
3,random_forest,plan_time,default_ml,q08_p0,default,2318.738,3052.943441522434
3,random_forest,plan_time,default_ml,q08_p0,no_hashjoin,1937.078,5445.775493061783
3,random_forest,plan_time,default_ml,q08_p0,no_mergejoin,2662.364,3087.142441243214
3,random_forest,plan_time,default_ml,q08_p0,no_nestloop,4359.179,3380.257870649768
3,random_forest,plan_time,default_ml,q09_p4,default,8298.719,8155.602332991135
3,random_forest,plan_time,default_ml,q09_p4,no_hashjoin,16043.449,19027.95336846495
3,random_forest,plan_time,default_ml,q09_p4,no_mergejoin,10137.559,12020.061312572006
3,random_forest,plan_time,default_ml,q09_p4,no_nestloop,11374.003,8362.098756032976
3,random_forest,plan_time,default_ml,q11_p2,default,1218.799,1768.7438567148304
3,random_forest,plan_time,default_ml,q11_p2,no_hashjoin,843.429,924.4785485859094
3,random_forest,plan_time,default_ml,q11_p2,no_mergejoin,2433.052,718.6146141394373
3,random_forest,plan_time,default_ml,q11_p2,no_nestloop,3181.035,1094.3012987954787
3,random_forest,plan_time,default_ml,q12_p1,default,6508.802,2585.0066500644944
3,random_forest,plan_time,default_ml,q12_p1,no_hashjoin,3209.493,2881.405724282771
3,random_forest,plan_time,default_ml,q12_p1,no_mergejoin,2447.656,2406.922036825899
3,random_forest,plan_time,default_ml,q12_p1,no_nestloop,1816.0,2223.4305608756376
3,random_forest,plan_time,default_ml,q14_p4,default,3773.783,3250.748672967547
3,random_forest,plan_time,default_ml,q14_p4,no_hashjoin,2474.995,3863.315733573454
3,random_forest,plan_time,default_ml,q14_p4,no_mergejoin,2967.284,1333.7240909320492
3,random_forest,plan_time,default_ml,q14_p4,no_nestloop,2601.241,2850.9972225676297
3,random_forest,plan_time,default_ml,q15_p3,default,4889.391,3037.050143711889
3,random_forest,plan_time,default_ml,q15_p3,no_hashjoin,5317.028,2823.9670360212685
3,random_forest,plan_time,default_ml,q15_p3,no_mergejoin,5676.261,3007.677574921788
3,random_forest,plan_time,default_ml,q15_p3,no_nestloop,5457.38,2736.981349764055
3,random_forest,plan_time,default_ml,q16_p2,default,2458.46,2334.9496679265953
3,random_forest,plan_time,default_ml,q16_p2,no_hashjoin,2627.809,1795.9250460967585
3,random_forest,plan_time,default_ml,q16_p2,no_mergejoin,1893.313,1967.008235480925
3,random_forest,plan_time,default_ml,q16_p2,no_nestloop,2458.918,1825.5203498798073
3,random_forest,plan_time,default_ml,q17_p1,default,11535.719,5484.355425479634
3,random_forest,plan_time,default_ml,q17_p1,no_hashjoin,2053.23,1351.7139838271733
3,random_forest,plan_time,default_ml,q17_p1,no_mergejoin,7398.36,5154.653356984275
3,random_forest,plan_time,default_ml,q17_p1,no_nestloop,4296.241,7252.3666704561
3,random_forest,plan_time,default_ml,q17_p4,default,4937.429,7047.665472581895
3,random_forest,plan_time,default_ml,q17_p4,no_hashjoin,664.182,1382.960231400454
3,random_forest,plan_time,default_ml,q17_p4,no_mergejoin,4008.003,7304.286793827337
3,random_forest,plan_time,default_ml,q17_p4,no_nestloop,4202.008,5976.2218278774635
3,random_forest,plan_time,default_ml,q20_p1,default,2525.096,4268.852274239351
3,random_forest,plan_time,default_ml,q20_p1,no_hashjoin,2273.024,3690.6961450445347
3,random_forest,plan_time,default_ml,q20_p1,no_mergejoin,2129.206,4019.9834372166074
3,random_forest,plan_time,default_ml,q20_p1,no_nestloop,278747.214,6270.230878864641
3,random_forest,plan_time,default_ml,q20_p3,default,11028.75,6732.151050248527
3,random_forest,plan_time,default_ml,q20_p3,no_hashjoin,10269.854,3587.839353289458
3,random_forest,plan_time,default_ml,q20_p3,no_mergejoin,13299.016,3944.887448378356
3,random_forest,plan_time,default_ml,q20_p4,default,70494.953,6141.930336472453
3,random_forest,plan_time,default_ml,q20_p4,no_hashjoin,17808.234,3649.189513411848
3,random_forest,plan_time,default_ml,q20_p4,no_mergejoin,22436.179,4068.0236084101552
3,random_forest,plan_time,default_ml,q21_p2,default,12400.143,17103.932006663068
3,random_forest,plan_time,default_ml,q21_p2,no_hashjoin,16524.084,22371.370378842603
3,random_forest,plan_time,default_ml,q21_p2,no_mergejoin,11762.799,15084.712464386526
3,random_forest,plan_time,default_ml,q21_p2,no_nestloop,9402.375,9811.715116645972
3,random_forest,plan_time,default_ml,ds_q02_topk_revenue,default,1542.053,1055.2547374418064
3,random_forest,plan_time,default_ml,ds_q02_topk_revenue,no_hashjoin,1352.97,603.3138417506851
3,random_forest,plan_time,default_ml,ds_q02_topk_revenue,no_mergejoin,543.457,611.1015180126626
3,random_forest,plan_time,default_ml,ds_q02_topk_revenue,no_nestloop,667.532,1068.4185016285526
3,random_forest,plan_time,default_ml,ds_q07_yearly_trend,default,1811.255,828.0940470892112
3,random_forest,plan_time,default_ml,ds_q07_yearly_trend,no_hashjoin,1572.343,1085.03517136525
3,random_forest,plan_time,default_ml,ds_q07_yearly_trend,no_mergejoin,572.578,746.7429144024093
3,random_forest,plan_time,default_ml,ds_q07_yearly_trend,no_nestloop,616.613,681.9677867148151
3,random_forest,plan_time,default_ml,ds_q14_state_revenue,default,495.792,940.265610172208
3,random_forest,plan_time,default_ml,ds_q14_state_revenue,no_hashjoin,1105.507,1526.3857623505137
3,random_forest,plan_time,default_ml,ds_q14_state_revenue,no_mergejoin,802.114,409.84240306392275
3,random_forest,plan_time,default_ml,ds_q14_state_revenue,no_nestloop,778.636,780.9530877596176
3,random_forest,plan_time,default_ml,ds_q16_web_returns,default,86.387,33.639706129793694
3,random_forest,plan_time,default_ml,ds_q16_web_returns,no_hashjoin,52.615,23.519578101392096
3,random_forest,plan_time,default_ml,ds_q16_web_returns,no_mergejoin,35.959,23.124227323384915
3,random_forest,plan_time,default_ml,ds_q16_web_returns,no_nestloop,37.871,29.38271087893516
3,random_forest,plan_time,default_ml,online_749218157a,default,1747.386,2510.363837106226
3,random_forest,plan_time,default_ml,online_749218157a,no_hashjoin,1146.033,2358.0753920567345
3,random_forest,plan_time,default_ml,online_749218157a,no_mergejoin,1039.564,2278.9323219955886
3,random_forest,plan_time,default_ml,online_749218157a,no_nestloop,1177.454,2249.2536613685734
3,random_forest,plan_time,default_ml,online_dac91519b8,default,208.479,828.0940470892112
3,random_forest,plan_time,default_ml,online_dac91519b8,no_hashjoin,316.51,811.9095162977787
3,random_forest,plan_time,default_ml,online_dac91519b8,no_mergejoin,194.431,502.4744699645805
3,random_forest,plan_time,default_ml,online_dac91519b8,no_nestloop,217.28,567.7940613439144
4,random_forest,plan_time,default_ml,q04_agg_total_per_country,default,36.801,40.15112774731784
4,random_forest,plan_time,default_ml,q06_status_breakdown,default,22.161,24.178659342609894
4,random_forest,plan_time,default_ml,q06,default,2272.089,3191.4252740367833
4,random_forest,plan_time,default_ml,q06,no_hashjoin,1791.259,2166.3314711905
4,random_forest,plan_time,default_ml,q06,no_mergejoin,1959.172,1911.0381120268257
4,random_forest,plan_time,default_ml,q06,no_nestloop,1737.52,1892.1166588072006
4,random_forest,plan_time,default_ml,q08,default,2118.05,3470.389169555685
4,random_forest,plan_time,default_ml,q08,no_hashjoin,1382.048,2719.689493819324
4,random_forest,plan_time,default_ml,q08,no_mergejoin,1513.581,3200.231710013005
4,random_forest,plan_time,default_ml,q08,no_nestloop,2374.629,4827.400048126394
4,random_forest,plan_time,default_ml,q13,default,2831.432,2520.311525310292
4,random_forest,plan_time,default_ml,q13,no_hashjoin,23582.006,2827.9843735065415
4,random_forest,plan_time,default_ml,q13,no_mergejoin,2595.487,2544.654931461765
4,random_forest,plan_time,default_ml,q13,no_nestloop,2688.645,2383.3131376546958
4,random_forest,plan_time,default_ml,q18,default,13888.445,10449.201109230858
4,random_forest,plan_time,default_ml,q18,no_hashjoin,14970.42,9804.384558428192
4,random_forest,plan_time,default_ml,q18,no_mergejoin,16967.045,11524.660470016455
4,random_forest,plan_time,default_ml,q18,no_nestloop,17635.017,6421.148488577281
4,random_forest,plan_time,default_ml,q01_p0,default,3349.141,11549.119883207513
4,random_forest,plan_time,default_ml,q01_p0,no_hashjoin,4540.459,10814.342114206265
4,random_forest,plan_time,default_ml,q01_p0,no_mergejoin,10943.592,11858.667470449313
4,random_forest,plan_time,default_ml,q01_p0,no_nestloop,8294.856,10495.039722485317
4,random_forest,plan_time,default_ml,q02_p4,default,1973.717,3332.331780260202
4,random_forest,plan_time,default_ml,q02_p4,no_hashjoin,1809.446,5067.006730506848
4,random_forest,plan_time,default_ml,q02_p4,no_mergejoin,2038.239,3361.391004873683
4,random_forest,plan_time,default_ml,q02_p4,no_nestloop,4826.137,5979.734742091062
4,random_forest,plan_time,default_ml,q03_p3,default,2118.779,1916.3594903976323
4,random_forest,plan_time,default_ml,q03_p3,no_hashjoin,12346.115,10706.507418916442
4,random_forest,plan_time,default_ml,q03_p3,no_mergejoin,1371.854,1955.0348194260393
4,random_forest,plan_time,default_ml,q03_p3,no_nestloop,3581.978,1986.6687656621289
4,random_forest,plan_time,default_ml,q04_p1,default,616.709,1161.627243700623
4,random_forest,plan_time,default_ml,q04_p1,no_hashjoin,714.221,1081.2017272110804
4,random_forest,plan_time,default_ml,q04_p1,no_mergejoin,781.058,938.1441020959242
4,random_forest,plan_time,default_ml,q04_p1,no_nestloop,4254.901,7078.42973492848
4,random_forest,plan_time,default_ml,q04_p2,default,706.16,1140.5264472884473
4,random_forest,plan_time,default_ml,q04_p2,no_hashjoin,693.738,1122.8744172058955
4,random_forest,plan_time,default_ml,q04_p2,no_mergejoin,797.277,892.431713854066
4,random_forest,plan_time,default_ml,q04_p2,no_nestloop,4757.625,5315.725282245091
4,random_forest,plan_time,default_ml,q06_p0,default,4046.07,3237.1495793184486
4,random_forest,plan_time,default_ml,q06_p0,no_hashjoin,3038.813,1644.958528992502
4,random_forest,plan_time,default_ml,q06_p0,no_mergejoin,3906.789,1946.6442628921595
4,random_forest,plan_time,default_ml,q06_p0,no_nestloop,3998.758,2278.476978455434
4,random_forest,plan_time,default_ml,q07_p1,default,48689.845,38159.99324677529
4,random_forest,plan_time,default_ml,q07_p1,no_hashjoin,15251.364,11649.939210020128
4,random_forest,plan_time,default_ml,q07_p1,no_mergejoin,53754.001,28775.06692745178
4,random_forest,plan_time,default_ml,q07_p1,no_nestloop,5609.712,6883.748187399839
4,random_forest,plan_time,default_ml,q08_p4,default,5660.325,4509.933567375943
4,random_forest,plan_time,default_ml,q08_p4,no_hashjoin,6197.882,3431.99428675893
4,random_forest,plan_time,default_ml,q08_p4,no_mergejoin,2379.517,3699.7361245604375
4,random_forest,plan_time,default_ml,q08_p4,no_nestloop,5048.417,5571.982774956625
4,random_forest,plan_time,default_ml,q09_p3,default,6549.707,12968.199424122688
4,random_forest,plan_time,default_ml,q09_p3,no_hashjoin,13347.475,19711.83797323185
4,random_forest,plan_time,default_ml,q09_p3,no_mergejoin,5954.025,18591.841802303188
4,random_forest,plan_time,default_ml,q09_p3,no_nestloop,3600.447,11411.064965239455
4,random_forest,plan_time,default_ml,q11_p1,default,2820.861,1248.6421122861275
4,random_forest,plan_time,default_ml,q11_p1,no_hashjoin,834.804,858.087943407554
4,random_forest,plan_time,default_ml,q11_p1,no_mergejoin,854.796,685.3558700702229
4,random_forest,plan_time,default_ml,q11_p1,no_nestloop,1680.754,1407.0300213177043
4,random_forest,plan_time,default_ml,q12_p0,default,12501.249,4185.217048983218
4,random_forest,plan_time,default_ml,q12_p0,no_hashjoin,5870.008,3218.586784531662
4,random_forest,plan_time,default_ml,q12_p0,no_mergejoin,4893.417,3868.4084909773533
4,random_forest,plan_time,default_ml,q12_p0,no_nestloop,3516.724,3386.079611560532
4,random_forest,plan_time,default_ml,q14_p3,default,3822.122,1881.5766369353537
4,random_forest,plan_time,default_ml,q14_p3,no_hashjoin,5657.868,2526.6801734970923
4,random_forest,plan_time,default_ml,q14_p3,no_mergejoin,5261.081,3204.809661225378
4,random_forest,plan_time,default_ml,q14_p3,no_nestloop,3418.002,2853.0943002410386
4,random_forest,plan_time,default_ml,q15_p2,default,4505.763,3497.5565655196356
4,random_forest,plan_time,default_ml,q15_p2,no_hashjoin,6508.556,3235.156566191724
4,random_forest,plan_time,default_ml,q15_p2,no_mergejoin,5286.807,3170.084984496408
4,random_forest,plan_time,default_ml,q15_p2,no_nestloop,5383.88,3303.2943314526806
4,random_forest,plan_time,default_ml,q16_p1,default,2655.656,2354.631192090282
4,random_forest,plan_time,default_ml,q16_p1,no_hashjoin,1923.553,2557.0892224760905
4,random_forest,plan_time,default_ml,q16_p1,no_mergejoin,2945.97,2096.4395547732684
4,random_forest,plan_time,default_ml,q16_p1,no_nestloop,1993.228,2309.410675389247
4,random_forest,plan_time,default_ml,q17_p0,default,10431.913,4838.426596793046
4,random_forest,plan_time,default_ml,q17_p0,no_hashjoin,1729.994,874.195971658739
4,random_forest,plan_time,default_ml,q17_p0,no_mergejoin,8897.062,4336.984604542408
4,random_forest,plan_time,default_ml,q17_p0,no_nestloop,9330.833,4269.373710944268
4,random_forest,plan_time,default_ml,q19_p1,default,1205.132,386.1560025465393
4,random_forest,plan_time,default_ml,q19_p1,no_hashjoin,454.037,363.342029388189
4,random_forest,plan_time,default_ml,q19_p1,no_mergejoin,371.417,377.5555490387295
4,random_forest,plan_time,default_ml,q19_p1,no_nestloop,3774.525,3299.5394476883503
4,random_forest,plan_time,default_ml,q20_p2,default,5046.379,5002.788779369798
4,random_forest,plan_time,default_ml,q20_p2,no_hashjoin,3476.229,8390.75548382848
4,random_forest,plan_time,default_ml,q20_p2,no_mergejoin,3548.939,12037.853968669808
4,random_forest,plan_time,default_ml,q21_p1,default,17294.152,14489.51306502471
4,random_forest,plan_time,default_ml,q21_p1,no_hashjoin,18352.588,21316.21702092746
4,random_forest,plan_time,default_ml,q21_p1,no_mergejoin,18510.851,14612.478291481928
4,random_forest,plan_time,default_ml,q21_p1,no_nestloop,10391.969,15222.958704887196
4,random_forest,plan_time,default_ml,ds_q01_filter_agg,default,1042.995,869.3039580453308
4,random_forest,plan_time,default_ml,ds_q01_filter_agg,no_hashjoin,810.184,806.9795276767392
4,random_forest,plan_time,default_ml,ds_q01_filter_agg,no_mergejoin,537.585,564.1222505630907
4,random_forest,plan_time,default_ml,ds_q01_filter_agg,no_nestloop,1482.016,541.6160076647449
4,random_forest,plan_time,default_ml,ds_q10_window_topk,default,2181.389,1315.0400652613962
4,random_forest,plan_time,default_ml,ds_q10_window_topk,no_hashjoin,4045.225,1978.0559185884292
4,random_forest,plan_time,default_ml,ds_q10_window_topk,no_mergejoin,1774.157,655.9676952314471
4,random_forest,plan_time,default_ml,ds_q10_window_topk,no_nestloop,1763.773,1186.3086923472695
4,random_forest,plan_time,default_ml,ds_q13_high_quantity,default,350.115,432.5538487627548
4,random_forest,plan_time,default_ml,ds_q13_high_quantity,no_hashjoin,465.736,416.63728760163633
4,random_forest,plan_time,default_ml,ds_q13_high_quantity,no_mergejoin,399.664,422.57552982949665
4,random_forest,plan_time,default_ml,ds_q13_high_quantity,no_nestloop,458.559,413.5921449081058
4,random_forest,plan_time,default_ml,ds_q20_demographic,default,867.031,897.6666052535905
4,random_forest,plan_time,default_ml,ds_q20_demographic,no_hashjoin,3716.274,1445.2609049787206
4,random_forest,plan_time,default_ml,ds_q20_demographic,no_mergejoin,726.447,703.7864941044694
4,random_forest,plan_time,default_ml,ds_q20_demographic,no_nestloop,1077.246,742.396541646548
4,random_forest,plan_time,default_ml,online_d4e75912f5,default,2553.552,6306.564350834496
4,random_forest,plan_time,default_ml,online_d4e75912f5,no_hashjoin,1500.007,6191.150308181264
4,random_forest,plan_time,default_ml,online_d4e75912f5,no_mergejoin,1479.977,6943.9668481521085
4,random_forest,plan_time,default_ml,online_d4e75912f5,no_nestloop,1374.997,6120.347498371984
4,random_forest,plan_time,default_ml,online_4742846dc9,no_hashjoin,974.089,6286.577035644216
0,extra_trees,plan_time,default_ml,q01_customers_by_country,default,0.928,16.241136010886557
0,extra_trees,plan_time,default_ml,q02_orders_recent,default,4.298,24.35077386546988
0,extra_trees,plan_time,default_ml,q07_self_subquery,default,11.032,10.70302084983362
0,extra_trees,plan_time,default_ml,q01,default,11982.478,9118.20473014762
0,extra_trees,plan_time,default_ml,q01,no_hashjoin,11191.817,9501.83985375822
0,extra_trees,plan_time,default_ml,q01,no_mergejoin,10066.542,13686.93899999973
0,extra_trees,plan_time,default_ml,q01,no_nestloop,6900.803,13302.23635444346
0,extra_trees,plan_time,default_ml,q05,default,8827.081,7013.147131724372
0,extra_trees,plan_time,default_ml,q05,no_hashjoin,7074.668,4046.3036362165903
0,extra_trees,plan_time,default_ml,q05,no_mergejoin,9969.823,4088.491078281287
0,extra_trees,plan_time,default_ml,q05,no_nestloop,2887.231,2642.6047005909045
0,extra_trees,plan_time,default_ml,q12,default,4159.307,6334.81310456151
0,extra_trees,plan_time,default_ml,q12,no_hashjoin,3556.871,5291.103188657039
0,extra_trees,plan_time,default_ml,q12,no_mergejoin,4213.912,3624.4933181898505
0,extra_trees,plan_time,default_ml,q12,no_nestloop,3102.1,3440.872264974232
0,extra_trees,plan_time,default_ml,q17,default,4823.064,8796.725749664636
0,extra_trees,plan_time,default_ml,q17,no_hashjoin,939.65,1730.7046213865815
0,extra_trees,plan_time,default_ml,q17,no_mergejoin,4153.603,8261.395867983803
0,extra_trees,plan_time,default_ml,q17,no_nestloop,4235.083,9375.670269190023
0,extra_trees,plan_time,default_ml,q19,default,543.454,435.80356119468
0,extra_trees,plan_time,default_ml,q19,no_hashjoin,198.599,512.5308287235658
0,extra_trees,plan_time,default_ml,q19,no_mergejoin,215.468,498.3590563425527
0,extra_trees,plan_time,default_ml,q19,no_nestloop,1441.563,3657.8164458710276
0,extra_trees,plan_time,default_ml,q22,default,383.714,627.9797414349601
0,extra_trees,plan_time,default_ml,q22,no_hashjoin,345.909,463.5903898800457
0,extra_trees,plan_time,default_ml,q22,no_mergejoin,387.731,423.1997065931269
0,extra_trees,plan_time,default_ml,q22,no_nestloop,491.9,1615.0180270035567
0,extra_trees,plan_time,default_ml,q01_p1,default,9892.378,7964.652200763531
0,extra_trees,plan_time,default_ml,q01_p1,no_hashjoin,14592.651,5724.224892294889
0,extra_trees,plan_time,default_ml,q01_p1,no_mergejoin,10802.619,11008.778339445618
0,extra_trees,plan_time,default_ml,q01_p1,no_nestloop,10626.043,9514.742076419268
0,extra_trees,plan_time,default_ml,q01_p4,default,7707.074,12388.67675488846
0,extra_trees,plan_time,default_ml,q01_p4,no_hashjoin,11899.903,14020.920571057159
0,extra_trees,plan_time,default_ml,q01_p4,no_mergejoin,11406.505,12052.847533218248
0,extra_trees,plan_time,default_ml,q01_p4,no_nestloop,9862.402,11292.816796582774
0,extra_trees,plan_time,default_ml,q03_p2,default,1513.628,1794.9944852206124
0,extra_trees,plan_time,default_ml,q03_p2,no_hashjoin,9935.697,10819.673826860462
0,extra_trees,plan_time,default_ml,q03_p2,no_mergejoin,2103.504,1282.99500063318
0,extra_trees,plan_time,default_ml,q03_p2,no_nestloop,3760.127,3459.9126217068815
0,extra_trees,plan_time,default_ml,q03_p4,default,1825.335,1857.8118709526964
0,extra_trees,plan_time,default_ml,q03_p4,no_hashjoin,9233.542,11789.182296559986
0,extra_trees,plan_time,default_ml,q03_p4,no_mergejoin,1153.93,1278.8845823495858
0,extra_trees,plan_time,default_ml,q03_p4,no_nestloop,1581.882,3445.642559737804
0,extra_trees,plan_time,default_ml,q05_p4,default,7116.569,5810.556707065632
0,extra_trees,plan_time,default_ml,q05_p4,no_hashjoin,7761.671,4307.190078130848
0,extra_trees,plan_time,default_ml,q05_p4,no_mergejoin,14257.984,5334.294872267194
0,extra_trees,plan_time,default_ml,q05_p4,no_nestloop,5488.744,4350.311497649055
0,extra_trees,plan_time,default_ml,q06_p1,default,4169.204,2246.034996610795
0,extra_trees,plan_time,default_ml,q06_p1,no_hashjoin,2672.595,1396.6444899157243
0,extra_trees,plan_time,default_ml,q06_p1,no_mergejoin,2169.062,2558.4649845902563
0,extra_trees,plan_time,default_ml,q06_p1,no_nestloop,2766.657,1460.2688086115274
0,extra_trees,plan_time,default_ml,q07_p0,default,33515.848,48697.76259185125
0,extra_trees,plan_time,default_ml,q07_p0,no_hashjoin,6605.498,20439.495999999293
0,extra_trees,plan_time,default_ml,q07_p0,no_mergejoin,31465.431,52861.816278253486
0,extra_trees,plan_time,default_ml,q07_p0,no_nestloop,2952.799,2468.6028772981085
0,extra_trees,plan_time,default_ml,q07_p4,default,59489.379,48697.76259185125
0,extra_trees,plan_time,default_ml,q07_p4,no_hashjoin,12167.826,6411.901026630586
0,extra_trees,plan_time,default_ml,q07_p4,no_mergejoin,26668.91,53039.07577172263
0,extra_trees,plan_time,default_ml,q07_p4,no_nestloop,1892.741,2483.8609375576298
0,extra_trees,plan_time,default_ml,q08_p3,default,6018.607,5024.113887341571
0,extra_trees,plan_time,default_ml,q08_p3,no_hashjoin,3792.658,4478.845915525455
0,extra_trees,plan_time,default_ml,q08_p3,no_mergejoin,3685.784,2391.3036528987213
0,extra_trees,plan_time,default_ml,q08_p3,no_nestloop,6346.003,4899.828392415643
0,extra_trees,plan_time,default_ml,q09_p2,default,12046.323,23689.24724746989
0,extra_trees,plan_time,default_ml,q09_p2,no_hashjoin,20980.942,28853.465069674792
0,extra_trees,plan_time,default_ml,q09_p2,no_mergejoin,14809.125,7525.197708745275
0,extra_trees,plan_time,default_ml,q09_p2,no_nestloop,7339.487,4205.456773849574
0,extra_trees,plan_time,default_ml,q11_p0,default,3049.573,1952.8138513054282
0,extra_trees,plan_time,default_ml,q11_p0,no_hashjoin,904.409,766.0053121785081
0,extra_trees,plan_time,default_ml,q11_p0,no_mergejoin,816.264,794.7071085600245
0,extra_trees,plan_time,default_ml,q11_p0,no_nestloop,1302.632,1611.273931740936
0,extra_trees,plan_time,default_ml,q12_p4,default,2249.037,3096.008274301051
0,extra_trees,plan_time,default_ml,q12_p4,no_hashjoin,3823.712,2298.197214930876
0,extra_trees,plan_time,default_ml,q12_p4,no_mergejoin,6799.636,2425.7992463545197
0,extra_trees,plan_time,default_ml,q12_p4,no_nestloop,7214.151,2578.0382090557405
0,extra_trees,plan_time,default_ml,q14_p2,default,3528.926,2081.3633174868205
0,extra_trees,plan_time,default_ml,q14_p2,no_hashjoin,3469.28,1963.3083740923832
0,extra_trees,plan_time,default_ml,q14_p2,no_mergejoin,3484.62,1586.8034097031452
0,extra_trees,plan_time,default_ml,q14_p2,no_nestloop,2670.408,2188.3512952441883
0,extra_trees,plan_time,default_ml,q15_p1,default,2973.557,4866.76388191924
0,extra_trees,plan_time,default_ml,q15_p1,no_hashjoin,3481.784,5963.657109836483
0,extra_trees,plan_time,default_ml,q15_p1,no_mergejoin,3814.434,4792.511065373027
0,extra_trees,plan_time,default_ml,q15_p1,no_nestloop,2991.507,5139.385023950515
0,extra_trees,plan_time,default_ml,q16_p0,default,3583.344,1614.4447775387357
0,extra_trees,plan_time,default_ml,q16_p0,no_hashjoin,2973.287,1488.8319622179308
0,extra_trees,plan_time,default_ml,q16_p0,no_mergejoin,1724.904,1207.6832714567977
0,extra_trees,plan_time,default_ml,q16_p0,no_nestloop,2170.77,1460.2683124574573
0,extra_trees,plan_time,default_ml,q19_p4,default,413.238,390.21000140463127
0,extra_trees,plan_time,default_ml,q19_p4,no_hashjoin,264.754,431.20408627696094
0,extra_trees,plan_time,default_ml,q19_p4,no_mergejoin,314.011,457.66044833909467
0,extra_trees,plan_time,default_ml,q19_p4,no_nestloop,3594.635,3743.7432624457692
0,extra_trees,plan_time,default_ml,q21_p0,default,52833.508,15242.977260501119
0,extra_trees,plan_time,default_ml,q21_p0,no_hashjoin,47704.612,17433.982018169143
0,extra_trees,plan_time,default_ml,q21_p0,no_mergejoin,18214.814,21581.451470843193
0,extra_trees,plan_time,default_ml,q21_p0,no_nestloop,9580.423,10149.520444426993
0,extra_trees,plan_time,default_ml,ds_q06_web_vs_store,default,696.566,1077.2386190139136
0,extra_trees,plan_time,default_ml,ds_q06_web_vs_store,no_hashjoin,1647.674,1762.4135716431429
0,extra_trees,plan_time,default_ml,ds_q06_web_vs_store,no_mergejoin,852.859,661.1396189211432
0,extra_trees,plan_time,default_ml,ds_q06_web_vs_store,no_nestloop,1042.574,1004.5811664159384
0,extra_trees,plan_time,default_ml,ds_q11_inventory_check,default,519.915,590.4969811683627
0,extra_trees,plan_time,default_ml,ds_q11_inventory_check,no_hashjoin,947.458,963.7532455501969
0,extra_trees,plan_time,default_ml,ds_q11_inventory_check,no_mergejoin,423.518,459.94231920071536
0,extra_trees,plan_time,default_ml,ds_q11_inventory_check,no_nestloop,343.882,527.3155919097916
0,extra_trees,plan_time,default_ml,ds_q17_dow_pattern,default,996.646,559.7157577446334
0,extra_trees,plan_time,default_ml,ds_q17_dow_pattern,no_hashjoin,2377.113,1701.3924124364619
0,extra_trees,plan_time,default_ml,ds_q17_dow_pattern,no_mergejoin,571.268,367.38513574756763
0,extra_trees,plan_time,default_ml,ds_q17_dow_pattern,no_nestloop,644.053,821.2119978925155
0,extra_trees,plan_time,default_ml,online_ce83de12bc,default,947.618,2054.7762508308906
0,extra_trees,plan_time,default_ml,online_ce83de12bc,no_mergejoin,823.206,1573.0979672316232
0,extra_trees,plan_time,default_ml,online_ce83de12bc,no_nestloop,732.934,2149.5894654933018
0,extra_trees,plan_time,default_ml,online_ce83de12bc,no_hashjoin,782.553,2077.2346401822538
1,extra_trees,plan_time,default_ml,q03_join_customer_orders,default,13.224,12.278058347657847
1,extra_trees,plan_time,default_ml,q05_top_customers,default,18.031,47.46729462645918
1,extra_trees,plan_time,default_ml,q02,default,6173.76,8543.07530082671
1,extra_trees,plan_time,default_ml,q02,no_hashjoin,4302.342,4601.856933190785
1,extra_trees,plan_time,default_ml,q02,no_mergejoin,3199.538,3401.326262529418
1,extra_trees,plan_time,default_ml,q02,no_nestloop,6690.813,6701.887739487212
1,extra_trees,plan_time,default_ml,q04,default,1216.968,705.9334277236811
1,extra_trees,plan_time,default_ml,q04,no_hashjoin,1396.247,711.7661887363274
1,extra_trees,plan_time,default_ml,q04,no_mergejoin,1429.065,817.0054458823613
1,extra_trees,plan_time,default_ml,q04,no_nestloop,16777.004,6432.09445706332
1,extra_trees,plan_time,default_ml,q07,default,35165.908,51139.17036311508
1,extra_trees,plan_time,default_ml,q07,no_hashjoin,3945.736,8582.593350205387
1,extra_trees,plan_time,default_ml,q07,no_mergejoin,29002.507,49877.00245463902
1,extra_trees,plan_time,default_ml,q07,no_nestloop,2402.029,3317.14511913357
1,extra_trees,plan_time,default_ml,q11,default,1724.803,2696.740107415496
1,extra_trees,plan_time,default_ml,q11,no_hashjoin,403.337,838.7978001298527
1,extra_trees,plan_time,default_ml,q11,no_mergejoin,308.811,1402.8844265265186
1,extra_trees,plan_time,default_ml,q11,no_nestloop,801.703,1871.0572859975466
1,extra_trees,plan_time,default_ml,q16,default,1605.611,2723.205196059376
1,extra_trees,plan_time,default_ml,q16,no_hashjoin,1383.148,2916.244667046244
1,extra_trees,plan_time,default_ml,q16,no_mergejoin,1106.188,2198.5282212635725
1,extra_trees,plan_time,default_ml,q16,no_nestloop,1324.611,2182.787079859491
1,extra_trees,plan_time,default_ml,q21,default,13986.072,21128.24435040116
1,extra_trees,plan_time,default_ml,q21,no_hashjoin,19448.204,17034.125551789057
1,extra_trees,plan_time,default_ml,q21,no_mergejoin,13055.611,12168.281069158225
1,extra_trees,plan_time,default_ml,q21,no_nestloop,10367.542,9691.251085835123
1,extra_trees,plan_time,default_ml,q01_p2,default,9565.353,10368.779132975189
1,extra_trees,plan_time,default_ml,q01_p2,no_hashjoin,9512.992,12419.745006756066
1,extra_trees,plan_time,default_ml,q01_p2,no_mergejoin,13686.939,10066.542000000449
1,extra_trees,plan_time,default_ml,q01_p2,no_nestloop,13280.512,7824.150682549672
1,extra_trees,plan_time,default_ml,q03_p1,default,1789.751,1944.2833658438437
1,extra_trees,plan_time,default_ml,q03_p1,no_hashjoin,11886.905,16147.236706647082
1,extra_trees,plan_time,default_ml,q03_p1,no_mergejoin,1234.521,2034.2963830495012
1,extra_trees,plan_time,default_ml,q03_p1,no_nestloop,1698.449,3358.760594184466
1,extra_trees,plan_time,default_ml,q04_p4,default,1251.353,723.7590456886287
1,extra_trees,plan_time,default_ml,q04_p4,no_hashjoin,872.911,735.8040709926781
1,extra_trees,plan_time,default_ml,q04_p4,no_mergejoin,1007.402,830.3314966567312
1,extra_trees,plan_time,default_ml,q04_p4,no_nestloop,9201.859,5081.755270735126
1,extra_trees,plan_time,default_ml,q05_p2,default,4849.114,6190.729934201419
1,extra_trees,plan_time,default_ml,q05_p2,no_hashjoin,4040.571,6108.424319781989
1,extra_trees,plan_time,default_ml,q05_p2,no_mergejoin,3505.474,4619.086201502144
1,extra_trees,plan_time,default_ml,q05_p2,no_nestloop,3152.242,2610.0025276355805
1,extra_trees,plan_time,default_ml,q05_p3,default,4461.936,8525.393648764912
1,extra_trees,plan_time,default_ml,q05_p3,no_hashjoin,4576.937,5971.699253229232
1,extra_trees,plan_time,default_ml,q05_p3,no_mergejoin,5163.161,4160.8849919436425
1,extra_trees,plan_time,default_ml,q05_p3,no_nestloop,4531.435,2828.753505631739
1,extra_trees,plan_time,default_ml,q07_p3,default,48180.292,45089.78372866268
1,extra_trees,plan_time,default_ml,q07_p3,no_hashjoin,20439.496,6737.154571915574
1,extra_trees,plan_time,default_ml,q07_p3,no_mergejoin,75622.57,50902.51730005119
1,extra_trees,plan_time,default_ml,q07_p3,no_nestloop,7456.51,5184.406553891536
1,extra_trees,plan_time,default_ml,q08_p2,default,4115.998,2408.9338485221692
1,extra_trees,plan_time,default_ml,q08_p2,no_hashjoin,2794.834,2262.6710309137484
1,extra_trees,plan_time,default_ml,q08_p2,no_mergejoin,3521.968,2517.009671173619
1,extra_trees,plan_time,default_ml,q08_p2,no_nestloop,6391.806,2403.371346370335
1,extra_trees,plan_time,default_ml,q09_p1,default,39188.185,31380.048788289027
1,extra_trees,plan_time,default_ml,q09_p1,no_hashjoin,37214.359,26698.96810244344
1,extra_trees,plan_time,default_ml,q09_p1,no_mergejoin,17515.704,21705.674427830043
1,extra_trees,plan_time,default_ml,q09_p1,no_nestloop,9813.353,3695.989927922829
1,extra_trees,plan_time,default_ml,q11_p4,default,1992.165,2123.492492246286
1,extra_trees,plan_time,default_ml,q11_p4,no_hashjoin,694.319,821.5460341761468
1,extra_trees,plan_time,default_ml,q11_p4,no_mergejoin,595.204,874.4916660491281
1,extra_trees,plan_time,default_ml,q11_p4,no_nestloop,1576.498,1436.018518150195
1,extra_trees,plan_time,default_ml,q12_p3,default,2243.386,4115.891028286159
1,extra_trees,plan_time,default_ml,q12_p3,no_hashjoin,2231.47,3758.743602361272
1,extra_trees,plan_time,default_ml,q12_p3,no_mergejoin,2085.778,2752.490052283441
1,extra_trees,plan_time,default_ml,q12_p3,no_nestloop,2514.896,5273.097844511668
1,extra_trees,plan_time,default_ml,q14_p1,default,2856.102,3182.992004759452
1,extra_trees,plan_time,default_ml,q14_p1,no_hashjoin,2769.721,834.3456437688009
1,extra_trees,plan_time,default_ml,q14_p1,no_mergejoin,2453.346,2483.904499284921
1,extra_trees,plan_time,default_ml,q14_p1,no_nestloop,2195.13,2615.56163857025
1,extra_trees,plan_time,default_ml,q15_p0,default,4191.151,3051.5643544399154
1,extra_trees,plan_time,default_ml,q15_p0,no_hashjoin,5584.123,3539.1266483893537
1,extra_trees,plan_time,default_ml,q15_p0,no_mergejoin,5665.229,4927.449691088914
1,extra_trees,plan_time,default_ml,q15_p0,no_nestloop,2830.03,5335.5194282066595
1,extra_trees,plan_time,default_ml,q16_p4,default,2523.064,2324.589186194488
1,extra_trees,plan_time,default_ml,q16_p4,no_hashjoin,1946.083,2943.0947577561246
1,extra_trees,plan_time,default_ml,q16_p4,no_mergejoin,1783.659,1734.9853270338915
1,extra_trees,plan_time,default_ml,q16_p4,no_nestloop,2195.978,2186.426850068807
1,extra_trees,plan_time,default_ml,q19_p0,default,435.11,469.43617829110866
1,extra_trees,plan_time,default_ml,q19_p0,no_hashjoin,516.983,206.76878877100046
1,extra_trees,plan_time,default_ml,q19_p0,no_mergejoin,498.459,231.64232888912662
1,extra_trees,plan_time,default_ml,q19_p0,no_nestloop,3656.192,1465.3666414506702
1,extra_trees,plan_time,default_ml,q19_p3,default,392.595,410.96529842419267
1,extra_trees,plan_time,default_ml,q19_p3,no_hashjoin,404.667,263.49829800357844
1,extra_trees,plan_time,default_ml,q19_p3,no_mergejoin,494.229,332.14004151756177
1,extra_trees,plan_time,default_ml,q19_p3,no_nestloop,3766.083,1663.010424862132
1,extra_trees,plan_time,default_ml,q21_p4,default,19462.346,16031.796759027608
1,extra_trees,plan_time,default_ml,q21_p4,no_hashjoin,19158.111,16566.306745144462
1,extra_trees,plan_time,default_ml,q21_p4,no_mergejoin,21773.347,15158.68468543185
1,extra_trees,plan_time,default_ml,q21_p4,no_nestloop,20578.87,10347.825982342745
1,extra_trees,plan_time,default_ml,ds_q04_customer_topk,default,704.859,405.2522095572421
1,extra_trees,plan_time,default_ml,ds_q04_customer_topk,no_hashjoin,1272.521,746.2272457874346
1,extra_trees,plan_time,default_ml,ds_q04_customer_topk,no_mergejoin,577.718,309.4082323007001
1,extra_trees,plan_time,default_ml,ds_q04_customer_topk,no_nestloop,799.922,336.1308984679165
1,extra_trees,plan_time,default_ml,ds_q05_returns_filter,default,279.907,129.45053557229605
1,extra_trees,plan_time,default_ml,ds_q05_returns_filter,no_hashjoin,328.061,283.30235773880736
1,extra_trees,plan_time,default_ml,ds_q05_returns_filter,no_mergejoin,196.199,84.52767986421816
1,extra_trees,plan_time,default_ml,ds_q05_returns_filter,no_nestloop,163.456,91.99975553609322
1,extra_trees,plan_time,default_ml,ds_q09_avg_basket,default,481.674,410.98607523900324
1,extra_trees,plan_time,default_ml,ds_q09_avg_basket,no_hashjoin,512.863,452.2031692310142
1,extra_trees,plan_time,default_ml,ds_q09_avg_basket,no_mergejoin,420.93,418.6852328618042
1,extra_trees,plan_time,default_ml,ds_q09_avg_basket,no_nestloop,445.387,438.8982806505384
1,extra_trees,plan_time,default_ml,ds_q18_brand_topk,default,662.842,256.15822396940627
1,extra_trees,plan_time,default_ml,ds_q18_brand_topk,no_hashjoin,2523.984,469.2368342679176
1,extra_trees,plan_time,default_ml,ds_q18_brand_topk,no_mergejoin,2049.833,242.99480880171066
1,extra_trees,plan_time,default_ml,ds_q18_brand_topk,no_nestloop,774.295,216.50319778123333
1,extra_trees,plan_time,default_ml,ds_q19_self_join,default,5.488,28.85542370649884
1,extra_trees,plan_time,default_ml,ds_q19_self_join,no_hashjoin,0.11,29.916294202307363
1,extra_trees,plan_time,default_ml,ds_q19_self_join,no_mergejoin,0.106,24.825391179906905
1,extra_trees,plan_time,default_ml,ds_q19_self_join,no_nestloop,0.133,33.39332850601896
2,extra_trees,plan_time,default_ml,q10,default,1318.8,5447.176556510212
2,extra_trees,plan_time,default_ml,q10,no_hashjoin,4160.12,8925.56362509758
2,extra_trees,plan_time,default_ml,q10,no_mergejoin,1571.937,5099.174132594029
2,extra_trees,plan_time,default_ml,q10,no_nestloop,2518.974,5800.862339984621
2,extra_trees,plan_time,default_ml,q15,default,2757.332,4865.949121682065
2,extra_trees,plan_time,default_ml,q15,no_hashjoin,2518.908,5192.790045207265
2,extra_trees,plan_time,default_ml,q15,no_mergejoin,2113.783,5440.8696583256515
2,extra_trees,plan_time,default_ml,q15,no_nestloop,2244.615,5389.381999173168
2,extra_trees,plan_time,default_ml,q20,default,7381.431,9974.945636188055
2,extra_trees,plan_time,default_ml,q20,no_hashjoin,4427.324,2503.03665405255
2,extra_trees,plan_time,default_ml,q20,no_mergejoin,4679.932,19026.861746743707
2,extra_trees,plan_time,default_ml,q01_p3,default,13984.334,9470.334547656343
2,extra_trees,plan_time,default_ml,q01_p3,no_hashjoin,15019.025,10004.728819693451
2,extra_trees,plan_time,default_ml,q01_p3,no_mergejoin,12287.425,12471.969602583255
2,extra_trees,plan_time,default_ml,q01_p3,no_nestloop,11661.957,7261.049483793457
2,extra_trees,plan_time,default_ml,q02_p0,default,23413.931,6173.760000000299
2,extra_trees,plan_time,default_ml,q02_p0,no_hashjoin,3964.82,5238.936475353241
2,extra_trees,plan_time,default_ml,q02_p0,no_mergejoin,3313.199,3323.9625316484803
2,extra_trees,plan_time,default_ml,q02_p0,no_nestloop,8545.085,6281.280535265903
2,extra_trees,plan_time,default_ml,q02_p2,default,3165.46,3451.093797914123
2,extra_trees,plan_time,default_ml,q02_p2,no_hashjoin,5007.324,4322.807277256492
2,extra_trees,plan_time,default_ml,q02_p2,no_mergejoin,3606.714,3323.9625316484803
2,extra_trees,plan_time,default_ml,q02_p2,no_nestloop,7216.648,6326.596555040962
2,extra_trees,plan_time,default_ml,q03_p0,default,2635.037,2120.186852824386
2,extra_trees,plan_time,default_ml,q03_p0,no_hashjoin,18114.795,11942.343539199594
2,extra_trees,plan_time,default_ml,q03_p0,no_mergejoin,1944.902,1333.4064458993225
2,extra_trees,plan_time,default_ml,q03_p0,no_nestloop,5589.845,1751.1947445528092
2,extra_trees,plan_time,default_ml,q04_p3,default,990.862,717.8861444644016
2,extra_trees,plan_time,default_ml,q04_p3,no_hashjoin,1329.233,720.9964094802197
2,extra_trees,plan_time,default_ml,q04_p3,no_mergejoin,1103.474,808.2820416026269
2,extra_trees,plan_time,default_ml,q04_p3,no_nestloop,8503.564,7485.352165522783
2,extra_trees,plan_time,default_ml,q05_p1,default,6327.661,6416.244181744437
2,extra_trees,plan_time,default_ml,q05_p1,no_hashjoin,3334.809,5102.196555162268
2,extra_trees,plan_time,default_ml,q05_p1,no_mergejoin,3473.214,4523.282652196049
2,extra_trees,plan_time,default_ml,q05_p1,no_nestloop,2614.839,3646.236666795588
2,extra_trees,plan_time,default_ml,q06_p2,default,4135.177,3958.3206965216464
2,extra_trees,plan_time,default_ml,q06_p2,no_hashjoin,3106.429,2694.263926476684
2,extra_trees,plan_time,default_ml,q06_p2,no_mergejoin,2665.156,2404.3684516989674
2,extra_trees,plan_time,default_ml,q06_p2,no_nestloop,2697.838,3539.470331208613
2,extra_trees,plan_time,default_ml,q07_p2,default,42141.36,45438.82868295379
2,extra_trees,plan_time,default_ml,q07_p2,no_hashjoin,10847.283,12660.274589168703
2,extra_trees,plan_time,default_ml,q07_p2,no_mergejoin,49967.521,31276.27907523045
2,extra_trees,plan_time,default_ml,q07_p2,no_nestloop,8066.19,5609.678527791288
2,extra_trees,plan_time,default_ml,q08_p1,default,2058.638,5927.930729453495
2,extra_trees,plan_time,default_ml,q08_p1,no_hashjoin,2498.809,2129.247941232121
2,extra_trees,plan_time,default_ml,q08_p1,no_mergejoin,2816.12,4939.211284719947
2,extra_trees,plan_time,default_ml,q08_p1,no_nestloop,5506.494,5299.884289596227
2,extra_trees,plan_time,default_ml,q09_p0,default,27540.065,23064.250154433306
2,extra_trees,plan_time,default_ml,q09_p0,no_hashjoin,44491.972,37703.93293144315
2,extra_trees,plan_time,default_ml,q09_p0,no_mergejoin,20940.383,7771.662634681632
2,extra_trees,plan_time,default_ml,q09_p0,no_nestloop,16162.56,9480.47725518227
2,extra_trees,plan_time,default_ml,q11_p3,default,1976.909,1405.47564766058
2,extra_trees,plan_time,default_ml,q11_p3,no_hashjoin,748.431,900.2354052502982
2,extra_trees,plan_time,default_ml,q11_p3,no_mergejoin,562.144,815.0810662181681
2,extra_trees,plan_time,default_ml,q11_p3,no_nestloop,1681.782,1302.6319999999635
2,extra_trees,plan_time,default_ml,q12_p2,default,2149.287,2956.8415251135025
2,extra_trees,plan_time,default_ml,q12_p2,no_hashjoin,2364.648,3384.881781688066
2,extra_trees,plan_time,default_ml,q12_p2,no_mergejoin,2164.549,3981.670687425488
2,extra_trees,plan_time,default_ml,q12_p2,no_nestloop,1854.457,3754.3813471756607
2,extra_trees,plan_time,default_ml,q14_p0,default,2971.513,2072.721863163357
2,extra_trees,plan_time,default_ml,q14_p0,no_hashjoin,3770.611,2005.4552277748735
2,extra_trees,plan_time,default_ml,q14_p0,no_mergejoin,4340.477,2205.0290123258255
2,extra_trees,plan_time,default_ml,q14_p0,no_nestloop,3252.169,2097.1878596418387
2,extra_trees,plan_time,default_ml,q15_p4,default,3928.715,4640.816586181726
2,extra_trees,plan_time,default_ml,q15_p4,no_hashjoin,3612.135,5208.171905361547
2,extra_trees,plan_time,default_ml,q15_p4,no_mergejoin,4176.719,5417.750389543062
2,extra_trees,plan_time,default_ml,q15_p4,no_nestloop,4123.565,4347.478391743446
2,extra_trees,plan_time,default_ml,q16_p3,default,2142.518,2407.553721675282
2,extra_trees,plan_time,default_ml,q16_p3,no_hashjoin,2488.674,2153.915717243451
2,extra_trees,plan_time,default_ml,q16_p3,no_mergejoin,2170.027,1691.6457272897621
2,extra_trees,plan_time,default_ml,q16_p3,no_nestloop,1427.093,1494.4151766223658
2,extra_trees,plan_time,default_ml,q17_p2,default,5596.138,4952.350768422274
2,extra_trees,plan_time,default_ml,q17_p2,no_hashjoin,730.087,706.3045492820888
2,extra_trees,plan_time,default_ml,q17_p2,no_mergejoin,4160.795,4428.095977615528
2,extra_trees,plan_time,default_ml,q17_p2,no_nestloop,4012.796,5557.66630875954
2,extra_trees,plan_time,default_ml,q17_p3,default,5259.441,4929.712393351625
2,extra_trees,plan_time,default_ml,q17_p3,no_hashjoin,821.265,694.7274706706157
2,extra_trees,plan_time,default_ml,q17_p3,no_mergejoin,5243.261,4252.861706723869
2,extra_trees,plan_time,default_ml,q17_p3,no_nestloop,7027.809,4491.9378665781
2,extra_trees,plan_time,default_ml,q19_p2,default,231.761,391.52099208909755
2,extra_trees,plan_time,default_ml,q19_p2,no_hashjoin,251.742,270.58182493210137
2,extra_trees,plan_time,default_ml,q19_p2,no_mergejoin,298.061,277.1104644048105
2,extra_trees,plan_time,default_ml,q19_p2,no_nestloop,232.592,2047.4460073456003
2,extra_trees,plan_time,default_ml,q20_p0,default,6531.394,8705.36037901425
2,extra_trees,plan_time,default_ml,q20_p0,no_hashjoin,3627.978,11101.563578282818
2,extra_trees,plan_time,default_ml,q20_p0,no_mergejoin,4085.213,2136.6959917270406
2,extra_trees,plan_time,default_ml,q21_p3,default,17560.987,14732.576208224007
2,extra_trees,plan_time,default_ml,q21_p3,no_hashjoin,17085.046,39868.05516135301
2,extra_trees,plan_time,default_ml,q21_p3,no_mergejoin,17104.211,13221.558972733399
2,extra_trees,plan_time,default_ml,q21_p3,no_nestloop,11808.777,10328.190702614087
2,extra_trees,plan_time,default_ml,ds_q03_promo_effect,default,639.997,448.53446115234925
2,extra_trees,plan_time,default_ml,ds_q03_promo_effect,no_hashjoin,2233.295,894.6047857765509
2,extra_trees,plan_time,default_ml,ds_q03_promo_effect,no_mergejoin,613.607,334.39807505637623
2,extra_trees,plan_time,default_ml,ds_q03_promo_effect,no_nestloop,389.256,469.2118778068274
2,extra_trees,plan_time,default_ml,ds_q08_addr_filter,default,89.476,41.665382664773844
2,extra_trees,plan_time,default_ml,ds_q08_addr_filter,no_hashjoin,43.675,30.003912361561564
2,extra_trees,plan_time,default_ml,ds_q08_addr_filter,no_mergejoin,39.483,25.9390554496133
2,extra_trees,plan_time,default_ml,ds_q08_addr_filter,no_nestloop,61.302,27.060624336503764
2,extra_trees,plan_time,default_ml,ds_q12_catalog_topk,default,531.523,525.2100973366476
2,extra_trees,plan_time,default_ml,ds_q12_catalog_topk,no_hashjoin,968.577,939.9217273581332
2,extra_trees,plan_time,default_ml,ds_q12_catalog_topk,no_mergejoin,392.038,688.1134416429427
2,extra_trees,plan_time,default_ml,ds_q12_catalog_topk,no_nestloop,356.789,452.74250462743635
2,extra_trees,plan_time,default_ml,ds_q15_returns_ratio,default,810.594,917.0141160327701
2,extra_trees,plan_time,default_ml,ds_q15_returns_ratio,no_hashjoin,2445.148,1473.0074503387693
2,extra_trees,plan_time,default_ml,ds_q15_returns_ratio,no_mergejoin,643.784,730.0161966436915
2,extra_trees,plan_time,default_ml,ds_q15_returns_ratio,no_nestloop,729.727,847.4735682159342
2,extra_trees,plan_time,default_ml,online_b21324f41e,default,256.352,687.2441829403058
2,extra_trees,plan_time,default_ml,online_b21324f41e,no_mergejoin,160.573,1181.1444956517928
2,extra_trees,plan_time,default_ml,online_b21324f41e,no_nestloop,160.279,791.1492013446889
2,extra_trees,plan_time,default_ml,online_b21324f41e,no_hashjoin,301.284,1972.4971159599036
3,extra_trees,plan_time,default_ml,q03,default,1640.223,2575.41821392287
3,extra_trees,plan_time,default_ml,q03,no_hashjoin,15919.201,11908.261766529668
3,extra_trees,plan_time,default_ml,q03,no_mergejoin,2101.658,1432.9354858137276
3,extra_trees,plan_time,default_ml,q03,no_nestloop,2195.742,2110.4703876243784
3,extra_trees,plan_time,default_ml,q09,default,23625.277,7522.31614093022
3,extra_trees,plan_time,default_ml,q09,no_hashjoin,30860.744,26262.072150258664
3,extra_trees,plan_time,default_ml,q09,no_mergejoin,19454.599,19047.67472120315
3,extra_trees,plan_time,default_ml,q09,no_nestloop,9471.806,16162.560000000172
3,extra_trees,plan_time,default_ml,q14,default,1878.312,3219.303891228536
3,extra_trees,plan_time,default_ml,q14,no_hashjoin,1806.03,3561.5776682713945
3,extra_trees,plan_time,default_ml,q14,no_mergejoin,1504.265,1302.1402694517035
3,extra_trees,plan_time,default_ml,q14,no_nestloop,2199.709,2030.2380610532964
3,extra_trees,plan_time,default_ml,q02_p1,default,4831.789,3207.2347338926434
3,extra_trees,plan_time,default_ml,q02_p1,no_hashjoin,7944.497,3896.809212207031
3,extra_trees,plan_time,default_ml,q02_p1,no_mergejoin,7564.481,3408.729272831082
3,extra_trees,plan_time,default_ml,q02_p1,no_nestloop,6618.888,6974.772767083501
3,extra_trees,plan_time,default_ml,q02_p3,default,3892.114,2967.4585341667894
3,extra_trees,plan_time,default_ml,q02_p3,no_hashjoin,3155.964,4092.492951848785
3,extra_trees,plan_time,default_ml,q02_p3,no_mergejoin,4532.378,3092.4460167436337
3,extra_trees,plan_time,default_ml,q02_p3,no_nestloop,5564.808,6828.315276094621
3,extra_trees,plan_time,default_ml,q04_p0,default,698.777,1290.5543703819067
3,extra_trees,plan_time,default_ml,q04_p0,no_hashjoin,711.225,1382.8706837732218
3,extra_trees,plan_time,default_ml,q04_p0,no_mergejoin,778.803,1223.311244919697
3,extra_trees,plan_time,default_ml,q04_p0,no_nestloop,3866.661,5823.547210552712
3,extra_trees,plan_time,default_ml,q05_p0,default,8204.45,6412.1281721383875
3,extra_trees,plan_time,default_ml,q05_p0,no_hashjoin,5962.965,4053.3302387709746
3,extra_trees,plan_time,default_ml,q05_p0,no_mergejoin,4610.027,3505.473999999844
3,extra_trees,plan_time,default_ml,q05_p0,no_nestloop,2611.541,3173.50261915322
3,extra_trees,plan_time,default_ml,q06_p3,default,3480.088,3428.224089008402
3,extra_trees,plan_time,default_ml,q06_p3,no_hashjoin,2996.05,3085.2770149193575
3,extra_trees,plan_time,default_ml,q06_p3,no_mergejoin,2669.903,2584.095308748355
3,extra_trees,plan_time,default_ml,q06_p3,no_nestloop,4023.332,2483.0509930995727
3,extra_trees,plan_time,default_ml,q06_p4,default,5669.9,3568.5125012225258
3,extra_trees,plan_time,default_ml,q06_p4,no_hashjoin,2089.769,2950.441718713369
3,extra_trees,plan_time,default_ml,q06_p4,no_mergejoin,4714.611,2830.95079333785
3,extra_trees,plan_time,default_ml,q06_p4,no_nestloop,1983.072,2511.598782212284
3,extra_trees,plan_time,default_ml,q08_p0,default,2318.738,2770.3930607650045
3,extra_trees,plan_time,default_ml,q08_p0,no_hashjoin,1937.078,5236.918174479087
3,extra_trees,plan_time,default_ml,q08_p0,no_mergejoin,2662.364,3536.00652109916
3,extra_trees,plan_time,default_ml,q08_p0,no_nestloop,4359.179,2516.5778953018103
3,extra_trees,plan_time,default_ml,q09_p4,default,8298.719,6629.803874821479
3,extra_trees,plan_time,default_ml,q09_p4,no_hashjoin,16043.449,14530.464817801969
3,extra_trees,plan_time,default_ml,q09_p4,no_mergejoin,10137.559,13270.00658385081
3,extra_trees,plan_time,default_ml,q09_p4,no_nestloop,11374.003,6751.761954898557
3,extra_trees,plan_time,default_ml,q11_p2,default,1218.799,2634.2827851793922
3,extra_trees,plan_time,default_ml,q11_p2,no_hashjoin,843.429,694.3189999999805
3,extra_trees,plan_time,default_ml,q11_p2,no_mergejoin,2433.052,317.645349071042
3,extra_trees,plan_time,default_ml,q11_p2,no_nestloop,3181.035,804.0060521372102
3,extra_trees,plan_time,default_ml,q12_p1,default,6508.802,2548.2064084236226
3,extra_trees,plan_time,default_ml,q12_p1,no_hashjoin,3209.493,2798.982905513722
3,extra_trees,plan_time,default_ml,q12_p1,no_mergejoin,2447.656,2191.3180072256578
3,extra_trees,plan_time,default_ml,q12_p1,no_nestloop,1816.0,2352.2539634805203
3,extra_trees,plan_time,default_ml,q14_p4,default,3773.783,3131.0252362633723
3,extra_trees,plan_time,default_ml,q14_p4,no_hashjoin,2474.995,4284.011673994981
3,extra_trees,plan_time,default_ml,q14_p4,no_mergejoin,2967.284,2625.039445592269
3,extra_trees,plan_time,default_ml,q14_p4,no_nestloop,2601.241,2619.6388933372323
3,extra_trees,plan_time,default_ml,q15_p3,default,4889.391,2719.1365867700165
3,extra_trees,plan_time,default_ml,q15_p3,no_hashjoin,5317.028,2784.901077365375
3,extra_trees,plan_time,default_ml,q15_p3,no_mergejoin,5676.261,2623.0469089322346
3,extra_trees,plan_time,default_ml,q15_p3,no_nestloop,5457.38,2604.042077788654
3,extra_trees,plan_time,default_ml,q16_p2,default,2458.46,2556.279191175006
3,extra_trees,plan_time,default_ml,q16_p2,no_hashjoin,2627.809,1594.888293752361
3,extra_trees,plan_time,default_ml,q16_p2,no_mergejoin,1893.313,2555.264974088873
3,extra_trees,plan_time,default_ml,q16_p2,no_nestloop,2458.918,1630.4444171299936
3,extra_trees,plan_time,default_ml,q17_p1,default,11535.719,4803.422316205444
3,extra_trees,plan_time,default_ml,q17_p1,no_hashjoin,2053.23,936.9971284240394
3,extra_trees,plan_time,default_ml,q17_p1,no_mergejoin,7398.36,4675.050058253987
3,extra_trees,plan_time,default_ml,q17_p1,no_nestloop,4296.241,8934.387794956245
3,extra_trees,plan_time,default_ml,q17_p4,default,4937.429,7197.217464533285
3,extra_trees,plan_time,default_ml,q17_p4,no_hashjoin,664.182,1507.3011679161514
3,extra_trees,plan_time,default_ml,q17_p4,no_mergejoin,4008.003,8387.445553187139
3,extra_trees,plan_time,default_ml,q17_p4,no_nestloop,4202.008,5920.117696016653
3,extra_trees,plan_time,default_ml,q20_p1,default,2525.096,4585.797425612056
3,extra_trees,plan_time,default_ml,q20_p1,no_hashjoin,2273.024,3766.3715087512105
3,extra_trees,plan_time,default_ml,q20_p1,no_mergejoin,2129.206,4155.78242959127
3,extra_trees,plan_time,default_ml,q20_p1,no_nestloop,278747.214,7177.356954249029
3,extra_trees,plan_time,default_ml,q20_p3,default,11028.75,7351.572369673496
3,extra_trees,plan_time,default_ml,q20_p3,no_hashjoin,10269.854,3480.316004308097
3,extra_trees,plan_time,default_ml,q20_p3,no_mergejoin,13299.016,3687.666314575463
3,extra_trees,plan_time,default_ml,q20_p4,default,70494.953,6559.4451224532
3,extra_trees,plan_time,default_ml,q20_p4,no_hashjoin,17808.234,3654.144847441365
3,extra_trees,plan_time,default_ml,q20_p4,no_mergejoin,22436.179,4325.854557613424
3,extra_trees,plan_time,default_ml,q21_p2,default,12400.143,17563.545842051477
3,extra_trees,plan_time,default_ml,q21_p2,no_hashjoin,16524.084,18409.82370192978
3,extra_trees,plan_time,default_ml,q21_p2,no_mergejoin,11762.799,13343.63429269701
3,extra_trees,plan_time,default_ml,q21_p2,no_nestloop,9402.375,9567.700380046786
3,extra_trees,plan_time,default_ml,ds_q02_topk_revenue,default,1542.053,925.687126333735
3,extra_trees,plan_time,default_ml,ds_q02_topk_revenue,no_hashjoin,1352.97,1042.0182053255496
3,extra_trees,plan_time,default_ml,ds_q02_topk_revenue,no_mergejoin,543.457,520.8857580959218
3,extra_trees,plan_time,default_ml,ds_q02_topk_revenue,no_nestloop,667.532,949.1685077405408
3,extra_trees,plan_time,default_ml,ds_q07_yearly_trend,default,1811.255,693.4474740066827
3,extra_trees,plan_time,default_ml,ds_q07_yearly_trend,no_hashjoin,1572.343,1447.0560145720021
3,extra_trees,plan_time,default_ml,ds_q07_yearly_trend,no_mergejoin,572.578,599.8124577437538
3,extra_trees,plan_time,default_ml,ds_q07_yearly_trend,no_nestloop,616.613,626.5205349678553
3,extra_trees,plan_time,default_ml,ds_q14_state_revenue,default,495.792,910.9694705458264
3,extra_trees,plan_time,default_ml,ds_q14_state_revenue,no_hashjoin,1105.507,1333.9406522640998
3,extra_trees,plan_time,default_ml,ds_q14_state_revenue,no_mergejoin,802.114,445.26367050499215
3,extra_trees,plan_time,default_ml,ds_q14_state_revenue,no_nestloop,778.636,802.3689919879613
3,extra_trees,plan_time,default_ml,ds_q16_web_returns,default,86.387,34.719641423860686
3,extra_trees,plan_time,default_ml,ds_q16_web_returns,no_hashjoin,52.615,24.88535395845638
3,extra_trees,plan_time,default_ml,ds_q16_web_returns,no_mergejoin,35.959,22.37379398981732
3,extra_trees,plan_time,default_ml,ds_q16_web_returns,no_nestloop,37.871,34.96308042071468
3,extra_trees,plan_time,default_ml,online_749218157a,default,1747.386,2637.648428763043
3,extra_trees,plan_time,default_ml,online_749218157a,no_hashjoin,1146.033,2510.8613394160493
3,extra_trees,plan_time,default_ml,online_749218157a,no_mergejoin,1039.564,1977.4547590225643
3,extra_trees,plan_time,default_ml,online_749218157a,no_nestloop,1177.454,2294.9887307209096
3,extra_trees,plan_time,default_ml,online_dac91519b8,default,208.479,694.2592520126776
3,extra_trees,plan_time,default_ml,online_dac91519b8,no_hashjoin,316.51,1428.3596164884295
3,extra_trees,plan_time,default_ml,online_dac91519b8,no_mergejoin,194.431,536.1604681159965
3,extra_trees,plan_time,default_ml,online_dac91519b8,no_nestloop,217.28,620.6493704070946
4,extra_trees,plan_time,default_ml,q04_agg_total_per_country,default,36.801,48.422203771929745
4,extra_trees,plan_time,default_ml,q06_status_breakdown,default,22.161,33.724856150332386
4,extra_trees,plan_time,default_ml,q06,default,2272.089,3516.9163870013385
4,extra_trees,plan_time,default_ml,q06,no_hashjoin,1791.259,1275.0075198598106
4,extra_trees,plan_time,default_ml,q06,no_mergejoin,1959.172,1297.8571293860466
4,extra_trees,plan_time,default_ml,q06,no_nestloop,1737.52,2190.2498306660736
4,extra_trees,plan_time,default_ml,q08,default,2118.05,3369.4803219864402
4,extra_trees,plan_time,default_ml,q08,no_hashjoin,1382.048,2507.42893780122
4,extra_trees,plan_time,default_ml,q08,no_mergejoin,1513.581,3469.3570331441338
4,extra_trees,plan_time,default_ml,q08,no_nestloop,2374.629,4564.063086934646
4,extra_trees,plan_time,default_ml,q13,default,2831.432,3239.734647234665
4,extra_trees,plan_time,default_ml,q13,no_hashjoin,23582.006,3593.0364615551184
4,extra_trees,plan_time,default_ml,q13,no_mergejoin,2595.487,3303.768168615113
4,extra_trees,plan_time,default_ml,q13,no_nestloop,2688.645,2989.902358627455
4,extra_trees,plan_time,default_ml,q18,default,13888.445,8877.890319345479
4,extra_trees,plan_time,default_ml,q18,no_hashjoin,14970.42,11029.555145487844
4,extra_trees,plan_time,default_ml,q18,no_mergejoin,16967.045,9936.061643314168
4,extra_trees,plan_time,default_ml,q18,no_nestloop,17635.017,5818.892789455694
4,extra_trees,plan_time,default_ml,q01_p0,default,3349.141,8593.203382508005
4,extra_trees,plan_time,default_ml,q01_p0,no_hashjoin,4540.459,13230.146337931365
4,extra_trees,plan_time,default_ml,q01_p0,no_mergejoin,10943.592,10576.8079944654
4,extra_trees,plan_time,default_ml,q01_p0,no_nestloop,8294.856,10528.880233426275
4,extra_trees,plan_time,default_ml,q02_p4,default,1973.717,3166.8762134358067
4,extra_trees,plan_time,default_ml,q02_p4,no_hashjoin,1809.446,4346.578875387703
4,extra_trees,plan_time,default_ml,q02_p4,no_mergejoin,2038.239,3160.2831442851398
4,extra_trees,plan_time,default_ml,q02_p4,no_nestloop,4826.137,6774.262678157918
4,extra_trees,plan_time,default_ml,q03_p3,default,2118.779,2074.125365902739
4,extra_trees,plan_time,default_ml,q03_p3,no_hashjoin,12346.115,10560.484336265887
4,extra_trees,plan_time,default_ml,q03_p3,no_mergejoin,1371.854,1845.4309637363613
4,extra_trees,plan_time,default_ml,q03_p3,no_nestloop,3581.978,1835.84649588057
4,extra_trees,plan_time,default_ml,q04_p1,default,616.709,1086.827622754985
4,extra_trees,plan_time,default_ml,q04_p1,no_hashjoin,714.221,1242.5661028622774
4,extra_trees,plan_time,default_ml,q04_p1,no_mergejoin,781.058,934.5989021045085
4,extra_trees,plan_time,default_ml,q04_p1,no_nestloop,4254.901,8218.898840800943
4,extra_trees,plan_time,default_ml,q04_p2,default,706.16,1182.60867220733
4,extra_trees,plan_time,default_ml,q04_p2,no_hashjoin,693.738,1071.2873901470803
4,extra_trees,plan_time,default_ml,q04_p2,no_mergejoin,797.277,793.9299197320853
4,extra_trees,plan_time,default_ml,q04_p2,no_nestloop,4757.625,4893.188146069943
4,extra_trees,plan_time,default_ml,q06_p0,default,4046.07,2578.9148960504326
4,extra_trees,plan_time,default_ml,q06_p0,no_hashjoin,3038.813,2459.7121433978577
4,extra_trees,plan_time,default_ml,q06_p0,no_mergejoin,3906.789,1375.1287727199822
4,extra_trees,plan_time,default_ml,q06_p0,no_nestloop,3998.758,2403.0729945623452
4,extra_trees,plan_time,default_ml,q07_p1,default,48689.845,40572.75514058186
4,extra_trees,plan_time,default_ml,q07_p1,no_hashjoin,15251.364,11233.72496972897
4,extra_trees,plan_time,default_ml,q07_p1,no_mergejoin,53754.001,26668.91000000169
4,extra_trees,plan_time,default_ml,q07_p1,no_nestloop,5609.712,7818.246606253955
4,extra_trees,plan_time,default_ml,q08_p4,default,5660.325,5906.872482534531
4,extra_trees,plan_time,default_ml,q08_p4,no_hashjoin,6197.882,2761.0790544673864
4,extra_trees,plan_time,default_ml,q08_p4,no_mergejoin,2379.517,3659.297716922687
4,extra_trees,plan_time,default_ml,q08_p4,no_nestloop,5048.417,5543.293635365474
4,extra_trees,plan_time,default_ml,q09_p3,default,6549.707,14404.504666068875
4,extra_trees,plan_time,default_ml,q09_p3,no_hashjoin,13347.475,16102.627560805835
4,extra_trees,plan_time,default_ml,q09_p3,no_mergejoin,5954.025,20729.50221737653
4,extra_trees,plan_time,default_ml,q09_p3,no_nestloop,3600.447,11161.331708470903
4,extra_trees,plan_time,default_ml,q11_p1,default,2820.861,1309.8685206975158
4,extra_trees,plan_time,default_ml,q11_p1,no_hashjoin,834.804,900.7669215817281
4,extra_trees,plan_time,default_ml,q11_p1,no_mergejoin,854.796,717.7007853108393
4,extra_trees,plan_time,default_ml,q11_p1,no_nestloop,1680.754,1126.8230862848386
4,extra_trees,plan_time,default_ml,q12_p0,default,12501.249,4203.262973754157
4,extra_trees,plan_time,default_ml,q12_p0,no_hashjoin,5870.008,3327.9904981345626
4,extra_trees,plan_time,default_ml,q12_p0,no_mergejoin,4893.417,4266.956488679151
4,extra_trees,plan_time,default_ml,q12_p0,no_nestloop,3516.724,3476.714300949243
4,extra_trees,plan_time,default_ml,q14_p3,default,3822.122,2715.5114696139626
4,extra_trees,plan_time,default_ml,q14_p3,no_hashjoin,5657.868,2443.5581216791848
4,extra_trees,plan_time,default_ml,q14_p3,no_mergejoin,5261.081,3436.444047421721
4,extra_trees,plan_time,default_ml,q14_p3,no_nestloop,3418.002,2820.777629832808
4,extra_trees,plan_time,default_ml,q15_p2,default,4505.763,3560.1119665967904
4,extra_trees,plan_time,default_ml,q15_p2,no_hashjoin,6508.556,3305.49403689292
4,extra_trees,plan_time,default_ml,q15_p2,no_mergejoin,5286.807,3445.140207693058
4,extra_trees,plan_time,default_ml,q15_p2,no_nestloop,5383.88,3118.973210465411
4,extra_trees,plan_time,default_ml,q16_p1,default,2655.656,2418.7576469715723
4,extra_trees,plan_time,default_ml,q16_p1,no_hashjoin,1923.553,2648.220246042328
4,extra_trees,plan_time,default_ml,q16_p1,no_mergejoin,2945.97,1825.0198175380538
4,extra_trees,plan_time,default_ml,q16_p1,no_nestloop,1993.228,2378.9574520925707
4,extra_trees,plan_time,default_ml,q17_p0,default,10431.913,4881.289574850728
4,extra_trees,plan_time,default_ml,q17_p0,no_hashjoin,1729.994,822.5633712711572
4,extra_trees,plan_time,default_ml,q17_p0,no_mergejoin,8897.062,4158.937147294232
4,extra_trees,plan_time,default_ml,q17_p0,no_nestloop,9330.833,4226.8685206491855
4,extra_trees,plan_time,default_ml,q19_p1,default,1205.132,453.8389714064048
4,extra_trees,plan_time,default_ml,q19_p1,no_hashjoin,454.037,451.78367114169413
4,extra_trees,plan_time,default_ml,q19_p1,no_mergejoin,371.417,377.32237572065384
4,extra_trees,plan_time,default_ml,q19_p1,no_nestloop,3774.525,3628.8052729529877
4,extra_trees,plan_time,default_ml,q20_p2,default,5046.379,3707.3206778348826
4,extra_trees,plan_time,default_ml,q20_p2,no_hashjoin,3476.229,10326.541352731192
4,extra_trees,plan_time,default_ml,q20_p2,no_mergejoin,3548.939,20664.35482951768
4,extra_trees,plan_time,default_ml,q21_p1,default,17294.152,16962.757868341323
4,extra_trees,plan_time,default_ml,q21_p1,no_hashjoin,18352.588,20535.714419618973
4,extra_trees,plan_time,default_ml,q21_p1,no_mergejoin,18510.851,13273.003418868755
4,extra_trees,plan_time,default_ml,q21_p1,no_nestloop,10391.969,16732.827225230823
4,extra_trees,plan_time,default_ml,ds_q01_filter_agg,default,1042.995,588.2343429470565
4,extra_trees,plan_time,default_ml,ds_q01_filter_agg,no_hashjoin,810.184,760.7293731467644
4,extra_trees,plan_time,default_ml,ds_q01_filter_agg,no_mergejoin,537.585,406.48620328423533
4,extra_trees,plan_time,default_ml,ds_q01_filter_agg,no_nestloop,1482.016,428.0673058515803
4,extra_trees,plan_time,default_ml,ds_q10_window_topk,default,2181.389,976.9765014944899
4,extra_trees,plan_time,default_ml,ds_q10_window_topk,no_hashjoin,4045.225,1530.5297660606834
4,extra_trees,plan_time,default_ml,ds_q10_window_topk,no_mergejoin,1774.157,677.8041222597695
4,extra_trees,plan_time,default_ml,ds_q10_window_topk,no_nestloop,1763.773,923.2296005526343
4,extra_trees,plan_time,default_ml,ds_q13_high_quantity,default,350.115,494.393271178101
4,extra_trees,plan_time,default_ml,ds_q13_high_quantity,no_hashjoin,465.736,497.5229076588457
4,extra_trees,plan_time,default_ml,ds_q13_high_quantity,no_mergejoin,399.664,429.31093000083075
4,extra_trees,plan_time,default_ml,ds_q13_high_quantity,no_nestloop,458.559,420.4374433257223
4,extra_trees,plan_time,default_ml,ds_q20_demographic,default,867.031,884.1490590175237
4,extra_trees,plan_time,default_ml,ds_q20_demographic,no_hashjoin,3716.274,1857.6128113746074
4,extra_trees,plan_time,default_ml,ds_q20_demographic,no_mergejoin,726.447,681.4724519661263
4,extra_trees,plan_time,default_ml,ds_q20_demographic,no_nestloop,1077.246,768.1954171927035
4,extra_trees,plan_time,default_ml,online_d4e75912f5,default,2553.552,8088.478996168314
4,extra_trees,plan_time,default_ml,online_d4e75912f5,no_hashjoin,1500.007,9443.216181685213
4,extra_trees,plan_time,default_ml,online_d4e75912f5,no_mergejoin,1479.977,9395.052470074252
4,extra_trees,plan_time,default_ml,online_d4e75912f5,no_nestloop,1374.997,7666.621075150181
4,extra_trees,plan_time,default_ml,online_4742846dc9,no_hashjoin,974.089,4647.197983994514
0,gradient_boosting,plan_time,default_ml,q01_customers_by_country,default,0.928,4.431147252509126
0,gradient_boosting,plan_time,default_ml,q02_orders_recent,default,4.298,11.546049003331666
0,gradient_boosting,plan_time,default_ml,q07_self_subquery,default,11.032,6.235685639055915
0,gradient_boosting,plan_time,default_ml,q01,default,11982.478,10013.696758738079
0,gradient_boosting,plan_time,default_ml,q01,no_hashjoin,11191.817,10303.889187489061
0,gradient_boosting,plan_time,default_ml,q01,no_mergejoin,10066.542,11463.253129167224
0,gradient_boosting,plan_time,default_ml,q01,no_nestloop,6900.803,11011.042666843681
0,gradient_boosting,plan_time,default_ml,q05,default,8827.081,5528.341667106926
0,gradient_boosting,plan_time,default_ml,q05,no_hashjoin,7074.668,4513.852676580696
0,gradient_boosting,plan_time,default_ml,q05,no_mergejoin,9969.823,5555.562833652529
0,gradient_boosting,plan_time,default_ml,q05,no_nestloop,2887.231,3174.5871223843023
0,gradient_boosting,plan_time,default_ml,q12,default,4159.307,5989.6066035265785
0,gradient_boosting,plan_time,default_ml,q12,no_hashjoin,3556.871,4753.111647536731
0,gradient_boosting,plan_time,default_ml,q12,no_mergejoin,4213.912,4049.288218805572
0,gradient_boosting,plan_time,default_ml,q12,no_nestloop,3102.1,3814.5569982514903
0,gradient_boosting,plan_time,default_ml,q17,default,4823.064,8441.796616859101
0,gradient_boosting,plan_time,default_ml,q17,no_hashjoin,939.65,1486.062664312761
0,gradient_boosting,plan_time,default_ml,q17,no_mergejoin,4153.603,8083.115343188825
0,gradient_boosting,plan_time,default_ml,q17,no_nestloop,4235.083,7875.402773510683
0,gradient_boosting,plan_time,default_ml,q19,default,543.454,435.01529297698363
0,gradient_boosting,plan_time,default_ml,q19,no_hashjoin,198.599,737.0263880671798
0,gradient_boosting,plan_time,default_ml,q19,no_mergejoin,215.468,562.1535744560595
0,gradient_boosting,plan_time,default_ml,q19,no_nestloop,1441.563,3619.0592544248816
0,gradient_boosting,plan_time,default_ml,q22,default,383.714,768.0158279560999
0,gradient_boosting,plan_time,default_ml,q22,no_hashjoin,345.909,543.213453650495
0,gradient_boosting,plan_time,default_ml,q22,no_mergejoin,387.731,458.58510818896997
0,gradient_boosting,plan_time,default_ml,q22,no_nestloop,491.9,2183.359868355552
0,gradient_boosting,plan_time,default_ml,q01_p1,default,9892.378,6645.823489260487
0,gradient_boosting,plan_time,default_ml,q01_p1,no_hashjoin,14592.651,7472.218110073567
0,gradient_boosting,plan_time,default_ml,q01_p1,no_mergejoin,10802.619,6596.193346453937
0,gradient_boosting,plan_time,default_ml,q01_p1,no_nestloop,10626.043,6218.633741966771
0,gradient_boosting,plan_time,default_ml,q01_p4,default,7707.074,8525.044389117567
0,gradient_boosting,plan_time,default_ml,q01_p4,no_hashjoin,11899.903,8145.566598980045
0,gradient_boosting,plan_time,default_ml,q01_p4,no_mergejoin,11406.505,12753.376021078639
0,gradient_boosting,plan_time,default_ml,q01_p4,no_nestloop,9862.402,12494.37258654595
0,gradient_boosting,plan_time,default_ml,q03_p2,default,1513.628,1782.752452794686
0,gradient_boosting,plan_time,default_ml,q03_p2,no_hashjoin,9935.697,15229.007399655222
0,gradient_boosting,plan_time,default_ml,q03_p2,no_mergejoin,2103.504,1766.622270742331
0,gradient_boosting,plan_time,default_ml,q03_p2,no_nestloop,3760.127,4010.09530412397
0,gradient_boosting,plan_time,default_ml,q03_p4,default,1825.335,1626.54805257627
0,gradient_boosting,plan_time,default_ml,q03_p4,no_hashjoin,9233.542,11730.119159060749
0,gradient_boosting,plan_time,default_ml,q03_p4,no_mergejoin,1153.93,1366.5132733330433
0,gradient_boosting,plan_time,default_ml,q03_p4,no_nestloop,1581.882,3674.286550005343
0,gradient_boosting,plan_time,default_ml,q05_p4,default,7116.569,5242.611400552543
0,gradient_boosting,plan_time,default_ml,q05_p4,no_hashjoin,7761.671,4864.122296269533
0,gradient_boosting,plan_time,default_ml,q05_p4,no_mergejoin,14257.984,5293.594697831733
0,gradient_boosting,plan_time,default_ml,q05_p4,no_nestloop,5488.744,4992.859829737834
0,gradient_boosting,plan_time,default_ml,q06_p1,default,4169.204,1966.1536877972324
0,gradient_boosting,plan_time,default_ml,q06_p1,no_hashjoin,2672.595,1608.3741046402406
0,gradient_boosting,plan_time,default_ml,q06_p1,no_mergejoin,2169.062,2028.8257791234455
0,gradient_boosting,plan_time,default_ml,q06_p1,no_nestloop,2766.657,1897.6781305620962
0,gradient_boosting,plan_time,default_ml,q07_p0,default,33515.848,95703.39886729603
0,gradient_boosting,plan_time,default_ml,q07_p0,no_hashjoin,6605.498,12998.148209796487
0,gradient_boosting,plan_time,default_ml,q07_p0,no_mergejoin,31465.431,43345.10306654455
0,gradient_boosting,plan_time,default_ml,q07_p0,no_nestloop,2952.799,3859.016172467394
0,gradient_boosting,plan_time,default_ml,q07_p4,default,59489.379,65490.372976069855
0,gradient_boosting,plan_time,default_ml,q07_p4,no_hashjoin,12167.826,9456.48708179133
0,gradient_boosting,plan_time,default_ml,q07_p4,no_mergejoin,26668.91,42954.41877279705
0,gradient_boosting,plan_time,default_ml,q07_p4,no_nestloop,1892.741,3723.98995485325
0,gradient_boosting,plan_time,default_ml,q08_p3,default,6018.607,3620.2435863545065
0,gradient_boosting,plan_time,default_ml,q08_p3,no_hashjoin,3792.658,2346.880988964108
0,gradient_boosting,plan_time,default_ml,q08_p3,no_mergejoin,3685.784,2668.675972609957
0,gradient_boosting,plan_time,default_ml,q08_p3,no_nestloop,6346.003,6853.936029082264
0,gradient_boosting,plan_time,default_ml,q09_p2,default,12046.323,15224.408619130949
0,gradient_boosting,plan_time,default_ml,q09_p2,no_hashjoin,20980.942,30536.22919316878
0,gradient_boosting,plan_time,default_ml,q09_p2,no_mergejoin,14809.125,11615.59045712635
0,gradient_boosting,plan_time,default_ml,q09_p2,no_nestloop,7339.487,6263.602481225942
0,gradient_boosting,plan_time,default_ml,q11_p0,default,3049.573,691.205479884454
0,gradient_boosting,plan_time,default_ml,q11_p0,no_hashjoin,904.409,925.5709729538746
0,gradient_boosting,plan_time,default_ml,q11_p0,no_mergejoin,816.264,774.7172046890093
0,gradient_boosting,plan_time,default_ml,q11_p0,no_nestloop,1302.632,1957.3159747118784
0,gradient_boosting,plan_time,default_ml,q12_p4,default,2249.037,2594.791063217042
0,gradient_boosting,plan_time,default_ml,q12_p4,no_hashjoin,3823.712,2654.2856237529504
0,gradient_boosting,plan_time,default_ml,q12_p4,no_mergejoin,6799.636,2614.852298714173
0,gradient_boosting,plan_time,default_ml,q12_p4,no_nestloop,7214.151,3215.8787524700133
0,gradient_boosting,plan_time,default_ml,q14_p2,default,3528.926,2363.052874854537
0,gradient_boosting,plan_time,default_ml,q14_p2,no_hashjoin,3469.28,2651.509256694335
0,gradient_boosting,plan_time,default_ml,q14_p2,no_mergejoin,3484.62,2518.174898968446
0,gradient_boosting,plan_time,default_ml,q14_p2,no_nestloop,2670.408,2262.429590363084
0,gradient_boosting,plan_time,default_ml,q15_p1,default,2973.557,4808.7636989777675
0,gradient_boosting,plan_time,default_ml,q15_p1,no_hashjoin,3481.784,4766.4729567321065
0,gradient_boosting,plan_time,default_ml,q15_p1,no_mergejoin,3814.434,4173.622255820459
0,gradient_boosting,plan_time,default_ml,q15_p1,no_nestloop,2991.507,4097.661911571576
0,gradient_boosting,plan_time,default_ml,q16_p0,default,3583.344,2681.1687807542185
0,gradient_boosting,plan_time,default_ml,q16_p0,no_hashjoin,2973.287,1671.6131304488554
0,gradient_boosting,plan_time,default_ml,q16_p0,no_mergejoin,1724.904,1539.0517671186537
0,gradient_boosting,plan_time,default_ml,q16_p0,no_nestloop,2170.77,1542.1286057663824
0,gradient_boosting,plan_time,default_ml,q19_p4,default,413.238,411.76001420091296
0,gradient_boosting,plan_time,default_ml,q19_p4,no_hashjoin,264.754,386.5510039610631
0,gradient_boosting,plan_time,default_ml,q19_p4,no_mergejoin,314.011,382.08919760184716
0,gradient_boosting,plan_time,default_ml,q19_p4,no_nestloop,3594.635,3009.778959861498
0,gradient_boosting,plan_time,default_ml,q21_p0,default,52833.508,21151.429422360234
0,gradient_boosting,plan_time,default_ml,q21_p0,no_hashjoin,47704.612,18675.92003906595
0,gradient_boosting,plan_time,default_ml,q21_p0,no_mergejoin,18214.814,16518.41167867818
0,gradient_boosting,plan_time,default_ml,q21_p0,no_nestloop,9580.423,11347.470584947456
0,gradient_boosting,plan_time,default_ml,ds_q06_web_vs_store,default,696.566,1521.870223186583
0,gradient_boosting,plan_time,default_ml,ds_q06_web_vs_store,no_hashjoin,1647.674,2009.3934950807525
0,gradient_boosting,plan_time,default_ml,ds_q06_web_vs_store,no_mergejoin,852.859,1145.7286194537414
0,gradient_boosting,plan_time,default_ml,ds_q06_web_vs_store,no_nestloop,1042.574,1003.9878934502008
0,gradient_boosting,plan_time,default_ml,ds_q11_inventory_check,default,519.915,1041.904339197103
0,gradient_boosting,plan_time,default_ml,ds_q11_inventory_check,no_hashjoin,947.458,1068.8664749569152
0,gradient_boosting,plan_time,default_ml,ds_q11_inventory_check,no_mergejoin,423.518,580.8537765919577
0,gradient_boosting,plan_time,default_ml,ds_q11_inventory_check,no_nestloop,343.882,588.8496983573821
0,gradient_boosting,plan_time,default_ml,ds_q17_dow_pattern,default,996.646,618.3819775240966
0,gradient_boosting,plan_time,default_ml,ds_q17_dow_pattern,no_hashjoin,2377.113,1292.4708526986055
0,gradient_boosting,plan_time,default_ml,ds_q17_dow_pattern,no_mergejoin,571.268,425.1793346767043
0,gradient_boosting,plan_time,default_ml,ds_q17_dow_pattern,no_nestloop,644.053,704.1185144524184
0,gradient_boosting,plan_time,default_ml,online_ce83de12bc,default,947.618,2488.7884232808415
0,gradient_boosting,plan_time,default_ml,online_ce83de12bc,no_mergejoin,823.206,2125.9493737632783
0,gradient_boosting,plan_time,default_ml,online_ce83de12bc,no_nestloop,732.934,2433.814258632014
0,gradient_boosting,plan_time,default_ml,online_ce83de12bc,no_hashjoin,782.553,2688.706710574237
1,gradient_boosting,plan_time,default_ml,q03_join_customer_orders,default,13.224,22.86134766589319
1,gradient_boosting,plan_time,default_ml,q05_top_customers,default,18.031,44.707824034129054
1,gradient_boosting,plan_time,default_ml,q02,default,6173.76,11601.506055305808
1,gradient_boosting,plan_time,default_ml,q02,no_hashjoin,4302.342,3665.4240757231623
1,gradient_boosting,plan_time,default_ml,q02,no_mergejoin,3199.538,3699.680763225849
1,gradient_boosting,plan_time,default_ml,q02,no_nestloop,6690.813,6301.526110325564
1,gradient_boosting,plan_time,default_ml,q04,default,1216.968,901.7251335781772
1,gradient_boosting,plan_time,default_ml,q04,no_hashjoin,1396.247,900.2112636291652
1,gradient_boosting,plan_time,default_ml,q04,no_mergejoin,1429.065,907.235844230153
1,gradient_boosting,plan_time,default_ml,q04,no_nestloop,16777.004,5517.14036890594
1,gradient_boosting,plan_time,default_ml,q07,default,35165.908,35361.18343715499
1,gradient_boosting,plan_time,default_ml,q07,no_hashjoin,3945.736,8359.578533858858
1,gradient_boosting,plan_time,default_ml,q07,no_mergejoin,29002.507,33954.00129370739
1,gradient_boosting,plan_time,default_ml,q07,no_nestloop,2402.029,3756.507946562962
1,gradient_boosting,plan_time,default_ml,q11,default,1724.803,1154.7705168208595
1,gradient_boosting,plan_time,default_ml,q11,no_hashjoin,403.337,904.5718679390939
1,gradient_boosting,plan_time,default_ml,q11,no_mergejoin,308.811,1665.4631751868735
1,gradient_boosting,plan_time,default_ml,q11,no_nestloop,801.703,2028.7087376677225
1,gradient_boosting,plan_time,default_ml,q16,default,1605.611,2535.150624362458
1,gradient_boosting,plan_time,default_ml,q16,no_hashjoin,1383.148,3226.758306286181
1,gradient_boosting,plan_time,default_ml,q16,no_mergejoin,1106.188,2325.8778157981633
1,gradient_boosting,plan_time,default_ml,q16,no_nestloop,1324.611,1982.2991538879871
1,gradient_boosting,plan_time,default_ml,q21,default,13986.072,22079.60533380223
1,gradient_boosting,plan_time,default_ml,q21,no_hashjoin,19448.204,17026.48978301989
1,gradient_boosting,plan_time,default_ml,q21,no_mergejoin,13055.611,18195.464759401853
1,gradient_boosting,plan_time,default_ml,q21,no_nestloop,10367.542,9943.261689101431
1,gradient_boosting,plan_time,default_ml,q01_p2,default,9565.353,10322.386416275016
1,gradient_boosting,plan_time,default_ml,q01_p2,no_hashjoin,9512.992,10328.227854141689
1,gradient_boosting,plan_time,default_ml,q01_p2,no_mergejoin,13686.939,10332.357000001286
1,gradient_boosting,plan_time,default_ml,q01_p2,no_nestloop,13280.512,8833.039787987915
1,gradient_boosting,plan_time,default_ml,q03_p1,default,1789.751,2287.5265214414594
1,gradient_boosting,plan_time,default_ml,q03_p1,no_hashjoin,11886.905,13168.06789472263
1,gradient_boosting,plan_time,default_ml,q03_p1,no_mergejoin,1234.521,1610.0633603569092
1,gradient_boosting,plan_time,default_ml,q03_p1,no_nestloop,1698.449,3231.359710492792
1,gradient_boosting,plan_time,default_ml,q04_p4,default,1251.353,938.4057763275289
1,gradient_boosting,plan_time,default_ml,q04_p4,no_hashjoin,872.911,915.602702388376
1,gradient_boosting,plan_time,default_ml,q04_p4,no_mergejoin,1007.402,862.1014594331049
1,gradient_boosting,plan_time,default_ml,q04_p4,no_nestloop,9201.859,4811.221144982168
1,gradient_boosting,plan_time,default_ml,q05_p2,default,4849.114,7885.138514330029
1,gradient_boosting,plan_time,default_ml,q05_p2,no_hashjoin,4040.571,5778.308901346527
1,gradient_boosting,plan_time,default_ml,q05_p2,no_mergejoin,3505.474,5493.9339227891805
1,gradient_boosting,plan_time,default_ml,q05_p2,no_nestloop,3152.242,2382.367384373647
1,gradient_boosting,plan_time,default_ml,q05_p3,default,4461.936,8785.10862242409
1,gradient_boosting,plan_time,default_ml,q05_p3,no_hashjoin,4576.937,5778.308901346527
1,gradient_boosting,plan_time,default_ml,q05_p3,no_mergejoin,5163.161,5517.982238292695
1,gradient_boosting,plan_time,default_ml,q05_p3,no_nestloop,4531.435,2749.851339400932
1,gradient_boosting,plan_time,default_ml,q07_p3,default,48180.292,31568.95354414452
1,gradient_boosting,plan_time,default_ml,q07_p3,no_hashjoin,20439.496,10380.87997744258
1,gradient_boosting,plan_time,default_ml,q07_p3,no_mergejoin,75622.57,47239.873912980096
1,gradient_boosting,plan_time,default_ml,q07_p3,no_nestloop,7456.51,5631.911600877467
1,gradient_boosting,plan_time,default_ml,q08_p2,default,4115.998,2651.7868946656417
1,gradient_boosting,plan_time,default_ml,q08_p2,no_hashjoin,2794.834,2546.3820394728154
1,gradient_boosting,plan_time,default_ml,q08_p2,no_mergejoin,3521.968,2275.0065625853667
1,gradient_boosting,plan_time,default_ml,q08_p2,no_nestloop,6391.806,2831.6332227367034
1,gradient_boosting,plan_time,default_ml,q09_p1,default,39188.185,25823.573986662588
1,gradient_boosting,plan_time,default_ml,q09_p1,no_hashjoin,37214.359,24377.4779835109
1,gradient_boosting,plan_time,default_ml,q09_p1,no_mergejoin,17515.704,19843.809217600596
1,gradient_boosting,plan_time,default_ml,q09_p1,no_nestloop,9813.353,5949.3175607670155
1,gradient_boosting,plan_time,default_ml,q11_p4,default,1992.165,1526.5580053607946
1,gradient_boosting,plan_time,default_ml,q11_p4,no_hashjoin,694.319,1063.685429222239
1,gradient_boosting,plan_time,default_ml,q11_p4,no_mergejoin,595.204,1003.6256482057722
1,gradient_boosting,plan_time,default_ml,q11_p4,no_nestloop,1576.498,1782.0568755596105
1,gradient_boosting,plan_time,default_ml,q12_p3,default,2243.386,4054.268799200311
1,gradient_boosting,plan_time,default_ml,q12_p3,no_hashjoin,2231.47,3488.4256909215646
1,gradient_boosting,plan_time,default_ml,q12_p3,no_mergejoin,2085.778,3133.0497393790633
1,gradient_boosting,plan_time,default_ml,q12_p3,no_nestloop,2514.896,4612.932587696812
1,gradient_boosting,plan_time,default_ml,q14_p1,default,2856.102,2636.441813441434
1,gradient_boosting,plan_time,default_ml,q14_p1,no_hashjoin,2769.721,1531.2591990226663
1,gradient_boosting,plan_time,default_ml,q14_p1,no_mergejoin,2453.346,2991.4740732230302
1,gradient_boosting,plan_time,default_ml,q14_p1,no_nestloop,2195.13,2309.554060237899
1,gradient_boosting,plan_time,default_ml,q15_p0,default,4191.151,4156.892716994136
1,gradient_boosting,plan_time,default_ml,q15_p0,no_hashjoin,5584.123,3991.124305180163
1,gradient_boosting,plan_time,default_ml,q15_p0,no_mergejoin,5665.229,3891.105283060135
1,gradient_boosting,plan_time,default_ml,q15_p0,no_nestloop,2830.03,3819.866374721792
1,gradient_boosting,plan_time,default_ml,q16_p4,default,2523.064,2170.4072038070794
1,gradient_boosting,plan_time,default_ml,q16_p4,no_hashjoin,1946.083,2759.620146913108
1,gradient_boosting,plan_time,default_ml,q16_p4,no_mergejoin,1783.659,1993.1463490736198
1,gradient_boosting,plan_time,default_ml,q16_p4,no_nestloop,2195.978,2021.049336657488
1,gradient_boosting,plan_time,default_ml,q19_p0,default,435.11,287.6831603746458
1,gradient_boosting,plan_time,default_ml,q19_p0,no_hashjoin,516.983,221.59938936740457
1,gradient_boosting,plan_time,default_ml,q19_p0,no_mergejoin,498.459,331.4177255426591
1,gradient_boosting,plan_time,default_ml,q19_p0,no_nestloop,3656.192,1647.1388613977613
1,gradient_boosting,plan_time,default_ml,q19_p3,default,392.595,356.53369006307827
1,gradient_boosting,plan_time,default_ml,q19_p3,no_hashjoin,404.667,348.49953315322375
1,gradient_boosting,plan_time,default_ml,q19_p3,no_mergejoin,494.229,507.9651026373698
1,gradient_boosting,plan_time,default_ml,q19_p3,no_nestloop,3766.083,1162.8303915242586
1,gradient_boosting,plan_time,default_ml,q21_p4,default,19462.346,17996.86185661745
1,gradient_boosting,plan_time,default_ml,q21_p4,no_hashjoin,19158.111,15750.678932417912
1,gradient_boosting,plan_time,default_ml,q21_p4,no_mergejoin,21773.347,18548.94946982934
1,gradient_boosting,plan_time,default_ml,q21_p4,no_nestloop,20578.87,10599.973256606947
1,gradient_boosting,plan_time,default_ml,ds_q04_customer_topk,default,704.859,837.5288682170025
1,gradient_boosting,plan_time,default_ml,ds_q04_customer_topk,no_hashjoin,1272.521,722.7909992976291
1,gradient_boosting,plan_time,default_ml,ds_q04_customer_topk,no_mergejoin,577.718,624.691146870267
1,gradient_boosting,plan_time,default_ml,ds_q04_customer_topk,no_nestloop,799.922,561.5248500331186
1,gradient_boosting,plan_time,default_ml,ds_q05_returns_filter,default,279.907,223.61492815951036
1,gradient_boosting,plan_time,default_ml,ds_q05_returns_filter,no_hashjoin,328.061,374.55553979837947
1,gradient_boosting,plan_time,default_ml,ds_q05_returns_filter,no_mergejoin,196.199,55.93743614095833
1,gradient_boosting,plan_time,default_ml,ds_q05_returns_filter,no_nestloop,163.456,54.61833409638422
1,gradient_boosting,plan_time,default_ml,ds_q09_avg_basket,default,481.674,581.5287187929736
1,gradient_boosting,plan_time,default_ml,ds_q09_avg_basket,no_hashjoin,512.863,554.3649555689251
1,gradient_boosting,plan_time,default_ml,ds_q09_avg_basket,no_mergejoin,420.93,454.3064834016821
1,gradient_boosting,plan_time,default_ml,ds_q09_avg_basket,no_nestloop,445.387,495.00573092146664
1,gradient_boosting,plan_time,default_ml,ds_q18_brand_topk,default,662.842,302.7505875267311
1,gradient_boosting,plan_time,default_ml,ds_q18_brand_topk,no_hashjoin,2523.984,764.5412258447652
1,gradient_boosting,plan_time,default_ml,ds_q18_brand_topk,no_mergejoin,2049.833,309.13732580785455
1,gradient_boosting,plan_time,default_ml,ds_q18_brand_topk,no_nestloop,774.295,264.56776815179353
1,gradient_boosting,plan_time,default_ml,ds_q19_self_join,default,5.488,19.547754822744245
1,gradient_boosting,plan_time,default_ml,ds_q19_self_join,no_hashjoin,0.11,19.806848848511304
1,gradient_boosting,plan_time,default_ml,ds_q19_self_join,no_mergejoin,0.106,18.921691415602854
1,gradient_boosting,plan_time,default_ml,ds_q19_self_join,no_nestloop,0.133,18.49300410336074
2,gradient_boosting,plan_time,default_ml,q10,default,1318.8,5473.872034776741
2,gradient_boosting,plan_time,default_ml,q10,no_hashjoin,4160.12,9943.170036183812
2,gradient_boosting,plan_time,default_ml,q10,no_mergejoin,1571.937,3460.9917558295324
2,gradient_boosting,plan_time,default_ml,q10,no_nestloop,2518.974,4662.885743016609
2,gradient_boosting,plan_time,default_ml,q15,default,2757.332,5475.72153206586
2,gradient_boosting,plan_time,default_ml,q15,no_hashjoin,2518.908,5309.486735073795
2,gradient_boosting,plan_time,default_ml,q15,no_mergejoin,2113.783,5510.536039593784
2,gradient_boosting,plan_time,default_ml,q15,no_nestloop,2244.615,4406.929297358759
2,gradient_boosting,plan_time,default_ml,q20,default,7381.431,9104.240492449422
2,gradient_boosting,plan_time,default_ml,q20,no_hashjoin,4427.324,4501.5659455149635
2,gradient_boosting,plan_time,default_ml,q20,no_mergejoin,4679.932,7437.001604589176
2,gradient_boosting,plan_time,default_ml,q01_p3,default,13984.334,10181.581672747825
2,gradient_boosting,plan_time,default_ml,q01_p3,no_hashjoin,15019.025,10006.486476792606
2,gradient_boosting,plan_time,default_ml,q01_p3,no_mergejoin,12287.425,9744.62540440656
2,gradient_boosting,plan_time,default_ml,q01_p3,no_nestloop,11661.957,9640.208738726715
2,gradient_boosting,plan_time,default_ml,q02_p0,default,23413.931,8368.955505068032
2,gradient_boosting,plan_time,default_ml,q02_p0,no_hashjoin,3964.82,4570.070852773905
2,gradient_boosting,plan_time,default_ml,q02_p0,no_mergejoin,3313.199,3195.0888167336802
2,gradient_boosting,plan_time,default_ml,q02_p0,no_nestloop,8545.085,5224.584615119456
2,gradient_boosting,plan_time,default_ml,q02_p2,default,3165.46,3358.3846364469755
2,gradient_boosting,plan_time,default_ml,q02_p2,no_hashjoin,5007.324,4093.594954222701
2,gradient_boosting,plan_time,default_ml,q02_p2,no_mergejoin,3606.714,2953.449056625974
2,gradient_boosting,plan_time,default_ml,q02_p2,no_nestloop,7216.648,5381.118370491334
2,gradient_boosting,plan_time,default_ml,q03_p0,default,2635.037,1899.6045990469008
2,gradient_boosting,plan_time,default_ml,q03_p0,no_hashjoin,18114.795,10977.11848728571
2,gradient_boosting,plan_time,default_ml,q03_p0,no_mergejoin,1944.902,1458.5277279552122
2,gradient_boosting,plan_time,default_ml,q03_p0,no_nestloop,5589.845,2465.4681098344104
2,gradient_boosting,plan_time,default_ml,q04_p3,default,990.862,890.278532785116
2,gradient_boosting,plan_time,default_ml,q04_p3,no_hashjoin,1329.233,926.7435286637048
2,gradient_boosting,plan_time,default_ml,q04_p3,no_mergejoin,1103.474,833.2591607635122
2,gradient_boosting,plan_time,default_ml,q04_p3,no_nestloop,8503.564,5517.590860423271
2,gradient_boosting,plan_time,default_ml,q05_p1,default,6327.661,6782.813263715388
2,gradient_boosting,plan_time,default_ml,q05_p1,no_hashjoin,3334.809,4602.577543575439
2,gradient_boosting,plan_time,default_ml,q05_p1,no_mergejoin,3473.214,5068.461244094429
2,gradient_boosting,plan_time,default_ml,q05_p1,no_nestloop,2614.839,3295.066218891051
2,gradient_boosting,plan_time,default_ml,q06_p2,default,4135.177,3502.153302218777
2,gradient_boosting,plan_time,default_ml,q06_p2,no_hashjoin,3106.429,2496.276916955694
2,gradient_boosting,plan_time,default_ml,q06_p2,no_mergejoin,2665.156,2593.292170427189
2,gradient_boosting,plan_time,default_ml,q06_p2,no_nestloop,2697.838,2834.89065378066
2,gradient_boosting,plan_time,default_ml,q07_p2,default,42141.36,32903.40449417118
2,gradient_boosting,plan_time,default_ml,q07_p2,no_hashjoin,10847.283,10041.834833934408
2,gradient_boosting,plan_time,default_ml,q07_p2,no_mergejoin,49967.521,50924.32145341916
2,gradient_boosting,plan_time,default_ml,q07_p2,no_nestloop,8066.19,5951.480321204595
2,gradient_boosting,plan_time,default_ml,q08_p1,default,2058.638,4900.745463402692
2,gradient_boosting,plan_time,default_ml,q08_p1,no_hashjoin,2498.809,2575.1681805958915
2,gradient_boosting,plan_time,default_ml,q08_p1,no_mergejoin,2816.12,5265.871081570124
2,gradient_boosting,plan_time,default_ml,q08_p1,no_nestloop,5506.494,5582.938266471416
2,gradient_boosting,plan_time,default_ml,q09_p0,default,27540.065,18532.231192119874
2,gradient_boosting,plan_time,default_ml,q09_p0,no_hashjoin,44491.972,30756.12078436255
2,gradient_boosting,plan_time,default_ml,q09_p0,no_mergejoin,20940.383,10598.78258532671
2,gradient_boosting,plan_time,default_ml,q09_p0,no_nestloop,16162.56,9786.495816731014
2,gradient_boosting,plan_time,default_ml,q11_p3,default,1976.909,1257.2809656886145
2,gradient_boosting,plan_time,default_ml,q11_p3,no_hashjoin,748.431,923.9726020102993
2,gradient_boosting,plan_time,default_ml,q11_p3,no_mergejoin,562.144,797.523321547561
2,gradient_boosting,plan_time,default_ml,q11_p3,no_nestloop,1681.782,1463.7689261883806
2,gradient_boosting,plan_time,default_ml,q12_p2,default,2149.287,3521.2313295080576
2,gradient_boosting,plan_time,default_ml,q12_p2,no_hashjoin,2364.648,2773.2202680987457
2,gradient_boosting,plan_time,default_ml,q12_p2,no_mergejoin,2164.549,2872.9723658825155
2,gradient_boosting,plan_time,default_ml,q12_p2,no_nestloop,1854.457,3367.972369938688
2,gradient_boosting,plan_time,default_ml,q14_p0,default,2971.513,3170.822282161553
2,gradient_boosting,plan_time,default_ml,q14_p0,no_hashjoin,3770.611,2088.5078462980564
2,gradient_boosting,plan_time,default_ml,q14_p0,no_mergejoin,4340.477,2108.9140965669176
2,gradient_boosting,plan_time,default_ml,q14_p0,no_nestloop,3252.169,2391.963069879118
2,gradient_boosting,plan_time,default_ml,q15_p4,default,3928.715,4721.857830863946
2,gradient_boosting,plan_time,default_ml,q15_p4,no_hashjoin,3612.135,5299.383637872283
2,gradient_boosting,plan_time,default_ml,q15_p4,no_mergejoin,4176.719,5697.659813353922
2,gradient_boosting,plan_time,default_ml,q15_p4,no_nestloop,4123.565,3555.909698742424
2,gradient_boosting,plan_time,default_ml,q16_p3,default,2142.518,2050.949569549466
2,gradient_boosting,plan_time,default_ml,q16_p3,no_hashjoin,2488.674,1971.7963546306548
2,gradient_boosting,plan_time,default_ml,q16_p3,no_mergejoin,2170.027,1992.0438067925502
2,gradient_boosting,plan_time,default_ml,q16_p3,no_nestloop,1427.093,1701.9720855877265
2,gradient_boosting,plan_time,default_ml,q17_p2,default,5596.138,4576.553589267686
2,gradient_boosting,plan_time,default_ml,q17_p2,no_hashjoin,730.087,1064.3847355359885
2,gradient_boosting,plan_time,default_ml,q17_p2,no_mergejoin,4160.795,5684.311275774409
2,gradient_boosting,plan_time,default_ml,q17_p2,no_nestloop,4012.796,5532.373434118824
2,gradient_boosting,plan_time,default_ml,q17_p3,default,5259.441,5007.120449938229
2,gradient_boosting,plan_time,default_ml,q17_p3,no_hashjoin,821.265,696.3924906410701
2,gradient_boosting,plan_time,default_ml,q17_p3,no_mergejoin,5243.261,5484.938693599628
2,gradient_boosting,plan_time,default_ml,q17_p3,no_nestloop,7027.809,5340.279026131913
2,gradient_boosting,plan_time,default_ml,q19_p2,default,231.761,421.68343606110903
2,gradient_boosting,plan_time,default_ml,q19_p2,no_hashjoin,251.742,337.713593421073
2,gradient_boosting,plan_time,default_ml,q19_p2,no_mergejoin,298.061,300.8004090179718
2,gradient_boosting,plan_time,default_ml,q19_p2,no_nestloop,232.592,2743.7699738088854
2,gradient_boosting,plan_time,default_ml,q20_p0,default,6531.394,10587.19351012357
2,gradient_boosting,plan_time,default_ml,q20_p0,no_hashjoin,3627.978,7073.778179247936
2,gradient_boosting,plan_time,default_ml,q20_p0,no_mergejoin,4085.213,3351.3888226061645
2,gradient_boosting,plan_time,default_ml,q21_p3,default,17560.987,15185.115483859325
2,gradient_boosting,plan_time,default_ml,q21_p3,no_hashjoin,17085.046,25716.553658571767
2,gradient_boosting,plan_time,default_ml,q21_p3,no_mergejoin,17104.211,17643.925788928438
2,gradient_boosting,plan_time,default_ml,q21_p3,no_nestloop,11808.777,11078.646447323157
2,gradient_boosting,plan_time,default_ml,ds_q03_promo_effect,default,639.997,565.2247490485402
2,gradient_boosting,plan_time,default_ml,ds_q03_promo_effect,no_hashjoin,2233.295,625.9528520798134
2,gradient_boosting,plan_time,default_ml,ds_q03_promo_effect,no_mergejoin,613.607,335.15095619182136
2,gradient_boosting,plan_time,default_ml,ds_q03_promo_effect,no_nestloop,389.256,441.4664849747018
2,gradient_boosting,plan_time,default_ml,ds_q08_addr_filter,default,89.476,53.80435206933251
2,gradient_boosting,plan_time,default_ml,ds_q08_addr_filter,no_hashjoin,43.675,37.27882590349334
2,gradient_boosting,plan_time,default_ml,ds_q08_addr_filter,no_mergejoin,39.483,24.943482340532146
2,gradient_boosting,plan_time,default_ml,ds_q08_addr_filter,no_nestloop,61.302,34.74422176739834
2,gradient_boosting,plan_time,default_ml,ds_q12_catalog_topk,default,531.523,558.4997460228855
2,gradient_boosting,plan_time,default_ml,ds_q12_catalog_topk,no_hashjoin,968.577,1094.4065744588224
2,gradient_boosting,plan_time,default_ml,ds_q12_catalog_topk,no_mergejoin,392.038,627.6389071188249
2,gradient_boosting,plan_time,default_ml,ds_q12_catalog_topk,no_nestloop,356.789,483.64104889794
2,gradient_boosting,plan_time,default_ml,ds_q15_returns_ratio,default,810.594,1038.1113477974095
2,gradient_boosting,plan_time,default_ml,ds_q15_returns_ratio,no_hashjoin,2445.148,1654.8509694444517
2,gradient_boosting,plan_time,default_ml,ds_q15_returns_ratio,no_mergejoin,643.784,896.8550188682696
2,gradient_boosting,plan_time,default_ml,ds_q15_returns_ratio,no_nestloop,729.727,875.3883409922951
2,gradient_boosting,plan_time,default_ml,online_b21324f41e,default,256.352,862.2127668013486
2,gradient_boosting,plan_time,default_ml,online_b21324f41e,no_mergejoin,160.573,702.2953755731186
2,gradient_boosting,plan_time,default_ml,online_b21324f41e,no_nestloop,160.279,782.4450394960572
2,gradient_boosting,plan_time,default_ml,online_b21324f41e,no_hashjoin,301.284,1637.5341850840234
3,gradient_boosting,plan_time,default_ml,q03,default,1640.223,2469.6973304706503
3,gradient_boosting,plan_time,default_ml,q03,no_hashjoin,15919.201,11174.922939484428
3,gradient_boosting,plan_time,default_ml,q03,no_mergejoin,2101.658,2343.7124509159307
3,gradient_boosting,plan_time,default_ml,q03,no_nestloop,2195.742,2553.2314334808966
3,gradient_boosting,plan_time,default_ml,q09,default,23625.277,12096.907175566334
3,gradient_boosting,plan_time,default_ml,q09,no_hashjoin,30860.744,27255.573950870767
3,gradient_boosting,plan_time,default_ml,q09,no_mergejoin,19454.599,12397.571830799601
3,gradient_boosting,plan_time,default_ml,q09,no_nestloop,9471.806,13414.714055348491
3,gradient_boosting,plan_time,default_ml,q14,default,1878.312,2563.493187010367
3,gradient_boosting,plan_time,default_ml,q14,no_hashjoin,1806.03,2677.7930755322673
3,gradient_boosting,plan_time,default_ml,q14,no_mergejoin,1504.265,1778.5602883088857
3,gradient_boosting,plan_time,default_ml,q14,no_nestloop,2199.709,2128.6565608117194
3,gradient_boosting,plan_time,default_ml,q02_p1,default,4831.789,3110.9877076046114
3,gradient_boosting,plan_time,default_ml,q02_p1,no_hashjoin,7944.497,3361.683519363399
3,gradient_boosting,plan_time,default_ml,q02_p1,no_mergejoin,7564.481,3686.3914188232034
3,gradient_boosting,plan_time,default_ml,q02_p1,no_nestloop,6618.888,6901.160077788391
3,gradient_boosting,plan_time,default_ml,q02_p3,default,3892.114,2867.4397428757857
3,gradient_boosting,plan_time,default_ml,q02_p3,no_hashjoin,3155.964,4050.538929626131
3,gradient_boosting,plan_time,default_ml,q02_p3,no_mergejoin,4532.378,2714.5478402541594
3,gradient_boosting,plan_time,default_ml,q02_p3,no_nestloop,5564.808,9169.058876555038
3,gradient_boosting,plan_time,default_ml,q04_p0,default,698.777,1194.7107239799873
3,gradient_boosting,plan_time,default_ml,q04_p0,no_hashjoin,711.225,1409.2152000286972
3,gradient_boosting,plan_time,default_ml,q04_p0,no_mergejoin,778.803,1016.3977163941794
3,gradient_boosting,plan_time,default_ml,q04_p0,no_nestloop,3866.661,7217.564825455432
3,gradient_boosting,plan_time,default_ml,q05_p0,default,8204.45,6101.7355728337625
3,gradient_boosting,plan_time,default_ml,q05_p0,no_hashjoin,5962.965,5204.739539658893
3,gradient_boosting,plan_time,default_ml,q05_p0,no_mergejoin,4610.027,4937.836682809499
3,gradient_boosting,plan_time,default_ml,q05_p0,no_nestloop,2611.541,3108.446769349381
3,gradient_boosting,plan_time,default_ml,q06_p3,default,3480.088,2884.616528724393
3,gradient_boosting,plan_time,default_ml,q06_p3,no_hashjoin,2996.05,2949.051654956804
3,gradient_boosting,plan_time,default_ml,q06_p3,no_mergejoin,2669.903,2648.9270702555964
3,gradient_boosting,plan_time,default_ml,q06_p3,no_nestloop,4023.332,2793.502212447311
3,gradient_boosting,plan_time,default_ml,q06_p4,default,5669.9,2973.600955617468
3,gradient_boosting,plan_time,default_ml,q06_p4,no_hashjoin,2089.769,2803.925917954208
3,gradient_boosting,plan_time,default_ml,q06_p4,no_mergejoin,4714.611,3082.762415110343
3,gradient_boosting,plan_time,default_ml,q06_p4,no_nestloop,1983.072,2762.4180936217144
3,gradient_boosting,plan_time,default_ml,q08_p0,default,2318.738,3546.8369222341953
3,gradient_boosting,plan_time,default_ml,q08_p0,no_hashjoin,1937.078,4660.328993926279
3,gradient_boosting,plan_time,default_ml,q08_p0,no_mergejoin,2662.364,2873.6930115329365
3,gradient_boosting,plan_time,default_ml,q08_p0,no_nestloop,4359.179,3428.3589817837437
3,gradient_boosting,plan_time,default_ml,q09_p4,default,8298.719,8414.152387651007
3,gradient_boosting,plan_time,default_ml,q09_p4,no_hashjoin,16043.449,21003.761699302842
3,gradient_boosting,plan_time,default_ml,q09_p4,no_mergejoin,10137.559,12494.899448480382
3,gradient_boosting,plan_time,default_ml,q09_p4,no_nestloop,11374.003,11926.327783137955
3,gradient_boosting,plan_time,default_ml,q11_p2,default,1218.799,1340.1638789665947
3,gradient_boosting,plan_time,default_ml,q11_p2,no_hashjoin,843.429,998.1235295751959
3,gradient_boosting,plan_time,default_ml,q11_p2,no_mergejoin,2433.052,1110.1596768114011
3,gradient_boosting,plan_time,default_ml,q11_p2,no_nestloop,3181.035,1278.268470606748
3,gradient_boosting,plan_time,default_ml,q12_p1,default,6508.802,2852.138262521416
3,gradient_boosting,plan_time,default_ml,q12_p1,no_hashjoin,3209.493,3411.709629241459
3,gradient_boosting,plan_time,default_ml,q12_p1,no_mergejoin,2447.656,2528.768483256371
3,gradient_boosting,plan_time,default_ml,q12_p1,no_nestloop,1816.0,2405.1151262853186
3,gradient_boosting,plan_time,default_ml,q14_p4,default,3773.783,2675.7727662210955
3,gradient_boosting,plan_time,default_ml,q14_p4,no_hashjoin,2474.995,3124.3890927096504
3,gradient_boosting,plan_time,default_ml,q14_p4,no_mergejoin,2967.284,1496.6449563809836
3,gradient_boosting,plan_time,default_ml,q14_p4,no_nestloop,2601.241,2599.75379589636
3,gradient_boosting,plan_time,default_ml,q15_p3,default,4889.391,2882.787564609113
3,gradient_boosting,plan_time,default_ml,q15_p3,no_hashjoin,5317.028,2818.6578095994428
3,gradient_boosting,plan_time,default_ml,q15_p3,no_mergejoin,5676.261,2888.377744262391
3,gradient_boosting,plan_time,default_ml,q15_p3,no_nestloop,5457.38,3038.4717764586276
3,gradient_boosting,plan_time,default_ml,q16_p2,default,2458.46,2237.7780292822663
3,gradient_boosting,plan_time,default_ml,q16_p2,no_hashjoin,2627.809,2006.0288241735043
3,gradient_boosting,plan_time,default_ml,q16_p2,no_mergejoin,1893.313,1889.0291008353115
3,gradient_boosting,plan_time,default_ml,q16_p2,no_nestloop,2458.918,2034.0448333624797
3,gradient_boosting,plan_time,default_ml,q17_p1,default,11535.719,5093.012618050744
3,gradient_boosting,plan_time,default_ml,q17_p1,no_hashjoin,2053.23,1625.7762824496795
3,gradient_boosting,plan_time,default_ml,q17_p1,no_mergejoin,7398.36,5516.558573035642
3,gradient_boosting,plan_time,default_ml,q17_p1,no_nestloop,4296.241,6158.501750097503
3,gradient_boosting,plan_time,default_ml,q17_p4,default,4937.429,6046.8782702275985
3,gradient_boosting,plan_time,default_ml,q17_p4,no_hashjoin,664.182,1296.662249708402
3,gradient_boosting,plan_time,default_ml,q17_p4,no_mergejoin,4008.003,6115.419602431645
3,gradient_boosting,plan_time,default_ml,q17_p4,no_nestloop,4202.008,6494.652167903083
3,gradient_boosting,plan_time,default_ml,q20_p1,default,2525.096,4411.61874887871
3,gradient_boosting,plan_time,default_ml,q20_p1,no_hashjoin,2273.024,4915.357391801315
3,gradient_boosting,plan_time,default_ml,q20_p1,no_mergejoin,2129.206,3794.5257286378396
3,gradient_boosting,plan_time,default_ml,q20_p1,no_nestloop,278747.214,10556.092656517727
3,gradient_boosting,plan_time,default_ml,q20_p3,default,11028.75,5884.57308548824
3,gradient_boosting,plan_time,default_ml,q20_p3,no_hashjoin,10269.854,3968.809130995838
3,gradient_boosting,plan_time,default_ml,q20_p3,no_mergejoin,13299.016,4838.836313862385
3,gradient_boosting,plan_time,default_ml,q20_p4,default,70494.953,5321.475515690767
3,gradient_boosting,plan_time,default_ml,q20_p4,no_hashjoin,17808.234,4346.834996460529
3,gradient_boosting,plan_time,default_ml,q20_p4,no_mergejoin,22436.179,3971.300198397602
3,gradient_boosting,plan_time,default_ml,q21_p2,default,12400.143,17225.610038926134
3,gradient_boosting,plan_time,default_ml,q21_p2,no_hashjoin,16524.084,23836.884743408194
3,gradient_boosting,plan_time,default_ml,q21_p2,no_mergejoin,11762.799,17041.273715314434
3,gradient_boosting,plan_time,default_ml,q21_p2,no_nestloop,9402.375,10531.17725824668
3,gradient_boosting,plan_time,default_ml,ds_q02_topk_revenue,default,1542.053,834.0379425223297
3,gradient_boosting,plan_time,default_ml,ds_q02_topk_revenue,no_hashjoin,1352.97,478.8862076053417
3,gradient_boosting,plan_time,default_ml,ds_q02_topk_revenue,no_mergejoin,543.457,487.46741874061485
3,gradient_boosting,plan_time,default_ml,ds_q02_topk_revenue,no_nestloop,667.532,752.2850177068375
3,gradient_boosting,plan_time,default_ml,ds_q07_yearly_trend,default,1811.255,686.8275702193555
3,gradient_boosting,plan_time,default_ml,ds_q07_yearly_trend,no_hashjoin,1572.343,783.4904731553787
3,gradient_boosting,plan_time,default_ml,ds_q07_yearly_trend,no_mergejoin,572.578,867.1268422701878
3,gradient_boosting,plan_time,default_ml,ds_q07_yearly_trend,no_nestloop,616.613,681.0751161490931
3,gradient_boosting,plan_time,default_ml,ds_q14_state_revenue,default,495.792,930.3106552388552
3,gradient_boosting,plan_time,default_ml,ds_q14_state_revenue,no_hashjoin,1105.507,1672.3387460934832
3,gradient_boosting,plan_time,default_ml,ds_q14_state_revenue,no_mergejoin,802.114,356.558297095542
3,gradient_boosting,plan_time,default_ml,ds_q14_state_revenue,no_nestloop,778.636,775.6665832266225
3,gradient_boosting,plan_time,default_ml,ds_q16_web_returns,default,86.387,22.190374374924602
3,gradient_boosting,plan_time,default_ml,ds_q16_web_returns,no_hashjoin,52.615,20.35930994191708
3,gradient_boosting,plan_time,default_ml,ds_q16_web_returns,no_mergejoin,35.959,19.85609219699472
3,gradient_boosting,plan_time,default_ml,ds_q16_web_returns,no_nestloop,37.871,23.608208537323684
3,gradient_boosting,plan_time,default_ml,online_749218157a,default,1747.386,2646.699372568251
3,gradient_boosting,plan_time,default_ml,online_749218157a,no_hashjoin,1146.033,2540.6133331363526
3,gradient_boosting,plan_time,default_ml,online_749218157a,no_mergejoin,1039.564,2655.6324970537657
3,gradient_boosting,plan_time,default_ml,online_749218157a,no_nestloop,1177.454,2621.8024374076954
3,gradient_boosting,plan_time,default_ml,online_dac91519b8,default,208.479,695.7746441560031
3,gradient_boosting,plan_time,default_ml,online_dac91519b8,no_hashjoin,316.51,726.6355555212157
3,gradient_boosting,plan_time,default_ml,online_dac91519b8,no_mergejoin,194.431,549.0514180498143
3,gradient_boosting,plan_time,default_ml,online_dac91519b8,no_nestloop,217.28,650.7132768220765
4,gradient_boosting,plan_time,default_ml,q04_agg_total_per_country,default,36.801,71.6590047096402
4,gradient_boosting,plan_time,default_ml,q06_status_breakdown,default,22.161,42.8298205112781
4,gradient_boosting,plan_time,default_ml,q06,default,2272.089,2548.2096595979665
4,gradient_boosting,plan_time,default_ml,q06,no_hashjoin,1791.259,2608.8024559313853
4,gradient_boosting,plan_time,default_ml,q06,no_mergejoin,1959.172,2163.9149933726344
4,gradient_boosting,plan_time,default_ml,q06,no_nestloop,1737.52,2117.4715321172803
4,gradient_boosting,plan_time,default_ml,q08,default,2118.05,3326.146918105342
4,gradient_boosting,plan_time,default_ml,q08,no_hashjoin,1382.048,2691.41137915325
4,gradient_boosting,plan_time,default_ml,q08,no_mergejoin,1513.581,2496.454628306801
4,gradient_boosting,plan_time,default_ml,q08,no_nestloop,2374.629,4926.606402899213
4,gradient_boosting,plan_time,default_ml,q13,default,2831.432,4142.247881382464
4,gradient_boosting,plan_time,default_ml,q13,no_hashjoin,23582.006,4038.848517614507
4,gradient_boosting,plan_time,default_ml,q13,no_mergejoin,2595.487,4080.610138684658
4,gradient_boosting,plan_time,default_ml,q13,no_nestloop,2688.645,3672.675853555177
4,gradient_boosting,plan_time,default_ml,q18,default,13888.445,12100.767760042383
4,gradient_boosting,plan_time,default_ml,q18,no_hashjoin,14970.42,13697.982845316885
4,gradient_boosting,plan_time,default_ml,q18,no_mergejoin,16967.045,12603.797262654618
4,gradient_boosting,plan_time,default_ml,q18,no_nestloop,17635.017,4949.614722986952
4,gradient_boosting,plan_time,default_ml,q01_p0,default,3349.141,10956.720624364045
4,gradient_boosting,plan_time,default_ml,q01_p0,no_hashjoin,4540.459,13087.508245378669
4,gradient_boosting,plan_time,default_ml,q01_p0,no_mergejoin,10943.592,12419.826052978295
4,gradient_boosting,plan_time,default_ml,q01_p0,no_nestloop,8294.856,10316.79208319323
4,gradient_boosting,plan_time,default_ml,q02_p4,default,1973.717,3569.152771307522
4,gradient_boosting,plan_time,default_ml,q02_p4,no_hashjoin,1809.446,6663.432450721502
4,gradient_boosting,plan_time,default_ml,q02_p4,no_mergejoin,2038.239,3938.017389070603
4,gradient_boosting,plan_time,default_ml,q02_p4,no_nestloop,4826.137,6051.884332347687
4,gradient_boosting,plan_time,default_ml,q03_p3,default,2118.779,2047.5641203211835
4,gradient_boosting,plan_time,default_ml,q03_p3,no_hashjoin,12346.115,11499.685276559552
4,gradient_boosting,plan_time,default_ml,q03_p3,no_mergejoin,1371.854,2327.141428369406
4,gradient_boosting,plan_time,default_ml,q03_p3,no_nestloop,3581.978,1853.3288648209348
4,gradient_boosting,plan_time,default_ml,q04_p1,default,616.709,1186.6129321070935
4,gradient_boosting,plan_time,default_ml,q04_p1,no_hashjoin,714.221,1157.0387527815865
4,gradient_boosting,plan_time,default_ml,q04_p1,no_mergejoin,781.058,975.5580223019689
4,gradient_boosting,plan_time,default_ml,q04_p1,no_nestloop,4254.901,6460.520364094831
4,gradient_boosting,plan_time,default_ml,q04_p2,default,706.16,1244.7822387478896
4,gradient_boosting,plan_time,default_ml,q04_p2,no_hashjoin,693.738,1118.459069341075
4,gradient_boosting,plan_time,default_ml,q04_p2,no_mergejoin,797.277,913.9188570534474
4,gradient_boosting,plan_time,default_ml,q04_p2,no_nestloop,4757.625,5525.5252390665955
4,gradient_boosting,plan_time,default_ml,q06_p0,default,4046.07,3222.3813954115703
4,gradient_boosting,plan_time,default_ml,q06_p0,no_hashjoin,3038.813,1485.330642364526
4,gradient_boosting,plan_time,default_ml,q06_p0,no_mergejoin,3906.789,2080.6527203066576
4,gradient_boosting,plan_time,default_ml,q06_p0,no_nestloop,3998.758,2164.0428802153706
4,gradient_boosting,plan_time,default_ml,q07_p1,default,48689.845,34483.80835613647
4,gradient_boosting,plan_time,default_ml,q07_p1,no_hashjoin,15251.364,10940.140301168474
4,gradient_boosting,plan_time,default_ml,q07_p1,no_mergejoin,53754.001,26947.59924595565
4,gradient_boosting,plan_time,default_ml,q07_p1,no_nestloop,5609.712,5677.340670916313
4,gradient_boosting,plan_time,default_ml,q08_p4,default,5660.325,3723.2650015080485
4,gradient_boosting,plan_time,default_ml,q08_p4,no_hashjoin,6197.882,2932.4228995219382
4,gradient_boosting,plan_time,default_ml,q08_p4,no_mergejoin,2379.517,3382.4836609857603
4,gradient_boosting,plan_time,default_ml,q08_p4,no_nestloop,5048.417,5706.2875539856705
4,gradient_boosting,plan_time,default_ml,q09_p3,default,6549.707,15738.212736942767
4,gradient_boosting,plan_time,default_ml,q09_p3,no_hashjoin,13347.475,23079.543154927065
4,gradient_boosting,plan_time,default_ml,q09_p3,no_mergejoin,5954.025,15248.769408965742
4,gradient_boosting,plan_time,default_ml,q09_p3,no_nestloop,3600.447,9091.11686444146
4,gradient_boosting,plan_time,default_ml,q11_p1,default,2820.861,1169.7557055488871
4,gradient_boosting,plan_time,default_ml,q11_p1,no_hashjoin,834.804,866.6832292044646
4,gradient_boosting,plan_time,default_ml,q11_p1,no_mergejoin,854.796,810.4205748701653
4,gradient_boosting,plan_time,default_ml,q11_p1,no_nestloop,1680.754,1496.2882627453914
4,gradient_boosting,plan_time,default_ml,q12_p0,default,12501.249,4172.97771103667
4,gradient_boosting,plan_time,default_ml,q12_p0,no_hashjoin,5870.008,2881.3848729569863
4,gradient_boosting,plan_time,default_ml,q12_p0,no_mergejoin,4893.417,3466.8019767052306
4,gradient_boosting,plan_time,default_ml,q12_p0,no_nestloop,3516.724,3179.3802647567445
4,gradient_boosting,plan_time,default_ml,q14_p3,default,3822.122,2373.2302365018913
4,gradient_boosting,plan_time,default_ml,q14_p3,no_hashjoin,5657.868,2571.564398782211
4,gradient_boosting,plan_time,default_ml,q14_p3,no_mergejoin,5261.081,3098.2152565801152
4,gradient_boosting,plan_time,default_ml,q14_p3,no_nestloop,3418.002,2750.315451782612
4,gradient_boosting,plan_time,default_ml,q15_p2,default,4505.763,3293.563136642636
4,gradient_boosting,plan_time,default_ml,q15_p2,no_hashjoin,6508.556,3483.6710470439702
4,gradient_boosting,plan_time,default_ml,q15_p2,no_mergejoin,5286.807,3609.3195495104987
4,gradient_boosting,plan_time,default_ml,q15_p2,no_nestloop,5383.88,3668.898015960374
4,gradient_boosting,plan_time,default_ml,q16_p1,default,2655.656,2163.9294241936987
4,gradient_boosting,plan_time,default_ml,q16_p1,no_hashjoin,1923.553,2519.2508596788234
4,gradient_boosting,plan_time,default_ml,q16_p1,no_mergejoin,2945.97,2126.420541639704
4,gradient_boosting,plan_time,default_ml,q16_p1,no_nestloop,1993.228,1914.7244931193393
4,gradient_boosting,plan_time,default_ml,q17_p0,default,10431.913,5422.462217633201
4,gradient_boosting,plan_time,default_ml,q17_p0,no_hashjoin,1729.994,814.3142561898411
4,gradient_boosting,plan_time,default_ml,q17_p0,no_mergejoin,8897.062,4969.400515182651
4,gradient_boosting,plan_time,default_ml,q17_p0,no_nestloop,9330.833,4666.795738708954
4,gradient_boosting,plan_time,default_ml,q19_p1,default,1205.132,390.85357878226256
4,gradient_boosting,plan_time,default_ml,q19_p1,no_hashjoin,454.037,425.3942981311132
4,gradient_boosting,plan_time,default_ml,q19_p1,no_mergejoin,371.417,397.5170180835386
4,gradient_boosting,plan_time,default_ml,q19_p1,no_nestloop,3774.525,3343.825708728976
4,gradient_boosting,plan_time,default_ml,q20_p2,default,5046.379,6265.120966880635
4,gradient_boosting,plan_time,default_ml,q20_p2,no_hashjoin,3476.229,6519.085492073801
4,gradient_boosting,plan_time,default_ml,q20_p2,no_mergejoin,3548.939,5906.499711861788
4,gradient_boosting,plan_time,default_ml,q21_p1,default,17294.152,15343.093108065254
4,gradient_boosting,plan_time,default_ml,q21_p1,no_hashjoin,18352.588,19376.033978820247
4,gradient_boosting,plan_time,default_ml,q21_p1,no_mergejoin,18510.851,15110.930799475043
4,gradient_boosting,plan_time,default_ml,q21_p1,no_nestloop,10391.969,10559.314148233045
4,gradient_boosting,plan_time,default_ml,ds_q01_filter_agg,default,1042.995,884.4331588972213
4,gradient_boosting,plan_time,default_ml,ds_q01_filter_agg,no_hashjoin,810.184,1025.4860284902616
4,gradient_boosting,plan_time,default_ml,ds_q01_filter_agg,no_mergejoin,537.585,636.6349820269807
4,gradient_boosting,plan_time,default_ml,ds_q01_filter_agg,no_nestloop,1482.016,528.1501864196298
4,gradient_boosting,plan_time,default_ml,ds_q10_window_topk,default,2181.389,1792.786288744205
4,gradient_boosting,plan_time,default_ml,ds_q10_window_topk,no_hashjoin,4045.225,3081.6761235896543
4,gradient_boosting,plan_time,default_ml,ds_q10_window_topk,no_mergejoin,1774.157,478.82417801288045
4,gradient_boosting,plan_time,default_ml,ds_q10_window_topk,no_nestloop,1763.773,1226.0778143956902
4,gradient_boosting,plan_time,default_ml,ds_q13_high_quantity,default,350.115,398.11798701847135
4,gradient_boosting,plan_time,default_ml,ds_q13_high_quantity,no_hashjoin,465.736,425.6710727518975
4,gradient_boosting,plan_time,default_ml,ds_q13_high_quantity,no_mergejoin,399.664,472.440706050442
4,gradient_boosting,plan_time,default_ml,ds_q13_high_quantity,no_nestloop,458.559,422.1117628057873
4,gradient_boosting,plan_time,default_ml,ds_q20_demographic,default,867.031,1075.2792508298344
4,gradient_boosting,plan_time,default_ml,ds_q20_demographic,no_hashjoin,3716.274,2986.4634176993536
4,gradient_boosting,plan_time,default_ml,ds_q20_demographic,no_mergejoin,726.447,599.4087445071798
4,gradient_boosting,plan_time,default_ml,ds_q20_demographic,no_nestloop,1077.246,605.8840531937353
4,gradient_boosting,plan_time,default_ml,online_d4e75912f5,default,2553.552,6190.854031590511
4,gradient_boosting,plan_time,default_ml,online_d4e75912f5,no_hashjoin,1500.007,6047.787991735077
4,gradient_boosting,plan_time,default_ml,online_d4e75912f5,no_mergejoin,1479.977,7438.6915591881825
4,gradient_boosting,plan_time,default_ml,online_d4e75912f5,no_nestloop,1374.997,6078.0207099818745
4,gradient_boosting,plan_time,default_ml,online_4742846dc9,no_hashjoin,974.089,6627.226879694207
0,xgboost,plan_time,default_ml,q01_customers_by_country,default,0.928,7.945157051086426
0,xgboost,plan_time,default_ml,q02_orders_recent,default,4.298,14.545753479003906
0,xgboost,plan_time,default_ml,q07_self_subquery,default,11.032,8.657780647277832
0,xgboost,plan_time,default_ml,q01,default,11982.478,9289.9228515625
0,xgboost,plan_time,default_ml,q01,no_hashjoin,11191.817,9060.462890625
0,xgboost,plan_time,default_ml,q01,no_mergejoin,10066.542,13307.4033203125
0,xgboost,plan_time,default_ml,q01,no_nestloop,6900.803,11112.1630859375
0,xgboost,plan_time,default_ml,q05,default,8827.081,5348.52734375
0,xgboost,plan_time,default_ml,q05,no_hashjoin,7074.668,4407.59228515625
0,xgboost,plan_time,default_ml,q05,no_mergejoin,9969.823,5137.56884765625
0,xgboost,plan_time,default_ml,q05,no_nestloop,2887.231,2718.4775390625
0,xgboost,plan_time,default_ml,q12,default,4159.307,7427.33740234375
0,xgboost,plan_time,default_ml,q12,no_hashjoin,3556.871,5363.71630859375
0,xgboost,plan_time,default_ml,q12,no_mergejoin,4213.912,4466.13232421875
0,xgboost,plan_time,default_ml,q12,no_nestloop,3102.1,4317.24560546875
0,xgboost,plan_time,default_ml,q17,default,4823.064,8252.3974609375
0,xgboost,plan_time,default_ml,q17,no_hashjoin,939.65,1614.12158203125
0,xgboost,plan_time,default_ml,q17,no_mergejoin,4153.603,8411.44921875
0,xgboost,plan_time,default_ml,q17,no_nestloop,4235.083,8318.0732421875
0,xgboost,plan_time,default_ml,q19,default,543.454,463.95477294921875
0,xgboost,plan_time,default_ml,q19,no_hashjoin,198.599,734.8508911132812
0,xgboost,plan_time,default_ml,q19,no_mergejoin,215.468,571.36572265625
0,xgboost,plan_time,default_ml,q19,no_nestloop,1441.563,3832.6279296875
0,xgboost,plan_time,default_ml,q22,default,383.714,708.0795288085938
0,xgboost,plan_time,default_ml,q22,no_hashjoin,345.909,487.64141845703125
0,xgboost,plan_time,default_ml,q22,no_mergejoin,387.731,472.7744140625
0,xgboost,plan_time,default_ml,q22,no_nestloop,491.9,1917.093994140625
0,xgboost,plan_time,default_ml,q01_p1,default,9892.378,9496.6630859375
0,xgboost,plan_time,default_ml,q01_p1,no_hashjoin,14592.651,9091.0283203125
0,xgboost,plan_time,default_ml,q01_p1,no_mergejoin,10802.619,9080.404296875
0,xgboost,plan_time,default_ml,q01_p1,no_nestloop,10626.043,8826.5966796875
0,xgboost,plan_time,default_ml,q01_p4,default,7707.074,9766.6435546875
0,xgboost,plan_time,default_ml,q01_p4,no_hashjoin,11899.903,8579.2275390625
0,xgboost,plan_time,default_ml,q01_p4,no_mergejoin,11406.505,12058.56640625
0,xgboost,plan_time,default_ml,q01_p4,no_nestloop,9862.402,12333.6298828125
0,xgboost,plan_time,default_ml,q03_p2,default,1513.628,1528.5697021484375
0,xgboost,plan_time,default_ml,q03_p2,no_hashjoin,9935.697,11236.0224609375
0,xgboost,plan_time,default_ml,q03_p2,no_mergejoin,2103.504,1552.6080322265625
0,xgboost,plan_time,default_ml,q03_p2,no_nestloop,3760.127,4120.54833984375
0,xgboost,plan_time,default_ml,q03_p4,default,1825.335,1711.2218017578125
0,xgboost,plan_time,default_ml,q03_p4,no_hashjoin,9233.542,9983.087890625
0,xgboost,plan_time,default_ml,q03_p4,no_mergejoin,1153.93,1389.793701171875
0,xgboost,plan_time,default_ml,q03_p4,no_nestloop,1581.882,3180.224609375
0,xgboost,plan_time,default_ml,q05_p4,default,7116.569,5091.3115234375
0,xgboost,plan_time,default_ml,q05_p4,no_hashjoin,7761.671,4467.96875
0,xgboost,plan_time,default_ml,q05_p4,no_mergejoin,14257.984,5329.4609375
0,xgboost,plan_time,default_ml,q05_p4,no_nestloop,5488.744,3428.07275390625
0,xgboost,plan_time,default_ml,q06_p1,default,4169.204,1997.5386962890625
0,xgboost,plan_time,default_ml,q06_p1,no_hashjoin,2672.595,1607.2550048828125
0,xgboost,plan_time,default_ml,q06_p1,no_mergejoin,2169.062,1996.8603515625
0,xgboost,plan_time,default_ml,q06_p1,no_nestloop,2766.657,1714.0302734375
0,xgboost,plan_time,default_ml,q07_p0,default,33515.848,65397.1484375
0,xgboost,plan_time,default_ml,q07_p0,no_hashjoin,6605.498,16737.244140625
0,xgboost,plan_time,default_ml,q07_p0,no_mergejoin,31465.431,52356.0
0,xgboost,plan_time,default_ml,q07_p0,no_nestloop,2952.799,3216.30908203125
0,xgboost,plan_time,default_ml,q07_p4,default,59489.379,65397.1484375
0,xgboost,plan_time,default_ml,q07_p4,no_hashjoin,12167.826,8756.4296875
0,xgboost,plan_time,default_ml,q07_p4,no_mergejoin,26668.91,51607.3359375
0,xgboost,plan_time,default_ml,q07_p4,no_nestloop,1892.741,3325.0126953125
0,xgboost,plan_time,default_ml,q08_p3,default,6018.607,3944.611572265625
0,xgboost,plan_time,default_ml,q08_p3,no_hashjoin,3792.658,3020.64453125
0,xgboost,plan_time,default_ml,q08_p3,no_mergejoin,3685.784,2413.89599609375
0,xgboost,plan_time,default_ml,q08_p3,no_nestloop,6346.003,6664.42138671875
0,xgboost,plan_time,default_ml,q09_p2,default,12046.323,19672.330078125
0,xgboost,plan_time,default_ml,q09_p2,no_hashjoin,20980.942,31856.07421875
0,xgboost,plan_time,default_ml,q09_p2,no_mergejoin,14809.125,11082.4111328125
0,xgboost,plan_time,default_ml,q09_p2,no_nestloop,7339.487,5175.2099609375
0,xgboost,plan_time,default_ml,q11_p0,default,3049.573,946.3080444335938
0,xgboost,plan_time,default_ml,q11_p0,no_hashjoin,904.409,788.0941162109375
0,xgboost,plan_time,default_ml,q11_p0,no_mergejoin,816.264,630.4215698242188
0,xgboost,plan_time,default_ml,q11_p0,no_nestloop,1302.632,1747.8353271484375
0,xgboost,plan_time,default_ml,q12_p4,default,2249.037,2714.551025390625
0,xgboost,plan_time,default_ml,q12_p4,no_hashjoin,3823.712,2540.86279296875
0,xgboost,plan_time,default_ml,q12_p4,no_mergejoin,6799.636,2611.922607421875
0,xgboost,plan_time,default_ml,q12_p4,no_nestloop,7214.151,2884.47119140625
0,xgboost,plan_time,default_ml,q14_p2,default,3528.926,1936.83544921875
0,xgboost,plan_time,default_ml,q14_p2,no_hashjoin,3469.28,2518.284912109375
0,xgboost,plan_time,default_ml,q14_p2,no_mergejoin,3484.62,1938.2802734375
0,xgboost,plan_time,default_ml,q14_p2,no_nestloop,2670.408,1849.774169921875
0,xgboost,plan_time,default_ml,q15_p1,default,2973.557,4965.7119140625
0,xgboost,plan_time,default_ml,q15_p1,no_hashjoin,3481.784,4918.580078125
0,xgboost,plan_time,default_ml,q15_p1,no_mergejoin,3814.434,5021.5986328125
0,xgboost,plan_time,default_ml,q15_p1,no_nestloop,2991.507,4166.2734375
0,xgboost,plan_time,default_ml,q16_p0,default,3583.344,2359.055419921875
0,xgboost,plan_time,default_ml,q16_p0,no_hashjoin,2973.287,1449.5255126953125
0,xgboost,plan_time,default_ml,q16_p0,no_mergejoin,1724.904,1263.8565673828125
0,xgboost,plan_time,default_ml,q16_p0,no_nestloop,2170.77,1467.5654296875
0,xgboost,plan_time,default_ml,q19_p4,default,413.238,420.4612731933594
0,xgboost,plan_time,default_ml,q19_p4,no_hashjoin,264.754,396.3121032714844
0,xgboost,plan_time,default_ml,q19_p4,no_mergejoin,314.011,412.6479797363281
0,xgboost,plan_time,default_ml,q19_p4,no_nestloop,3594.635,3424.67333984375
0,xgboost,plan_time,default_ml,q21_p0,default,52833.508,18851.4921875
0,xgboost,plan_time,default_ml,q21_p0,no_hashjoin,47704.612,17980.1640625
0,xgboost,plan_time,default_ml,q21_p0,no_mergejoin,18214.814,17566.51171875
0,xgboost,plan_time,default_ml,q21_p0,no_nestloop,9580.423,10493.0126953125
0,xgboost,plan_time,default_ml,ds_q06_web_vs_store,default,696.566,1090.7105712890625
0,xgboost,plan_time,default_ml,ds_q06_web_vs_store,no_hashjoin,1647.674,2368.203125
0,xgboost,plan_time,default_ml,ds_q06_web_vs_store,no_mergejoin,852.859,773.0279541015625
0,xgboost,plan_time,default_ml,ds_q06_web_vs_store,no_nestloop,1042.574,844.9642333984375
0,xgboost,plan_time,default_ml,ds_q11_inventory_check,default,519.915,858.8785400390625
0,xgboost,plan_time,default_ml,ds_q11_inventory_check,no_hashjoin,947.458,898.72119140625
0,xgboost,plan_time,default_ml,ds_q11_inventory_check,no_mergejoin,423.518,442.52459716796875
0,xgboost,plan_time,default_ml,ds_q11_inventory_check,no_nestloop,343.882,486.6905212402344
0,xgboost,plan_time,default_ml,ds_q17_dow_pattern,default,996.646,546.1138916015625
0,xgboost,plan_time,default_ml,ds_q17_dow_pattern,no_hashjoin,2377.113,1484.363525390625
0,xgboost,plan_time,default_ml,ds_q17_dow_pattern,no_mergejoin,571.268,278.17431640625
0,xgboost,plan_time,default_ml,ds_q17_dow_pattern,no_nestloop,644.053,711.583251953125
0,xgboost,plan_time,default_ml,online_ce83de12bc,default,947.618,2011.35205078125
0,xgboost,plan_time,default_ml,online_ce83de12bc,no_mergejoin,823.206,1915.2373046875
0,xgboost,plan_time,default_ml,online_ce83de12bc,no_nestloop,732.934,2063.498779296875
0,xgboost,plan_time,default_ml,online_ce83de12bc,no_hashjoin,782.553,2427.312744140625
1,xgboost,plan_time,default_ml,q03_join_customer_orders,default,13.224,10.204824447631836
1,xgboost,plan_time,default_ml,q05_top_customers,default,18.031,46.65769958496094
1,xgboost,plan_time,default_ml,q02,default,6173.76,22778.146484375
1,xgboost,plan_time,default_ml,q02,no_hashjoin,4302.342,3827.24267578125
1,xgboost,plan_time,default_ml,q02,no_mergejoin,3199.538,4280.42236328125
1,xgboost,plan_time,default_ml,q02,no_nestloop,6690.813,5886.3095703125
1,xgboost,plan_time,default_ml,q04,default,1216.968,769.2239379882812
1,xgboost,plan_time,default_ml,q04,no_hashjoin,1396.247,937.2738037109375
1,xgboost,plan_time,default_ml,q04,no_mergejoin,1429.065,882.3052978515625
1,xgboost,plan_time,default_ml,q04,no_nestloop,16777.004,6743.505859375
1,xgboost,plan_time,default_ml,q07,default,35165.908,36365.34375
1,xgboost,plan_time,default_ml,q07,no_hashjoin,3945.736,7439.92236328125
1,xgboost,plan_time,default_ml,q07,no_mergejoin,29002.507,37170.9140625
1,xgboost,plan_time,default_ml,q07,no_nestloop,2402.029,3807.44775390625
1,xgboost,plan_time,default_ml,q11,default,1724.803,1421.7078857421875
1,xgboost,plan_time,default_ml,q11,no_hashjoin,403.337,774.2310180664062
1,xgboost,plan_time,default_ml,q11,no_mergejoin,308.811,1994.3126220703125
1,xgboost,plan_time,default_ml,q11,no_nestloop,801.703,2454.0361328125
1,xgboost,plan_time,default_ml,q16,default,1605.611,2722.084716796875
1,xgboost,plan_time,default_ml,q16,no_hashjoin,1383.148,3357.89599609375
1,xgboost,plan_time,default_ml,q16,no_mergejoin,1106.188,2357.641357421875
1,xgboost,plan_time,default_ml,q16,no_nestloop,1324.611,1826.993896484375
1,xgboost,plan_time,default_ml,q21,default,13986.072,24493.876953125
1,xgboost,plan_time,default_ml,q21,no_hashjoin,19448.204,14794.6142578125
1,xgboost,plan_time,default_ml,q21,no_mergejoin,13055.611,14193.5126953125
1,xgboost,plan_time,default_ml,q21,no_nestloop,10367.542,9981.259765625
1,xgboost,plan_time,default_ml,q01_p2,default,9565.353,11328.314453125
1,xgboost,plan_time,default_ml,q01_p2,no_hashjoin,9512.992,10468.0732421875
1,xgboost,plan_time,default_ml,q01_p2,no_mergejoin,13686.939,10319.3583984375
1,xgboost,plan_time,default_ml,q01_p2,no_nestloop,13280.512,8841.00390625
1,xgboost,plan_time,default_ml,q03_p1,default,1789.751,2173.677490234375
1,xgboost,plan_time,default_ml,q03_p1,no_hashjoin,11886.905,16104.3349609375
1,xgboost,plan_time,default_ml,q03_p1,no_mergejoin,1234.521,1379.8360595703125
1,xgboost,plan_time,default_ml,q03_p1,no_nestloop,1698.449,2805.04638671875
1,xgboost,plan_time,default_ml,q04_p4,default,1251.353,933.7205810546875
1,xgboost,plan_time,default_ml,q04_p4,no_hashjoin,872.911,771.35888671875
1,xgboost,plan_time,default_ml,q04_p4,no_mergejoin,1007.402,757.2411499023438
1,xgboost,plan_time,default_ml,q04_p4,no_nestloop,9201.859,5116.0322265625
1,xgboost,plan_time,default_ml,q05_p2,default,4849.114,6518.5791015625
1,xgboost,plan_time,default_ml,q05_p2,no_hashjoin,4040.571,6061.95361328125
1,xgboost,plan_time,default_ml,q05_p2,no_mergejoin,3505.474,4820.29443359375
1,xgboost,plan_time,default_ml,q05_p2,no_nestloop,3152.242,2507.903076171875
1,xgboost,plan_time,default_ml,q05_p3,default,4461.936,9069.0224609375
1,xgboost,plan_time,default_ml,q05_p3,no_hashjoin,4576.937,6350.69140625
1,xgboost,plan_time,default_ml,q05_p3,no_mergejoin,5163.161,4471.74658203125
1,xgboost,plan_time,default_ml,q05_p3,no_nestloop,4531.435,2760.89208984375
1,xgboost,plan_time,default_ml,q07_p3,default,48180.292,35068.86328125
1,xgboost,plan_time,default_ml,q07_p3,no_hashjoin,20439.496,7757.36376953125
1,xgboost,plan_time,default_ml,q07_p3,no_mergejoin,75622.57,48512.78515625
1,xgboost,plan_time,default_ml,q07_p3,no_nestloop,7456.51,5503.826171875
1,xgboost,plan_time,default_ml,q08_p2,default,4115.998,2371.289306640625
1,xgboost,plan_time,default_ml,q08_p2,no_hashjoin,2794.834,1921.4049072265625
1,xgboost,plan_time,default_ml,q08_p2,no_mergejoin,3521.968,2601.631591796875
1,xgboost,plan_time,default_ml,q08_p2,no_nestloop,6391.806,2738.275390625
1,xgboost,plan_time,default_ml,q09_p1,default,39188.185,26009.013671875
1,xgboost,plan_time,default_ml,q09_p1,no_hashjoin,37214.359,28147.134765625
1,xgboost,plan_time,default_ml,q09_p1,no_mergejoin,17515.704,17757.818359375
1,xgboost,plan_time,default_ml,q09_p1,no_nestloop,9813.353,4217.724609375
1,xgboost,plan_time,default_ml,q11_p4,default,1992.165,2058.704345703125
1,xgboost,plan_time,default_ml,q11_p4,no_hashjoin,694.319,983.8538208007812
1,xgboost,plan_time,default_ml,q11_p4,no_mergejoin,595.204,989.2583618164062
1,xgboost,plan_time,default_ml,q11_p4,no_nestloop,1576.498,1987.366943359375
1,xgboost,plan_time,default_ml,q12_p3,default,2243.386,4289.5615234375
1,xgboost,plan_time,default_ml,q12_p3,no_hashjoin,2231.47,4040.00537109375
1,xgboost,plan_time,default_ml,q12_p3,no_mergejoin,2085.778,2851.571044921875
1,xgboost,plan_time,default_ml,q12_p3,no_nestloop,2514.896,5595.24609375
1,xgboost,plan_time,default_ml,q14_p1,default,2856.102,2624.7685546875
1,xgboost,plan_time,default_ml,q14_p1,no_hashjoin,2769.721,1293.3017578125
1,xgboost,plan_time,default_ml,q14_p1,no_mergejoin,2453.346,3206.202880859375
1,xgboost,plan_time,default_ml,q14_p1,no_nestloop,2195.13,2480.739990234375
1,xgboost,plan_time,default_ml,q15_p0,default,4191.151,4001.91015625
1,xgboost,plan_time,default_ml,q15_p0,no_hashjoin,5584.123,4291.89892578125
1,xgboost,plan_time,default_ml,q15_p0,no_mergejoin,5665.229,4231.45849609375
1,xgboost,plan_time,default_ml,q15_p0,no_nestloop,2830.03,3752.349365234375
1,xgboost,plan_time,default_ml,q16_p4,default,2523.064,2030.5401611328125
1,xgboost,plan_time,default_ml,q16_p4,no_hashjoin,1946.083,2636.7880859375
1,xgboost,plan_time,default_ml,q16_p4,no_mergejoin,1783.659,1865.7901611328125
1,xgboost,plan_time,default_ml,q16_p4,no_nestloop,2195.978,2019.6029052734375
1,xgboost,plan_time,default_ml,q19_p0,default,435.11,274.85699462890625
1,xgboost,plan_time,default_ml,q19_p0,no_hashjoin,516.983,196.34756469726562
1,xgboost,plan_time,default_ml,q19_p0,no_mergejoin,498.459,269.5865783691406
1,xgboost,plan_time,default_ml,q19_p0,no_nestloop,3656.192,2375.87060546875
1,xgboost,plan_time,default_ml,q19_p3,default,392.595,363.4583435058594
1,xgboost,plan_time,default_ml,q19_p3,no_hashjoin,404.667,315.6213684082031
1,xgboost,plan_time,default_ml,q19_p3,no_mergejoin,494.229,480.8092956542969
1,xgboost,plan_time,default_ml,q19_p3,no_nestloop,3766.083,820.2388305664062
1,xgboost,plan_time,default_ml,q21_p4,default,19462.346,17664.408203125
1,xgboost,plan_time,default_ml,q21_p4,no_hashjoin,19158.111,16373.8779296875
1,xgboost,plan_time,default_ml,q21_p4,no_mergejoin,21773.347,17866.302734375
1,xgboost,plan_time,default_ml,q21_p4,no_nestloop,20578.87,11759.3837890625
1,xgboost,plan_time,default_ml,ds_q04_customer_topk,default,704.859,631.5712280273438
1,xgboost,plan_time,default_ml,ds_q04_customer_topk,no_hashjoin,1272.521,508.14398193359375
1,xgboost,plan_time,default_ml,ds_q04_customer_topk,no_mergejoin,577.718,640.0907592773438
1,xgboost,plan_time,default_ml,ds_q04_customer_topk,no_nestloop,799.922,519.8435668945312
1,xgboost,plan_time,default_ml,ds_q05_returns_filter,default,279.907,206.95660400390625
1,xgboost,plan_time,default_ml,ds_q05_returns_filter,no_hashjoin,328.061,68.68809509277344
1,xgboost,plan_time,default_ml,ds_q05_returns_filter,no_mergejoin,196.199,50.77509307861328
1,xgboost,plan_time,default_ml,ds_q05_returns_filter,no_nestloop,163.456,50.78981018066406
1,xgboost,plan_time,default_ml,ds_q09_avg_basket,default,481.674,441.72589111328125
1,xgboost,plan_time,default_ml,ds_q09_avg_basket,no_hashjoin,512.863,426.7681579589844
1,xgboost,plan_time,default_ml,ds_q09_avg_basket,no_mergejoin,420.93,359.5757141113281
1,xgboost,plan_time,default_ml,ds_q09_avg_basket,no_nestloop,445.387,397.69085693359375
1,xgboost,plan_time,default_ml,ds_q18_brand_topk,default,662.842,296.04791259765625
1,xgboost,plan_time,default_ml,ds_q18_brand_topk,no_hashjoin,2523.984,827.66162109375
1,xgboost,plan_time,default_ml,ds_q18_brand_topk,no_mergejoin,2049.833,283.0777893066406
1,xgboost,plan_time,default_ml,ds_q18_brand_topk,no_nestloop,774.295,285.7567138671875
1,xgboost,plan_time,default_ml,ds_q19_self_join,default,5.488,20.545747756958008
1,xgboost,plan_time,default_ml,ds_q19_self_join,no_hashjoin,0.11,31.324665069580078
1,xgboost,plan_time,default_ml,ds_q19_self_join,no_mergejoin,0.106,22.907470703125
1,xgboost,plan_time,default_ml,ds_q19_self_join,no_nestloop,0.133,30.230995178222656
2,xgboost,plan_time,default_ml,q10,default,1318.8,5544.25
2,xgboost,plan_time,default_ml,q10,no_hashjoin,4160.12,6634.97265625
2,xgboost,plan_time,default_ml,q10,no_mergejoin,1571.937,2937.569580078125
2,xgboost,plan_time,default_ml,q10,no_nestloop,2518.974,4483.5517578125
2,xgboost,plan_time,default_ml,q15,default,2757.332,5131.72607421875
2,xgboost,plan_time,default_ml,q15,no_hashjoin,2518.908,5878.71240234375
2,xgboost,plan_time,default_ml,q15,no_mergejoin,2113.783,5229.7216796875
2,xgboost,plan_time,default_ml,q15,no_nestloop,2244.615,4836.69091796875
2,xgboost,plan_time,default_ml,q20,default,7381.431,8965.5849609375
2,xgboost,plan_time,default_ml,q20,no_hashjoin,4427.324,3676.510986328125
2,xgboost,plan_time,default_ml,q20,no_mergejoin,4679.932,9498.51171875
2,xgboost,plan_time,default_ml,q01_p3,default,13984.334,10446.6591796875
2,xgboost,plan_time,default_ml,q01_p3,no_hashjoin,15019.025,9836.3076171875
2,xgboost,plan_time,default_ml,q01_p3,no_mergejoin,12287.425,10385.2841796875
2,xgboost,plan_time,default_ml,q01_p3,no_nestloop,11661.957,8681.7841796875
2,xgboost,plan_time,default_ml,q02_p0,default,23413.931,10416.5625
2,xgboost,plan_time,default_ml,q02_p0,no_hashjoin,3964.82,4029.525146484375
2,xgboost,plan_time,default_ml,q02_p0,no_mergejoin,3313.199,3628.564453125
2,xgboost,plan_time,default_ml,q02_p0,no_nestloop,8545.085,5579.68408203125
2,xgboost,plan_time,default_ml,q02_p2,default,3165.46,3401.26416015625
2,xgboost,plan_time,default_ml,q02_p2,no_hashjoin,5007.324,4638.5615234375
2,xgboost,plan_time,default_ml,q02_p2,no_mergejoin,3606.714,3323.297119140625
2,xgboost,plan_time,default_ml,q02_p2,no_nestloop,7216.648,6346.93701171875
2,xgboost,plan_time,default_ml,q03_p0,default,2635.037,1862.9189453125
2,xgboost,plan_time,default_ml,q03_p0,no_hashjoin,18114.795,12706.36328125
2,xgboost,plan_time,default_ml,q03_p0,no_mergejoin,1944.902,1391.6053466796875
2,xgboost,plan_time,default_ml,q03_p0,no_nestloop,5589.845,2144.2490234375
2,xgboost,plan_time,default_ml,q04_p3,default,990.862,731.7161254882812
2,xgboost,plan_time,default_ml,q04_p3,no_hashjoin,1329.233,837.3800659179688
2,xgboost,plan_time,default_ml,q04_p3,no_mergejoin,1103.474,771.1541748046875
2,xgboost,plan_time,default_ml,q04_p3,no_nestloop,8503.564,6237.27294921875
2,xgboost,plan_time,default_ml,q05_p1,default,6327.661,7572.822265625
2,xgboost,plan_time,default_ml,q05_p1,no_hashjoin,3334.809,4372.73388671875
2,xgboost,plan_time,default_ml,q05_p1,no_mergejoin,3473.214,4418.37255859375
2,xgboost,plan_time,default_ml,q05_p1,no_nestloop,2614.839,3432.899658203125
2,xgboost,plan_time,default_ml,q06_p2,default,4135.177,4665.314453125
2,xgboost,plan_time,default_ml,q06_p2,no_hashjoin,3106.429,2440.290283203125
2,xgboost,plan_time,default_ml,q06_p2,no_mergejoin,2665.156,2585.27783203125
2,xgboost,plan_time,default_ml,q06_p2,no_nestloop,2697.838,3168.892333984375
2,xgboost,plan_time,default_ml,q07_p2,default,42141.36,33908.54296875
2,xgboost,plan_time,default_ml,q07_p2,no_hashjoin,10847.283,9541.4775390625
2,xgboost,plan_time,default_ml,q07_p2,no_mergejoin,49967.521,56955.9140625
2,xgboost,plan_time,default_ml,q07_p2,no_nestloop,8066.19,6442.42724609375
2,xgboost,plan_time,default_ml,q08_p1,default,2058.638,5916.27734375
2,xgboost,plan_time,default_ml,q08_p1,no_hashjoin,2498.809,2625.266845703125
2,xgboost,plan_time,default_ml,q08_p1,no_mergejoin,2816.12,5426.3173828125
2,xgboost,plan_time,default_ml,q08_p1,no_nestloop,5506.494,5397.14697265625
2,xgboost,plan_time,default_ml,q09_p0,default,27540.065,20335.3671875
2,xgboost,plan_time,default_ml,q09_p0,no_hashjoin,44491.972,31176.833984375
2,xgboost,plan_time,default_ml,q09_p0,no_mergejoin,20940.383,7491.86279296875
2,xgboost,plan_time,default_ml,q09_p0,no_nestloop,16162.56,9353.1171875
2,xgboost,plan_time,default_ml,q11_p3,default,1976.909,1367.685791015625
2,xgboost,plan_time,default_ml,q11_p3,no_hashjoin,748.431,856.5604858398438
2,xgboost,plan_time,default_ml,q11_p3,no_mergejoin,562.144,1033.9803466796875
2,xgboost,plan_time,default_ml,q11_p3,no_nestloop,1681.782,1276.5889892578125
2,xgboost,plan_time,default_ml,q12_p2,default,2149.287,2642.342041015625
2,xgboost,plan_time,default_ml,q12_p2,no_hashjoin,2364.648,2964.05908203125
2,xgboost,plan_time,default_ml,q12_p2,no_mergejoin,2164.549,2858.627197265625
2,xgboost,plan_time,default_ml,q12_p2,no_nestloop,1854.457,2862.884521484375
2,xgboost,plan_time,default_ml,q14_p0,default,2971.513,3244.8193359375
2,xgboost,plan_time,default_ml,q14_p0,no_hashjoin,3770.611,2167.710693359375
2,xgboost,plan_time,default_ml,q14_p0,no_mergejoin,4340.477,2123.093505859375
2,xgboost,plan_time,default_ml,q14_p0,no_nestloop,3252.169,1993.8017578125
2,xgboost,plan_time,default_ml,q15_p4,default,3928.715,4137.41357421875
2,xgboost,plan_time,default_ml,q15_p4,no_hashjoin,3612.135,5864.498046875
2,xgboost,plan_time,default_ml,q15_p4,no_mergejoin,4176.719,6438.94384765625
2,xgboost,plan_time,default_ml,q15_p4,no_nestloop,4123.565,3579.057373046875
2,xgboost,plan_time,default_ml,q16_p3,default,2142.518,2243.703369140625
2,xgboost,plan_time,default_ml,q16_p3,no_hashjoin,2488.674,1631.76904296875
2,xgboost,plan_time,default_ml,q16_p3,no_mergejoin,2170.027,1884.677978515625
2,xgboost,plan_time,default_ml,q16_p3,no_nestloop,1427.093,1641.708740234375
2,xgboost,plan_time,default_ml,q17_p2,default,5596.138,4632.0927734375
2,xgboost,plan_time,default_ml,q17_p2,no_hashjoin,730.087,968.7496948242188
2,xgboost,plan_time,default_ml,q17_p2,no_mergejoin,4160.795,6410.60791015625
2,xgboost,plan_time,default_ml,q17_p2,no_nestloop,4012.796,6586.9365234375
2,xgboost,plan_time,default_ml,q17_p3,default,5259.441,4644.0869140625
2,xgboost,plan_time,default_ml,q17_p3,no_hashjoin,821.265,627.642333984375
2,xgboost,plan_time,default_ml,q17_p3,no_mergejoin,5243.261,5345.9111328125
2,xgboost,plan_time,default_ml,q17_p3,no_nestloop,7027.809,4485.630859375
2,xgboost,plan_time,default_ml,q19_p2,default,231.761,541.5316772460938
2,xgboost,plan_time,default_ml,q19_p2,no_hashjoin,251.742,332.4440002441406
2,xgboost,plan_time,default_ml,q19_p2,no_mergejoin,298.061,393.7521667480469
2,xgboost,plan_time,default_ml,q19_p2,no_nestloop,232.592,2379.0859375
2,xgboost,plan_time,default_ml,q20_p0,default,6531.394,18202.603515625
2,xgboost,plan_time,default_ml,q20_p0,no_hashjoin,3627.978,6062.61865234375
2,xgboost,plan_time,default_ml,q20_p0,no_mergejoin,4085.213,2770.8994140625
2,xgboost,plan_time,default_ml,q21_p3,default,17560.987,14355.109375
2,xgboost,plan_time,default_ml,q21_p3,no_hashjoin,17085.046,26933.21875
2,xgboost,plan_time,default_ml,q21_p3,no_mergejoin,17104.211,19663.982421875
2,xgboost,plan_time,default_ml,q21_p3,no_nestloop,11808.777,11066.376953125
2,xgboost,plan_time,default_ml,ds_q03_promo_effect,default,639.997,566.9083251953125
2,xgboost,plan_time,default_ml,ds_q03_promo_effect,no_hashjoin,2233.295,644.0029907226562
2,xgboost,plan_time,default_ml,ds_q03_promo_effect,no_mergejoin,613.607,357.5318908691406
2,xgboost,plan_time,default_ml,ds_q03_promo_effect,no_nestloop,389.256,417.9106750488281
2,xgboost,plan_time,default_ml,ds_q08_addr_filter,default,89.476,34.51768493652344
2,xgboost,plan_time,default_ml,ds_q08_addr_filter,no_hashjoin,43.675,23.8419246673584
2,xgboost,plan_time,default_ml,ds_q08_addr_filter,no_mergejoin,39.483,21.273983001708984
2,xgboost,plan_time,default_ml,ds_q08_addr_filter,no_nestloop,61.302,24.218915939331055
2,xgboost,plan_time,default_ml,ds_q12_catalog_topk,default,531.523,666.0836181640625
2,xgboost,plan_time,default_ml,ds_q12_catalog_topk,no_hashjoin,968.577,1186.1490478515625
2,xgboost,plan_time,default_ml,ds_q12_catalog_topk,no_mergejoin,392.038,830.1852416992188
2,xgboost,plan_time,default_ml,ds_q12_catalog_topk,no_nestloop,356.789,591.1570434570312
2,xgboost,plan_time,default_ml,ds_q15_returns_ratio,default,810.594,1132.1231689453125
2,xgboost,plan_time,default_ml,ds_q15_returns_ratio,no_hashjoin,2445.148,1431.970947265625
2,xgboost,plan_time,default_ml,ds_q15_returns_ratio,no_mergejoin,643.784,889.0344848632812
2,xgboost,plan_time,default_ml,ds_q15_returns_ratio,no_nestloop,729.727,887.2351684570312
2,xgboost,plan_time,default_ml,online_b21324f41e,default,256.352,891.5309448242188
2,xgboost,plan_time,default_ml,online_b21324f41e,no_mergejoin,160.573,714.9008178710938
2,xgboost,plan_time,default_ml,online_b21324f41e,no_nestloop,160.279,824.0980834960938
2,xgboost,plan_time,default_ml,online_b21324f41e,no_hashjoin,301.284,1497.0145263671875
3,xgboost,plan_time,default_ml,q03,default,1640.223,2266.3154296875
3,xgboost,plan_time,default_ml,q03,no_hashjoin,15919.201,11760.5498046875
3,xgboost,plan_time,default_ml,q03,no_mergejoin,2101.658,2216.842041015625
3,xgboost,plan_time,default_ml,q03,no_nestloop,2195.742,2521.68310546875
3,xgboost,plan_time,default_ml,q09,default,23625.277,13330.4462890625
3,xgboost,plan_time,default_ml,q09,no_hashjoin,30860.744,29062.09765625
3,xgboost,plan_time,default_ml,q09,no_mergejoin,19454.599,13055.958984375
3,xgboost,plan_time,default_ml,q09,no_nestloop,9471.806,15807.4619140625
3,xgboost,plan_time,default_ml,q14,default,1878.312,3093.106201171875
3,xgboost,plan_time,default_ml,q14,no_hashjoin,1806.03,3251.10595703125
3,xgboost,plan_time,default_ml,q14,no_mergejoin,1504.265,1407.951171875
3,xgboost,plan_time,default_ml,q14,no_nestloop,2199.709,2202.537353515625
3,xgboost,plan_time,default_ml,q02_p1,default,4831.789,3173.835693359375
3,xgboost,plan_time,default_ml,q02_p1,no_hashjoin,7944.497,3673.037109375
3,xgboost,plan_time,default_ml,q02_p1,no_mergejoin,7564.481,5135.099609375
3,xgboost,plan_time,default_ml,q02_p1,no_nestloop,6618.888,7769.42626953125
3,xgboost,plan_time,default_ml,q02_p3,default,3892.114,3158.332275390625
3,xgboost,plan_time,default_ml,q02_p3,no_hashjoin,3155.964,4578.48681640625
3,xgboost,plan_time,default_ml,q02_p3,no_mergejoin,4532.378,2760.83544921875
3,xgboost,plan_time,default_ml,q02_p3,no_nestloop,5564.808,7919.44287109375
3,xgboost,plan_time,default_ml,q04_p0,default,698.777,1310.6246337890625
3,xgboost,plan_time,default_ml,q04_p0,no_hashjoin,711.225,1706.8609619140625
3,xgboost,plan_time,default_ml,q04_p0,no_mergejoin,778.803,1090.760498046875
3,xgboost,plan_time,default_ml,q04_p0,no_nestloop,3866.661,6219.62841796875
3,xgboost,plan_time,default_ml,q05_p0,default,8204.45,6099.28173828125
3,xgboost,plan_time,default_ml,q05_p0,no_hashjoin,5962.965,4591.6474609375
3,xgboost,plan_time,default_ml,q05_p0,no_mergejoin,4610.027,4131.05615234375
3,xgboost,plan_time,default_ml,q05_p0,no_nestloop,2611.541,3093.76123046875
3,xgboost,plan_time,default_ml,q06_p3,default,3480.088,2732.7060546875
3,xgboost,plan_time,default_ml,q06_p3,no_hashjoin,2996.05,2367.757080078125
3,xgboost,plan_time,default_ml,q06_p3,no_mergejoin,2669.903,2212.971435546875
3,xgboost,plan_time,default_ml,q06_p3,no_nestloop,4023.332,2130.690185546875
3,xgboost,plan_time,default_ml,q06_p4,default,5669.9,2476.735107421875
3,xgboost,plan_time,default_ml,q06_p4,no_hashjoin,2089.769,2185.1162109375
3,xgboost,plan_time,default_ml,q06_p4,no_mergejoin,4714.611,2585.34814453125
3,xgboost,plan_time,default_ml,q06_p4,no_nestloop,1983.072,2407.62744140625
3,xgboost,plan_time,default_ml,q08_p0,default,2318.738,3032.887451171875
3,xgboost,plan_time,default_ml,q08_p0,no_hashjoin,1937.078,4842.2998046875
3,xgboost,plan_time,default_ml,q08_p0,no_mergejoin,2662.364,3558.447265625
3,xgboost,plan_time,default_ml,q08_p0,no_nestloop,4359.179,3485.725341796875
3,xgboost,plan_time,default_ml,q09_p4,default,8298.719,8172.7197265625
3,xgboost,plan_time,default_ml,q09_p4,no_hashjoin,16043.449,17779.966796875
3,xgboost,plan_time,default_ml,q09_p4,no_mergejoin,10137.559,12407.748046875
3,xgboost,plan_time,default_ml,q09_p4,no_nestloop,11374.003,15355.068359375
3,xgboost,plan_time,default_ml,q11_p2,default,1218.799,1802.8692626953125
3,xgboost,plan_time,default_ml,q11_p2,no_hashjoin,843.429,870.6912841796875
3,xgboost,plan_time,default_ml,q11_p2,no_mergejoin,2433.052,695.2352905273438
3,xgboost,plan_time,default_ml,q11_p2,no_nestloop,3181.035,1112.7724609375
3,xgboost,plan_time,default_ml,q12_p1,default,6508.802,2831.224609375
3,xgboost,plan_time,default_ml,q12_p1,no_hashjoin,3209.493,3628.9833984375
3,xgboost,plan_time,default_ml,q12_p1,no_mergejoin,2447.656,2482.720703125
3,xgboost,plan_time,default_ml,q12_p1,no_nestloop,1816.0,2083.051025390625
3,xgboost,plan_time,default_ml,q14_p4,default,3773.783,3103.3681640625
3,xgboost,plan_time,default_ml,q14_p4,no_hashjoin,2474.995,3839.068115234375
3,xgboost,plan_time,default_ml,q14_p4,no_mergejoin,2967.284,1173.5902099609375
3,xgboost,plan_time,default_ml,q14_p4,no_nestloop,2601.241,2416.181884765625
3,xgboost,plan_time,default_ml,q15_p3,default,4889.391,2855.3876953125
3,xgboost,plan_time,default_ml,q15_p3,no_hashjoin,5317.028,2574.29345703125
3,xgboost,plan_time,default_ml,q15_p3,no_mergejoin,5676.261,2807.6728515625
3,xgboost,plan_time,default_ml,q15_p3,no_nestloop,5457.38,2811.24560546875
3,xgboost,plan_time,default_ml,q16_p2,default,2458.46,2383.018310546875
3,xgboost,plan_time,default_ml,q16_p2,no_hashjoin,2627.809,1833.4398193359375
3,xgboost,plan_time,default_ml,q16_p2,no_mergejoin,1893.313,2170.1123046875
3,xgboost,plan_time,default_ml,q16_p2,no_nestloop,2458.918,1985.2840576171875
3,xgboost,plan_time,default_ml,q17_p1,default,11535.719,5232.3662109375
3,xgboost,plan_time,default_ml,q17_p1,no_hashjoin,2053.23,1245.6138916015625
3,xgboost,plan_time,default_ml,q17_p1,no_mergejoin,7398.36,5133.4052734375
3,xgboost,plan_time,default_ml,q17_p1,no_nestloop,4296.241,5874.07666015625
3,xgboost,plan_time,default_ml,q17_p4,default,4937.429,5265.64599609375
3,xgboost,plan_time,default_ml,q17_p4,no_hashjoin,664.182,1181.506103515625
3,xgboost,plan_time,default_ml,q17_p4,no_mergejoin,4008.003,5759.0087890625
3,xgboost,plan_time,default_ml,q17_p4,no_nestloop,4202.008,6332.50244140625
3,xgboost,plan_time,default_ml,q20_p1,default,2525.096,5132.2890625
3,xgboost,plan_time,default_ml,q20_p1,no_hashjoin,2273.024,5369.5830078125
3,xgboost,plan_time,default_ml,q20_p1,no_mergejoin,2129.206,4011.377197265625
3,xgboost,plan_time,default_ml,q20_p1,no_nestloop,278747.214,8656.978515625
3,xgboost,plan_time,default_ml,q20_p3,default,11028.75,6771.8212890625
3,xgboost,plan_time,default_ml,q20_p3,no_hashjoin,10269.854,3594.347900390625
3,xgboost,plan_time,default_ml,q20_p3,no_mergejoin,13299.016,4508.697265625
3,xgboost,plan_time,default_ml,q20_p4,default,70494.953,5940.224609375
3,xgboost,plan_time,default_ml,q20_p4,no_hashjoin,17808.234,4148.6494140625
3,xgboost,plan_time,default_ml,q20_p4,no_mergejoin,22436.179,4017.51953125
3,xgboost,plan_time,default_ml,q21_p2,default,12400.143,18199.234375
3,xgboost,plan_time,default_ml,q21_p2,no_hashjoin,16524.084,21131.685546875
3,xgboost,plan_time,default_ml,q21_p2,no_mergejoin,11762.799,16536.41796875
3,xgboost,plan_time,default_ml,q21_p2,no_nestloop,9402.375,9714.376953125
3,xgboost,plan_time,default_ml,ds_q02_topk_revenue,default,1542.053,993.43994140625
3,xgboost,plan_time,default_ml,ds_q02_topk_revenue,no_hashjoin,1352.97,427.09893798828125
3,xgboost,plan_time,default_ml,ds_q02_topk_revenue,no_mergejoin,543.457,514.6639404296875
3,xgboost,plan_time,default_ml,ds_q02_topk_revenue,no_nestloop,667.532,896.2285766601562
3,xgboost,plan_time,default_ml,ds_q07_yearly_trend,default,1811.255,714.6345825195312
3,xgboost,plan_time,default_ml,ds_q07_yearly_trend,no_hashjoin,1572.343,1314.6209716796875
3,xgboost,plan_time,default_ml,ds_q07_yearly_trend,no_mergejoin,572.578,767.7643432617188
3,xgboost,plan_time,default_ml,ds_q07_yearly_trend,no_nestloop,616.613,700.1220092773438
3,xgboost,plan_time,default_ml,ds_q14_state_revenue,default,495.792,905.9974365234375
3,xgboost,plan_time,default_ml,ds_q14_state_revenue,no_hashjoin,1105.507,2095.162109375
3,xgboost,plan_time,default_ml,ds_q14_state_revenue,no_mergejoin,802.114,288.1644287109375
3,xgboost,plan_time,default_ml,ds_q14_state_revenue,no_nestloop,778.636,752.272705078125
3,xgboost,plan_time,default_ml,ds_q16_web_returns,default,86.387,10.765456199645996
3,xgboost,plan_time,default_ml,ds_q16_web_returns,no_hashjoin,52.615,4.862415313720703
3,xgboost,plan_time,default_ml,ds_q16_web_returns,no_mergejoin,35.959,4.613012313842773
3,xgboost,plan_time,default_ml,ds_q16_web_returns,no_nestloop,37.871,10.531359672546387
3,xgboost,plan_time,default_ml,online_749218157a,default,1747.386,2485.978515625
3,xgboost,plan_time,default_ml,online_749218157a,no_hashjoin,1146.033,2135.046142578125
3,xgboost,plan_time,default_ml,online_749218157a,no_mergejoin,1039.564,2415.869384765625
3,xgboost,plan_time,default_ml,online_749218157a,no_nestloop,1177.454,2318.9501953125
3,xgboost,plan_time,default_ml,online_dac91519b8,default,208.479,718.4083862304688
3,xgboost,plan_time,default_ml,online_dac91519b8,no_hashjoin,316.51,1217.5474853515625
3,xgboost,plan_time,default_ml,online_dac91519b8,no_mergejoin,194.431,573.9879760742188
3,xgboost,plan_time,default_ml,online_dac91519b8,no_nestloop,217.28,694.40283203125
4,xgboost,plan_time,default_ml,q04_agg_total_per_country,default,36.801,70.85718536376953
4,xgboost,plan_time,default_ml,q06_status_breakdown,default,22.161,57.537010192871094
4,xgboost,plan_time,default_ml,q06,default,2272.089,2536.33251953125
4,xgboost,plan_time,default_ml,q06,no_hashjoin,1791.259,2257.007568359375
4,xgboost,plan_time,default_ml,q06,no_mergejoin,1959.172,1743.929443359375
4,xgboost,plan_time,default_ml,q06,no_nestloop,1737.52,1830.3868408203125
4,xgboost,plan_time,default_ml,q08,default,2118.05,3604.844970703125
4,xgboost,plan_time,default_ml,q08,no_hashjoin,1382.048,2509.79638671875
4,xgboost,plan_time,default_ml,q08,no_mergejoin,1513.581,2329.736572265625
4,xgboost,plan_time,default_ml,q08,no_nestloop,2374.629,5014.06494140625
4,xgboost,plan_time,default_ml,q13,default,2831.432,2640.342529296875
4,xgboost,plan_time,default_ml,q13,no_hashjoin,23582.006,3459.01708984375
4,xgboost,plan_time,default_ml,q13,no_mergejoin,2595.487,3075.81591796875
4,xgboost,plan_time,default_ml,q13,no_nestloop,2688.645,2752.518310546875
4,xgboost,plan_time,default_ml,q18,default,13888.445,11561.244140625
4,xgboost,plan_time,default_ml,q18,no_hashjoin,14970.42,12632.44921875
4,xgboost,plan_time,default_ml,q18,no_mergejoin,16967.045,15280.693359375
4,xgboost,plan_time,default_ml,q18,no_nestloop,17635.017,7348.06591796875
4,xgboost,plan_time,default_ml,q01_p0,default,3349.141,12088.4716796875
4,xgboost,plan_time,default_ml,q01_p0,no_hashjoin,4540.459,14969.6767578125
4,xgboost,plan_time,default_ml,q01_p0,no_mergejoin,10943.592,14431.076171875
4,xgboost,plan_time,default_ml,q01_p0,no_nestloop,8294.856,10173.900390625
4,xgboost,plan_time,default_ml,q02_p4,default,1973.717,3062.657470703125
4,xgboost,plan_time,default_ml,q02_p4,no_hashjoin,1809.446,5535.0244140625
4,xgboost,plan_time,default_ml,q02_p4,no_mergejoin,2038.239,3195.936279296875
4,xgboost,plan_time,default_ml,q02_p4,no_nestloop,4826.137,5593.5654296875
4,xgboost,plan_time,default_ml,q03_p3,default,2118.779,1889.4820556640625
4,xgboost,plan_time,default_ml,q03_p3,no_hashjoin,12346.115,9513.2802734375
4,xgboost,plan_time,default_ml,q03_p3,no_mergejoin,1371.854,2679.632080078125
4,xgboost,plan_time,default_ml,q03_p3,no_nestloop,3581.978,1739.1658935546875
4,xgboost,plan_time,default_ml,q04_p1,default,616.709,1267.158203125
4,xgboost,plan_time,default_ml,q04_p1,no_hashjoin,714.221,1095.735595703125
4,xgboost,plan_time,default_ml,q04_p1,no_mergejoin,781.058,972.0272827148438
4,xgboost,plan_time,default_ml,q04_p1,no_nestloop,4254.901,6939.32080078125
4,xgboost,plan_time,default_ml,q04_p2,default,706.16,1335.026123046875
4,xgboost,plan_time,default_ml,q04_p2,no_hashjoin,693.738,1071.5494384765625
4,xgboost,plan_time,default_ml,q04_p2,no_mergejoin,797.277,825.2362670898438
4,xgboost,plan_time,default_ml,q04_p2,no_nestloop,4757.625,4488.828125
4,xgboost,plan_time,default_ml,q06_p0,default,4046.07,3226.348876953125
4,xgboost,plan_time,default_ml,q06_p0,no_hashjoin,3038.813,1839.3150634765625
4,xgboost,plan_time,default_ml,q06_p0,no_mergejoin,3906.789,1741.8082275390625
4,xgboost,plan_time,default_ml,q06_p0,no_nestloop,3998.758,1905.498046875
4,xgboost,plan_time,default_ml,q07_p1,default,48689.845,33612.328125
4,xgboost,plan_time,default_ml,q07_p1,no_hashjoin,15251.364,12886.291015625
4,xgboost,plan_time,default_ml,q07_p1,no_mergejoin,53754.001,24716.736328125
4,xgboost,plan_time,default_ml,q07_p1,no_nestloop,5609.712,6759.1923828125
4,xgboost,plan_time,default_ml,q08_p4,default,5660.325,4533.25244140625
4,xgboost,plan_time,default_ml,q08_p4,no_hashjoin,6197.882,2428.474365234375
4,xgboost,plan_time,default_ml,q08_p4,no_mergejoin,2379.517,3780.58984375
4,xgboost,plan_time,default_ml,q08_p4,no_nestloop,5048.417,5563.40576171875
4,xgboost,plan_time,default_ml,q09_p3,default,6549.707,15963.78515625
4,xgboost,plan_time,default_ml,q09_p3,no_hashjoin,13347.475,18244.5234375
4,xgboost,plan_time,default_ml,q09_p3,no_mergejoin,5954.025,17371.26953125
4,xgboost,plan_time,default_ml,q09_p3,no_nestloop,3600.447,10055.771484375
4,xgboost,plan_time,default_ml,q11_p1,default,2820.861,1441.2025146484375
4,xgboost,plan_time,default_ml,q11_p1,no_hashjoin,834.804,818.294921875
4,xgboost,plan_time,default_ml,q11_p1,no_mergejoin,854.796,601.112060546875
4,xgboost,plan_time,default_ml,q11_p1,no_nestloop,1680.754,1388.40576171875
4,xgboost,plan_time,default_ml,q12_p0,default,12501.249,3979.97412109375
4,xgboost,plan_time,default_ml,q12_p0,no_hashjoin,5870.008,2995.3291015625
4,xgboost,plan_time,default_ml,q12_p0,no_mergejoin,4893.417,3689.886962890625
4,xgboost,plan_time,default_ml,q12_p0,no_nestloop,3516.724,3604.85888671875
4,xgboost,plan_time,default_ml,q14_p3,default,3822.122,2621.111328125
4,xgboost,plan_time,default_ml,q14_p3,no_hashjoin,5657.868,2572.78466796875
4,xgboost,plan_time,default_ml,q14_p3,no_mergejoin,5261.081,3516.86767578125
4,xgboost,plan_time,default_ml,q14_p3,no_nestloop,3418.002,2903.14990234375
4,xgboost,plan_time,default_ml,q15_p2,default,4505.763,3605.2060546875
4,xgboost,plan_time,default_ml,q15_p2,no_hashjoin,6508.556,3468.986572265625
4,xgboost,plan_time,default_ml,q15_p2,no_mergejoin,5286.807,3696.5703125
4,xgboost,plan_time,default_ml,q15_p2,no_nestloop,5383.88,3878.994140625
4,xgboost,plan_time,default_ml,q16_p1,default,2655.656,2246.539306640625
4,xgboost,plan_time,default_ml,q16_p1,no_hashjoin,1923.553,3050.885009765625
4,xgboost,plan_time,default_ml,q16_p1,no_mergejoin,2945.97,1966.2728271484375
4,xgboost,plan_time,default_ml,q16_p1,no_nestloop,1993.228,2079.6083984375
4,xgboost,plan_time,default_ml,q17_p0,default,10431.913,5158.6943359375
4,xgboost,plan_time,default_ml,q17_p0,no_hashjoin,1729.994,776.455078125
4,xgboost,plan_time,default_ml,q17_p0,no_mergejoin,8897.062,4576.64892578125
4,xgboost,plan_time,default_ml,q17_p0,no_nestloop,9330.833,4305.9521484375
4,xgboost,plan_time,default_ml,q19_p1,default,1205.132,359.67132568359375
4,xgboost,plan_time,default_ml,q19_p1,no_hashjoin,454.037,389.5801696777344
4,xgboost,plan_time,default_ml,q19_p1,no_mergejoin,371.417,335.8406982421875
4,xgboost,plan_time,default_ml,q19_p1,no_nestloop,3774.525,3502.6015625
4,xgboost,plan_time,default_ml,q20_p2,default,5046.379,6518.0009765625
4,xgboost,plan_time,default_ml,q20_p2,no_hashjoin,3476.229,8401.859375
4,xgboost,plan_time,default_ml,q20_p2,no_mergejoin,3548.939,9254.0625
4,xgboost,plan_time,default_ml,q21_p1,default,17294.152,15133.1650390625
4,xgboost,plan_time,default_ml,q21_p1,no_hashjoin,18352.588,19857.703125
4,xgboost,plan_time,default_ml,q21_p1,no_mergejoin,18510.851,14912.037109375
4,xgboost,plan_time,default_ml,q21_p1,no_nestloop,10391.969,10154.2607421875
4,xgboost,plan_time,default_ml,ds_q01_filter_agg,default,1042.995,846.999755859375
4,xgboost,plan_time,default_ml,ds_q01_filter_agg,no_hashjoin,810.184,960.8792114257812
4,xgboost,plan_time,default_ml,ds_q01_filter_agg,no_mergejoin,537.585,600.3250122070312
4,xgboost,plan_time,default_ml,ds_q01_filter_agg,no_nestloop,1482.016,526.8457641601562
4,xgboost,plan_time,default_ml,ds_q10_window_topk,default,2181.389,1011.7623291015625
4,xgboost,plan_time,default_ml,ds_q10_window_topk,no_hashjoin,4045.225,1591.6129150390625
4,xgboost,plan_time,default_ml,ds_q10_window_topk,no_mergejoin,1774.157,316.0530090332031
4,xgboost,plan_time,default_ml,ds_q10_window_topk,no_nestloop,1763.773,837.5767822265625
4,xgboost,plan_time,default_ml,ds_q13_high_quantity,default,350.115,337.54095458984375
4,xgboost,plan_time,default_ml,ds_q13_high_quantity,no_hashjoin,465.736,380.2445068359375
4,xgboost,plan_time,default_ml,ds_q13_high_quantity,no_mergejoin,399.664,402.61773681640625
4,xgboost,plan_time,default_ml,ds_q13_high_quantity,no_nestloop,458.559,357.257080078125
4,xgboost,plan_time,default_ml,ds_q20_demographic,default,867.031,921.059814453125
4,xgboost,plan_time,default_ml,ds_q20_demographic,no_hashjoin,3716.274,1335.934326171875
4,xgboost,plan_time,default_ml,ds_q20_demographic,no_mergejoin,726.447,772.3782958984375
4,xgboost,plan_time,default_ml,ds_q20_demographic,no_nestloop,1077.246,753.90087890625
4,xgboost,plan_time,default_ml,online_d4e75912f5,default,2553.552,5557.34375
4,xgboost,plan_time,default_ml,online_d4e75912f5,no_hashjoin,1500.007,6030.9140625
4,xgboost,plan_time,default_ml,online_d4e75912f5,no_mergejoin,1479.977,6010.1259765625
4,xgboost,plan_time,default_ml,online_d4e75912f5,no_nestloop,1374.997,5729.607421875
4,xgboost,plan_time,default_ml,online_4742846dc9,no_hashjoin,974.089,5432.5732421875
0,lightgbm,plan_time,default_ml,q01_customers_by_country,default,0.928,7.6153079007825415
0,lightgbm,plan_time,default_ml,q02_orders_recent,default,4.298,12.560910689019558
0,lightgbm,plan_time,default_ml,q07_self_subquery,default,11.032,8.437106159507344
0,lightgbm,plan_time,default_ml,q01,default,11982.478,9485.30898988892
0,lightgbm,plan_time,default_ml,q01,no_hashjoin,11191.817,9353.158089152897
0,lightgbm,plan_time,default_ml,q01,no_mergejoin,10066.542,13514.576660728699
0,lightgbm,plan_time,default_ml,q01,no_nestloop,6900.803,11662.704407643612
0,lightgbm,plan_time,default_ml,q05,default,8827.081,6220.019435363064
0,lightgbm,plan_time,default_ml,q05,no_hashjoin,7074.668,4474.829263990624
0,lightgbm,plan_time,default_ml,q05,no_mergejoin,9969.823,6340.397503627882
0,lightgbm,plan_time,default_ml,q05,no_nestloop,2887.231,3572.410784413258
0,lightgbm,plan_time,default_ml,q12,default,4159.307,8642.408434248746
0,lightgbm,plan_time,default_ml,q12,no_hashjoin,3556.871,5303.131712017261
0,lightgbm,plan_time,default_ml,q12,no_mergejoin,4213.912,3267.1739489115685
0,lightgbm,plan_time,default_ml,q12,no_nestloop,3102.1,4155.750264973758
0,lightgbm,plan_time,default_ml,q17,default,4823.064,8652.14458779783
0,lightgbm,plan_time,default_ml,q17,no_hashjoin,939.65,1069.207119762287
0,lightgbm,plan_time,default_ml,q17,no_mergejoin,4153.603,8632.670718490002
0,lightgbm,plan_time,default_ml,q17,no_nestloop,4235.083,8964.65853208195
0,lightgbm,plan_time,default_ml,q19,default,543.454,469.3647128322899
0,lightgbm,plan_time,default_ml,q19,no_hashjoin,198.599,585.1740686990194
0,lightgbm,plan_time,default_ml,q19,no_mergejoin,215.468,520.5712196262805
0,lightgbm,plan_time,default_ml,q19,no_nestloop,1441.563,3635.203261056321
0,lightgbm,plan_time,default_ml,q22,default,383.714,550.5396182732663
0,lightgbm,plan_time,default_ml,q22,no_hashjoin,345.909,430.6242994218153
0,lightgbm,plan_time,default_ml,q22,no_mergejoin,387.731,361.6651058314017
0,lightgbm,plan_time,default_ml,q22,no_nestloop,491.9,2551.8766326831733
0,lightgbm,plan_time,default_ml,q01_p1,default,9892.378,7798.678779269169
0,lightgbm,plan_time,default_ml,q01_p1,no_hashjoin,14592.651,5939.707734041121
0,lightgbm,plan_time,default_ml,q01_p1,no_mergejoin,10802.619,8043.859415356819
0,lightgbm,plan_time,default_ml,q01_p1,no_nestloop,10626.043,7120.257401863247
0,lightgbm,plan_time,default_ml,q01_p4,default,7707.074,9411.358756848325
0,lightgbm,plan_time,default_ml,q01_p4,no_hashjoin,11899.903,8429.351627596814
0,lightgbm,plan_time,default_ml,q01_p4,no_mergejoin,11406.505,13429.746687003579
0,lightgbm,plan_time,default_ml,q01_p4,no_nestloop,9862.402,12078.307490310373
0,lightgbm,plan_time,default_ml,q03_p2,default,1513.628,1241.4990745349528
0,lightgbm,plan_time,default_ml,q03_p2,no_hashjoin,9935.697,11511.679777043555
0,lightgbm,plan_time,default_ml,q03_p2,no_mergejoin,2103.504,1308.9418149236515
0,lightgbm,plan_time,default_ml,q03_p2,no_nestloop,3760.127,3710.9898186838464
0,lightgbm,plan_time,default_ml,q03_p4,default,1825.335,1473.8369459334137
0,lightgbm,plan_time,default_ml,q03_p4,no_hashjoin,9233.542,10402.877474287232
0,lightgbm,plan_time,default_ml,q03_p4,no_mergejoin,1153.93,1457.4956987624462
0,lightgbm,plan_time,default_ml,q03_p4,no_nestloop,1581.882,3060.8262541225627
0,lightgbm,plan_time,default_ml,q05_p4,default,7116.569,5365.220849699867
0,lightgbm,plan_time,default_ml,q05_p4,no_hashjoin,7761.671,5165.16400358635
0,lightgbm,plan_time,default_ml,q05_p4,no_mergejoin,14257.984,5778.382368115895
0,lightgbm,plan_time,default_ml,q05_p4,no_nestloop,5488.744,5281.079061168389
0,lightgbm,plan_time,default_ml,q06_p1,default,4169.204,1743.345495498588
0,lightgbm,plan_time,default_ml,q06_p1,no_hashjoin,2672.595,1642.388828299581
0,lightgbm,plan_time,default_ml,q06_p1,no_mergejoin,2169.062,2173.2550790909063
0,lightgbm,plan_time,default_ml,q06_p1,no_nestloop,2766.657,1455.3019399750347
0,lightgbm,plan_time,default_ml,q07_p0,default,33515.848,82750.44857369202
0,lightgbm,plan_time,default_ml,q07_p0,no_hashjoin,6605.498,19583.086917288638
0,lightgbm,plan_time,default_ml,q07_p0,no_mergejoin,31465.431,50650.12882181535
0,lightgbm,plan_time,default_ml,q07_p0,no_nestloop,2952.799,3363.425346898587
0,lightgbm,plan_time,default_ml,q07_p4,default,59489.379,61765.705716096985
0,lightgbm,plan_time,default_ml,q07_p4,no_hashjoin,12167.826,8790.982371423135
0,lightgbm,plan_time,default_ml,q07_p4,no_mergejoin,26668.91,50362.16032367614
0,lightgbm,plan_time,default_ml,q07_p4,no_nestloop,1892.741,3385.734082437934
0,lightgbm,plan_time,default_ml,q08_p3,default,6018.607,5439.635463976245
0,lightgbm,plan_time,default_ml,q08_p3,no_hashjoin,3792.658,2803.034040062463
0,lightgbm,plan_time,default_ml,q08_p3,no_mergejoin,3685.784,2394.1289790461938
0,lightgbm,plan_time,default_ml,q08_p3,no_nestloop,6346.003,7678.242232094375
0,lightgbm,plan_time,default_ml,q09_p2,default,12046.323,23619.823562676153
0,lightgbm,plan_time,default_ml,q09_p2,no_hashjoin,20980.942,36554.863541168714
0,lightgbm,plan_time,default_ml,q09_p2,no_mergejoin,14809.125,11480.033301639407
0,lightgbm,plan_time,default_ml,q09_p2,no_nestloop,7339.487,6475.177498362735
0,lightgbm,plan_time,default_ml,q11_p0,default,3049.573,551.453658742628
0,lightgbm,plan_time,default_ml,q11_p0,no_hashjoin,904.409,692.53592403753
0,lightgbm,plan_time,default_ml,q11_p0,no_mergejoin,816.264,809.3551930533504
0,lightgbm,plan_time,default_ml,q11_p0,no_nestloop,1302.632,1760.835160314581
0,lightgbm,plan_time,default_ml,q12_p4,default,2249.037,2246.161764955323
0,lightgbm,plan_time,default_ml,q12_p4,no_hashjoin,3823.712,2374.2239694252903
0,lightgbm,plan_time,default_ml,q12_p4,no_mergejoin,6799.636,2033.5620680193679
0,lightgbm,plan_time,default_ml,q12_p4,no_nestloop,7214.151,2463.3721431326944
0,lightgbm,plan_time,default_ml,q14_p2,default,3528.926,1712.1002748071178
0,lightgbm,plan_time,default_ml,q14_p2,no_hashjoin,3469.28,2932.267208361603
0,lightgbm,plan_time,default_ml,q14_p2,no_mergejoin,3484.62,1746.508385065858
0,lightgbm,plan_time,default_ml,q14_p2,no_nestloop,2670.408,1735.4449028740187
0,lightgbm,plan_time,default_ml,q15_p1,default,2973.557,5427.497440658945
0,lightgbm,plan_time,default_ml,q15_p1,no_hashjoin,3481.784,5714.487157301715
0,lightgbm,plan_time,default_ml,q15_p1,no_mergejoin,3814.434,5235.800497876768
0,lightgbm,plan_time,default_ml,q15_p1,no_nestloop,2991.507,4922.93777641878
0,lightgbm,plan_time,default_ml,q16_p0,default,3583.344,2042.810254029442
0,lightgbm,plan_time,default_ml,q16_p0,no_hashjoin,2973.287,1566.4320745617524
0,lightgbm,plan_time,default_ml,q16_p0,no_mergejoin,1724.904,1130.6728303285283
0,lightgbm,plan_time,default_ml,q16_p0,no_nestloop,2170.77,1418.6251280379304
0,lightgbm,plan_time,default_ml,q19_p4,default,413.238,427.98457605890314
0,lightgbm,plan_time,default_ml,q19_p4,no_hashjoin,264.754,440.9935485585606
0,lightgbm,plan_time,default_ml,q19_p4,no_mergejoin,314.011,429.12263265572716
0,lightgbm,plan_time,default_ml,q19_p4,no_nestloop,3594.635,3826.7620977974766
0,lightgbm,plan_time,default_ml,q21_p0,default,52833.508,16483.097275427317
0,lightgbm,plan_time,default_ml,q21_p0,no_hashjoin,47704.612,18046.586334470394
0,lightgbm,plan_time,default_ml,q21_p0,no_mergejoin,18214.814,20822.279362961875
0,lightgbm,plan_time,default_ml,q21_p0,no_nestloop,9580.423,10428.26119261056
0,lightgbm,plan_time,default_ml,ds_q06_web_vs_store,default,696.566,1100.4458800674724
0,lightgbm,plan_time,default_ml,ds_q06_web_vs_store,no_hashjoin,1647.674,3690.50671510881
0,lightgbm,plan_time,default_ml,ds_q06_web_vs_store,no_mergejoin,852.859,750.5592892471958
0,lightgbm,plan_time,default_ml,ds_q06_web_vs_store,no_nestloop,1042.574,880.6493513002048
0,lightgbm,plan_time,default_ml,ds_q11_inventory_check,default,519.915,739.2124985489703
0,lightgbm,plan_time,default_ml,ds_q11_inventory_check,no_hashjoin,947.458,969.8211293883106
0,lightgbm,plan_time,default_ml,ds_q11_inventory_check,no_mergejoin,423.518,305.0962025698658
0,lightgbm,plan_time,default_ml,ds_q11_inventory_check,no_nestloop,343.882,201.34917878092088
0,lightgbm,plan_time,default_ml,ds_q17_dow_pattern,default,996.646,571.0512458738388
0,lightgbm,plan_time,default_ml,ds_q17_dow_pattern,no_hashjoin,2377.113,2494.5728615817534
0,lightgbm,plan_time,default_ml,ds_q17_dow_pattern,no_mergejoin,571.268,348.6157494730392
0,lightgbm,plan_time,default_ml,ds_q17_dow_pattern,no_nestloop,644.053,687.787399769536
0,lightgbm,plan_time,default_ml,online_ce83de12bc,default,947.618,1944.235374903925
0,lightgbm,plan_time,default_ml,online_ce83de12bc,no_mergejoin,823.206,1890.5550985925317
0,lightgbm,plan_time,default_ml,online_ce83de12bc,no_nestloop,732.934,2070.3572516534196
0,lightgbm,plan_time,default_ml,online_ce83de12bc,no_hashjoin,782.553,2555.4369718683965
1,lightgbm,plan_time,default_ml,q03_join_customer_orders,default,13.224,24.18203099074123
1,lightgbm,plan_time,default_ml,q05_top_customers,default,18.031,40.46473436743981
1,lightgbm,plan_time,default_ml,q02,default,6173.76,10656.191372526324
1,lightgbm,plan_time,default_ml,q02,no_hashjoin,4302.342,3105.273036349836
1,lightgbm,plan_time,default_ml,q02,no_mergejoin,3199.538,3064.9857851706183
1,lightgbm,plan_time,default_ml,q02,no_nestloop,6690.813,6522.704641303229
1,lightgbm,plan_time,default_ml,q04,default,1216.968,745.1584792891292
1,lightgbm,plan_time,default_ml,q04,no_hashjoin,1396.247,1096.7039387031343
1,lightgbm,plan_time,default_ml,q04,no_mergejoin,1429.065,845.407511952829
1,lightgbm,plan_time,default_ml,q04,no_nestloop,16777.004,9765.145996367204
1,lightgbm,plan_time,default_ml,q07,default,35165.908,44205.9346761795
1,lightgbm,plan_time,default_ml,q07,no_hashjoin,3945.736,8944.817496386255
1,lightgbm,plan_time,default_ml,q07,no_mergejoin,29002.507,41741.57446145537
1,lightgbm,plan_time,default_ml,q07,no_nestloop,2402.029,3972.8075268947987
1,lightgbm,plan_time,default_ml,q11,default,1724.803,1796.3829693935547
1,lightgbm,plan_time,default_ml,q11,no_hashjoin,403.337,700.4045706535525
1,lightgbm,plan_time,default_ml,q11,no_mergejoin,308.811,1225.7284150299074
1,lightgbm,plan_time,default_ml,q11,no_nestloop,801.703,2203.3857305703496
1,lightgbm,plan_time,default_ml,q16,default,1605.611,3036.576595458854
1,lightgbm,plan_time,default_ml,q16,no_hashjoin,1383.148,3787.511025269863
1,lightgbm,plan_time,default_ml,q16,no_mergejoin,1106.188,2259.4325587392427
1,lightgbm,plan_time,default_ml,q16,no_nestloop,1324.611,1672.775318317009
1,lightgbm,plan_time,default_ml,q21,default,13986.072,23888.198368701665
1,lightgbm,plan_time,default_ml,q21,no_hashjoin,19448.204,16427.14102342021
1,lightgbm,plan_time,default_ml,q21,no_mergejoin,13055.611,16572.259292615527
1,lightgbm,plan_time,default_ml,q21,no_nestloop,10367.542,10703.17801124758
1,lightgbm,plan_time,default_ml,q01_p2,default,9565.353,10265.04492003378
1,lightgbm,plan_time,default_ml,q01_p2,no_hashjoin,9512.992,11305.34868433628
1,lightgbm,plan_time,default_ml,q01_p2,no_mergejoin,13686.939,10171.83301663635
1,lightgbm,plan_time,default_ml,q01_p2,no_nestloop,13280.512,7593.445024882671
1,lightgbm,plan_time,default_ml,q03_p1,default,1789.751,2184.4333012032275
1,lightgbm,plan_time,default_ml,q03_p1,no_hashjoin,11886.905,17523.75212882136
1,lightgbm,plan_time,default_ml,q03_p1,no_mergejoin,1234.521,1560.28202711594
1,lightgbm,plan_time,default_ml,q03_p1,no_nestloop,1698.449,4328.326337999568
1,lightgbm,plan_time,default_ml,q04_p4,default,1251.353,938.1074635782138
1,lightgbm,plan_time,default_ml,q04_p4,no_hashjoin,872.911,716.807374353029
1,lightgbm,plan_time,default_ml,q04_p4,no_mergejoin,1007.402,721.5216911525648
1,lightgbm,plan_time,default_ml,q04_p4,no_nestloop,9201.859,6111.363203662111
1,lightgbm,plan_time,default_ml,q05_p2,default,4849.114,6230.705705589613
1,lightgbm,plan_time,default_ml,q05_p2,no_hashjoin,4040.571,6123.853889392095
1,lightgbm,plan_time,default_ml,q05_p2,no_mergejoin,3505.474,4665.720045219868
1,lightgbm,plan_time,default_ml,q05_p2,no_nestloop,3152.242,2553.619933299452
1,lightgbm,plan_time,default_ml,q05_p3,default,4461.936,8145.081990891515
1,lightgbm,plan_time,default_ml,q05_p3,no_hashjoin,4576.937,5285.040906053583
1,lightgbm,plan_time,default_ml,q05_p3,no_mergejoin,5163.161,3633.3616439384973
1,lightgbm,plan_time,default_ml,q05_p3,no_nestloop,4531.435,2456.3927252476897
1,lightgbm,plan_time,default_ml,q07_p3,default,48180.292,35610.1230300288
1,lightgbm,plan_time,default_ml,q07_p3,no_hashjoin,20439.496,7219.135357719508
1,lightgbm,plan_time,default_ml,q07_p3,no_mergejoin,75622.57,60908.07124688873
1,lightgbm,plan_time,default_ml,q07_p3,no_nestloop,7456.51,5312.487641447998
1,lightgbm,plan_time,default_ml,q08_p2,default,4115.998,2134.8334122156634
1,lightgbm,plan_time,default_ml,q08_p2,no_hashjoin,2794.834,2338.3710808935093
1,lightgbm,plan_time,default_ml,q08_p2,no_mergejoin,3521.968,2655.7220014919194
1,lightgbm,plan_time,default_ml,q08_p2,no_nestloop,6391.806,2294.7477177399187
1,lightgbm,plan_time,default_ml,q09_p1,default,39188.185,36090.94330865886
1,lightgbm,plan_time,default_ml,q09_p1,no_hashjoin,37214.359,28155.8689481975
1,lightgbm,plan_time,default_ml,q09_p1,no_mergejoin,17515.704,21051.403830343756
1,lightgbm,plan_time,default_ml,q09_p1,no_nestloop,9813.353,3922.3876887341735
1,lightgbm,plan_time,default_ml,q11_p4,default,1992.165,1659.5684408439427
1,lightgbm,plan_time,default_ml,q11_p4,no_hashjoin,694.319,963.4768973585293
1,lightgbm,plan_time,default_ml,q11_p4,no_mergejoin,595.204,985.0292508830503
1,lightgbm,plan_time,default_ml,q11_p4,no_nestloop,1576.498,1639.797669894654
1,lightgbm,plan_time,default_ml,q12_p3,default,2243.386,4706.477278152815
1,lightgbm,plan_time,default_ml,q12_p3,no_hashjoin,2231.47,3865.220762926216
1,lightgbm,plan_time,default_ml,q12_p3,no_mergejoin,2085.778,2721.1315456182874
1,lightgbm,plan_time,default_ml,q12_p3,no_nestloop,2514.896,7126.361439568536
1,lightgbm,plan_time,default_ml,q14_p1,default,2856.102,2860.134682715206
1,lightgbm,plan_time,default_ml,q14_p1,no_hashjoin,2769.721,971.7086520972048
1,lightgbm,plan_time,default_ml,q14_p1,no_mergejoin,2453.346,2993.9232162458093
1,lightgbm,plan_time,default_ml,q14_p1,no_nestloop,2195.13,2539.1195321447913
1,lightgbm,plan_time,default_ml,q15_p0,default,4191.151,4327.4216389558205
1,lightgbm,plan_time,default_ml,q15_p0,no_hashjoin,5584.123,3843.1021326298783
1,lightgbm,plan_time,default_ml,q15_p0,no_mergejoin,5665.229,4657.064836972538
1,lightgbm,plan_time,default_ml,q15_p0,no_nestloop,2830.03,4588.154067344714
1,lightgbm,plan_time,default_ml,q16_p4,default,2523.064,1886.2713935743861
1,lightgbm,plan_time,default_ml,q16_p4,no_hashjoin,1946.083,2703.1084261326
1,lightgbm,plan_time,default_ml,q16_p4,no_mergejoin,1783.659,1800.9042326751255
1,lightgbm,plan_time,default_ml,q16_p4,no_nestloop,2195.978,1930.8962150283182
1,lightgbm,plan_time,default_ml,q19_p0,default,435.11,250.66643779657278
1,lightgbm,plan_time,default_ml,q19_p0,no_hashjoin,516.983,190.36345689800552
1,lightgbm,plan_time,default_ml,q19_p0,no_mergejoin,498.459,307.91599292009823
1,lightgbm,plan_time,default_ml,q19_p0,no_nestloop,3656.192,2101.591671306653
1,lightgbm,plan_time,default_ml,q19_p3,default,392.595,368.0762733127791
1,lightgbm,plan_time,default_ml,q19_p3,no_hashjoin,404.667,273.4850356823587
1,lightgbm,plan_time,default_ml,q19_p3,no_mergejoin,494.229,401.0014042624042
1,lightgbm,plan_time,default_ml,q19_p3,no_nestloop,3766.083,674.5683795178869
1,lightgbm,plan_time,default_ml,q21_p4,default,19462.346,17135.07711196334
1,lightgbm,plan_time,default_ml,q21_p4,no_hashjoin,19158.111,15648.943437730522
1,lightgbm,plan_time,default_ml,q21_p4,no_mergejoin,21773.347,16572.259292615527
1,lightgbm,plan_time,default_ml,q21_p4,no_nestloop,20578.87,12882.214760743784
1,lightgbm,plan_time,default_ml,ds_q04_customer_topk,default,704.859,1032.266140927573
1,lightgbm,plan_time,default_ml,ds_q04_customer_topk,no_hashjoin,1272.521,626.3309982371944
1,lightgbm,plan_time,default_ml,ds_q04_customer_topk,no_mergejoin,577.718,1507.900975845293
1,lightgbm,plan_time,default_ml,ds_q04_customer_topk,no_nestloop,799.922,825.3463192295542
1,lightgbm,plan_time,default_ml,ds_q05_returns_filter,default,279.907,103.13127751179725
1,lightgbm,plan_time,default_ml,ds_q05_returns_filter,no_hashjoin,328.061,632.665027526023
1,lightgbm,plan_time,default_ml,ds_q05_returns_filter,no_mergejoin,196.199,49.980706967084274
1,lightgbm,plan_time,default_ml,ds_q05_returns_filter,no_nestloop,163.456,48.05322155665551
1,lightgbm,plan_time,default_ml,ds_q09_avg_basket,default,481.674,350.22204372237485
1,lightgbm,plan_time,default_ml,ds_q09_avg_basket,no_hashjoin,512.863,317.15875415163254
1,lightgbm,plan_time,default_ml,ds_q09_avg_basket,no_mergejoin,420.93,371.4176561931885
1,lightgbm,plan_time,default_ml,ds_q09_avg_basket,no_nestloop,445.387,444.4434809683875
1,lightgbm,plan_time,default_ml,ds_q18_brand_topk,default,662.842,278.40766631160443
1,lightgbm,plan_time,default_ml,ds_q18_brand_topk,no_hashjoin,2523.984,1038.1464516613976
1,lightgbm,plan_time,default_ml,ds_q18_brand_topk,no_mergejoin,2049.833,258.8798743736315
1,lightgbm,plan_time,default_ml,ds_q18_brand_topk,no_nestloop,774.295,278.0092029809515
1,lightgbm,plan_time,default_ml,ds_q19_self_join,default,5.488,15.115198809189408
1,lightgbm,plan_time,default_ml,ds_q19_self_join,no_hashjoin,0.11,19.741960653020882
1,lightgbm,plan_time,default_ml,ds_q19_self_join,no_mergejoin,0.106,17.06276585449633
1,lightgbm,plan_time,default_ml,ds_q19_self_join,no_nestloop,0.133,16.990514950085977
2,lightgbm,plan_time,default_ml,q10,default,1318.8,8531.552987340865
2,lightgbm,plan_time,default_ml,q10,no_hashjoin,4160.12,5311.6449496746345
2,lightgbm,plan_time,default_ml,q10,no_mergejoin,1571.937,4937.529203653617
2,lightgbm,plan_time,default_ml,q10,no_nestloop,2518.974,7616.7843148533675
2,lightgbm,plan_time,default_ml,q15,default,2757.332,4661.658807646873
2,lightgbm,plan_time,default_ml,q15,no_hashjoin,2518.908,6044.613651344657
2,lightgbm,plan_time,default_ml,q15,no_mergejoin,2113.783,4711.915049867821
2,lightgbm,plan_time,default_ml,q15,no_nestloop,2244.615,5131.030510201888
2,lightgbm,plan_time,default_ml,q20,default,7381.431,11051.671954384923
2,lightgbm,plan_time,default_ml,q20,no_hashjoin,4427.324,2459.6220433017443
2,lightgbm,plan_time,default_ml,q20,no_mergejoin,4679.932,14858.08361258148
2,lightgbm,plan_time,default_ml,q01_p3,default,13984.334,10614.5435452748
2,lightgbm,plan_time,default_ml,q01_p3,no_hashjoin,15019.025,10065.384349552909
2,lightgbm,plan_time,default_ml,q01_p3,no_mergejoin,12287.425,9789.292420630698
2,lightgbm,plan_time,default_ml,q01_p3,no_nestloop,11661.957,7542.558585477238
2,lightgbm,plan_time,default_ml,q02_p0,default,23413.931,6205.292272636486
2,lightgbm,plan_time,default_ml,q02_p0,no_hashjoin,3964.82,5022.510109250854
2,lightgbm,plan_time,default_ml,q02_p0,no_mergejoin,3313.199,2785.6106688077552
2,lightgbm,plan_time,default_ml,q02_p0,no_nestloop,8545.085,5093.717781331744
2,lightgbm,plan_time,default_ml,q02_p2,default,3165.46,2994.8824787328167
2,lightgbm,plan_time,default_ml,q02_p2,no_hashjoin,5007.324,5216.1265425765305
2,lightgbm,plan_time,default_ml,q02_p2,no_mergejoin,3606.714,2641.556210010079
2,lightgbm,plan_time,default_ml,q02_p2,no_nestloop,7216.648,6561.971760170085
2,lightgbm,plan_time,default_ml,q03_p0,default,2635.037,1710.4204904437163
2,lightgbm,plan_time,default_ml,q03_p0,no_hashjoin,18114.795,13221.847541975148
2,lightgbm,plan_time,default_ml,q03_p0,no_mergejoin,1944.902,1459.045506228945
2,lightgbm,plan_time,default_ml,q03_p0,no_nestloop,5589.845,2563.083773780433
2,lightgbm,plan_time,default_ml,q04_p3,default,990.862,642.6843057892256
2,lightgbm,plan_time,default_ml,q04_p3,no_hashjoin,1329.233,721.1291085716449
2,lightgbm,plan_time,default_ml,q04_p3,no_mergejoin,1103.474,763.7792985424782
2,lightgbm,plan_time,default_ml,q04_p3,no_nestloop,8503.564,6402.397200111949
2,lightgbm,plan_time,default_ml,q05_p1,default,6327.661,8150.673922789881
2,lightgbm,plan_time,default_ml,q05_p1,no_hashjoin,3334.809,4207.129372895897
2,lightgbm,plan_time,default_ml,q05_p1,no_mergejoin,3473.214,4500.543128983831
2,lightgbm,plan_time,default_ml,q05_p1,no_nestloop,2614.839,3362.9165779104696
2,lightgbm,plan_time,default_ml,q06_p2,default,4135.177,4955.664838790488
2,lightgbm,plan_time,default_ml,q06_p2,no_hashjoin,3106.429,2567.2723163271567
2,lightgbm,plan_time,default_ml,q06_p2,no_mergejoin,2665.156,2280.5767897148407
2,lightgbm,plan_time,default_ml,q06_p2,no_nestloop,2697.838,2695.299718099155
2,lightgbm,plan_time,default_ml,q07_p2,default,42141.36,29038.963502842602
2,lightgbm,plan_time,default_ml,q07_p2,no_hashjoin,10847.283,9807.188020568594
2,lightgbm,plan_time,default_ml,q07_p2,no_mergejoin,49967.521,49502.2664982262
2,lightgbm,plan_time,default_ml,q07_p2,no_nestloop,8066.19,9170.852347468684
2,lightgbm,plan_time,default_ml,q08_p1,default,2058.638,5973.7106816409705
2,lightgbm,plan_time,default_ml,q08_p1,no_hashjoin,2498.809,2375.909363999558
2,lightgbm,plan_time,default_ml,q08_p1,no_mergejoin,2816.12,6457.103388722556
2,lightgbm,plan_time,default_ml,q08_p1,no_nestloop,5506.494,5077.6757173434025
2,lightgbm,plan_time,default_ml,q09_p0,default,27540.065,17626.87651880989
2,lightgbm,plan_time,default_ml,q09_p0,no_hashjoin,44491.972,31359.985281219542
2,lightgbm,plan_time,default_ml,q09_p0,no_mergejoin,20940.383,6099.560765549537
2,lightgbm,plan_time,default_ml,q09_p0,no_nestloop,16162.56,9435.68902035099
2,lightgbm,plan_time,default_ml,q11_p3,default,1976.909,1213.6533058762102
2,lightgbm,plan_time,default_ml,q11_p3,no_hashjoin,748.431,875.0281235997037
2,lightgbm,plan_time,default_ml,q11_p3,no_mergejoin,562.144,876.8138991288811
2,lightgbm,plan_time,default_ml,q11_p3,no_nestloop,1681.782,1324.7030634216007
2,lightgbm,plan_time,default_ml,q12_p2,default,2149.287,2997.2286839259787
2,lightgbm,plan_time,default_ml,q12_p2,no_hashjoin,2364.648,2454.651463941804
2,lightgbm,plan_time,default_ml,q12_p2,no_mergejoin,2164.549,2533.940753508628
2,lightgbm,plan_time,default_ml,q12_p2,no_nestloop,1854.457,2815.560272412274
2,lightgbm,plan_time,default_ml,q14_p0,default,2971.513,3132.434845373907
2,lightgbm,plan_time,default_ml,q14_p0,no_hashjoin,3770.611,1813.328577866084
2,lightgbm,plan_time,default_ml,q14_p0,no_mergejoin,4340.477,1926.663378115467
2,lightgbm,plan_time,default_ml,q14_p0,no_nestloop,3252.169,1841.8270125221431
2,lightgbm,plan_time,default_ml,q15_p4,default,3928.715,4740.319666468661
2,lightgbm,plan_time,default_ml,q15_p4,no_hashjoin,3612.135,5979.0616883784105
2,lightgbm,plan_time,default_ml,q15_p4,no_mergejoin,4176.719,7341.068508450253
2,lightgbm,plan_time,default_ml,q15_p4,no_nestloop,4123.565,3185.992968343872
2,lightgbm,plan_time,default_ml,q16_p3,default,2142.518,1953.8736765377935
2,lightgbm,plan_time,default_ml,q16_p3,no_hashjoin,2488.674,1701.6185378497958
2,lightgbm,plan_time,default_ml,q16_p3,no_mergejoin,2170.027,1544.6612364094406
2,lightgbm,plan_time,default_ml,q16_p3,no_nestloop,1427.093,1486.9149144654361
2,lightgbm,plan_time,default_ml,q17_p2,default,5596.138,4632.439451667169
2,lightgbm,plan_time,default_ml,q17_p2,no_hashjoin,730.087,785.805895322178
2,lightgbm,plan_time,default_ml,q17_p2,no_mergejoin,4160.795,6268.03791223412
2,lightgbm,plan_time,default_ml,q17_p2,no_nestloop,4012.796,6950.308376327356
2,lightgbm,plan_time,default_ml,q17_p3,default,5259.441,4505.535667880004
2,lightgbm,plan_time,default_ml,q17_p3,no_hashjoin,821.265,656.490044694119
2,lightgbm,plan_time,default_ml,q17_p3,no_mergejoin,5243.261,5377.700804306734
2,lightgbm,plan_time,default_ml,q17_p3,no_nestloop,7027.809,4065.479053228273
2,lightgbm,plan_time,default_ml,q19_p2,default,231.761,766.4864140778224
2,lightgbm,plan_time,default_ml,q19_p2,no_hashjoin,251.742,393.00391895274134
2,lightgbm,plan_time,default_ml,q19_p2,no_mergejoin,298.061,374.5787218318771
2,lightgbm,plan_time,default_ml,q19_p2,no_nestloop,232.592,2581.8799959007106
2,lightgbm,plan_time,default_ml,q20_p0,default,6531.394,21833.005249365164
2,lightgbm,plan_time,default_ml,q20_p0,no_hashjoin,3627.978,6486.781961864734
2,lightgbm,plan_time,default_ml,q20_p0,no_mergejoin,4085.213,2626.490774840979
2,lightgbm,plan_time,default_ml,q21_p3,default,17560.987,12956.100883092982
2,lightgbm,plan_time,default_ml,q21_p3,no_hashjoin,17085.046,28141.430614444984
2,lightgbm,plan_time,default_ml,q21_p3,no_mergejoin,17104.211,18799.555095616015
2,lightgbm,plan_time,default_ml,q21_p3,no_nestloop,11808.777,11143.10735156054
2,lightgbm,plan_time,default_ml,ds_q03_promo_effect,default,639.997,549.4100202750533
2,lightgbm,plan_time,default_ml,ds_q03_promo_effect,no_hashjoin,2233.295,586.1855126527631
2,lightgbm,plan_time,default_ml,ds_q03_promo_effect,no_mergejoin,613.607,338.5064707510755
2,lightgbm,plan_time,default_ml,ds_q03_promo_effect,no_nestloop,389.256,494.35575791666594
2,lightgbm,plan_time,default_ml,ds_q08_addr_filter,default,89.476,43.01010246096134
2,lightgbm,plan_time,default_ml,ds_q08_addr_filter,no_hashjoin,43.675,22.433810736219336
2,lightgbm,plan_time,default_ml,ds_q08_addr_filter,no_mergejoin,39.483,18.506036051215474
2,lightgbm,plan_time,default_ml,ds_q08_addr_filter,no_nestloop,61.302,22.859005584850173
2,lightgbm,plan_time,default_ml,ds_q12_catalog_topk,default,531.523,587.4410310844293
2,lightgbm,plan_time,default_ml,ds_q12_catalog_topk,no_hashjoin,968.577,1087.0520240702012
2,lightgbm,plan_time,default_ml,ds_q12_catalog_topk,no_mergejoin,392.038,805.3907902922227
2,lightgbm,plan_time,default_ml,ds_q12_catalog_topk,no_nestloop,356.789,500.887514278298
2,lightgbm,plan_time,default_ml,ds_q15_returns_ratio,default,810.594,1229.0658409029943
2,lightgbm,plan_time,default_ml,ds_q15_returns_ratio,no_hashjoin,2445.148,1231.2596387003507
2,lightgbm,plan_time,default_ml,ds_q15_returns_ratio,no_mergejoin,643.784,843.4966572066456
2,lightgbm,plan_time,default_ml,ds_q15_returns_ratio,no_nestloop,729.727,885.6954613243139
2,lightgbm,plan_time,default_ml,online_b21324f41e,default,256.352,833.8852012527253
2,lightgbm,plan_time,default_ml,online_b21324f41e,no_mergejoin,160.573,444.2651359837235
2,lightgbm,plan_time,default_ml,online_b21324f41e,no_nestloop,160.279,804.2298951831588
2,lightgbm,plan_time,default_ml,online_b21324f41e,no_hashjoin,301.284,1188.8650470731498
3,lightgbm,plan_time,default_ml,q03,default,1640.223,2215.9417243601592
3,lightgbm,plan_time,default_ml,q03,no_hashjoin,15919.201,12650.78837860468
3,lightgbm,plan_time,default_ml,q03,no_mergejoin,2101.658,1760.8488495690249
3,lightgbm,plan_time,default_ml,q03,no_nestloop,2195.742,3142.025144242552
3,lightgbm,plan_time,default_ml,q09,default,23625.277,11701.3395940191
3,lightgbm,plan_time,default_ml,q09,no_hashjoin,30860.744,29229.32717986241
3,lightgbm,plan_time,default_ml,q09,no_mergejoin,19454.599,10769.2024126315
3,lightgbm,plan_time,default_ml,q09,no_nestloop,9471.806,16015.432085934852
3,lightgbm,plan_time,default_ml,q14,default,1878.312,3262.1910057812893
3,lightgbm,plan_time,default_ml,q14,no_hashjoin,1806.03,3353.395661658264
3,lightgbm,plan_time,default_ml,q14,no_mergejoin,1504.265,1268.5286017192814
3,lightgbm,plan_time,default_ml,q14,no_nestloop,2199.709,2265.572144312131
3,lightgbm,plan_time,default_ml,q02_p1,default,4831.789,2767.540474274169
3,lightgbm,plan_time,default_ml,q02_p1,no_hashjoin,7944.497,3582.8908021666
3,lightgbm,plan_time,default_ml,q02_p1,no_mergejoin,7564.481,4165.597306387467
3,lightgbm,plan_time,default_ml,q02_p1,no_nestloop,6618.888,8043.219381910685
3,lightgbm,plan_time,default_ml,q02_p3,default,3892.114,1996.8769640541739
3,lightgbm,plan_time,default_ml,q02_p3,no_hashjoin,3155.964,5004.171727992697
3,lightgbm,plan_time,default_ml,q02_p3,no_mergejoin,4532.378,2018.3935082587072
3,lightgbm,plan_time,default_ml,q02_p3,no_nestloop,5564.808,7575.63093244063
3,lightgbm,plan_time,default_ml,q04_p0,default,698.777,1317.3761557991465
3,lightgbm,plan_time,default_ml,q04_p0,no_hashjoin,711.225,2033.5220424846354
3,lightgbm,plan_time,default_ml,q04_p0,no_mergejoin,778.803,1192.6650245720152
3,lightgbm,plan_time,default_ml,q04_p0,no_nestloop,3866.661,4908.392920442257
3,lightgbm,plan_time,default_ml,q05_p0,default,8204.45,5973.469254706256
3,lightgbm,plan_time,default_ml,q05_p0,no_hashjoin,5962.965,4332.476343276009
3,lightgbm,plan_time,default_ml,q05_p0,no_mergejoin,4610.027,3860.54909448004
3,lightgbm,plan_time,default_ml,q05_p0,no_nestloop,2611.541,2961.9213398543507
3,lightgbm,plan_time,default_ml,q06_p3,default,3480.088,3429.071035830609
3,lightgbm,plan_time,default_ml,q06_p3,no_hashjoin,2996.05,2827.5165611320554
3,lightgbm,plan_time,default_ml,q06_p3,no_mergejoin,2669.903,2389.2879791721343
3,lightgbm,plan_time,default_ml,q06_p3,no_nestloop,4023.332,2100.846502552347
3,lightgbm,plan_time,default_ml,q06_p4,default,5669.9,2428.442623090713
3,lightgbm,plan_time,default_ml,q06_p4,no_hashjoin,2089.769,2239.289227406975
3,lightgbm,plan_time,default_ml,q06_p4,no_mergejoin,4714.611,2685.985032031714
3,lightgbm,plan_time,default_ml,q06_p4,no_nestloop,1983.072,2333.2365769072553
3,lightgbm,plan_time,default_ml,q08_p0,default,2318.738,3185.384506895099
3,lightgbm,plan_time,default_ml,q08_p0,no_hashjoin,1937.078,5986.689852984704
3,lightgbm,plan_time,default_ml,q08_p0,no_mergejoin,2662.364,3559.751301738206
3,lightgbm,plan_time,default_ml,q08_p0,no_nestloop,4359.179,2614.615171067259
3,lightgbm,plan_time,default_ml,q09_p4,default,8298.719,10470.163073182315
3,lightgbm,plan_time,default_ml,q09_p4,no_hashjoin,16043.449,19292.029032016082
3,lightgbm,plan_time,default_ml,q09_p4,no_mergejoin,10137.559,11404.064358205453
3,lightgbm,plan_time,default_ml,q09_p4,no_nestloop,11374.003,14478.631112828032
3,lightgbm,plan_time,default_ml,q11_p2,default,1218.799,2387.9026987240086
3,lightgbm,plan_time,default_ml,q11_p2,no_hashjoin,843.429,682.1025056591722
3,lightgbm,plan_time,default_ml,q11_p2,no_mergejoin,2433.052,842.5239224371832
3,lightgbm,plan_time,default_ml,q11_p2,no_nestloop,3181.035,911.5981303678354
3,lightgbm,plan_time,default_ml,q12_p1,default,6508.802,2387.553881656504
3,lightgbm,plan_time,default_ml,q12_p1,no_hashjoin,3209.493,3094.2012943975005
3,lightgbm,plan_time,default_ml,q12_p1,no_mergejoin,2447.656,2130.723311387859
3,lightgbm,plan_time,default_ml,q12_p1,no_nestloop,1816.0,2094.242347553846
3,lightgbm,plan_time,default_ml,q14_p4,default,3773.783,2938.060844692509
3,lightgbm,plan_time,default_ml,q14_p4,no_hashjoin,2474.995,4058.947439920187
3,lightgbm,plan_time,default_ml,q14_p4,no_mergejoin,2967.284,956.7317585963231
3,lightgbm,plan_time,default_ml,q14_p4,no_nestloop,2601.241,2386.208732889452
3,lightgbm,plan_time,default_ml,q15_p3,default,4889.391,3184.2916938999033
3,lightgbm,plan_time,default_ml,q15_p3,no_hashjoin,5317.028,2322.3410264457384
3,lightgbm,plan_time,default_ml,q15_p3,no_mergejoin,5676.261,3206.272664137348
3,lightgbm,plan_time,default_ml,q15_p3,no_nestloop,5457.38,2458.195550812325
3,lightgbm,plan_time,default_ml,q16_p2,default,2458.46,2413.2333114621056
3,lightgbm,plan_time,default_ml,q16_p2,no_hashjoin,2627.809,1716.5071858225979
3,lightgbm,plan_time,default_ml,q16_p2,no_mergejoin,1893.313,1882.5301447193713
3,lightgbm,plan_time,default_ml,q16_p2,no_nestloop,2458.918,1705.5669083285684
3,lightgbm,plan_time,default_ml,q17_p1,default,11535.719,5434.197513154903
3,lightgbm,plan_time,default_ml,q17_p1,no_hashjoin,2053.23,1153.2189817254466
3,lightgbm,plan_time,default_ml,q17_p1,no_mergejoin,7398.36,5321.908440207859
3,lightgbm,plan_time,default_ml,q17_p1,no_nestloop,4296.241,5990.339594246347
3,lightgbm,plan_time,default_ml,q17_p4,default,4937.429,5902.056338020342
3,lightgbm,plan_time,default_ml,q17_p4,no_hashjoin,664.182,1626.4643136693403
3,lightgbm,plan_time,default_ml,q17_p4,no_mergejoin,4008.003,7043.89095235994
3,lightgbm,plan_time,default_ml,q17_p4,no_nestloop,4202.008,5959.848611824162
3,lightgbm,plan_time,default_ml,q20_p1,default,2525.096,4675.632349970755
3,lightgbm,plan_time,default_ml,q20_p1,no_hashjoin,2273.024,6332.539619332132
3,lightgbm,plan_time,default_ml,q20_p1,no_mergejoin,2129.206,4234.86409281489
3,lightgbm,plan_time,default_ml,q20_p1,no_nestloop,278747.214,7792.865577150853
3,lightgbm,plan_time,default_ml,q20_p3,default,11028.75,7366.483304919731
3,lightgbm,plan_time,default_ml,q20_p3,no_hashjoin,10269.854,3507.754982383417
3,lightgbm,plan_time,default_ml,q20_p3,no_mergejoin,13299.016,4811.986696652026
3,lightgbm,plan_time,default_ml,q20_p4,default,70494.953,5659.120054598414
3,lightgbm,plan_time,default_ml,q20_p4,no_hashjoin,17808.234,4049.9916652022143
3,lightgbm,plan_time,default_ml,q20_p4,no_mergejoin,22436.179,4012.4715651305496
3,lightgbm,plan_time,default_ml,q21_p2,default,12400.143,18283.96031349893
3,lightgbm,plan_time,default_ml,q21_p2,no_hashjoin,16524.084,18977.37409180376
3,lightgbm,plan_time,default_ml,q21_p2,no_mergejoin,11762.799,14292.834729310027
3,lightgbm,plan_time,default_ml,q21_p2,no_nestloop,9402.375,9374.256308459819
3,lightgbm,plan_time,default_ml,ds_q02_topk_revenue,default,1542.053,994.3271681935306
3,lightgbm,plan_time,default_ml,ds_q02_topk_revenue,no_hashjoin,1352.97,345.08368131478795
3,lightgbm,plan_time,default_ml,ds_q02_topk_revenue,no_mergejoin,543.457,544.671150562612
3,lightgbm,plan_time,default_ml,ds_q02_topk_revenue,no_nestloop,667.532,805.8575252570962
3,lightgbm,plan_time,default_ml,ds_q07_yearly_trend,default,1811.255,798.8502329280227
3,lightgbm,plan_time,default_ml,ds_q07_yearly_trend,no_hashjoin,1572.343,1307.6311822941411
3,lightgbm,plan_time,default_ml,ds_q07_yearly_trend,no_mergejoin,572.578,1012.7575290055908
3,lightgbm,plan_time,default_ml,ds_q07_yearly_trend,no_nestloop,616.613,876.132492577664
3,lightgbm,plan_time,default_ml,ds_q14_state_revenue,default,495.792,769.6982510961456
3,lightgbm,plan_time,default_ml,ds_q14_state_revenue,no_hashjoin,1105.507,2130.200033101343
3,lightgbm,plan_time,default_ml,ds_q14_state_revenue,no_mergejoin,802.114,281.1587221008318
3,lightgbm,plan_time,default_ml,ds_q14_state_revenue,no_nestloop,778.636,737.2950001549087
3,lightgbm,plan_time,default_ml,ds_q16_web_returns,default,86.387,10.09879327145637
3,lightgbm,plan_time,default_ml,ds_q16_web_returns,no_hashjoin,52.615,12.406506451290701
3,lightgbm,plan_time,default_ml,ds_q16_web_returns,no_mergejoin,35.959,11.860947913874877
3,lightgbm,plan_time,default_ml,ds_q16_web_returns,no_nestloop,37.871,9.289850958207705
3,lightgbm,plan_time,default_ml,online_749218157a,default,1747.386,2303.2322940014988
3,lightgbm,plan_time,default_ml,online_749218157a,no_hashjoin,1146.033,2027.1561946035893
3,lightgbm,plan_time,default_ml,online_749218157a,no_mergejoin,1039.564,2130.884433926279
3,lightgbm,plan_time,default_ml,online_749218157a,no_nestloop,1177.454,2016.1904979997798
3,lightgbm,plan_time,default_ml,online_dac91519b8,default,208.479,840.2008553498716
3,lightgbm,plan_time,default_ml,online_dac91519b8,no_hashjoin,316.51,1144.9244052267334
3,lightgbm,plan_time,default_ml,online_dac91519b8,no_mergejoin,194.431,580.1970508359669
3,lightgbm,plan_time,default_ml,online_dac91519b8,no_nestloop,217.28,774.3191947125139
4,lightgbm,plan_time,default_ml,q04_agg_total_per_country,default,36.801,84.8908566905669
4,lightgbm,plan_time,default_ml,q06_status_breakdown,default,22.161,67.41058214036642
4,lightgbm,plan_time,default_ml,q06,default,2272.089,3030.8332211748416
4,lightgbm,plan_time,default_ml,q06,no_hashjoin,1791.259,2042.7773837565658
4,lightgbm,plan_time,default_ml,q06,no_mergejoin,1959.172,1319.5634303219856
4,lightgbm,plan_time,default_ml,q06,no_nestloop,1737.52,1386.2757025176384
4,lightgbm,plan_time,default_ml,q08,default,2118.05,4055.43902866261
4,lightgbm,plan_time,default_ml,q08,no_hashjoin,1382.048,2830.5688153149545
4,lightgbm,plan_time,default_ml,q08,no_mergejoin,1513.581,2727.7935514918963
4,lightgbm,plan_time,default_ml,q08,no_nestloop,2374.629,4825.048481464261
4,lightgbm,plan_time,default_ml,q13,default,2831.432,2664.941352539917
4,lightgbm,plan_time,default_ml,q13,no_hashjoin,23582.006,2983.6328098847202
4,lightgbm,plan_time,default_ml,q13,no_mergejoin,2595.487,2762.780220424549
4,lightgbm,plan_time,default_ml,q13,no_nestloop,2688.645,2316.4286242056373
4,lightgbm,plan_time,default_ml,q18,default,13888.445,9660.553266673103
4,lightgbm,plan_time,default_ml,q18,no_hashjoin,14970.42,26660.939774358587
4,lightgbm,plan_time,default_ml,q18,no_mergejoin,16967.045,41240.88462996968
4,lightgbm,plan_time,default_ml,q18,no_nestloop,17635.017,8643.962852131192
4,lightgbm,plan_time,default_ml,q01_p0,default,3349.141,10474.654407472128
4,lightgbm,plan_time,default_ml,q01_p0,no_hashjoin,4540.459,10570.888610637041
4,lightgbm,plan_time,default_ml,q01_p0,no_mergejoin,10943.592,13262.494549682324
4,lightgbm,plan_time,default_ml,q01_p0,no_nestloop,8294.856,10024.167854937978
4,lightgbm,plan_time,default_ml,q02_p4,default,1973.717,3618.931225712747
4,lightgbm,plan_time,default_ml,q02_p4,no_hashjoin,1809.446,4390.717728227287
4,lightgbm,plan_time,default_ml,q02_p4,no_mergejoin,2038.239,3546.1648775644558
4,lightgbm,plan_time,default_ml,q02_p4,no_nestloop,4826.137,6233.29225193507
4,lightgbm,plan_time,default_ml,q03_p3,default,2118.779,1927.0634690628954
4,lightgbm,plan_time,default_ml,q03_p3,no_hashjoin,12346.115,8925.266792743429
4,lightgbm,plan_time,default_ml,q03_p3,no_mergejoin,1371.854,2243.0598585776397
4,lightgbm,plan_time,default_ml,q03_p3,no_nestloop,3581.978,1846.7013574141588
4,lightgbm,plan_time,default_ml,q04_p1,default,616.709,1163.5123809272595
4,lightgbm,plan_time,default_ml,q04_p1,no_hashjoin,714.221,1116.1735444468936
4,lightgbm,plan_time,default_ml,q04_p1,no_mergejoin,781.058,991.7082496849257
4,lightgbm,plan_time,default_ml,q04_p1,no_nestloop,4254.901,6943.379456389336
4,lightgbm,plan_time,default_ml,q04_p2,default,706.16,1349.1955814713945
4,lightgbm,plan_time,default_ml,q04_p2,no_hashjoin,693.738,980.9372332356987
4,lightgbm,plan_time,default_ml,q04_p2,no_mergejoin,797.277,797.5637744919604
4,lightgbm,plan_time,default_ml,q04_p2,no_nestloop,4757.625,4047.751458365402
4,lightgbm,plan_time,default_ml,q06_p0,default,4046.07,3582.2007488719883
4,lightgbm,plan_time,default_ml,q06_p0,no_hashjoin,3038.813,1816.3066315942165
4,lightgbm,plan_time,default_ml,q06_p0,no_mergejoin,3906.789,1279.2234203709259
4,lightgbm,plan_time,default_ml,q06_p0,no_nestloop,3998.758,1553.340399172842
4,lightgbm,plan_time,default_ml,q07_p1,default,48689.845,30460.32348863808
4,lightgbm,plan_time,default_ml,q07_p1,no_hashjoin,15251.364,12939.075389410169
4,lightgbm,plan_time,default_ml,q07_p1,no_mergejoin,53754.001,25720.106342278392
4,lightgbm,plan_time,default_ml,q07_p1,no_nestloop,5609.712,7488.5699631555435
4,lightgbm,plan_time,default_ml,q08_p4,default,5660.325,5524.814113563211
4,lightgbm,plan_time,default_ml,q08_p4,no_hashjoin,6197.882,2440.7288738731545
4,lightgbm,plan_time,default_ml,q08_p4,no_mergejoin,2379.517,4444.4787877134195
4,lightgbm,plan_time,default_ml,q08_p4,no_nestloop,5048.417,5163.321699122414
4,lightgbm,plan_time,default_ml,q09_p3,default,6549.707,12885.203572110659
4,lightgbm,plan_time,default_ml,q09_p3,no_hashjoin,13347.475,15552.223765529307
4,lightgbm,plan_time,default_ml,q09_p3,no_mergejoin,5954.025,18241.72516429489
4,lightgbm,plan_time,default_ml,q09_p3,no_nestloop,3600.447,8802.426925528884
4,lightgbm,plan_time,default_ml,q11_p1,default,2820.861,1562.6308899780272
4,lightgbm,plan_time,default_ml,q11_p1,no_hashjoin,834.804,891.3599003995488
4,lightgbm,plan_time,default_ml,q11_p1,no_mergejoin,854.796,719.077187794364
4,lightgbm,plan_time,default_ml,q11_p1,no_nestloop,1680.754,1385.8875852805409
4,lightgbm,plan_time,default_ml,q12_p0,default,12501.249,4436.127879953372
4,lightgbm,plan_time,default_ml,q12_p0,no_hashjoin,5870.008,3040.1742273574946
4,lightgbm,plan_time,default_ml,q12_p0,no_mergejoin,4893.417,4217.647257871178
4,lightgbm,plan_time,default_ml,q12_p0,no_nestloop,3516.724,3502.4307857617105
4,lightgbm,plan_time,default_ml,q14_p3,default,3822.122,2064.473358731431
4,lightgbm,plan_time,default_ml,q14_p3,no_hashjoin,5657.868,2511.897024225171
4,lightgbm,plan_time,default_ml,q14_p3,no_mergejoin,5261.081,3710.468491118497
4,lightgbm,plan_time,default_ml,q14_p3,no_nestloop,3418.002,3130.1853791566496
4,lightgbm,plan_time,default_ml,q15_p2,default,4505.763,3042.3795371860806
4,lightgbm,plan_time,default_ml,q15_p2,no_hashjoin,6508.556,3246.1314631046707
4,lightgbm,plan_time,default_ml,q15_p2,no_mergejoin,5286.807,3063.483893634145
4,lightgbm,plan_time,default_ml,q15_p2,no_nestloop,5383.88,3932.710731248422
4,lightgbm,plan_time,default_ml,q16_p1,default,2655.656,2297.772784103649
4,lightgbm,plan_time,default_ml,q16_p1,no_hashjoin,1923.553,3193.210189823166
4,lightgbm,plan_time,default_ml,q16_p1,no_mergejoin,2945.97,2033.4172996056584
4,lightgbm,plan_time,default_ml,q16_p1,no_nestloop,1993.228,2150.781010064558
4,lightgbm,plan_time,default_ml,q17_p0,default,10431.913,5329.052164615923
4,lightgbm,plan_time,default_ml,q17_p0,no_hashjoin,1729.994,1077.2538229737347
4,lightgbm,plan_time,default_ml,q17_p0,no_mergejoin,8897.062,4532.627380707986
4,lightgbm,plan_time,default_ml,q17_p0,no_nestloop,9330.833,3901.1170099000756
4,lightgbm,plan_time,default_ml,q19_p1,default,1205.132,427.28711689247285
4,lightgbm,plan_time,default_ml,q19_p1,no_hashjoin,454.037,456.1891134578411
4,lightgbm,plan_time,default_ml,q19_p1,no_mergejoin,371.417,471.48397985337067
4,lightgbm,plan_time,default_ml,q19_p1,no_nestloop,3774.525,3403.231545466614
4,lightgbm,plan_time,default_ml,q20_p2,default,5046.379,5508.627427510977
4,lightgbm,plan_time,default_ml,q20_p2,no_hashjoin,3476.229,10254.851963379155
4,lightgbm,plan_time,default_ml,q20_p2,no_mergejoin,3548.939,11643.61992828403
4,lightgbm,plan_time,default_ml,q21_p1,default,17294.152,15600.402537350361
4,lightgbm,plan_time,default_ml,q21_p1,no_hashjoin,18352.588,25264.33569363366
4,lightgbm,plan_time,default_ml,q21_p1,no_mergejoin,18510.851,16527.934193137877
4,lightgbm,plan_time,default_ml,q21_p1,no_nestloop,10391.969,18917.468908743325
4,lightgbm,plan_time,default_ml,ds_q01_filter_agg,default,1042.995,608.5467391012348
4,lightgbm,plan_time,default_ml,ds_q01_filter_agg,no_hashjoin,810.184,530.2284861643876
4,lightgbm,plan_time,default_ml,ds_q01_filter_agg,no_mergejoin,537.585,326.9899039434723
4,lightgbm,plan_time,default_ml,ds_q01_filter_agg,no_nestloop,1482.016,455.5328099492347
4,lightgbm,plan_time,default_ml,ds_q10_window_topk,default,2181.389,454.5166125343989
4,lightgbm,plan_time,default_ml,ds_q10_window_topk,no_hashjoin,4045.225,1643.803987084932
4,lightgbm,plan_time,default_ml,ds_q10_window_topk,no_mergejoin,1774.157,186.63272596972547
4,lightgbm,plan_time,default_ml,ds_q10_window_topk,no_nestloop,1763.773,482.70883009959925
4,lightgbm,plan_time,default_ml,ds_q13_high_quantity,default,350.115,431.7211600613284
4,lightgbm,plan_time,default_ml,ds_q13_high_quantity,no_hashjoin,465.736,519.330468952119
4,lightgbm,plan_time,default_ml,ds_q13_high_quantity,no_mergejoin,399.664,437.9810826054658
4,lightgbm,plan_time,default_ml,ds_q13_high_quantity,no_nestloop,458.559,438.20476775489345
4,lightgbm,plan_time,default_ml,ds_q20_demographic,default,867.031,1084.937753137664
4,lightgbm,plan_time,default_ml,ds_q20_demographic,no_hashjoin,3716.274,1424.6058928822395
4,lightgbm,plan_time,default_ml,ds_q20_demographic,no_mergejoin,726.447,750.5735124982332
4,lightgbm,plan_time,default_ml,ds_q20_demographic,no_nestloop,1077.246,617.9885087161172
4,lightgbm,plan_time,default_ml,online_d4e75912f5,default,2553.552,5792.218005916681
4,lightgbm,plan_time,default_ml,online_d4e75912f5,no_hashjoin,1500.007,6039.736769037923
4,lightgbm,plan_time,default_ml,online_d4e75912f5,no_mergejoin,1479.977,6523.328834804523
4,lightgbm,plan_time,default_ml,online_d4e75912f5,no_nestloop,1374.997,5543.688795656241
4,lightgbm,plan_time,default_ml,online_4742846dc9,no_hashjoin,974.089,4445.24958319602
0,catboost,plan_time,default_ml,q01_customers_by_country,default,0.928,39.61977129598343
0,catboost,plan_time,default_ml,q02_orders_recent,default,4.298,50.658949107522716
0,catboost,plan_time,default_ml,q07_self_subquery,default,11.032,13.450271834717618
0,catboost,plan_time,default_ml,q01,default,11982.478,8355.45373011873
0,catboost,plan_time,default_ml,q01,no_hashjoin,11191.817,10247.201310699167
0,catboost,plan_time,default_ml,q01,no_mergejoin,10066.542,12093.889676602841
0,catboost,plan_time,default_ml,q01,no_nestloop,6900.803,11207.367300780415
0,catboost,plan_time,default_ml,q05,default,8827.081,5170.6775711718965
0,catboost,plan_time,default_ml,q05,no_hashjoin,7074.668,4682.820192898463
0,catboost,plan_time,default_ml,q05,no_mergejoin,9969.823,5623.170642607579
0,catboost,plan_time,default_ml,q05,no_nestloop,2887.231,3218.980961974258
0,catboost,plan_time,default_ml,q12,default,4159.307,6862.165313753803
0,catboost,plan_time,default_ml,q12,no_hashjoin,3556.871,4080.2183336067915
0,catboost,plan_time,default_ml,q12,no_mergejoin,4213.912,3579.6824180602794
0,catboost,plan_time,default_ml,q12,no_nestloop,3102.1,3826.6567089559903
0,catboost,plan_time,default_ml,q17,default,4823.064,8240.337203906478
0,catboost,plan_time,default_ml,q17,no_hashjoin,939.65,1478.6466773983457
0,catboost,plan_time,default_ml,q17,no_mergejoin,4153.603,8121.557523243166
0,catboost,plan_time,default_ml,q17,no_nestloop,4235.083,7065.3320507001645
0,catboost,plan_time,default_ml,q19,default,543.454,418.45365276971137
0,catboost,plan_time,default_ml,q19,no_hashjoin,198.599,568.8137250764676
0,catboost,plan_time,default_ml,q19,no_mergejoin,215.468,523.2909222619824
0,catboost,plan_time,default_ml,q19,no_nestloop,1441.563,3263.70878145309
0,catboost,plan_time,default_ml,q22,default,383.714,765.7872990004056
0,catboost,plan_time,default_ml,q22,no_hashjoin,345.909,698.6463972099594
0,catboost,plan_time,default_ml,q22,no_mergejoin,387.731,620.0749464524528
0,catboost,plan_time,default_ml,q22,no_nestloop,491.9,1902.645089574885
0,catboost,plan_time,default_ml,q01_p1,default,9892.378,6963.988396618618
0,catboost,plan_time,default_ml,q01_p1,no_hashjoin,14592.651,7653.049658734161
0,catboost,plan_time,default_ml,q01_p1,no_mergejoin,10802.619,7011.778819266343
0,catboost,plan_time,default_ml,q01_p1,no_nestloop,10626.043,6533.5674370096185
0,catboost,plan_time,default_ml,q01_p4,default,7707.074,8704.527064913853
0,catboost,plan_time,default_ml,q01_p4,no_hashjoin,11899.903,7724.420407415304
0,catboost,plan_time,default_ml,q01_p4,no_mergejoin,11406.505,11874.547266580503
0,catboost,plan_time,default_ml,q01_p4,no_nestloop,9862.402,11226.039994013092
0,catboost,plan_time,default_ml,q03_p2,default,1513.628,1677.508077810688
0,catboost,plan_time,default_ml,q03_p2,no_hashjoin,9935.697,12477.575476564853
0,catboost,plan_time,default_ml,q03_p2,no_mergejoin,2103.504,1684.3595800876406
0,catboost,plan_time,default_ml,q03_p2,no_nestloop,3760.127,4227.234429969849
0,catboost,plan_time,default_ml,q03_p4,default,1825.335,1564.7785939611304
0,catboost,plan_time,default_ml,q03_p4,no_hashjoin,9233.542,12224.013614984788
0,catboost,plan_time,default_ml,q03_p4,no_mergejoin,1153.93,1446.3727383655869
0,catboost,plan_time,default_ml,q03_p4,no_nestloop,1581.882,3645.6085190957842
0,catboost,plan_time,default_ml,q05_p4,default,7116.569,5059.168398637327
0,catboost,plan_time,default_ml,q05_p4,no_hashjoin,7761.671,4814.628637471527
0,catboost,plan_time,default_ml,q05_p4,no_mergejoin,14257.984,5400.729297015738
0,catboost,plan_time,default_ml,q05_p4,no_nestloop,5488.744,3909.4156767398317
0,catboost,plan_time,default_ml,q06_p1,default,4169.204,2333.3256916179635
0,catboost,plan_time,default_ml,q06_p1,no_hashjoin,2672.595,1905.2441269268131
0,catboost,plan_time,default_ml,q06_p1,no_mergejoin,2169.062,2319.1884237851477
0,catboost,plan_time,default_ml,q06_p1,no_nestloop,2766.657,2090.749813517863
0,catboost,plan_time,default_ml,q07_p0,default,33515.848,51959.36663303506
0,catboost,plan_time,default_ml,q07_p0,no_hashjoin,6605.498,15782.946559241198
0,catboost,plan_time,default_ml,q07_p0,no_mergejoin,31465.431,42349.79675595902
0,catboost,plan_time,default_ml,q07_p0,no_nestloop,2952.799,3721.2033807199446
0,catboost,plan_time,default_ml,q07_p4,default,59489.379,49116.80776381838
0,catboost,plan_time,default_ml,q07_p4,no_hashjoin,12167.826,9217.987523650105
0,catboost,plan_time,default_ml,q07_p4,no_mergejoin,26668.91,41910.99765550834
0,catboost,plan_time,default_ml,q07_p4,no_nestloop,1892.741,3946.351156111572
0,catboost,plan_time,default_ml,q08_p3,default,6018.607,3631.7295811251247
0,catboost,plan_time,default_ml,q08_p3,no_hashjoin,3792.658,2484.1791865158552
0,catboost,plan_time,default_ml,q08_p3,no_mergejoin,3685.784,2786.144280917372
0,catboost,plan_time,default_ml,q08_p3,no_nestloop,6346.003,5043.308017777555
0,catboost,plan_time,default_ml,q09_p2,default,12046.323,17225.105322399828
0,catboost,plan_time,default_ml,q09_p2,no_hashjoin,20980.942,26644.76364611199
0,catboost,plan_time,default_ml,q09_p2,no_mergejoin,14809.125,10909.828689661921
0,catboost,plan_time,default_ml,q09_p2,no_nestloop,7339.487,7548.6954746103065
0,catboost,plan_time,default_ml,q11_p0,default,3049.573,744.7826494487739
0,catboost,plan_time,default_ml,q11_p0,no_hashjoin,904.409,859.1046657956894
0,catboost,plan_time,default_ml,q11_p0,no_mergejoin,816.264,701.7101418184368
0,catboost,plan_time,default_ml,q11_p0,no_nestloop,1302.632,1561.0826981319078
0,catboost,plan_time,default_ml,q12_p4,default,2249.037,2854.5057100851645
0,catboost,plan_time,default_ml,q12_p4,no_hashjoin,3823.712,2564.4890364515236
0,catboost,plan_time,default_ml,q12_p4,no_mergejoin,6799.636,2766.7723842151204
0,catboost,plan_time,default_ml,q12_p4,no_nestloop,7214.151,3188.927799850172
0,catboost,plan_time,default_ml,q14_p2,default,3528.926,2379.3598597041555
0,catboost,plan_time,default_ml,q14_p2,no_hashjoin,3469.28,2622.438442485328
0,catboost,plan_time,default_ml,q14_p2,no_mergejoin,3484.62,2354.7896576169546
0,catboost,plan_time,default_ml,q14_p2,no_nestloop,2670.408,2259.296043655414
0,catboost,plan_time,default_ml,q15_p1,default,2973.557,5031.105738794388
0,catboost,plan_time,default_ml,q15_p1,no_hashjoin,3481.784,4722.429232841932
0,catboost,plan_time,default_ml,q15_p1,no_mergejoin,3814.434,4834.951359713081
0,catboost,plan_time,default_ml,q15_p1,no_nestloop,2991.507,4043.046164903216
0,catboost,plan_time,default_ml,q16_p0,default,3583.344,2427.4300094727496
0,catboost,plan_time,default_ml,q16_p0,no_hashjoin,2973.287,1805.93325185538
0,catboost,plan_time,default_ml,q16_p0,no_mergejoin,1724.904,1532.9335498562211
0,catboost,plan_time,default_ml,q16_p0,no_nestloop,2170.77,1591.0635505356263
0,catboost,plan_time,default_ml,q19_p4,default,413.238,431.59951273884286
0,catboost,plan_time,default_ml,q19_p4,no_hashjoin,264.754,393.96267852930106
0,catboost,plan_time,default_ml,q19_p4,no_mergejoin,314.011,432.0966500329567
0,catboost,plan_time,default_ml,q19_p4,no_nestloop,3594.635,3056.812230252513
0,catboost,plan_time,default_ml,q21_p0,default,52833.508,14994.324658296833
0,catboost,plan_time,default_ml,q21_p0,no_hashjoin,47704.612,17949.696904308574
0,catboost,plan_time,default_ml,q21_p0,no_mergejoin,18214.814,17435.134962839275
0,catboost,plan_time,default_ml,q21_p0,no_nestloop,9580.423,10596.213485508162
0,catboost,plan_time,default_ml,ds_q06_web_vs_store,default,696.566,1086.576871379968
0,catboost,plan_time,default_ml,ds_q06_web_vs_store,no_hashjoin,1647.674,1641.3258959564241
0,catboost,plan_time,default_ml,ds_q06_web_vs_store,no_mergejoin,852.859,770.6209493575799
0,catboost,plan_time,default_ml,ds_q06_web_vs_store,no_nestloop,1042.574,945.6158502802633
0,catboost,plan_time,default_ml,ds_q11_inventory_check,default,519.915,966.5311711026471
0,catboost,plan_time,default_ml,ds_q11_inventory_check,no_hashjoin,947.458,1224.4034584924968
0,catboost,plan_time,default_ml,ds_q11_inventory_check,no_mergejoin,423.518,708.6505414560705
0,catboost,plan_time,default_ml,ds_q11_inventory_check,no_nestloop,343.882,714.7841928609027
0,catboost,plan_time,default_ml,ds_q17_dow_pattern,default,996.646,634.071473766464
0,catboost,plan_time,default_ml,ds_q17_dow_pattern,no_hashjoin,2377.113,1424.221967027716
0,catboost,plan_time,default_ml,ds_q17_dow_pattern,no_mergejoin,571.268,403.4594359222256
0,catboost,plan_time,default_ml,ds_q17_dow_pattern,no_nestloop,644.053,730.4214529806779
0,catboost,plan_time,default_ml,online_ce83de12bc,default,947.618,2373.312414267243
0,catboost,plan_time,default_ml,online_ce83de12bc,no_mergejoin,823.206,2160.482093236346
0,catboost,plan_time,default_ml,online_ce83de12bc,no_nestloop,732.934,2234.767866003223
0,catboost,plan_time,default_ml,online_ce83de12bc,no_hashjoin,782.553,2591.764209160752
1,catboost,plan_time,default_ml,q03_join_customer_orders,default,13.224,41.529293295030605
1,catboost,plan_time,default_ml,q05_top_customers,default,18.031,70.11788526194928
1,catboost,plan_time,default_ml,q02,default,6173.76,11739.810360344414
1,catboost,plan_time,default_ml,q02,no_hashjoin,4302.342,4127.686620666786
1,catboost,plan_time,default_ml,q02,no_mergejoin,3199.538,3440.65070744812
1,catboost,plan_time,default_ml,q02,no_nestloop,6690.813,6377.908219072182
1,catboost,plan_time,default_ml,q04,default,1216.968,870.0253671305221
1,catboost,plan_time,default_ml,q04,no_hashjoin,1396.247,945.270624284476
1,catboost,plan_time,default_ml,q04,no_mergejoin,1429.065,864.0855017503429
1,catboost,plan_time,default_ml,q04,no_nestloop,16777.004,5414.377717930729
1,catboost,plan_time,default_ml,q07,default,35165.908,35520.743998246595
1,catboost,plan_time,default_ml,q07,no_hashjoin,3945.736,9045.759703319478
1,catboost,plan_time,default_ml,q07,no_mergejoin,29002.507,37227.703614951395
1,catboost,plan_time,default_ml,q07,no_nestloop,2402.029,3887.441939595398
1,catboost,plan_time,default_ml,q11,default,1724.803,1409.361694851324
1,catboost,plan_time,default_ml,q11,no_hashjoin,403.337,973.6543993987042
1,catboost,plan_time,default_ml,q11,no_mergejoin,308.811,1355.22713528163
1,catboost,plan_time,default_ml,q11,no_nestloop,801.703,1833.1181771305057
1,catboost,plan_time,default_ml,q16,default,1605.611,2674.50594057616
1,catboost,plan_time,default_ml,q16,no_hashjoin,1383.148,3218.783552367872
1,catboost,plan_time,default_ml,q16,no_mergejoin,1106.188,2258.1563117311066
1,catboost,plan_time,default_ml,q16,no_nestloop,1324.611,1941.5672851182737
1,catboost,plan_time,default_ml,q21,default,13986.072,21413.238941375737
1,catboost,plan_time,default_ml,q21,no_hashjoin,19448.204,18157.93490440484
1,catboost,plan_time,default_ml,q21,no_mergejoin,13055.611,18323.87792520358
1,catboost,plan_time,default_ml,q21,no_nestloop,10367.542,10046.73689534766
1,catboost,plan_time,default_ml,q01_p2,default,9565.353,10738.284221074588
1,catboost,plan_time,default_ml,q01_p2,no_hashjoin,9512.992,11149.408393674286
1,catboost,plan_time,default_ml,q01_p2,no_mergejoin,13686.939,11124.897265891672
1,catboost,plan_time,default_ml,q01_p2,no_nestloop,13280.512,8962.38989944645
1,catboost,plan_time,default_ml,q03_p1,default,1789.751,2167.401715712143
1,catboost,plan_time,default_ml,q03_p1,no_hashjoin,11886.905,13738.013344106748
1,catboost,plan_time,default_ml,q03_p1,no_mergejoin,1234.521,1572.0169130336121
1,catboost,plan_time,default_ml,q03_p1,no_nestloop,1698.449,3007.6106643255616
1,catboost,plan_time,default_ml,q04_p4,default,1251.353,922.1361572917498
1,catboost,plan_time,default_ml,q04_p4,no_hashjoin,872.911,853.6976313139373
1,catboost,plan_time,default_ml,q04_p4,no_mergejoin,1007.402,763.7326503499252
1,catboost,plan_time,default_ml,q04_p4,no_nestloop,9201.859,4614.708189080223
1,catboost,plan_time,default_ml,q05_p2,default,4849.114,7301.448968346877
1,catboost,plan_time,default_ml,q05_p2,no_hashjoin,4040.571,6062.965876009658
1,catboost,plan_time,default_ml,q05_p2,no_mergejoin,3505.474,5264.992897785536
1,catboost,plan_time,default_ml,q05_p2,no_nestloop,3152.242,2783.1980151055723
1,catboost,plan_time,default_ml,q05_p3,default,4461.936,9612.483365455466
1,catboost,plan_time,default_ml,q05_p3,no_hashjoin,4576.937,6062.965876009658
1,catboost,plan_time,default_ml,q05_p3,no_mergejoin,5163.161,5215.8612607436335
1,catboost,plan_time,default_ml,q05_p3,no_nestloop,4531.435,2647.7120097166803
1,catboost,plan_time,default_ml,q07_p3,default,48180.292,33281.56703110391
1,catboost,plan_time,default_ml,q07_p3,no_hashjoin,20439.496,9126.989165362607
1,catboost,plan_time,default_ml,q07_p3,no_mergejoin,75622.57,42673.2654658968
1,catboost,plan_time,default_ml,q07_p3,no_nestloop,7456.51,5315.2461917051
1,catboost,plan_time,default_ml,q08_p2,default,4115.998,2825.165543500008
1,catboost,plan_time,default_ml,q08_p2,no_hashjoin,2794.834,3444.2613089327933
1,catboost,plan_time,default_ml,q08_p2,no_mergejoin,3521.968,2457.7088625812717
1,catboost,plan_time,default_ml,q08_p2,no_nestloop,6391.806,2937.415271432087
1,catboost,plan_time,default_ml,q09_p1,default,39188.185,27866.972612148136
1,catboost,plan_time,default_ml,q09_p1,no_hashjoin,37214.359,28476.962916123503
1,catboost,plan_time,default_ml,q09_p1,no_mergejoin,17515.704,19019.19337413525
1,catboost,plan_time,default_ml,q09_p1,no_nestloop,9813.353,5643.098368193954
1,catboost,plan_time,default_ml,q11_p4,default,1992.165,1481.3635556259903
1,catboost,plan_time,default_ml,q11_p4,no_hashjoin,694.319,1012.3183085264766
1,catboost,plan_time,default_ml,q11_p4,no_mergejoin,595.204,1044.2081212944038
1,catboost,plan_time,default_ml,q11_p4,no_nestloop,1576.498,1786.128312712123
1,catboost,plan_time,default_ml,q12_p3,default,2243.386,4038.9924416182716
1,catboost,plan_time,default_ml,q12_p3,no_hashjoin,2231.47,3664.7950403502355
1,catboost,plan_time,default_ml,q12_p3,no_mergejoin,2085.778,2709.960141056915
1,catboost,plan_time,default_ml,q12_p3,no_nestloop,2514.896,4588.374006503139
1,catboost,plan_time,default_ml,q14_p1,default,2856.102,3021.4777963368333
1,catboost,plan_time,default_ml,q14_p1,no_hashjoin,2769.721,1437.6678865501112
1,catboost,plan_time,default_ml,q14_p1,no_mergejoin,2453.346,3656.8608654959608
1,catboost,plan_time,default_ml,q14_p1,no_nestloop,2195.13,2612.0708487962997
1,catboost,plan_time,default_ml,q15_p0,default,4191.151,3869.115771179884
1,catboost,plan_time,default_ml,q15_p0,no_hashjoin,5584.123,3788.2890754406612
1,catboost,plan_time,default_ml,q15_p0,no_mergejoin,5665.229,3931.7342062098614
1,catboost,plan_time,default_ml,q15_p0,no_nestloop,2830.03,3875.756379303728
1,catboost,plan_time,default_ml,q16_p4,default,2523.064,2088.9871098013405
1,catboost,plan_time,default_ml,q16_p4,no_hashjoin,1946.083,2833.9593844484384
1,catboost,plan_time,default_ml,q16_p4,no_mergejoin,1783.659,1964.0997170852038
1,catboost,plan_time,default_ml,q16_p4,no_nestloop,2195.978,2035.3084668209808
1,catboost,plan_time,default_ml,q19_p0,default,435.11,312.4746372854054
1,catboost,plan_time,default_ml,q19_p0,no_hashjoin,516.983,248.92732954383078
1,catboost,plan_time,default_ml,q19_p0,no_mergejoin,498.459,294.0723946860201
1,catboost,plan_time,default_ml,q19_p0,no_nestloop,3656.192,1627.4085538492982
1,catboost,plan_time,default_ml,q19_p3,default,392.595,376.5137095415185
1,catboost,plan_time,default_ml,q19_p3,no_hashjoin,404.667,347.11194885920725
1,catboost,plan_time,default_ml,q19_p3,no_mergejoin,494.229,420.8616130777261
1,catboost,plan_time,default_ml,q19_p3,no_nestloop,3766.083,1200.5202627472315
1,catboost,plan_time,default_ml,q21_p4,default,19462.346,18158.02691680963
1,catboost,plan_time,default_ml,q21_p4,no_hashjoin,19158.111,15475.704662161119
1,catboost,plan_time,default_ml,q21_p4,no_mergejoin,21773.347,18437.03918407736
1,catboost,plan_time,default_ml,q21_p4,no_nestloop,20578.87,11149.12452867894
1,catboost,plan_time,default_ml,ds_q04_customer_topk,default,704.859,797.9651422087063
1,catboost,plan_time,default_ml,ds_q04_customer_topk,no_hashjoin,1272.521,518.6497866603866
1,catboost,plan_time,default_ml,ds_q04_customer_topk,no_mergejoin,577.718,510.7422139037408
1,catboost,plan_time,default_ml,ds_q04_customer_topk,no_nestloop,799.922,505.4882827518685
1,catboost,plan_time,default_ml,ds_q05_returns_filter,default,279.907,456.65276140575963
1,catboost,plan_time,default_ml,ds_q05_returns_filter,no_hashjoin,328.061,294.99905376873755
1,catboost,plan_time,default_ml,ds_q05_returns_filter,no_mergejoin,196.199,170.76843339393463
1,catboost,plan_time,default_ml,ds_q05_returns_filter,no_nestloop,163.456,189.00079607361565
1,catboost,plan_time,default_ml,ds_q09_avg_basket,default,481.674,446.8168568983691
1,catboost,plan_time,default_ml,ds_q09_avg_basket,no_hashjoin,512.863,438.43075225592156
1,catboost,plan_time,default_ml,ds_q09_avg_basket,no_mergejoin,420.93,378.44096555586196
1,catboost,plan_time,default_ml,ds_q09_avg_basket,no_nestloop,445.387,399.17772175624117
1,catboost,plan_time,default_ml,ds_q18_brand_topk,default,662.842,298.94329802098906
1,catboost,plan_time,default_ml,ds_q18_brand_topk,no_hashjoin,2523.984,913.6906754619735
1,catboost,plan_time,default_ml,ds_q18_brand_topk,no_mergejoin,2049.833,315.09793279804245
1,catboost,plan_time,default_ml,ds_q18_brand_topk,no_nestloop,774.295,278.7821941926237
1,catboost,plan_time,default_ml,ds_q19_self_join,default,5.488,67.93230807066226
1,catboost,plan_time,default_ml,ds_q19_self_join,no_hashjoin,0.11,72.65748605962698
1,catboost,plan_time,default_ml,ds_q19_self_join,no_mergejoin,0.106,64.27402645779406
1,catboost,plan_time,default_ml,ds_q19_self_join,no_nestloop,0.133,72.92228969705143
2,catboost,plan_time,default_ml,q10,default,1318.8,4783.063758777519
2,catboost,plan_time,default_ml,q10,no_hashjoin,4160.12,8502.901667906663
2,catboost,plan_time,default_ml,q10,no_mergejoin,1571.937,3395.9399976403856
2,catboost,plan_time,default_ml,q10,no_nestloop,2518.974,3618.0638685458794
2,catboost,plan_time,default_ml,q15,default,2757.332,5045.323730759852
2,catboost,plan_time,default_ml,q15,no_hashjoin,2518.908,5201.940579625932
2,catboost,plan_time,default_ml,q15,no_mergejoin,2113.783,5057.914387946651
2,catboost,plan_time,default_ml,q15,no_nestloop,2244.615,4777.229553901238
2,catboost,plan_time,default_ml,q20,default,7381.431,9348.378437423877
2,catboost,plan_time,default_ml,q20,no_hashjoin,4427.324,4777.451908804145
2,catboost,plan_time,default_ml,q20,no_mergejoin,4679.932,7878.780518847642
2,catboost,plan_time,default_ml,q01_p3,default,13984.334,10552.11934247109
2,catboost,plan_time,default_ml,q01_p3,no_hashjoin,15019.025,10343.137828912812
2,catboost,plan_time,default_ml,q01_p3,no_mergejoin,12287.425,10064.755375307244
2,catboost,plan_time,default_ml,q01_p3,no_nestloop,11661.957,9142.18095896456
2,catboost,plan_time,default_ml,q02_p0,default,23413.931,6996.709974701223
2,catboost,plan_time,default_ml,q02_p0,no_hashjoin,3964.82,3933.4185372694274
2,catboost,plan_time,default_ml,q02_p0,no_mergejoin,3313.199,2665.384268777498
2,catboost,plan_time,default_ml,q02_p0,no_nestloop,8545.085,5013.338777355304
2,catboost,plan_time,default_ml,q02_p2,default,3165.46,2977.371144544499
2,catboost,plan_time,default_ml,q02_p2,no_hashjoin,5007.324,4460.897683230506
2,catboost,plan_time,default_ml,q02_p2,no_mergejoin,3606.714,2617.368802624339
2,catboost,plan_time,default_ml,q02_p2,no_nestloop,7216.648,6452.273054084782
2,catboost,plan_time,default_ml,q03_p0,default,2635.037,1906.4844775022345
2,catboost,plan_time,default_ml,q03_p0,no_hashjoin,18114.795,12231.543305505456
2,catboost,plan_time,default_ml,q03_p0,no_mergejoin,1944.902,1383.1199089329514
2,catboost,plan_time,default_ml,q03_p0,no_nestloop,5589.845,2709.067790942393
2,catboost,plan_time,default_ml,q04_p3,default,990.862,898.1313166355797
2,catboost,plan_time,default_ml,q04_p3,no_hashjoin,1329.233,834.0909473571088
2,catboost,plan_time,default_ml,q04_p3,no_mergejoin,1103.474,837.8170652839309
2,catboost,plan_time,default_ml,q04_p3,no_nestloop,8503.564,6020.6710906248745
2,catboost,plan_time,default_ml,q05_p1,default,6327.661,6196.597500923252
2,catboost,plan_time,default_ml,q05_p1,no_hashjoin,3334.809,4271.40912531386
2,catboost,plan_time,default_ml,q05_p1,no_mergejoin,3473.214,4972.086131770217
2,catboost,plan_time,default_ml,q05_p1,no_nestloop,2614.839,3550.919295569084
2,catboost,plan_time,default_ml,q06_p2,default,4135.177,3535.085767471835
2,catboost,plan_time,default_ml,q06_p2,no_hashjoin,3106.429,2465.5037330724463
2,catboost,plan_time,default_ml,q06_p2,no_mergejoin,2665.156,2114.918299756541
2,catboost,plan_time,default_ml,q06_p2,no_nestloop,2697.838,2852.6007610451925
2,catboost,plan_time,default_ml,q07_p2,default,42141.36,35125.464269915385
2,catboost,plan_time,default_ml,q07_p2,no_hashjoin,10847.283,9294.458667944407
2,catboost,plan_time,default_ml,q07_p2,no_mergejoin,49967.521,40626.10818317144
2,catboost,plan_time,default_ml,q07_p2,no_nestloop,8066.19,7014.77152409226
2,catboost,plan_time,default_ml,q08_p1,default,2058.638,5291.168356796983
2,catboost,plan_time,default_ml,q08_p1,no_hashjoin,2498.809,2751.013544823255
2,catboost,plan_time,default_ml,q08_p1,no_mergejoin,2816.12,5443.908864556661
2,catboost,plan_time,default_ml,q08_p1,no_nestloop,5506.494,5613.552636595324
2,catboost,plan_time,default_ml,q09_p0,default,27540.065,21957.93841262045
2,catboost,plan_time,default_ml,q09_p0,no_hashjoin,44491.972,34741.02701250308
2,catboost,plan_time,default_ml,q09_p0,no_mergejoin,20940.383,10633.54812516172
2,catboost,plan_time,default_ml,q09_p0,no_nestloop,16162.56,10382.077371020849
2,catboost,plan_time,default_ml,q11_p3,default,1976.909,1391.038735746225
2,catboost,plan_time,default_ml,q11_p3,no_hashjoin,748.431,883.201052737921
2,catboost,plan_time,default_ml,q11_p3,no_mergejoin,562.144,883.4423406860578
2,catboost,plan_time,default_ml,q11_p3,no_nestloop,1681.782,1401.9966092210368
2,catboost,plan_time,default_ml,q12_p2,default,2149.287,2969.409450348082
2,catboost,plan_time,default_ml,q12_p2,no_hashjoin,2364.648,2776.2725769285257
2,catboost,plan_time,default_ml,q12_p2,no_mergejoin,2164.549,2599.035954564078
2,catboost,plan_time,default_ml,q12_p2,no_nestloop,1854.457,2756.7842467018104
2,catboost,plan_time,default_ml,q14_p0,default,2971.513,3548.7802387879124
2,catboost,plan_time,default_ml,q14_p0,no_hashjoin,3770.611,2323.270133898054
2,catboost,plan_time,default_ml,q14_p0,no_mergejoin,4340.477,2335.1689202078956
2,catboost,plan_time,default_ml,q14_p0,no_nestloop,3252.169,2412.2394301004065
2,catboost,plan_time,default_ml,q15_p4,default,3928.715,4683.078157090195
2,catboost,plan_time,default_ml,q15_p4,no_hashjoin,3612.135,5145.301419088976
2,catboost,plan_time,default_ml,q15_p4,no_mergejoin,4176.719,5674.428574181871
2,catboost,plan_time,default_ml,q15_p4,no_nestloop,4123.565,3553.0953760359857
2,catboost,plan_time,default_ml,q16_p3,default,2142.518,2071.7349782510814
2,catboost,plan_time,default_ml,q16_p3,no_hashjoin,2488.674,1794.6073150602144
2,catboost,plan_time,default_ml,q16_p3,no_mergejoin,2170.027,1726.8822628961625
2,catboost,plan_time,default_ml,q16_p3,no_nestloop,1427.093,1537.7049270854689
2,catboost,plan_time,default_ml,q17_p2,default,5596.138,4703.723183697602
2,catboost,plan_time,default_ml,q17_p2,no_hashjoin,730.087,1085.2503565181755
2,catboost,plan_time,default_ml,q17_p2,no_mergejoin,4160.795,6959.168428658258
2,catboost,plan_time,default_ml,q17_p2,no_nestloop,4012.796,6360.917776384787
2,catboost,plan_time,default_ml,q17_p3,default,5259.441,4550.760912865727
2,catboost,plan_time,default_ml,q17_p3,no_hashjoin,821.265,808.5641252966489
2,catboost,plan_time,default_ml,q17_p3,no_mergejoin,5243.261,6496.261166820795
2,catboost,plan_time,default_ml,q17_p3,no_nestloop,7027.809,4768.554655238282
2,catboost,plan_time,default_ml,q19_p2,default,231.761,465.0986975278511
2,catboost,plan_time,default_ml,q19_p2,no_hashjoin,251.742,327.4163816787956
2,catboost,plan_time,default_ml,q19_p2,no_mergejoin,298.061,336.82566617096643
2,catboost,plan_time,default_ml,q19_p2,no_nestloop,232.592,2371.8541790348245
2,catboost,plan_time,default_ml,q20_p0,default,6531.394,13976.090242091357
2,catboost,plan_time,default_ml,q20_p0,no_hashjoin,3627.978,7000.157463360747
2,catboost,plan_time,default_ml,q20_p0,no_mergejoin,4085.213,3438.934081859194
2,catboost,plan_time,default_ml,q21_p3,default,17560.987,14842.663421657811
2,catboost,plan_time,default_ml,q21_p3,no_hashjoin,17085.046,26370.486045546026
2,catboost,plan_time,default_ml,q21_p3,no_mergejoin,17104.211,17196.325539390666
2,catboost,plan_time,default_ml,q21_p3,no_nestloop,11808.777,11618.414123174342
2,catboost,plan_time,default_ml,ds_q03_promo_effect,default,639.997,706.3427257598707
2,catboost,plan_time,default_ml,ds_q03_promo_effect,no_hashjoin,2233.295,853.4972889848209
2,catboost,plan_time,default_ml,ds_q03_promo_effect,no_mergejoin,613.607,371.12523663591344
2,catboost,plan_time,default_ml,ds_q03_promo_effect,no_nestloop,389.256,532.642728126855
2,catboost,plan_time,default_ml,ds_q08_addr_filter,default,89.476,42.83603650624263
2,catboost,plan_time,default_ml,ds_q08_addr_filter,no_hashjoin,43.675,38.670523658556434
2,catboost,plan_time,default_ml,ds_q08_addr_filter,no_mergejoin,39.483,25.700878081203168
2,catboost,plan_time,default_ml,ds_q08_addr_filter,no_nestloop,61.302,24.295988451929595
2,catboost,plan_time,default_ml,ds_q12_catalog_topk,default,531.523,539.2443034819472
2,catboost,plan_time,default_ml,ds_q12_catalog_topk,no_hashjoin,968.577,804.2124481528377
2,catboost,plan_time,default_ml,ds_q12_catalog_topk,no_mergejoin,392.038,642.0620997553698
2,catboost,plan_time,default_ml,ds_q12_catalog_topk,no_nestloop,356.789,456.1865464375137
2,catboost,plan_time,default_ml,ds_q15_returns_ratio,default,810.594,996.0575481044814
2,catboost,plan_time,default_ml,ds_q15_returns_ratio,no_hashjoin,2445.148,1589.6795337607657
2,catboost,plan_time,default_ml,ds_q15_returns_ratio,no_mergejoin,643.784,857.650774709855
2,catboost,plan_time,default_ml,ds_q15_returns_ratio,no_nestloop,729.727,893.2153474311177
2,catboost,plan_time,default_ml,online_b21324f41e,default,256.352,821.1382880152839
2,catboost,plan_time,default_ml,online_b21324f41e,no_mergejoin,160.573,635.7764197716822
2,catboost,plan_time,default_ml,online_b21324f41e,no_nestloop,160.279,769.3560550056193
2,catboost,plan_time,default_ml,online_b21324f41e,no_hashjoin,301.284,1409.505213673562
3,catboost,plan_time,default_ml,q03,default,1640.223,2720.181671568504
3,catboost,plan_time,default_ml,q03,no_hashjoin,15919.201,12429.766682928708
3,catboost,plan_time,default_ml,q03,no_mergejoin,2101.658,1965.1631756143581
3,catboost,plan_time,default_ml,q03,no_nestloop,2195.742,2696.6123431598203
3,catboost,plan_time,default_ml,q09,default,23625.277,11413.358810321213
3,catboost,plan_time,default_ml,q09,no_hashjoin,30860.744,29609.119781436675
3,catboost,plan_time,default_ml,q09,no_mergejoin,19454.599,12996.029351674073
3,catboost,plan_time,default_ml,q09,no_nestloop,9471.806,14720.817108598538
3,catboost,plan_time,default_ml,q14,default,1878.312,3310.6683523722727
3,catboost,plan_time,default_ml,q14,no_hashjoin,1806.03,2982.473817115731
3,catboost,plan_time,default_ml,q14,no_mergejoin,1504.265,1978.6393117890573
3,catboost,plan_time,default_ml,q14,no_nestloop,2199.709,2054.6929549043575
3,catboost,plan_time,default_ml,q02_p1,default,4831.789,3332.696524928666
3,catboost,plan_time,default_ml,q02_p1,no_hashjoin,7944.497,3455.2409562311664
3,catboost,plan_time,default_ml,q02_p1,no_mergejoin,7564.481,5163.627121070733
3,catboost,plan_time,default_ml,q02_p1,no_nestloop,6618.888,7400.718429945244
3,catboost,plan_time,default_ml,q02_p3,default,3892.114,3233.492583158254
3,catboost,plan_time,default_ml,q02_p3,no_hashjoin,3155.964,3848.1038382977863
3,catboost,plan_time,default_ml,q02_p3,no_mergejoin,4532.378,3190.6068535875697
3,catboost,plan_time,default_ml,q02_p3,no_nestloop,5564.808,8018.130194016232
3,catboost,plan_time,default_ml,q04_p0,default,698.777,1298.1153582280967
3,catboost,plan_time,default_ml,q04_p0,no_hashjoin,711.225,1347.97110294939
3,catboost,plan_time,default_ml,q04_p0,no_mergejoin,778.803,1003.2195347796925
3,catboost,plan_time,default_ml,q04_p0,no_nestloop,3866.661,5698.197290824759
3,catboost,plan_time,default_ml,q05_p0,default,8204.45,6006.104135792544
3,catboost,plan_time,default_ml,q05_p0,no_hashjoin,5962.965,5038.401396012224
3,catboost,plan_time,default_ml,q05_p0,no_mergejoin,4610.027,4523.060766467991
3,catboost,plan_time,default_ml,q05_p0,no_nestloop,2611.541,3529.040159903039
3,catboost,plan_time,default_ml,q06_p3,default,3480.088,3030.7259336429697
3,catboost,plan_time,default_ml,q06_p3,no_hashjoin,2996.05,2734.6411821401402
3,catboost,plan_time,default_ml,q06_p3,no_mergejoin,2669.903,2625.902742307939
3,catboost,plan_time,default_ml,q06_p3,no_nestloop,4023.332,2589.821436759442
3,catboost,plan_time,default_ml,q06_p4,default,5669.9,2910.835579782871
3,catboost,plan_time,default_ml,q06_p4,no_hashjoin,2089.769,2521.000750368452
3,catboost,plan_time,default_ml,q06_p4,no_mergejoin,4714.611,3089.793482037654
3,catboost,plan_time,default_ml,q06_p4,no_nestloop,1983.072,2653.9304197116976
3,catboost,plan_time,default_ml,q08_p0,default,2318.738,3088.394877763707
3,catboost,plan_time,default_ml,q08_p0,no_hashjoin,1937.078,5262.678965859515
3,catboost,plan_time,default_ml,q08_p0,no_mergejoin,2662.364,2869.6441146326606
3,catboost,plan_time,default_ml,q08_p0,no_nestloop,4359.179,3304.4102408516574
3,catboost,plan_time,default_ml,q09_p4,default,8298.719,9959.898263914443
3,catboost,plan_time,default_ml,q09_p4,no_hashjoin,16043.449,18651.393909813876
3,catboost,plan_time,default_ml,q09_p4,no_mergejoin,10137.559,12734.887681577165
3,catboost,plan_time,default_ml,q09_p4,no_nestloop,11374.003,11407.922689457013
3,catboost,plan_time,default_ml,q11_p2,default,1218.799,1715.5042542045271
3,catboost,plan_time,default_ml,q11_p2,no_hashjoin,843.429,865.0134320878022
3,catboost,plan_time,default_ml,q11_p2,no_mergejoin,2433.052,727.2890594577852
3,catboost,plan_time,default_ml,q11_p2,no_nestloop,3181.035,1163.8284090065104
3,catboost,plan_time,default_ml,q12_p1,default,6508.802,2981.3328387006786
3,catboost,plan_time,default_ml,q12_p1,no_hashjoin,3209.493,3751.673201584896
3,catboost,plan_time,default_ml,q12_p1,no_mergejoin,2447.656,2473.582713534764
3,catboost,plan_time,default_ml,q12_p1,no_nestloop,1816.0,2332.2201511639755
3,catboost,plan_time,default_ml,q14_p4,default,3773.783,2938.2318504925847
3,catboost,plan_time,default_ml,q14_p4,no_hashjoin,2474.995,3730.5149972272093
3,catboost,plan_time,default_ml,q14_p4,no_mergejoin,2967.284,1216.393899748667
3,catboost,plan_time,default_ml,q14_p4,no_nestloop,2601.241,2497.646684025736
3,catboost,plan_time,default_ml,q15_p3,default,4889.391,3461.790107228634
3,catboost,plan_time,default_ml,q15_p3,no_hashjoin,5317.028,3082.49547463457
3,catboost,plan_time,default_ml,q15_p3,no_mergejoin,5676.261,3446.868536327131
3,catboost,plan_time,default_ml,q15_p3,no_nestloop,5457.38,3055.7699271258853
3,catboost,plan_time,default_ml,q16_p2,default,2458.46,1999.918170253297
3,catboost,plan_time,default_ml,q16_p2,no_hashjoin,2627.809,2021.6721435472489
3,catboost,plan_time,default_ml,q16_p2,no_mergejoin,1893.313,1550.3647279070046
3,catboost,plan_time,default_ml,q16_p2,no_nestloop,2458.918,1632.8059624050934
3,catboost,plan_time,default_ml,q17_p1,default,11535.719,5282.088706873526
3,catboost,plan_time,default_ml,q17_p1,no_hashjoin,2053.23,1235.429999521106
3,catboost,plan_time,default_ml,q17_p1,no_mergejoin,7398.36,5673.322730577903
3,catboost,plan_time,default_ml,q17_p1,no_nestloop,4296.241,5383.190898402601
3,catboost,plan_time,default_ml,q17_p4,default,4937.429,5610.23113450163
3,catboost,plan_time,default_ml,q17_p4,no_hashjoin,664.182,1275.0306068558418
3,catboost,plan_time,default_ml,q17_p4,no_mergejoin,4008.003,6109.622130019833
3,catboost,plan_time,default_ml,q17_p4,no_nestloop,4202.008,6545.547592965211
3,catboost,plan_time,default_ml,q20_p1,default,2525.096,4719.477229590921
3,catboost,plan_time,default_ml,q20_p1,no_hashjoin,2273.024,4719.83570232033
3,catboost,plan_time,default_ml,q20_p1,no_mergejoin,2129.206,3853.4304095130124
3,catboost,plan_time,default_ml,q20_p1,no_nestloop,278747.214,6440.537994695457
3,catboost,plan_time,default_ml,q20_p3,default,11028.75,5980.970176286759
3,catboost,plan_time,default_ml,q20_p3,no_hashjoin,10269.854,3850.85995109936
3,catboost,plan_time,default_ml,q20_p3,no_mergejoin,13299.016,4649.980447812115
3,catboost,plan_time,default_ml,q20_p4,default,70494.953,6466.768837896203
3,catboost,plan_time,default_ml,q20_p4,no_hashjoin,17808.234,4453.522881060813
3,catboost,plan_time,default_ml,q20_p4,no_mergejoin,22436.179,3918.9779889848824
3,catboost,plan_time,default_ml,q21_p2,default,12400.143,16806.7269280237
3,catboost,plan_time,default_ml,q21_p2,no_hashjoin,16524.084,24397.284603802207
3,catboost,plan_time,default_ml,q21_p2,no_mergejoin,11762.799,16835.74207875657
3,catboost,plan_time,default_ml,q21_p2,no_nestloop,9402.375,10947.539535480864
3,catboost,plan_time,default_ml,ds_q02_topk_revenue,default,1542.053,931.3137216823135
3,catboost,plan_time,default_ml,ds_q02_topk_revenue,no_hashjoin,1352.97,640.180124075642
3,catboost,plan_time,default_ml,ds_q02_topk_revenue,no_mergejoin,543.457,430.3177044586374
3,catboost,plan_time,default_ml,ds_q02_topk_revenue,no_nestloop,667.532,797.3194663554967
3,catboost,plan_time,default_ml,ds_q07_yearly_trend,default,1811.255,686.0012815465558
3,catboost,plan_time,default_ml,ds_q07_yearly_trend,no_hashjoin,1572.343,976.3735685592503
3,catboost,plan_time,default_ml,ds_q07_yearly_trend,no_mergejoin,572.578,826.835524105913
3,catboost,plan_time,default_ml,ds_q07_yearly_trend,no_nestloop,616.613,753.6887043978093
3,catboost,plan_time,default_ml,ds_q14_state_revenue,default,495.792,817.6936645383497
3,catboost,plan_time,default_ml,ds_q14_state_revenue,no_hashjoin,1105.507,2041.5372362013966
3,catboost,plan_time,default_ml,ds_q14_state_revenue,no_mergejoin,802.114,416.1503779732467
3,catboost,plan_time,default_ml,ds_q14_state_revenue,no_nestloop,778.636,714.7109380064533
3,catboost,plan_time,default_ml,ds_q16_web_returns,default,86.387,20.120535950948078
3,catboost,plan_time,default_ml,ds_q16_web_returns,no_hashjoin,52.615,25.072895132614423
3,catboost,plan_time,default_ml,ds_q16_web_returns,no_mergejoin,35.959,25.0021571699995
3,catboost,plan_time,default_ml,ds_q16_web_returns,no_nestloop,37.871,20.77785891971627
3,catboost,plan_time,default_ml,online_749218157a,default,1747.386,2607.274696339977
3,catboost,plan_time,default_ml,online_749218157a,no_hashjoin,1146.033,2379.8326853132253
3,catboost,plan_time,default_ml,online_749218157a,no_mergejoin,1039.564,2602.128402769825
3,catboost,plan_time,default_ml,online_749218157a,no_nestloop,1177.454,2680.3292456949466
3,catboost,plan_time,default_ml,online_dac91519b8,default,208.479,697.7087688033212
3,catboost,plan_time,default_ml,online_dac91519b8,no_hashjoin,316.51,983.3021615858522
3,catboost,plan_time,default_ml,online_dac91519b8,no_mergejoin,194.431,632.2916159976884
3,catboost,plan_time,default_ml,online_dac91519b8,no_nestloop,217.28,800.8881001851499
4,catboost,plan_time,default_ml,q04_agg_total_per_country,default,36.801,161.90461999805143
4,catboost,plan_time,default_ml,q06_status_breakdown,default,22.161,89.38777410425116
4,catboost,plan_time,default_ml,q06,default,2272.089,2684.6994378309746
4,catboost,plan_time,default_ml,q06,no_hashjoin,1791.259,2324.833120947195
4,catboost,plan_time,default_ml,q06,no_mergejoin,1959.172,2058.3777626450196
4,catboost,plan_time,default_ml,q06,no_nestloop,1737.52,2166.638200293943
4,catboost,plan_time,default_ml,q08,default,2118.05,3259.8877079670815
4,catboost,plan_time,default_ml,q08,no_hashjoin,1382.048,2771.8929439771186
4,catboost,plan_time,default_ml,q08,no_mergejoin,1513.581,2588.5633086876633
4,catboost,plan_time,default_ml,q08,no_nestloop,2374.629,5000.112178581571
4,catboost,plan_time,default_ml,q13,default,2831.432,3695.6611856139593
4,catboost,plan_time,default_ml,q13,no_hashjoin,23582.006,3807.5724071117443
4,catboost,plan_time,default_ml,q13,no_mergejoin,2595.487,3852.704912207864
4,catboost,plan_time,default_ml,q13,no_nestloop,2688.645,3381.6073104396137
4,catboost,plan_time,default_ml,q18,default,13888.445,7370.2591983823495
4,catboost,plan_time,default_ml,q18,no_hashjoin,14970.42,9127.711822313295
4,catboost,plan_time,default_ml,q18,no_mergejoin,16967.045,8596.553272753328
4,catboost,plan_time,default_ml,q18,no_nestloop,17635.017,4504.61439835519
4,catboost,plan_time,default_ml,q01_p0,default,3349.141,11672.708154238799
4,catboost,plan_time,default_ml,q01_p0,no_hashjoin,4540.459,12157.876925032127
4,catboost,plan_time,default_ml,q01_p0,no_mergejoin,10943.592,14227.406292174392
4,catboost,plan_time,default_ml,q01_p0,no_nestloop,8294.856,9773.187831164474
4,catboost,plan_time,default_ml,q02_p4,default,1973.717,3411.340118372854
4,catboost,plan_time,default_ml,q02_p4,no_hashjoin,1809.446,4743.02412527301
4,catboost,plan_time,default_ml,q02_p4,no_mergejoin,2038.239,3454.7742799726625
4,catboost,plan_time,default_ml,q02_p4,no_nestloop,4826.137,6653.610965006147
4,catboost,plan_time,default_ml,q03_p3,default,2118.779,2178.5027073253073
4,catboost,plan_time,default_ml,q03_p3,no_hashjoin,12346.115,10672.05904369343
4,catboost,plan_time,default_ml,q03_p3,no_mergejoin,1371.854,2158.543969344918
4,catboost,plan_time,default_ml,q03_p3,no_nestloop,3581.978,1983.7832005781195
4,catboost,plan_time,default_ml,q04_p1,default,616.709,1059.8996803457426
4,catboost,plan_time,default_ml,q04_p1,no_hashjoin,714.221,1148.9683449890153
4,catboost,plan_time,default_ml,q04_p1,no_mergejoin,781.058,967.6495793951641
4,catboost,plan_time,default_ml,q04_p1,no_nestloop,4254.901,6807.839966307231
4,catboost,plan_time,default_ml,q04_p2,default,706.16,1197.0192889726636
4,catboost,plan_time,default_ml,q04_p2,no_hashjoin,693.738,1181.9056240375182
4,catboost,plan_time,default_ml,q04_p2,no_mergejoin,797.277,988.7322916015538
4,catboost,plan_time,default_ml,q04_p2,no_nestloop,4757.625,4955.49537392739
4,catboost,plan_time,default_ml,q06_p0,default,4046.07,2960.284652674163
4,catboost,plan_time,default_ml,q06_p0,no_hashjoin,3038.813,1585.0204335024534
4,catboost,plan_time,default_ml,q06_p0,no_mergejoin,3906.789,2061.911495149324
4,catboost,plan_time,default_ml,q06_p0,no_nestloop,3998.758,2189.6902858339463
4,catboost,plan_time,default_ml,q07_p1,default,48689.845,37753.41633969483
4,catboost,plan_time,default_ml,q07_p1,no_hashjoin,15251.364,11689.58617226151
4,catboost,plan_time,default_ml,q07_p1,no_mergejoin,53754.001,28623.3842705411
4,catboost,plan_time,default_ml,q07_p1,no_nestloop,5609.712,6280.450164132567
4,catboost,plan_time,default_ml,q08_p4,default,5660.325,3291.001138624667
4,catboost,plan_time,default_ml,q08_p4,no_hashjoin,6197.882,2662.585023961824
4,catboost,plan_time,default_ml,q08_p4,no_mergejoin,2379.517,3419.7677974329326
4,catboost,plan_time,default_ml,q08_p4,no_nestloop,5048.417,6141.635945763504
4,catboost,plan_time,default_ml,q09_p3,default,6549.707,17365.7485996441
4,catboost,plan_time,default_ml,q09_p3,no_hashjoin,13347.475,20598.91127666755
4,catboost,plan_time,default_ml,q09_p3,no_mergejoin,5954.025,15369.734964915133
4,catboost,plan_time,default_ml,q09_p3,no_nestloop,3600.447,8985.079632598994
4,catboost,plan_time,default_ml,q11_p1,default,2820.861,1318.093706689052
4,catboost,plan_time,default_ml,q11_p1,no_hashjoin,834.804,824.7505712197923
4,catboost,plan_time,default_ml,q11_p1,no_mergejoin,854.796,701.2051986082993
4,catboost,plan_time,default_ml,q11_p1,no_nestloop,1680.754,1370.2405746919005
4,catboost,plan_time,default_ml,q12_p0,default,12501.249,4328.568335423791
4,catboost,plan_time,default_ml,q12_p0,no_hashjoin,5870.008,2762.0903052215936
4,catboost,plan_time,default_ml,q12_p0,no_mergejoin,4893.417,3715.7858130718464
4,catboost,plan_time,default_ml,q12_p0,no_nestloop,3516.724,3525.8399194823737
4,catboost,plan_time,default_ml,q14_p3,default,3822.122,2312.17289882139
4,catboost,plan_time,default_ml,q14_p3,no_hashjoin,5657.868,2593.851803639599
4,catboost,plan_time,default_ml,q14_p3,no_mergejoin,5261.081,3115.4494224208306
4,catboost,plan_time,default_ml,q14_p3,no_nestloop,3418.002,2682.6148396058925
4,catboost,plan_time,default_ml,q15_p2,default,4505.763,3676.2654366488023
4,catboost,plan_time,default_ml,q15_p2,no_hashjoin,6508.556,3772.6519424267435
4,catboost,plan_time,default_ml,q15_p2,no_mergejoin,5286.807,3794.3299445138246
4,catboost,plan_time,default_ml,q15_p2,no_nestloop,5383.88,3427.0802442308072
4,catboost,plan_time,default_ml,q16_p1,default,2655.656,2050.3439627162293
4,catboost,plan_time,default_ml,q16_p1,no_hashjoin,1923.553,2347.780595114765
4,catboost,plan_time,default_ml,q16_p1,no_mergejoin,2945.97,1941.168330088136
4,catboost,plan_time,default_ml,q16_p1,no_nestloop,1993.228,1907.1025332844356
4,catboost,plan_time,default_ml,q17_p0,default,10431.913,5198.193112574672
4,catboost,plan_time,default_ml,q17_p0,no_hashjoin,1729.994,855.6117821591985
4,catboost,plan_time,default_ml,q17_p0,no_mergejoin,8897.062,4827.413095280649
4,catboost,plan_time,default_ml,q17_p0,no_nestloop,9330.833,4401.0303760273
4,catboost,plan_time,default_ml,q19_p1,default,1205.132,416.6190596512432
4,catboost,plan_time,default_ml,q19_p1,no_hashjoin,454.037,404.806288129326
4,catboost,plan_time,default_ml,q19_p1,no_mergejoin,371.417,434.24379010970904
4,catboost,plan_time,default_ml,q19_p1,no_nestloop,3774.525,3021.8429015972324
4,catboost,plan_time,default_ml,q20_p2,default,5046.379,7215.3559632964025
4,catboost,plan_time,default_ml,q20_p2,no_hashjoin,3476.229,6881.419247048444
4,catboost,plan_time,default_ml,q20_p2,no_mergejoin,3548.939,7948.958346742208
4,catboost,plan_time,default_ml,q21_p1,default,17294.152,14849.05653752652
4,catboost,plan_time,default_ml,q21_p1,no_hashjoin,18352.588,22733.871656121042
4,catboost,plan_time,default_ml,q21_p1,no_mergejoin,18510.851,14943.948830391659
4,catboost,plan_time,default_ml,q21_p1,no_nestloop,10391.969,11241.445839348571
4,catboost,plan_time,default_ml,ds_q01_filter_agg,default,1042.995,768.7942277492804
4,catboost,plan_time,default_ml,ds_q01_filter_agg,no_hashjoin,810.184,1143.9714919210523
4,catboost,plan_time,default_ml,ds_q01_filter_agg,no_mergejoin,537.585,528.3882222042856
4,catboost,plan_time,default_ml,ds_q01_filter_agg,no_nestloop,1482.016,543.1529474285945
4,catboost,plan_time,default_ml,ds_q10_window_topk,default,2181.389,997.5361033048182
4,catboost,plan_time,default_ml,ds_q10_window_topk,no_hashjoin,4045.225,2652.1218647312903
4,catboost,plan_time,default_ml,ds_q10_window_topk,no_mergejoin,1774.157,369.2995487822891
4,catboost,plan_time,default_ml,ds_q10_window_topk,no_nestloop,1763.773,885.2859346565176
4,catboost,plan_time,default_ml,ds_q13_high_quantity,default,350.115,377.5643594491033
4,catboost,plan_time,default_ml,ds_q13_high_quantity,no_hashjoin,465.736,310.55452843948825
4,catboost,plan_time,default_ml,ds_q13_high_quantity,no_mergejoin,399.664,410.5970474838256
4,catboost,plan_time,default_ml,ds_q13_high_quantity,no_nestloop,458.559,294.167731621849
4,catboost,plan_time,default_ml,ds_q20_demographic,default,867.031,911.8195574929329
4,catboost,plan_time,default_ml,ds_q20_demographic,no_hashjoin,3716.274,3196.342738434657
4,catboost,plan_time,default_ml,ds_q20_demographic,no_mergejoin,726.447,602.168960526277
4,catboost,plan_time,default_ml,ds_q20_demographic,no_nestloop,1077.246,619.1026355795773
4,catboost,plan_time,default_ml,online_d4e75912f5,default,2553.552,5315.770893669597
4,catboost,plan_time,default_ml,online_d4e75912f5,no_hashjoin,1500.007,5477.44849580547
4,catboost,plan_time,default_ml,online_d4e75912f5,no_mergejoin,1479.977,6488.989564884718
4,catboost,plan_time,default_ml,online_d4e75912f5,no_nestloop,1374.997,5067.833808157824
4,catboost,plan_time,default_ml,online_4742846dc9,no_hashjoin,974.089,4220.4668119086455
0,random_forest_tuned,plan_time,tuned_ml,q01_customers_by_country,default,0.928,25.199368684572477
0,random_forest_tuned,plan_time,tuned_ml,q02_orders_recent,default,4.298,28.349886324834905
0,random_forest_tuned,plan_time,tuned_ml,q07_self_subquery,default,11.032,25.59968750749384
0,random_forest_tuned,plan_time,tuned_ml,q01,default,11982.478,8952.223025376563
0,random_forest_tuned,plan_time,tuned_ml,q01,no_hashjoin,11191.817,8711.287554810588
0,random_forest_tuned,plan_time,tuned_ml,q01,no_mergejoin,10066.542,9060.712730199404
0,random_forest_tuned,plan_time,tuned_ml,q01,no_nestloop,6900.803,9105.529244069341
0,random_forest_tuned,plan_time,tuned_ml,q05,default,8827.081,4987.352516001402
0,random_forest_tuned,plan_time,tuned_ml,q05,no_hashjoin,7074.668,4884.283807999082
0,random_forest_tuned,plan_time,tuned_ml,q05,no_mergejoin,9969.823,4934.256188509079
0,random_forest_tuned,plan_time,tuned_ml,q05,no_nestloop,2887.231,3759.7420754689538
0,random_forest_tuned,plan_time,tuned_ml,q12,default,4159.307,3891.606757337513
0,random_forest_tuned,plan_time,tuned_ml,q12,no_hashjoin,3556.871,2896.489481828917
0,random_forest_tuned,plan_time,tuned_ml,q12,no_mergejoin,4213.912,3511.477208194754
0,random_forest_tuned,plan_time,tuned_ml,q12,no_nestloop,3102.1,3589.400274029961
0,random_forest_tuned,plan_time,tuned_ml,q17,default,4823.064,6536.063927347131
0,random_forest_tuned,plan_time,tuned_ml,q17,no_hashjoin,939.65,1984.0885905086554
0,random_forest_tuned,plan_time,tuned_ml,q17,no_mergejoin,4153.603,6505.190425356284
0,random_forest_tuned,plan_time,tuned_ml,q17,no_nestloop,4235.083,6432.542791619491
0,random_forest_tuned,plan_time,tuned_ml,q19,default,543.454,484.68882559886646
0,random_forest_tuned,plan_time,tuned_ml,q19,no_hashjoin,198.599,483.2715147445565
0,random_forest_tuned,plan_time,tuned_ml,q19,no_mergejoin,215.468,480.66477050103686
0,random_forest_tuned,plan_time,tuned_ml,q19,no_nestloop,1441.563,2611.4104229387494
0,random_forest_tuned,plan_time,tuned_ml,q22,default,383.714,700.723507869692
0,random_forest_tuned,plan_time,tuned_ml,q22,no_hashjoin,345.909,670.479461079441
0,random_forest_tuned,plan_time,tuned_ml,q22,no_mergejoin,387.731,652.9888689031749
0,random_forest_tuned,plan_time,tuned_ml,q22,no_nestloop,491.9,1940.5078578411535
0,random_forest_tuned,plan_time,tuned_ml,q01_p1,default,9892.378,7236.06048039753
0,random_forest_tuned,plan_time,tuned_ml,q01_p1,no_hashjoin,14592.651,7680.484086652761
0,random_forest_tuned,plan_time,tuned_ml,q01_p1,no_mergejoin,10802.619,7192.5478527046125
0,random_forest_tuned,plan_time,tuned_ml,q01_p1,no_nestloop,10626.043,7218.242054542697
0,random_forest_tuned,plan_time,tuned_ml,q01_p4,default,7707.074,8673.209337144955
0,random_forest_tuned,plan_time,tuned_ml,q01_p4,no_hashjoin,11899.903,8606.051133063787
0,random_forest_tuned,plan_time,tuned_ml,q01_p4,no_mergejoin,11406.505,8885.936448884951
0,random_forest_tuned,plan_time,tuned_ml,q01_p4,no_nestloop,9862.402,9216.804190027382
0,random_forest_tuned,plan_time,tuned_ml,q03_p2,default,1513.628,2228.929956298347
0,random_forest_tuned,plan_time,tuned_ml,q03_p2,no_hashjoin,9935.697,7585.573363837432
0,random_forest_tuned,plan_time,tuned_ml,q03_p2,no_mergejoin,2103.504,2217.1624474263003
0,random_forest_tuned,plan_time,tuned_ml,q03_p2,no_nestloop,3760.127,4461.729436169576
0,random_forest_tuned,plan_time,tuned_ml,q03_p4,default,1825.335,2151.3999293832453
0,random_forest_tuned,plan_time,tuned_ml,q03_p4,no_hashjoin,9233.542,8643.587100674342
0,random_forest_tuned,plan_time,tuned_ml,q03_p4,no_mergejoin,1153.93,2114.368974463088
0,random_forest_tuned,plan_time,tuned_ml,q03_p4,no_nestloop,1581.882,4424.658219343344
0,random_forest_tuned,plan_time,tuned_ml,q05_p4,default,7116.569,4876.745947865445
0,random_forest_tuned,plan_time,tuned_ml,q05_p4,no_hashjoin,7761.671,4889.3465299497475
0,random_forest_tuned,plan_time,tuned_ml,q05_p4,no_mergejoin,14257.984,4810.952375870291
0,random_forest_tuned,plan_time,tuned_ml,q05_p4,no_nestloop,5488.744,3844.332283860615
0,random_forest_tuned,plan_time,tuned_ml,q06_p1,default,4169.204,2070.896225641094
0,random_forest_tuned,plan_time,tuned_ml,q06_p1,no_hashjoin,2672.595,1965.8421191526352
0,random_forest_tuned,plan_time,tuned_ml,q06_p1,no_mergejoin,2169.062,2076.7588179720624
0,random_forest_tuned,plan_time,tuned_ml,q06_p1,no_nestloop,2766.657,2061.6790374418442
0,random_forest_tuned,plan_time,tuned_ml,q07_p0,default,33515.848,33304.01197307985
0,random_forest_tuned,plan_time,tuned_ml,q07_p0,no_hashjoin,6605.498,13426.230347297673
0,random_forest_tuned,plan_time,tuned_ml,q07_p0,no_mergejoin,31465.431,30909.95547560754
0,random_forest_tuned,plan_time,tuned_ml,q07_p0,no_nestloop,2952.799,5881.353337079774
0,random_forest_tuned,plan_time,tuned_ml,q07_p4,default,59489.379,33304.01197307985
0,random_forest_tuned,plan_time,tuned_ml,q07_p4,no_hashjoin,12167.826,13582.83351057083
0,random_forest_tuned,plan_time,tuned_ml,q07_p4,no_mergejoin,26668.91,30711.695119694974
0,random_forest_tuned,plan_time,tuned_ml,q07_p4,no_nestloop,1892.741,5878.802163037502
0,random_forest_tuned,plan_time,tuned_ml,q08_p3,default,6018.607,2769.1352665175286
0,random_forest_tuned,plan_time,tuned_ml,q08_p3,no_hashjoin,3792.658,2985.7280440354975
0,random_forest_tuned,plan_time,tuned_ml,q08_p3,no_mergejoin,3685.784,2680.1654552063283
0,random_forest_tuned,plan_time,tuned_ml,q08_p3,no_nestloop,6346.003,4764.804917669464
0,random_forest_tuned,plan_time,tuned_ml,q09_p2,default,12046.323,12224.858387446278
0,random_forest_tuned,plan_time,tuned_ml,q09_p2,no_hashjoin,20980.942,20060.55732673078
0,random_forest_tuned,plan_time,tuned_ml,q09_p2,no_mergejoin,14809.125,11807.478749578599
0,random_forest_tuned,plan_time,tuned_ml,q09_p2,no_nestloop,7339.487,10171.852084644941
0,random_forest_tuned,plan_time,tuned_ml,q11_p0,default,3049.573,1026.4552061086067
0,random_forest_tuned,plan_time,tuned_ml,q11_p0,no_hashjoin,904.409,1009.5857915235581
0,random_forest_tuned,plan_time,tuned_ml,q11_p0,no_mergejoin,816.264,945.5069902573824
0,random_forest_tuned,plan_time,tuned_ml,q11_p0,no_nestloop,1302.632,2152.2361564036523
0,random_forest_tuned,plan_time,tuned_ml,q12_p4,default,2249.037,2869.554583401867
0,random_forest_tuned,plan_time,tuned_ml,q12_p4,no_hashjoin,3823.712,2677.9626447602313
0,random_forest_tuned,plan_time,tuned_ml,q12_p4,no_mergejoin,6799.636,2816.1968029571067
0,random_forest_tuned,plan_time,tuned_ml,q12_p4,no_nestloop,7214.151,3025.6072169443846
0,random_forest_tuned,plan_time,tuned_ml,q14_p2,default,3528.926,2516.64927441604
0,random_forest_tuned,plan_time,tuned_ml,q14_p2,no_hashjoin,3469.28,3011.9026462557244
0,random_forest_tuned,plan_time,tuned_ml,q14_p2,no_mergejoin,3484.62,2516.4014593851934
0,random_forest_tuned,plan_time,tuned_ml,q14_p2,no_nestloop,2670.408,2507.1103824895126
0,random_forest_tuned,plan_time,tuned_ml,q15_p1,default,2973.557,4467.940448293881
0,random_forest_tuned,plan_time,tuned_ml,q15_p1,no_hashjoin,3481.784,4429.518521860662
0,random_forest_tuned,plan_time,tuned_ml,q15_p1,no_mergejoin,3814.434,4345.345833998437
0,random_forest_tuned,plan_time,tuned_ml,q15_p1,no_nestloop,2991.507,4078.8182076408625
0,random_forest_tuned,plan_time,tuned_ml,q16_p0,default,3583.344,1945.8874778386134
0,random_forest_tuned,plan_time,tuned_ml,q16_p0,no_hashjoin,2973.287,1920.6803625593134
0,random_forest_tuned,plan_time,tuned_ml,q16_p0,no_mergejoin,1724.904,1860.5264918734156
0,random_forest_tuned,plan_time,tuned_ml,q16_p0,no_nestloop,2170.77,1872.6930968231904
0,random_forest_tuned,plan_time,tuned_ml,q19_p4,default,413.238,489.0287878534564
0,random_forest_tuned,plan_time,tuned_ml,q19_p4,no_hashjoin,264.754,500.75461902389605
0,random_forest_tuned,plan_time,tuned_ml,q19_p4,no_mergejoin,314.011,487.64203556496125
0,random_forest_tuned,plan_time,tuned_ml,q19_p4,no_nestloop,3594.635,2758.9711502334526
0,random_forest_tuned,plan_time,tuned_ml,q21_p0,default,52833.508,16373.791568146491
0,random_forest_tuned,plan_time,tuned_ml,q21_p0,no_hashjoin,47704.612,15909.095759257254
0,random_forest_tuned,plan_time,tuned_ml,q21_p0,no_mergejoin,18214.814,16393.196370606736
0,random_forest_tuned,plan_time,tuned_ml,q21_p0,no_nestloop,9580.423,10212.208544342135
0,random_forest_tuned,plan_time,tuned_ml,ds_q06_web_vs_store,default,696.566,1007.8131504435453
0,random_forest_tuned,plan_time,tuned_ml,ds_q06_web_vs_store,no_hashjoin,1647.674,2133.6778063773095
0,random_forest_tuned,plan_time,tuned_ml,ds_q06_web_vs_store,no_mergejoin,852.859,913.2345284680995
0,random_forest_tuned,plan_time,tuned_ml,ds_q06_web_vs_store,no_nestloop,1042.574,944.5284644730705
0,random_forest_tuned,plan_time,tuned_ml,ds_q11_inventory_check,default,519.915,568.2263918506843
0,random_forest_tuned,plan_time,tuned_ml,ds_q11_inventory_check,no_hashjoin,947.458,956.4974895610417
0,random_forest_tuned,plan_time,tuned_ml,ds_q11_inventory_check,no_mergejoin,423.518,522.1779098537359
0,random_forest_tuned,plan_time,tuned_ml,ds_q11_inventory_check,no_nestloop,343.882,529.5191746977194
0,random_forest_tuned,plan_time,tuned_ml,ds_q17_dow_pattern,default,996.646,628.413360988316
0,random_forest_tuned,plan_time,tuned_ml,ds_q17_dow_pattern,no_hashjoin,2377.113,887.1046843339104
0,random_forest_tuned,plan_time,tuned_ml,ds_q17_dow_pattern,no_mergejoin,571.268,553.9914263871738
0,random_forest_tuned,plan_time,tuned_ml,ds_q17_dow_pattern,no_nestloop,644.053,656.750838656609
0,random_forest_tuned,plan_time,tuned_ml,online_ce83de12bc,default,947.618,2487.617181443537
0,random_forest_tuned,plan_time,tuned_ml,online_ce83de12bc,no_mergejoin,823.206,2468.773310827929
0,random_forest_tuned,plan_time,tuned_ml,online_ce83de12bc,no_nestloop,732.934,2483.739704664092
0,random_forest_tuned,plan_time,tuned_ml,online_ce83de12bc,no_hashjoin,782.553,3013.2667080895517
1,random_forest_tuned,plan_time,tuned_ml,q03_join_customer_orders,default,13.224,52.01311211246804
1,random_forest_tuned,plan_time,tuned_ml,q05_top_customers,default,18.031,58.319668306735295
1,random_forest_tuned,plan_time,tuned_ml,q02,default,6173.76,4741.580417160946
1,random_forest_tuned,plan_time,tuned_ml,q02,no_hashjoin,4302.342,4569.006982529319
1,random_forest_tuned,plan_time,tuned_ml,q02,no_mergejoin,3199.538,4266.396254105356
1,random_forest_tuned,plan_time,tuned_ml,q02,no_nestloop,6690.813,5664.912051479839
1,random_forest_tuned,plan_time,tuned_ml,q04,default,1216.968,851.9768070930728
1,random_forest_tuned,plan_time,tuned_ml,q04,no_hashjoin,1396.247,891.5217995721055
1,random_forest_tuned,plan_time,tuned_ml,q04,no_mergejoin,1429.065,854.1757976844772
1,random_forest_tuned,plan_time,tuned_ml,q04,no_nestloop,16777.004,4469.663802834918
1,random_forest_tuned,plan_time,tuned_ml,q07,default,35165.908,30170.557543027746
1,random_forest_tuned,plan_time,tuned_ml,q07,no_hashjoin,3945.736,12292.736160106375
1,random_forest_tuned,plan_time,tuned_ml,q07,no_mergejoin,29002.507,29892.41204023682
1,random_forest_tuned,plan_time,tuned_ml,q07,no_nestloop,2402.029,4907.229968774176
1,random_forest_tuned,plan_time,tuned_ml,q11,default,1724.803,1183.5959186123546
1,random_forest_tuned,plan_time,tuned_ml,q11,no_hashjoin,403.337,1148.2871283134189
1,random_forest_tuned,plan_time,tuned_ml,q11,no_mergejoin,308.811,1200.9769538231574
1,random_forest_tuned,plan_time,tuned_ml,q11,no_nestloop,801.703,2475.513958827071
1,random_forest_tuned,plan_time,tuned_ml,q16,default,1605.611,2457.977148924708
1,random_forest_tuned,plan_time,tuned_ml,q16,no_hashjoin,1383.148,2444.8544046343027
1,random_forest_tuned,plan_time,tuned_ml,q16,no_mergejoin,1106.188,2230.4478130520333
1,random_forest_tuned,plan_time,tuned_ml,q16,no_nestloop,1324.611,2178.6704513956715
1,random_forest_tuned,plan_time,tuned_ml,q21,default,13986.072,18581.5453656192
1,random_forest_tuned,plan_time,tuned_ml,q21,no_hashjoin,19448.204,16434.539177494928
1,random_forest_tuned,plan_time,tuned_ml,q21,no_mergejoin,13055.611,18297.882901368637
1,random_forest_tuned,plan_time,tuned_ml,q21,no_nestloop,10367.542,8617.838419811347
1,random_forest_tuned,plan_time,tuned_ml,q01_p2,default,9565.353,9760.056958605295
1,random_forest_tuned,plan_time,tuned_ml,q01_p2,no_hashjoin,9512.992,9879.871927240718
1,random_forest_tuned,plan_time,tuned_ml,q01_p2,no_mergejoin,13686.939,9796.505247450756
1,random_forest_tuned,plan_time,tuned_ml,q01_p2,no_nestloop,13280.512,9702.04602547617
1,random_forest_tuned,plan_time,tuned_ml,q03_p1,default,1789.751,2027.3961020939114
1,random_forest_tuned,plan_time,tuned_ml,q03_p1,no_hashjoin,11886.905,9433.649450062956
1,random_forest_tuned,plan_time,tuned_ml,q03_p1,no_mergejoin,1234.521,1890.2756012371535
1,random_forest_tuned,plan_time,tuned_ml,q03_p1,no_nestloop,1698.449,4355.973840127471
1,random_forest_tuned,plan_time,tuned_ml,q04_p4,default,1251.353,860.2822194028221
1,random_forest_tuned,plan_time,tuned_ml,q04_p4,no_hashjoin,872.911,856.2984563668925
1,random_forest_tuned,plan_time,tuned_ml,q04_p4,no_mergejoin,1007.402,904.4890853404863
1,random_forest_tuned,plan_time,tuned_ml,q04_p4,no_nestloop,9201.859,4293.265014589893
1,random_forest_tuned,plan_time,tuned_ml,q05_p2,default,4849.114,6726.55565335977
1,random_forest_tuned,plan_time,tuned_ml,q05_p2,no_hashjoin,4040.571,6424.16692479298
1,random_forest_tuned,plan_time,tuned_ml,q05_p2,no_mergejoin,3505.474,6109.18207445669
1,random_forest_tuned,plan_time,tuned_ml,q05_p2,no_nestloop,3152.242,3906.636166081536
1,random_forest_tuned,plan_time,tuned_ml,q05_p3,default,4461.936,7127.5316469691925
1,random_forest_tuned,plan_time,tuned_ml,q05_p3,no_hashjoin,4576.937,6427.100612021277
1,random_forest_tuned,plan_time,tuned_ml,q05_p3,no_mergejoin,5163.161,6405.727977248865
1,random_forest_tuned,plan_time,tuned_ml,q05_p3,no_nestloop,4531.435,3962.934065674756
1,random_forest_tuned,plan_time,tuned_ml,q07_p3,default,48180.292,29575.59910556467
1,random_forest_tuned,plan_time,tuned_ml,q07_p3,no_hashjoin,20439.496,12166.766914352096
1,random_forest_tuned,plan_time,tuned_ml,q07_p3,no_mergejoin,75622.57,30291.584438963935
1,random_forest_tuned,plan_time,tuned_ml,q07_p3,no_nestloop,7456.51,5034.96215830279
1,random_forest_tuned,plan_time,tuned_ml,q08_p2,default,4115.998,2812.459508706428
1,random_forest_tuned,plan_time,tuned_ml,q08_p2,no_hashjoin,2794.834,3219.7485876020883
1,random_forest_tuned,plan_time,tuned_ml,q08_p2,no_mergejoin,3521.968,2764.1448702347784
1,random_forest_tuned,plan_time,tuned_ml,q08_p2,no_nestloop,6391.806,4378.266853540023
1,random_forest_tuned,plan_time,tuned_ml,q09_p1,default,39188.185,18921.25277201099
1,random_forest_tuned,plan_time,tuned_ml,q09_p1,no_hashjoin,37214.359,18872.953075210717
1,random_forest_tuned,plan_time,tuned_ml,q09_p1,no_mergejoin,17515.704,18199.047690912248
1,random_forest_tuned,plan_time,tuned_ml,q09_p1,no_nestloop,9813.353,8731.544862434856
1,random_forest_tuned,plan_time,tuned_ml,q11_p4,default,1992.165,1202.4907690080374
1,random_forest_tuned,plan_time,tuned_ml,q11_p4,no_hashjoin,694.319,1203.3357111512048
1,random_forest_tuned,plan_time,tuned_ml,q11_p4,no_mergejoin,595.204,1141.6196933994659
1,random_forest_tuned,plan_time,tuned_ml,q11_p4,no_nestloop,1576.498,2402.2588432634825
1,random_forest_tuned,plan_time,tuned_ml,q12_p3,default,2243.386,3728.659240739681
1,random_forest_tuned,plan_time,tuned_ml,q12_p3,no_hashjoin,2231.47,3073.4993398429037
1,random_forest_tuned,plan_time,tuned_ml,q12_p3,no_mergejoin,2085.778,3385.159149521572
1,random_forest_tuned,plan_time,tuned_ml,q12_p3,no_nestloop,2514.896,3949.001670866228
1,random_forest_tuned,plan_time,tuned_ml,q14_p1,default,2856.102,2249.303755976425
1,random_forest_tuned,plan_time,tuned_ml,q14_p1,no_hashjoin,2769.721,2358.613051269687
1,random_forest_tuned,plan_time,tuned_ml,q14_p1,no_mergejoin,2453.346,2329.395347428559
1,random_forest_tuned,plan_time,tuned_ml,q14_p1,no_nestloop,2195.13,2197.774198257794
1,random_forest_tuned,plan_time,tuned_ml,q15_p0,default,4191.151,3797.5710044857965
1,random_forest_tuned,plan_time,tuned_ml,q15_p0,no_hashjoin,5584.123,3810.656621233532
1,random_forest_tuned,plan_time,tuned_ml,q15_p0,no_mergejoin,5665.229,3780.4405373389905
1,random_forest_tuned,plan_time,tuned_ml,q15_p0,no_nestloop,2830.03,3824.2633690653724
1,random_forest_tuned,plan_time,tuned_ml,q16_p4,default,2523.064,2221.113607611288
1,random_forest_tuned,plan_time,tuned_ml,q16_p4,no_hashjoin,1946.083,2395.944437927536
1,random_forest_tuned,plan_time,tuned_ml,q16_p4,no_mergejoin,1783.659,2148.3324617433395
1,random_forest_tuned,plan_time,tuned_ml,q16_p4,no_nestloop,2195.978,2199.9647212943355
1,random_forest_tuned,plan_time,tuned_ml,q19_p0,default,435.11,355.30400765542487
1,random_forest_tuned,plan_time,tuned_ml,q19_p0,no_hashjoin,516.983,355.8097440091531
1,random_forest_tuned,plan_time,tuned_ml,q19_p0,no_mergejoin,498.459,354.36647595547106
1,random_forest_tuned,plan_time,tuned_ml,q19_p0,no_nestloop,3656.192,2021.2692167088098
1,random_forest_tuned,plan_time,tuned_ml,q19_p3,default,392.595,358.52259842986115
1,random_forest_tuned,plan_time,tuned_ml,q19_p3,no_hashjoin,404.667,359.67087843117014
1,random_forest_tuned,plan_time,tuned_ml,q19_p3,no_mergejoin,494.229,362.4920388671244
1,random_forest_tuned,plan_time,tuned_ml,q19_p3,no_nestloop,3766.083,1775.7656608590112
1,random_forest_tuned,plan_time,tuned_ml,q21_p4,default,19462.346,18367.67171578266
1,random_forest_tuned,plan_time,tuned_ml,q21_p4,no_hashjoin,19158.111,15230.29938897725
1,random_forest_tuned,plan_time,tuned_ml,q21_p4,no_mergejoin,21773.347,18367.67171578266
1,random_forest_tuned,plan_time,tuned_ml,q21_p4,no_nestloop,20578.87,8425.7575623446
1,random_forest_tuned,plan_time,tuned_ml,ds_q04_customer_topk,default,704.859,681.8834510492662
1,random_forest_tuned,plan_time,tuned_ml,ds_q04_customer_topk,no_hashjoin,1272.521,763.6107032656399
1,random_forest_tuned,plan_time,tuned_ml,ds_q04_customer_topk,no_mergejoin,577.718,649.85635899637
1,random_forest_tuned,plan_time,tuned_ml,ds_q04_customer_topk,no_nestloop,799.922,659.0390174151914
1,random_forest_tuned,plan_time,tuned_ml,ds_q05_returns_filter,default,279.907,105.6503062667633
1,random_forest_tuned,plan_time,tuned_ml,ds_q05_returns_filter,no_hashjoin,328.061,393.4689967564019
1,random_forest_tuned,plan_time,tuned_ml,ds_q05_returns_filter,no_mergejoin,196.199,102.01029296696956
1,random_forest_tuned,plan_time,tuned_ml,ds_q05_returns_filter,no_nestloop,163.456,103.56545045047396
1,random_forest_tuned,plan_time,tuned_ml,ds_q09_avg_basket,default,481.674,295.6594816498108
1,random_forest_tuned,plan_time,tuned_ml,ds_q09_avg_basket,no_hashjoin,512.863,296.3166694962253
1,random_forest_tuned,plan_time,tuned_ml,ds_q09_avg_basket,no_mergejoin,420.93,285.2116521332121
1,random_forest_tuned,plan_time,tuned_ml,ds_q09_avg_basket,no_nestloop,445.387,285.0324029961583
1,random_forest_tuned,plan_time,tuned_ml,ds_q18_brand_topk,default,662.842,362.51160673044046
1,random_forest_tuned,plan_time,tuned_ml,ds_q18_brand_topk,no_hashjoin,2523.984,760.5739647275963
1,random_forest_tuned,plan_time,tuned_ml,ds_q18_brand_topk,no_mergejoin,2049.833,366.6888027518733
1,random_forest_tuned,plan_time,tuned_ml,ds_q18_brand_topk,no_nestloop,774.295,355.06931911227946
1,random_forest_tuned,plan_time,tuned_ml,ds_q19_self_join,default,5.488,60.17854847407815
1,random_forest_tuned,plan_time,tuned_ml,ds_q19_self_join,no_hashjoin,0.11,60.08868278006313
1,random_forest_tuned,plan_time,tuned_ml,ds_q19_self_join,no_mergejoin,0.106,59.98213634996751
1,random_forest_tuned,plan_time,tuned_ml,ds_q19_self_join,no_nestloop,0.133,64.24764468620315
2,random_forest_tuned,plan_time,tuned_ml,q10,default,1318.8,4859.792552168046
2,random_forest_tuned,plan_time,tuned_ml,q10,no_hashjoin,4160.12,5936.609540951408
2,random_forest_tuned,plan_time,tuned_ml,q10,no_mergejoin,1571.937,4632.930239844366
2,random_forest_tuned,plan_time,tuned_ml,q10,no_nestloop,2518.974,5111.905881925731
2,random_forest_tuned,plan_time,tuned_ml,q15,default,2757.332,5076.772913495816
2,random_forest_tuned,plan_time,tuned_ml,q15,no_hashjoin,2518.908,4919.2280886611
2,random_forest_tuned,plan_time,tuned_ml,q15,no_mergejoin,2113.783,5067.925979869139
2,random_forest_tuned,plan_time,tuned_ml,q15,no_nestloop,2244.615,4306.239449340204
2,random_forest_tuned,plan_time,tuned_ml,q20,default,7381.431,8168.658463860935
2,random_forest_tuned,plan_time,tuned_ml,q20,no_hashjoin,4427.324,7080.088237823838
2,random_forest_tuned,plan_time,tuned_ml,q20,no_mergejoin,4679.932,7111.968975211634
2,random_forest_tuned,plan_time,tuned_ml,q01_p3,default,13984.334,9982.19579558935
2,random_forest_tuned,plan_time,tuned_ml,q01_p3,no_hashjoin,15019.025,9956.06020509367
2,random_forest_tuned,plan_time,tuned_ml,q01_p3,no_mergejoin,12287.425,9708.564456612374
2,random_forest_tuned,plan_time,tuned_ml,q01_p3,no_nestloop,11661.957,9830.396968705167
2,random_forest_tuned,plan_time,tuned_ml,q02_p0,default,23413.931,3935.246979593104
2,random_forest_tuned,plan_time,tuned_ml,q02_p0,no_hashjoin,3964.82,4615.840463704854
2,random_forest_tuned,plan_time,tuned_ml,q02_p0,no_mergejoin,3313.199,3621.4425432476332
2,random_forest_tuned,plan_time,tuned_ml,q02_p0,no_nestloop,8545.085,5163.598327450313
2,random_forest_tuned,plan_time,tuned_ml,q02_p2,default,3165.46,3809.3482597757575
2,random_forest_tuned,plan_time,tuned_ml,q02_p2,no_hashjoin,5007.324,4646.3287488136375
2,random_forest_tuned,plan_time,tuned_ml,q02_p2,no_mergejoin,3606.714,3596.6456310896283
2,random_forest_tuned,plan_time,tuned_ml,q02_p2,no_nestloop,7216.648,5206.402264741218
2,random_forest_tuned,plan_time,tuned_ml,q03_p0,default,2635.037,2043.007650847287
2,random_forest_tuned,plan_time,tuned_ml,q03_p0,no_hashjoin,18114.795,8827.857862960273
2,random_forest_tuned,plan_time,tuned_ml,q03_p0,no_mergejoin,1944.902,1805.7970567808577
2,random_forest_tuned,plan_time,tuned_ml,q03_p0,no_nestloop,5589.845,3608.6887505246577
2,random_forest_tuned,plan_time,tuned_ml,q04_p3,default,990.862,884.6324010285795
2,random_forest_tuned,plan_time,tuned_ml,q04_p3,no_hashjoin,1329.233,879.4525560148332
2,random_forest_tuned,plan_time,tuned_ml,q04_p3,no_mergejoin,1103.474,864.017312455726
2,random_forest_tuned,plan_time,tuned_ml,q04_p3,no_nestloop,8503.564,4949.373904125867
2,random_forest_tuned,plan_time,tuned_ml,q05_p1,default,6327.661,6357.088749762462
2,random_forest_tuned,plan_time,tuned_ml,q05_p1,no_hashjoin,3334.809,6007.891841717537
2,random_forest_tuned,plan_time,tuned_ml,q05_p1,no_mergejoin,3473.214,6174.016682787938
2,random_forest_tuned,plan_time,tuned_ml,q05_p1,no_nestloop,2614.839,4253.564848279109
2,random_forest_tuned,plan_time,tuned_ml,q06_p2,default,4135.177,2727.0587278441526
2,random_forest_tuned,plan_time,tuned_ml,q06_p2,no_hashjoin,3106.429,2524.058414789332
2,random_forest_tuned,plan_time,tuned_ml,q06_p2,no_mergejoin,2665.156,2571.8446400281623
2,random_forest_tuned,plan_time,tuned_ml,q06_p2,no_nestloop,2697.838,2627.538586477704
2,random_forest_tuned,plan_time,tuned_ml,q07_p2,default,42141.36,33807.94467037891
2,random_forest_tuned,plan_time,tuned_ml,q07_p2,no_hashjoin,10847.283,11155.283585667046
2,random_forest_tuned,plan_time,tuned_ml,q07_p2,no_mergejoin,49967.521,35330.07578354249
2,random_forest_tuned,plan_time,tuned_ml,q07_p2,no_nestloop,8066.19,4464.793030673362
2,random_forest_tuned,plan_time,tuned_ml,q08_p1,default,2058.638,3159.3942935323316
2,random_forest_tuned,plan_time,tuned_ml,q08_p1,no_hashjoin,2498.809,3176.3222470013134
2,random_forest_tuned,plan_time,tuned_ml,q08_p1,no_mergejoin,2816.12,3148.277394311681
2,random_forest_tuned,plan_time,tuned_ml,q08_p1,no_nestloop,5506.494,4473.767117336862
2,random_forest_tuned,plan_time,tuned_ml,q09_p0,default,27540.065,10729.92391675817
2,random_forest_tuned,plan_time,tuned_ml,q09_p0,no_hashjoin,44491.972,18471.602491759575
2,random_forest_tuned,plan_time,tuned_ml,q09_p0,no_mergejoin,20940.383,10348.96426827485
2,random_forest_tuned,plan_time,tuned_ml,q09_p0,no_nestloop,16162.56,8737.685112192612
2,random_forest_tuned,plan_time,tuned_ml,q11_p3,default,1976.909,1073.708151293171
2,random_forest_tuned,plan_time,tuned_ml,q11_p3,no_hashjoin,748.431,1056.8489439229643
2,random_forest_tuned,plan_time,tuned_ml,q11_p3,no_mergejoin,562.144,963.1012844688552
2,random_forest_tuned,plan_time,tuned_ml,q11_p3,no_nestloop,1681.782,1916.6781802865505
2,random_forest_tuned,plan_time,tuned_ml,q12_p2,default,2149.287,3506.4574657125304
2,random_forest_tuned,plan_time,tuned_ml,q12_p2,no_hashjoin,2364.648,3208.2612230752848
2,random_forest_tuned,plan_time,tuned_ml,q12_p2,no_mergejoin,2164.549,3412.3327056833755
2,random_forest_tuned,plan_time,tuned_ml,q12_p2,no_nestloop,1854.457,3517.328567784082
2,random_forest_tuned,plan_time,tuned_ml,q14_p0,default,2971.513,2100.4935539185976
2,random_forest_tuned,plan_time,tuned_ml,q14_p0,no_hashjoin,3770.611,2786.987635309202
2,random_forest_tuned,plan_time,tuned_ml,q14_p0,no_mergejoin,4340.477,2049.2713102665416
2,random_forest_tuned,plan_time,tuned_ml,q14_p0,no_nestloop,3252.169,2082.52630316471
2,random_forest_tuned,plan_time,tuned_ml,q15_p4,default,3928.715,4788.556959817149
2,random_forest_tuned,plan_time,tuned_ml,q15_p4,no_hashjoin,3612.135,4927.911980391881
2,random_forest_tuned,plan_time,tuned_ml,q15_p4,no_mergejoin,4176.719,4901.320854778063
2,random_forest_tuned,plan_time,tuned_ml,q15_p4,no_nestloop,4123.565,4165.780223914972
2,random_forest_tuned,plan_time,tuned_ml,q16_p3,default,2142.518,2006.6887981891036
2,random_forest_tuned,plan_time,tuned_ml,q16_p3,no_hashjoin,2488.674,1996.502269908868
2,random_forest_tuned,plan_time,tuned_ml,q16_p3,no_mergejoin,2170.027,1920.1099761991975
2,random_forest_tuned,plan_time,tuned_ml,q16_p3,no_nestloop,1427.093,1902.0013776074368
2,random_forest_tuned,plan_time,tuned_ml,q17_p2,default,5596.138,5344.255894225488
2,random_forest_tuned,plan_time,tuned_ml,q17_p2,no_hashjoin,730.087,2316.518534884841
2,random_forest_tuned,plan_time,tuned_ml,q17_p2,no_mergejoin,4160.795,5513.496046200324
2,random_forest_tuned,plan_time,tuned_ml,q17_p2,no_nestloop,4012.796,5396.039569418184
2,random_forest_tuned,plan_time,tuned_ml,q17_p3,default,5259.441,5231.305394224419
2,random_forest_tuned,plan_time,tuned_ml,q17_p3,no_hashjoin,821.265,2304.5063179771014
2,random_forest_tuned,plan_time,tuned_ml,q17_p3,no_mergejoin,5243.261,5400.179838088209
2,random_forest_tuned,plan_time,tuned_ml,q17_p3,no_nestloop,7027.809,5379.432018837527
2,random_forest_tuned,plan_time,tuned_ml,q19_p2,default,231.761,257.20028771399615
2,random_forest_tuned,plan_time,tuned_ml,q19_p2,no_hashjoin,251.742,254.1358786836425
2,random_forest_tuned,plan_time,tuned_ml,q19_p2,no_mergejoin,298.061,254.60653703695093
2,random_forest_tuned,plan_time,tuned_ml,q19_p2,no_nestloop,232.592,2811.7967329680837
2,random_forest_tuned,plan_time,tuned_ml,q20_p0,default,6531.394,8417.697187805134
2,random_forest_tuned,plan_time,tuned_ml,q20_p0,no_hashjoin,3627.978,6596.692839431771
2,random_forest_tuned,plan_time,tuned_ml,q20_p0,no_mergejoin,4085.213,6794.945074043269
2,random_forest_tuned,plan_time,tuned_ml,q21_p3,default,17560.987,17847.182961942846
2,random_forest_tuned,plan_time,tuned_ml,q21_p3,no_hashjoin,17085.046,18187.52113295782
2,random_forest_tuned,plan_time,tuned_ml,q21_p3,no_mergejoin,17104.211,17675.99608204565
2,random_forest_tuned,plan_time,tuned_ml,q21_p3,no_nestloop,11808.777,9637.891391050993
2,random_forest_tuned,plan_time,tuned_ml,ds_q03_promo_effect,default,639.997,519.1874587060917
2,random_forest_tuned,plan_time,tuned_ml,ds_q03_promo_effect,no_hashjoin,2233.295,612.0048118323294
2,random_forest_tuned,plan_time,tuned_ml,ds_q03_promo_effect,no_mergejoin,613.607,473.484612329636
2,random_forest_tuned,plan_time,tuned_ml,ds_q03_promo_effect,no_nestloop,389.256,476.8478707794978
2,random_forest_tuned,plan_time,tuned_ml,ds_q08_addr_filter,default,89.476,28.7110526507771
2,random_forest_tuned,plan_time,tuned_ml,ds_q08_addr_filter,no_hashjoin,43.675,27.210563536367722
2,random_forest_tuned,plan_time,tuned_ml,ds_q08_addr_filter,no_mergejoin,39.483,26.213240939350253
2,random_forest_tuned,plan_time,tuned_ml,ds_q08_addr_filter,no_nestloop,61.302,26.546963030549573
2,random_forest_tuned,plan_time,tuned_ml,ds_q12_catalog_topk,default,531.523,640.2872634430701
2,random_forest_tuned,plan_time,tuned_ml,ds_q12_catalog_topk,no_hashjoin,968.577,818.4820118447017
2,random_forest_tuned,plan_time,tuned_ml,ds_q12_catalog_topk,no_mergejoin,392.038,619.8640236896775
2,random_forest_tuned,plan_time,tuned_ml,ds_q12_catalog_topk,no_nestloop,356.789,608.3537560388214
2,random_forest_tuned,plan_time,tuned_ml,ds_q15_returns_ratio,default,810.594,899.8820330069746
2,random_forest_tuned,plan_time,tuned_ml,ds_q15_returns_ratio,no_hashjoin,2445.148,1174.195148520286
2,random_forest_tuned,plan_time,tuned_ml,ds_q15_returns_ratio,no_mergejoin,643.784,873.8194251409163
2,random_forest_tuned,plan_time,tuned_ml,ds_q15_returns_ratio,no_nestloop,729.727,890.829440006908
2,random_forest_tuned,plan_time,tuned_ml,online_b21324f41e,default,256.352,846.2074398565934
2,random_forest_tuned,plan_time,tuned_ml,online_b21324f41e,no_mergejoin,160.573,795.8516019277301
2,random_forest_tuned,plan_time,tuned_ml,online_b21324f41e,no_nestloop,160.279,805.308850457227
2,random_forest_tuned,plan_time,tuned_ml,online_b21324f41e,no_hashjoin,301.284,1104.840344807011
3,random_forest_tuned,plan_time,tuned_ml,q03,default,1640.223,2034.641351619854
3,random_forest_tuned,plan_time,tuned_ml,q03,no_hashjoin,15919.201,8130.344579660995
3,random_forest_tuned,plan_time,tuned_ml,q03,no_mergejoin,2101.658,1965.3967245352417
3,random_forest_tuned,plan_time,tuned_ml,q03,no_nestloop,2195.742,4143.78256282877
3,random_forest_tuned,plan_time,tuned_ml,q09,default,23625.277,11172.596138675439
3,random_forest_tuned,plan_time,tuned_ml,q09,no_hashjoin,30860.744,18777.821067150453
3,random_forest_tuned,plan_time,tuned_ml,q09,no_mergejoin,19454.599,10932.496775252564
3,random_forest_tuned,plan_time,tuned_ml,q09,no_nestloop,9471.806,9546.359889545933
3,random_forest_tuned,plan_time,tuned_ml,q14,default,1878.312,2376.0383037924107
3,random_forest_tuned,plan_time,tuned_ml,q14,no_hashjoin,1806.03,2787.5108940998616
3,random_forest_tuned,plan_time,tuned_ml,q14,no_mergejoin,1504.265,1991.752546013753
3,random_forest_tuned,plan_time,tuned_ml,q14,no_nestloop,2199.709,2142.4272990839295
3,random_forest_tuned,plan_time,tuned_ml,q02_p1,default,4831.789,3869.023741776086
3,random_forest_tuned,plan_time,tuned_ml,q02_p1,no_hashjoin,7944.497,4257.232732147742
3,random_forest_tuned,plan_time,tuned_ml,q02_p1,no_mergejoin,7564.481,4091.1993871139575
3,random_forest_tuned,plan_time,tuned_ml,q02_p1,no_nestloop,6618.888,5906.176847077835
3,random_forest_tuned,plan_time,tuned_ml,q02_p3,default,3892.114,4127.7121107891
3,random_forest_tuned,plan_time,tuned_ml,q02_p3,no_hashjoin,3155.964,4590.575365874923
3,random_forest_tuned,plan_time,tuned_ml,q02_p3,no_mergejoin,4532.378,3909.04037222386
3,random_forest_tuned,plan_time,tuned_ml,q02_p3,no_nestloop,5564.808,6162.337069064649
3,random_forest_tuned,plan_time,tuned_ml,q04_p0,default,698.777,1114.383829842987
3,random_forest_tuned,plan_time,tuned_ml,q04_p0,no_hashjoin,711.225,1117.651259701273
3,random_forest_tuned,plan_time,tuned_ml,q04_p0,no_mergejoin,778.803,1039.0836818515031
3,random_forest_tuned,plan_time,tuned_ml,q04_p0,no_nestloop,3866.661,5375.236020465946
3,random_forest_tuned,plan_time,tuned_ml,q05_p0,default,8204.45,5810.5267113000245
3,random_forest_tuned,plan_time,tuned_ml,q05_p0,no_hashjoin,5962.965,5699.129286993416
3,random_forest_tuned,plan_time,tuned_ml,q05_p0,no_mergejoin,4610.027,5349.405660059083
3,random_forest_tuned,plan_time,tuned_ml,q05_p0,no_nestloop,2611.541,4078.6464796296477
3,random_forest_tuned,plan_time,tuned_ml,q06_p3,default,3480.088,2602.6720242303163
3,random_forest_tuned,plan_time,tuned_ml,q06_p3,no_hashjoin,2996.05,2602.196902551901
3,random_forest_tuned,plan_time,tuned_ml,q06_p3,no_mergejoin,2669.903,2605.4253428401066
3,random_forest_tuned,plan_time,tuned_ml,q06_p3,no_nestloop,4023.332,2594.467380003255
3,random_forest_tuned,plan_time,tuned_ml,q06_p4,default,5669.9,2613.379746926454
3,random_forest_tuned,plan_time,tuned_ml,q06_p4,no_hashjoin,2089.769,2573.297527688284
3,random_forest_tuned,plan_time,tuned_ml,q06_p4,no_mergejoin,4714.611,2621.831230719946
3,random_forest_tuned,plan_time,tuned_ml,q06_p4,no_nestloop,1983.072,2603.2817849810685
3,random_forest_tuned,plan_time,tuned_ml,q08_p0,default,2318.738,3021.067880767574
3,random_forest_tuned,plan_time,tuned_ml,q08_p0,no_hashjoin,1937.078,3380.8053112739954
3,random_forest_tuned,plan_time,tuned_ml,q08_p0,no_mergejoin,2662.364,3002.571619259078
3,random_forest_tuned,plan_time,tuned_ml,q08_p0,no_nestloop,4359.179,4693.369857448105
3,random_forest_tuned,plan_time,tuned_ml,q09_p4,default,8298.719,10730.469778605133
3,random_forest_tuned,plan_time,tuned_ml,q09_p4,no_hashjoin,16043.449,18094.210332339342
3,random_forest_tuned,plan_time,tuned_ml,q09_p4,no_mergejoin,10137.559,10979.403845809047
3,random_forest_tuned,plan_time,tuned_ml,q09_p4,no_nestloop,11374.003,9546.359889545933
3,random_forest_tuned,plan_time,tuned_ml,q11_p2,default,1218.799,991.4836747760781
3,random_forest_tuned,plan_time,tuned_ml,q11_p2,no_hashjoin,843.429,993.7018455785328
3,random_forest_tuned,plan_time,tuned_ml,q11_p2,no_mergejoin,2433.052,953.8808458977027
3,random_forest_tuned,plan_time,tuned_ml,q11_p2,no_nestloop,3181.035,1835.0542069955343
3,random_forest_tuned,plan_time,tuned_ml,q12_p1,default,6508.802,3347.488764759189
3,random_forest_tuned,plan_time,tuned_ml,q12_p1,no_hashjoin,3209.493,3051.401533996337
3,random_forest_tuned,plan_time,tuned_ml,q12_p1,no_mergejoin,2447.656,3044.704857570425
3,random_forest_tuned,plan_time,tuned_ml,q12_p1,no_nestloop,1816.0,3037.134600307668
3,random_forest_tuned,plan_time,tuned_ml,q14_p4,default,3773.783,2704.110541077215
3,random_forest_tuned,plan_time,tuned_ml,q14_p4,no_hashjoin,2474.995,2952.744601233742
3,random_forest_tuned,plan_time,tuned_ml,q14_p4,no_mergejoin,2967.284,2287.628888673554
3,random_forest_tuned,plan_time,tuned_ml,q14_p4,no_nestloop,2601.241,2597.811496938195
3,random_forest_tuned,plan_time,tuned_ml,q15_p3,default,4889.391,3443.924498786021
3,random_forest_tuned,plan_time,tuned_ml,q15_p3,no_hashjoin,5317.028,3613.822266057815
3,random_forest_tuned,plan_time,tuned_ml,q15_p3,no_mergejoin,5676.261,3451.212029382633
3,random_forest_tuned,plan_time,tuned_ml,q15_p3,no_nestloop,5457.38,3307.301431823426
3,random_forest_tuned,plan_time,tuned_ml,q16_p2,default,2458.46,2026.8512411026068
3,random_forest_tuned,plan_time,tuned_ml,q16_p2,no_hashjoin,2627.809,2112.5369405294264
3,random_forest_tuned,plan_time,tuned_ml,q16_p2,no_mergejoin,1893.313,1895.506173215517
3,random_forest_tuned,plan_time,tuned_ml,q16_p2,no_nestloop,2458.918,1927.5967275207465
3,random_forest_tuned,plan_time,tuned_ml,q17_p1,default,11535.719,5479.0669934647085
3,random_forest_tuned,plan_time,tuned_ml,q17_p1,no_hashjoin,2053.23,2148.1192473616597
3,random_forest_tuned,plan_time,tuned_ml,q17_p1,no_mergejoin,7398.36,5489.192694155292
3,random_forest_tuned,plan_time,tuned_ml,q17_p1,no_nestloop,4296.241,5446.28749439834
3,random_forest_tuned,plan_time,tuned_ml,q17_p4,default,4937.429,5441.029146188105
3,random_forest_tuned,plan_time,tuned_ml,q17_p4,no_hashjoin,664.182,2039.551679741652
3,random_forest_tuned,plan_time,tuned_ml,q17_p4,no_mergejoin,4008.003,5428.29956400753
3,random_forest_tuned,plan_time,tuned_ml,q17_p4,no_nestloop,4202.008,5613.938417599577
3,random_forest_tuned,plan_time,tuned_ml,q20_p1,default,2525.096,4572.010697134128
3,random_forest_tuned,plan_time,tuned_ml,q20_p1,no_hashjoin,2273.024,4364.654929946572
3,random_forest_tuned,plan_time,tuned_ml,q20_p1,no_mergejoin,2129.206,4282.171840540932
3,random_forest_tuned,plan_time,tuned_ml,q20_p1,no_nestloop,278747.214,5980.980333584332
3,random_forest_tuned,plan_time,tuned_ml,q20_p3,default,11028.75,4751.516890532853
3,random_forest_tuned,plan_time,tuned_ml,q20_p3,no_hashjoin,10269.854,4274.870846774971
3,random_forest_tuned,plan_time,tuned_ml,q20_p3,no_mergejoin,13299.016,4549.455690689396
3,random_forest_tuned,plan_time,tuned_ml,q20_p4,default,70494.953,4761.155276778684
3,random_forest_tuned,plan_time,tuned_ml,q20_p4,no_hashjoin,17808.234,4345.1704777524565
3,random_forest_tuned,plan_time,tuned_ml,q20_p4,no_mergejoin,22436.179,4438.751170235261
3,random_forest_tuned,plan_time,tuned_ml,q21_p2,default,12400.143,17644.287831497157
3,random_forest_tuned,plan_time,tuned_ml,q21_p2,no_hashjoin,16524.084,17283.092369210488
3,random_forest_tuned,plan_time,tuned_ml,q21_p2,no_mergejoin,11762.799,18177.999055023964
3,random_forest_tuned,plan_time,tuned_ml,q21_p2,no_nestloop,9402.375,8966.469465713546
3,random_forest_tuned,plan_time,tuned_ml,ds_q02_topk_revenue,default,1542.053,771.3690722461821
3,random_forest_tuned,plan_time,tuned_ml,ds_q02_topk_revenue,no_hashjoin,1352.97,977.3688730060732
3,random_forest_tuned,plan_time,tuned_ml,ds_q02_topk_revenue,no_mergejoin,543.457,661.7880859082
3,random_forest_tuned,plan_time,tuned_ml,ds_q02_topk_revenue,no_nestloop,667.532,765.3943173021148
3,random_forest_tuned,plan_time,tuned_ml,ds_q07_yearly_trend,default,1811.255,491.4312472184683
3,random_forest_tuned,plan_time,tuned_ml,ds_q07_yearly_trend,no_hashjoin,1572.343,806.1016925578192
3,random_forest_tuned,plan_time,tuned_ml,ds_q07_yearly_trend,no_mergejoin,572.578,532.1747697957569
3,random_forest_tuned,plan_time,tuned_ml,ds_q07_yearly_trend,no_nestloop,616.613,481.6732856492022
3,random_forest_tuned,plan_time,tuned_ml,ds_q14_state_revenue,default,495.792,702.0246074122202
3,random_forest_tuned,plan_time,tuned_ml,ds_q14_state_revenue,no_hashjoin,1105.507,1089.083436136193
3,random_forest_tuned,plan_time,tuned_ml,ds_q14_state_revenue,no_mergejoin,802.114,596.338094000131
3,random_forest_tuned,plan_time,tuned_ml,ds_q14_state_revenue,no_nestloop,778.636,670.5257142360093
3,random_forest_tuned,plan_time,tuned_ml,ds_q16_web_returns,default,86.387,18.2260448815225
3,random_forest_tuned,plan_time,tuned_ml,ds_q16_web_returns,no_hashjoin,52.615,15.739104857834054
3,random_forest_tuned,plan_time,tuned_ml,ds_q16_web_returns,no_mergejoin,35.959,15.72096965770152
3,random_forest_tuned,plan_time,tuned_ml,ds_q16_web_returns,no_nestloop,37.871,18.2260448815225
3,random_forest_tuned,plan_time,tuned_ml,online_749218157a,default,1747.386,2567.2195707729684
3,random_forest_tuned,plan_time,tuned_ml,online_749218157a,no_hashjoin,1146.033,2541.035883841332
3,random_forest_tuned,plan_time,tuned_ml,online_749218157a,no_mergejoin,1039.564,2567.7582001358664
3,random_forest_tuned,plan_time,tuned_ml,online_749218157a,no_nestloop,1177.454,2574.0185648574306
3,random_forest_tuned,plan_time,tuned_ml,online_dac91519b8,default,208.479,491.4312472184683
3,random_forest_tuned,plan_time,tuned_ml,online_dac91519b8,no_hashjoin,316.51,781.2742800762605
3,random_forest_tuned,plan_time,tuned_ml,online_dac91519b8,no_mergejoin,194.431,474.27860294223706
3,random_forest_tuned,plan_time,tuned_ml,online_dac91519b8,no_nestloop,217.28,480.5715097005506
4,random_forest_tuned,plan_time,tuned_ml,q04_agg_total_per_country,default,36.801,57.21820103968054
4,random_forest_tuned,plan_time,tuned_ml,q06_status_breakdown,default,22.161,42.43427933704378
4,random_forest_tuned,plan_time,tuned_ml,q06,default,2272.089,2196.1751364248353
4,random_forest_tuned,plan_time,tuned_ml,q06,no_hashjoin,1791.259,2191.6101067696522
4,random_forest_tuned,plan_time,tuned_ml,q06,no_mergejoin,1959.172,2109.393864799335
4,random_forest_tuned,plan_time,tuned_ml,q06,no_nestloop,1737.52,2138.483491343991
4,random_forest_tuned,plan_time,tuned_ml,q08,default,2118.05,3161.3703245699953
4,random_forest_tuned,plan_time,tuned_ml,q08,no_hashjoin,1382.048,3309.7187439971585
4,random_forest_tuned,plan_time,tuned_ml,q08,no_mergejoin,1513.581,3153.5515421270334
4,random_forest_tuned,plan_time,tuned_ml,q08,no_nestloop,2374.629,5008.489489208877
4,random_forest_tuned,plan_time,tuned_ml,q13,default,2831.432,2741.1332008283907
4,random_forest_tuned,plan_time,tuned_ml,q13,no_hashjoin,23582.006,2873.2142899587307
4,random_forest_tuned,plan_time,tuned_ml,q13,no_mergejoin,2595.487,2716.9324684713533
4,random_forest_tuned,plan_time,tuned_ml,q13,no_nestloop,2688.645,2746.3651111115014
4,random_forest_tuned,plan_time,tuned_ml,q18,default,13888.445,7013.676351845529
4,random_forest_tuned,plan_time,tuned_ml,q18,no_hashjoin,14970.42,7225.881556218658
4,random_forest_tuned,plan_time,tuned_ml,q18,no_mergejoin,16967.045,6993.187517311738
4,random_forest_tuned,plan_time,tuned_ml,q18,no_nestloop,17635.017,5325.251719267518
4,random_forest_tuned,plan_time,tuned_ml,q01_p0,default,3349.141,10762.72765403633
4,random_forest_tuned,plan_time,tuned_ml,q01_p0,no_hashjoin,4540.459,10645.382629451151
4,random_forest_tuned,plan_time,tuned_ml,q01_p0,no_mergejoin,10943.592,10868.89103317157
4,random_forest_tuned,plan_time,tuned_ml,q01_p0,no_nestloop,8294.856,10663.422338005965
4,random_forest_tuned,plan_time,tuned_ml,q02_p4,default,1973.717,4338.650198971954
4,random_forest_tuned,plan_time,tuned_ml,q02_p4,no_hashjoin,1809.446,5078.707520304858
4,random_forest_tuned,plan_time,tuned_ml,q02_p4,no_mergejoin,2038.239,4130.454440743315
4,random_forest_tuned,plan_time,tuned_ml,q02_p4,no_nestloop,4826.137,5645.143779364773
4,random_forest_tuned,plan_time,tuned_ml,q03_p3,default,2118.779,2007.113092197493
4,random_forest_tuned,plan_time,tuned_ml,q03_p3,no_hashjoin,12346.115,8378.37204192203
4,random_forest_tuned,plan_time,tuned_ml,q03_p3,no_mergejoin,1371.854,1870.8387743557512
4,random_forest_tuned,plan_time,tuned_ml,q03_p3,no_nestloop,3581.978,3662.789791615376
4,random_forest_tuned,plan_time,tuned_ml,q04_p1,default,616.709,1074.4615207578954
4,random_forest_tuned,plan_time,tuned_ml,q04_p1,no_hashjoin,714.221,1067.4732558732821
4,random_forest_tuned,plan_time,tuned_ml,q04_p1,no_mergejoin,781.058,1059.829735139863
4,random_forest_tuned,plan_time,tuned_ml,q04_p1,no_nestloop,4254.901,5490.811972685095
4,random_forest_tuned,plan_time,tuned_ml,q04_p2,default,706.16,1055.307258074334
4,random_forest_tuned,plan_time,tuned_ml,q04_p2,no_hashjoin,693.738,1061.4103544607024
4,random_forest_tuned,plan_time,tuned_ml,q04_p2,no_mergejoin,797.277,1044.8846129254562
4,random_forest_tuned,plan_time,tuned_ml,q04_p2,no_nestloop,4757.625,5379.544018289928
4,random_forest_tuned,plan_time,tuned_ml,q06_p0,default,4046.07,2335.3712520137083
4,random_forest_tuned,plan_time,tuned_ml,q06_p0,no_hashjoin,3038.813,2094.611902579897
4,random_forest_tuned,plan_time,tuned_ml,q06_p0,no_mergejoin,3906.789,2109.393864799335
4,random_forest_tuned,plan_time,tuned_ml,q06_p0,no_nestloop,3998.758,2158.9191253371237
4,random_forest_tuned,plan_time,tuned_ml,q07_p1,default,48689.845,35247.69677874991
4,random_forest_tuned,plan_time,tuned_ml,q07_p1,no_hashjoin,15251.364,11040.128301955161
4,random_forest_tuned,plan_time,tuned_ml,q07_p1,no_mergejoin,53754.001,33550.25375979689
4,random_forest_tuned,plan_time,tuned_ml,q07_p1,no_nestloop,5609.712,4782.8935069071895
4,random_forest_tuned,plan_time,tuned_ml,q08_p4,default,5660.325,3167.2079478749824
4,random_forest_tuned,plan_time,tuned_ml,q08_p4,no_hashjoin,6197.882,3311.3294831145827
4,random_forest_tuned,plan_time,tuned_ml,q08_p4,no_mergejoin,2379.517,3153.5353403869194
4,random_forest_tuned,plan_time,tuned_ml,q08_p4,no_nestloop,5048.417,5014.636187712906
4,random_forest_tuned,plan_time,tuned_ml,q09_p3,default,6549.707,14883.611231192981
4,random_forest_tuned,plan_time,tuned_ml,q09_p3,no_hashjoin,13347.475,21077.838569794887
4,random_forest_tuned,plan_time,tuned_ml,q09_p3,no_mergejoin,5954.025,14810.351143339813
4,random_forest_tuned,plan_time,tuned_ml,q09_p3,no_nestloop,3600.447,11396.294977598129
4,random_forest_tuned,plan_time,tuned_ml,q11_p1,default,2820.861,1003.4290223015571
4,random_forest_tuned,plan_time,tuned_ml,q11_p1,no_hashjoin,834.804,1002.0966310722605
4,random_forest_tuned,plan_time,tuned_ml,q11_p1,no_mergejoin,854.796,935.9382660691888
4,random_forest_tuned,plan_time,tuned_ml,q11_p1,no_nestloop,1680.754,1983.4175570806444
4,random_forest_tuned,plan_time,tuned_ml,q12_p0,default,12501.249,3517.6808972449558
4,random_forest_tuned,plan_time,tuned_ml,q12_p0,no_hashjoin,5870.008,2608.1740978776315
4,random_forest_tuned,plan_time,tuned_ml,q12_p0,no_mergejoin,4893.417,3379.069788590741
4,random_forest_tuned,plan_time,tuned_ml,q12_p0,no_nestloop,3516.724,3397.743332937349
4,random_forest_tuned,plan_time,tuned_ml,q14_p3,default,3822.122,2283.939567503035
4,random_forest_tuned,plan_time,tuned_ml,q14_p3,no_hashjoin,5657.868,2376.7037203805835
4,random_forest_tuned,plan_time,tuned_ml,q14_p3,no_mergejoin,5261.081,2493.292178796058
4,random_forest_tuned,plan_time,tuned_ml,q14_p3,no_nestloop,3418.002,2487.6927567205003
4,random_forest_tuned,plan_time,tuned_ml,q15_p2,default,4505.763,3602.1859789576824
4,random_forest_tuned,plan_time,tuned_ml,q15_p2,no_hashjoin,6508.556,3651.1623294563465
4,random_forest_tuned,plan_time,tuned_ml,q15_p2,no_mergejoin,5286.807,3648.799100866738
4,random_forest_tuned,plan_time,tuned_ml,q15_p2,no_nestloop,5383.88,3456.328947060431
4,random_forest_tuned,plan_time,tuned_ml,q16_p1,default,2655.656,1971.9991165516024
4,random_forest_tuned,plan_time,tuned_ml,q16_p1,no_hashjoin,1923.553,2036.2301081557039
4,random_forest_tuned,plan_time,tuned_ml,q16_p1,no_mergejoin,2945.97,1968.3080943131329
4,random_forest_tuned,plan_time,tuned_ml,q16_p1,no_nestloop,1993.228,1961.3484055421343
4,random_forest_tuned,plan_time,tuned_ml,q17_p0,default,10431.913,5225.120610450043
4,random_forest_tuned,plan_time,tuned_ml,q17_p0,no_hashjoin,1729.994,1741.327289500443
4,random_forest_tuned,plan_time,tuned_ml,q17_p0,no_mergejoin,8897.062,5074.289471276904
4,random_forest_tuned,plan_time,tuned_ml,q17_p0,no_nestloop,9330.833,5024.974655983169
4,random_forest_tuned,plan_time,tuned_ml,q19_p1,default,1205.132,430.33547000666204
4,random_forest_tuned,plan_time,tuned_ml,q19_p1,no_hashjoin,454.037,433.6338014462483
4,random_forest_tuned,plan_time,tuned_ml,q19_p1,no_mergejoin,371.417,428.9012366753286
4,random_forest_tuned,plan_time,tuned_ml,q19_p1,no_nestloop,3774.525,2292.685102671617
4,random_forest_tuned,plan_time,tuned_ml,q20_p2,default,5046.379,7813.332595218704
4,random_forest_tuned,plan_time,tuned_ml,q20_p2,no_hashjoin,3476.229,6534.980883944492
4,random_forest_tuned,plan_time,tuned_ml,q20_p2,no_mergejoin,3548.939,7534.745523031972
4,random_forest_tuned,plan_time,tuned_ml,q21_p1,default,17294.152,18213.886580469985
4,random_forest_tuned,plan_time,tuned_ml,q21_p1,no_hashjoin,18352.588,17925.54698493331
4,random_forest_tuned,plan_time,tuned_ml,q21_p1,no_mergejoin,18510.851,18215.918962184976
4,random_forest_tuned,plan_time,tuned_ml,q21_p1,no_nestloop,10391.969,9045.684836386306
4,random_forest_tuned,plan_time,tuned_ml,ds_q01_filter_agg,default,1042.995,587.5485126857484
4,random_forest_tuned,plan_time,tuned_ml,ds_q01_filter_agg,no_hashjoin,810.184,823.0025437042485
4,random_forest_tuned,plan_time,tuned_ml,ds_q01_filter_agg,no_mergejoin,537.585,548.0116154260372
4,random_forest_tuned,plan_time,tuned_ml,ds_q01_filter_agg,no_nestloop,1482.016,543.8114352666153
4,random_forest_tuned,plan_time,tuned_ml,ds_q10_window_topk,default,2181.389,997.0698745125942
4,random_forest_tuned,plan_time,tuned_ml,ds_q10_window_topk,no_hashjoin,4045.225,1875.6652071750361
4,random_forest_tuned,plan_time,tuned_ml,ds_q10_window_topk,no_mergejoin,1774.157,909.4203397705761
4,random_forest_tuned,plan_time,tuned_ml,ds_q10_window_topk,no_nestloop,1763.773,947.1260357680127
4,random_forest_tuned,plan_time,tuned_ml,ds_q13_high_quantity,default,350.115,391.83912858666656
4,random_forest_tuned,plan_time,tuned_ml,ds_q13_high_quantity,no_hashjoin,465.736,393.5753044755083
4,random_forest_tuned,plan_time,tuned_ml,ds_q13_high_quantity,no_mergejoin,399.664,396.9821501732033
4,random_forest_tuned,plan_time,tuned_ml,ds_q13_high_quantity,no_nestloop,458.559,389.82816276310865
4,random_forest_tuned,plan_time,tuned_ml,ds_q20_demographic,default,867.031,749.1393975504529
4,random_forest_tuned,plan_time,tuned_ml,ds_q20_demographic,no_hashjoin,3716.274,1907.1529604897978
4,random_forest_tuned,plan_time,tuned_ml,ds_q20_demographic,no_mergejoin,726.447,690.8446748154009
4,random_forest_tuned,plan_time,tuned_ml,ds_q20_demographic,no_nestloop,1077.246,705.2976873306293
4,random_forest_tuned,plan_time,tuned_ml,online_d4e75912f5,default,2553.552,5291.459137807707
4,random_forest_tuned,plan_time,tuned_ml,online_d4e75912f5,no_hashjoin,1500.007,5235.710377639885
4,random_forest_tuned,plan_time,tuned_ml,online_d4e75912f5,no_mergejoin,1479.977,5472.149464241596
4,random_forest_tuned,plan_time,tuned_ml,online_d4e75912f5,no_nestloop,1374.997,5222.0132701495295
4,random_forest_tuned,plan_time,tuned_ml,online_4742846dc9,no_hashjoin,974.089,3070.223800675126
0,extra_trees_tuned,plan_time,tuned_ml,q01_customers_by_country,default,0.928,13.975798863691807
0,extra_trees_tuned,plan_time,tuned_ml,q02_orders_recent,default,4.298,19.61660765550938
0,extra_trees_tuned,plan_time,tuned_ml,q07_self_subquery,default,11.032,24.656161735692738
0,extra_trees_tuned,plan_time,tuned_ml,q01,default,11982.478,9152.448807055673
0,extra_trees_tuned,plan_time,tuned_ml,q01,no_hashjoin,11191.817,9329.194069317493
0,extra_trees_tuned,plan_time,tuned_ml,q01,no_mergejoin,10066.542,9389.54900440916
0,extra_trees_tuned,plan_time,tuned_ml,q01,no_nestloop,6900.803,9099.100968106692
0,extra_trees_tuned,plan_time,tuned_ml,q05,default,8827.081,4948.381606092865
0,extra_trees_tuned,plan_time,tuned_ml,q05,no_hashjoin,7074.668,4724.395081116156
0,extra_trees_tuned,plan_time,tuned_ml,q05,no_mergejoin,9969.823,4698.675929304066
0,extra_trees_tuned,plan_time,tuned_ml,q05,no_nestloop,2887.231,3342.7612571202885
0,extra_trees_tuned,plan_time,tuned_ml,q12,default,4159.307,3275.0084925733654
0,extra_trees_tuned,plan_time,tuned_ml,q12,no_hashjoin,3556.871,3255.385256866931
0,extra_trees_tuned,plan_time,tuned_ml,q12,no_mergejoin,4213.912,3216.4219550266494
0,extra_trees_tuned,plan_time,tuned_ml,q12,no_nestloop,3102.1,3022.0847251424984
0,extra_trees_tuned,plan_time,tuned_ml,q17,default,4823.064,6002.660715052911
0,extra_trees_tuned,plan_time,tuned_ml,q17,no_hashjoin,939.65,1472.8628383648877
0,extra_trees_tuned,plan_time,tuned_ml,q17,no_mergejoin,4153.603,5936.4007607884005
0,extra_trees_tuned,plan_time,tuned_ml,q17,no_nestloop,4235.083,5815.740164619568
0,extra_trees_tuned,plan_time,tuned_ml,q19,default,543.454,516.070822621358
0,extra_trees_tuned,plan_time,tuned_ml,q19,no_hashjoin,198.599,532.1640304042658
0,extra_trees_tuned,plan_time,tuned_ml,q19,no_mergejoin,215.468,515.8259943536524
0,extra_trees_tuned,plan_time,tuned_ml,q19,no_nestloop,1441.563,2417.7947826778786
0,extra_trees_tuned,plan_time,tuned_ml,q22,default,383.714,585.8071040263208
0,extra_trees_tuned,plan_time,tuned_ml,q22,no_hashjoin,345.909,588.0473233710343
0,extra_trees_tuned,plan_time,tuned_ml,q22,no_mergejoin,387.731,564.3103896853504
0,extra_trees_tuned,plan_time,tuned_ml,q22,no_nestloop,491.9,1420.821039430592
0,extra_trees_tuned,plan_time,tuned_ml,q01_p1,default,9892.378,8659.451982164885
0,extra_trees_tuned,plan_time,tuned_ml,q01_p1,no_hashjoin,14592.651,8586.909360559164
0,extra_trees_tuned,plan_time,tuned_ml,q01_p1,no_mergejoin,10802.619,8659.451982164885
0,extra_trees_tuned,plan_time,tuned_ml,q01_p1,no_nestloop,10626.043,8428.627901855487
0,extra_trees_tuned,plan_time,tuned_ml,q01_p4,default,7707.074,9304.326157243082
0,extra_trees_tuned,plan_time,tuned_ml,q01_p4,no_hashjoin,11899.903,9259.947555203422
0,extra_trees_tuned,plan_time,tuned_ml,q01_p4,no_mergejoin,11406.505,9315.74263109464
0,extra_trees_tuned,plan_time,tuned_ml,q01_p4,no_nestloop,9862.402,9066.944152545031
0,extra_trees_tuned,plan_time,tuned_ml,q03_p2,default,1513.628,1791.9281080927149
0,extra_trees_tuned,plan_time,tuned_ml,q03_p2,no_hashjoin,9935.697,8391.07450723411
0,extra_trees_tuned,plan_time,tuned_ml,q03_p2,no_mergejoin,2103.504,1788.8076045146997
0,extra_trees_tuned,plan_time,tuned_ml,q03_p2,no_nestloop,3760.127,3688.2221498837744
0,extra_trees_tuned,plan_time,tuned_ml,q03_p4,default,1825.335,1787.3521962981795
0,extra_trees_tuned,plan_time,tuned_ml,q03_p4,no_hashjoin,9233.542,8959.311612067302
0,extra_trees_tuned,plan_time,tuned_ml,q03_p4,no_mergejoin,1153.93,1784.2396568705747
0,extra_trees_tuned,plan_time,tuned_ml,q03_p4,no_nestloop,1581.882,3717.251474199744
0,extra_trees_tuned,plan_time,tuned_ml,q05_p4,default,7116.569,4938.096214342078
0,extra_trees_tuned,plan_time,tuned_ml,q05_p4,no_hashjoin,7761.671,4713.636764756746
0,extra_trees_tuned,plan_time,tuned_ml,q05_p4,no_mergejoin,14257.984,4690.026997550739
0,extra_trees_tuned,plan_time,tuned_ml,q05_p4,no_nestloop,5488.744,3344.786685497962
0,extra_trees_tuned,plan_time,tuned_ml,q06_p1,default,4169.204,2392.6770317972246
0,extra_trees_tuned,plan_time,tuned_ml,q06_p1,no_hashjoin,2672.595,2158.8092489919313
0,extra_trees_tuned,plan_time,tuned_ml,q06_p1,no_mergejoin,2169.062,2334.8474116137672
0,extra_trees_tuned,plan_time,tuned_ml,q06_p1,no_nestloop,2766.657,2251.3414407686455
0,extra_trees_tuned,plan_time,tuned_ml,q07_p0,default,33515.848,43405.42990163045
0,extra_trees_tuned,plan_time,tuned_ml,q07_p0,no_hashjoin,6605.498,13467.080365969836
0,extra_trees_tuned,plan_time,tuned_ml,q07_p0,no_mergejoin,31465.431,43405.42990163045
0,extra_trees_tuned,plan_time,tuned_ml,q07_p0,no_nestloop,2952.799,5803.847929373425
0,extra_trees_tuned,plan_time,tuned_ml,q07_p4,default,59489.379,43405.42990163045
0,extra_trees_tuned,plan_time,tuned_ml,q07_p4,no_hashjoin,12167.826,13510.988257232719
0,extra_trees_tuned,plan_time,tuned_ml,q07_p4,no_mergejoin,26668.91,43405.42990163045
0,extra_trees_tuned,plan_time,tuned_ml,q07_p4,no_nestloop,1892.741,5803.847929373425
0,extra_trees_tuned,plan_time,tuned_ml,q08_p3,default,6018.607,2647.857326333739
0,extra_trees_tuned,plan_time,tuned_ml,q08_p3,no_hashjoin,3792.658,2733.093258647261
0,extra_trees_tuned,plan_time,tuned_ml,q08_p3,no_mergejoin,3685.784,2624.128513160342
0,extra_trees_tuned,plan_time,tuned_ml,q08_p3,no_nestloop,6346.003,4550.884217259532
0,extra_trees_tuned,plan_time,tuned_ml,q09_p2,default,12046.323,12767.5989380689
0,extra_trees_tuned,plan_time,tuned_ml,q09_p2,no_hashjoin,20980.942,18711.117273425214
0,extra_trees_tuned,plan_time,tuned_ml,q09_p2,no_mergejoin,14809.125,12613.58556515565
0,extra_trees_tuned,plan_time,tuned_ml,q09_p2,no_nestloop,7339.487,10140.080647800236
0,extra_trees_tuned,plan_time,tuned_ml,q11_p0,default,3049.573,1066.2009259029933
0,extra_trees_tuned,plan_time,tuned_ml,q11_p0,no_hashjoin,904.409,1022.9954535170203
0,extra_trees_tuned,plan_time,tuned_ml,q11_p0,no_mergejoin,816.264,844.4959147588886
0,extra_trees_tuned,plan_time,tuned_ml,q11_p0,no_nestloop,1302.632,2102.493545554774
0,extra_trees_tuned,plan_time,tuned_ml,q12_p4,default,2249.037,3233.331974332976
0,extra_trees_tuned,plan_time,tuned_ml,q12_p4,no_hashjoin,3823.712,3220.59476437353
0,extra_trees_tuned,plan_time,tuned_ml,q12_p4,no_mergejoin,6799.636,3196.9765366723773
0,extra_trees_tuned,plan_time,tuned_ml,q12_p4,no_nestloop,7214.151,3021.735006196978
0,extra_trees_tuned,plan_time,tuned_ml,q14_p2,default,3528.926,2655.857037150324
0,extra_trees_tuned,plan_time,tuned_ml,q14_p2,no_hashjoin,3469.28,3253.0277697084853
0,extra_trees_tuned,plan_time,tuned_ml,q14_p2,no_mergejoin,3484.62,2590.280775250865
0,extra_trees_tuned,plan_time,tuned_ml,q14_p2,no_nestloop,2670.408,2547.274830159557
0,extra_trees_tuned,plan_time,tuned_ml,q15_p1,default,2973.557,4366.10820661626
0,extra_trees_tuned,plan_time,tuned_ml,q15_p1,no_hashjoin,3481.784,4505.927540609992
0,extra_trees_tuned,plan_time,tuned_ml,q15_p1,no_mergejoin,3814.434,4361.1022914311225
0,extra_trees_tuned,plan_time,tuned_ml,q15_p1,no_nestloop,2991.507,3845.134754646064
0,extra_trees_tuned,plan_time,tuned_ml,q16_p0,default,3583.344,1947.4757471052285
0,extra_trees_tuned,plan_time,tuned_ml,q16_p0,no_hashjoin,2973.287,1976.6195332981263
0,extra_trees_tuned,plan_time,tuned_ml,q16_p0,no_mergejoin,1724.904,1939.7417984371966
0,extra_trees_tuned,plan_time,tuned_ml,q16_p0,no_nestloop,2170.77,1867.203680407424
0,extra_trees_tuned,plan_time,tuned_ml,q19_p4,default,413.238,514.5502764580483
0,extra_trees_tuned,plan_time,tuned_ml,q19_p4,no_hashjoin,264.754,532.3817477639378
0,extra_trees_tuned,plan_time,tuned_ml,q19_p4,no_mergejoin,314.011,514.2716556461344
0,extra_trees_tuned,plan_time,tuned_ml,q19_p4,no_nestloop,3594.635,2426.2814912795907
0,extra_trees_tuned,plan_time,tuned_ml,q21_p0,default,52833.508,16942.761377393774
0,extra_trees_tuned,plan_time,tuned_ml,q21_p0,no_hashjoin,47704.612,15984.966463638386
0,extra_trees_tuned,plan_time,tuned_ml,q21_p0,no_mergejoin,18214.814,16789.059830129467
0,extra_trees_tuned,plan_time,tuned_ml,q21_p0,no_nestloop,9580.423,10198.913361216559
0,extra_trees_tuned,plan_time,tuned_ml,ds_q06_web_vs_store,default,696.566,862.5607963852331
0,extra_trees_tuned,plan_time,tuned_ml,ds_q06_web_vs_store,no_hashjoin,1647.674,1476.2787664601346
0,extra_trees_tuned,plan_time,tuned_ml,ds_q06_web_vs_store,no_mergejoin,852.859,782.382170307568
0,extra_trees_tuned,plan_time,tuned_ml,ds_q06_web_vs_store,no_nestloop,1042.574,849.4345408229391
0,extra_trees_tuned,plan_time,tuned_ml,ds_q11_inventory_check,default,519.915,470.16392701224163
0,extra_trees_tuned,plan_time,tuned_ml,ds_q11_inventory_check,no_hashjoin,947.458,1226.1426405873242
0,extra_trees_tuned,plan_time,tuned_ml,ds_q11_inventory_check,no_mergejoin,423.518,438.48182967342314
0,extra_trees_tuned,plan_time,tuned_ml,ds_q11_inventory_check,no_nestloop,343.882,462.3855715376547
0,extra_trees_tuned,plan_time,tuned_ml,ds_q17_dow_pattern,default,996.646,581.1379228314016
0,extra_trees_tuned,plan_time,tuned_ml,ds_q17_dow_pattern,no_hashjoin,2377.113,1340.5470740177673
0,extra_trees_tuned,plan_time,tuned_ml,ds_q17_dow_pattern,no_mergejoin,571.268,568.2907306235774
0,extra_trees_tuned,plan_time,tuned_ml,ds_q17_dow_pattern,no_nestloop,644.053,585.7300442001981
0,extra_trees_tuned,plan_time,tuned_ml,online_ce83de12bc,default,947.618,2652.382524131686
0,extra_trees_tuned,plan_time,tuned_ml,online_ce83de12bc,no_mergejoin,823.206,2584.0389536421917
0,extra_trees_tuned,plan_time,tuned_ml,online_ce83de12bc,no_nestloop,732.934,2545.1333177554066
0,extra_trees_tuned,plan_time,tuned_ml,online_ce83de12bc,no_hashjoin,782.553,3245.6095305172908
1,extra_trees_tuned,plan_time,tuned_ml,q03_join_customer_orders,default,13.224,33.74150662186919
1,extra_trees_tuned,plan_time,tuned_ml,q05_top_customers,default,18.031,56.64293706958876
1,extra_trees_tuned,plan_time,tuned_ml,q02,default,6173.76,4372.148827335363
1,extra_trees_tuned,plan_time,tuned_ml,q02,no_hashjoin,4302.342,4050.714174168777
1,extra_trees_tuned,plan_time,tuned_ml,q02,no_mergejoin,3199.538,4346.810789640494
1,extra_trees_tuned,plan_time,tuned_ml,q02,no_nestloop,6690.813,5826.40074219228
1,extra_trees_tuned,plan_time,tuned_ml,q04,default,1216.968,816.8601344243533
1,extra_trees_tuned,plan_time,tuned_ml,q04,no_hashjoin,1396.247,858.3336197669229
1,extra_trees_tuned,plan_time,tuned_ml,q04,no_mergejoin,1429.065,815.6314192182796
1,extra_trees_tuned,plan_time,tuned_ml,q04,no_nestloop,16777.004,4424.489878708479
1,extra_trees_tuned,plan_time,tuned_ml,q07,default,35165.908,43607.07611906285
1,extra_trees_tuned,plan_time,tuned_ml,q07,no_hashjoin,3945.736,13127.259202477828
1,extra_trees_tuned,plan_time,tuned_ml,q07,no_mergejoin,29002.507,43607.07611906285
1,extra_trees_tuned,plan_time,tuned_ml,q07,no_nestloop,2402.029,4390.131886139474
1,extra_trees_tuned,plan_time,tuned_ml,q11,default,1724.803,1221.8022518699468
1,extra_trees_tuned,plan_time,tuned_ml,q11,no_hashjoin,403.337,1182.6515762673716
1,extra_trees_tuned,plan_time,tuned_ml,q11,no_mergejoin,308.811,1217.7901506922842
1,extra_trees_tuned,plan_time,tuned_ml,q11,no_nestloop,801.703,2261.258409432968
1,extra_trees_tuned,plan_time,tuned_ml,q16,default,1605.611,2283.239544335676
1,extra_trees_tuned,plan_time,tuned_ml,q16,no_hashjoin,1383.148,2330.813392890902
1,extra_trees_tuned,plan_time,tuned_ml,q16,no_mergejoin,1106.188,2275.7837466133296
1,extra_trees_tuned,plan_time,tuned_ml,q16,no_nestloop,1324.611,2136.8239283444873
1,extra_trees_tuned,plan_time,tuned_ml,q21,default,13986.072,19072.984911127252
1,extra_trees_tuned,plan_time,tuned_ml,q21,no_hashjoin,19448.204,17947.839291588807
1,extra_trees_tuned,plan_time,tuned_ml,q21,no_mergejoin,13055.611,18838.798475702388
1,extra_trees_tuned,plan_time,tuned_ml,q21,no_nestloop,10367.542,8457.75624599107
1,extra_trees_tuned,plan_time,tuned_ml,q01_p2,default,9565.353,9814.160740533722
1,extra_trees_tuned,plan_time,tuned_ml,q01_p2,no_hashjoin,9512.992,9927.376923675472
1,extra_trees_tuned,plan_time,tuned_ml,q01_p2,no_mergejoin,13686.939,9814.160740533722
1,extra_trees_tuned,plan_time,tuned_ml,q01_p2,no_nestloop,13280.512,8877.96465122109
1,extra_trees_tuned,plan_time,tuned_ml,q03_p1,default,1789.751,1789.4485678513518
1,extra_trees_tuned,plan_time,tuned_ml,q03_p1,no_hashjoin,11886.905,9591.451037872517
1,extra_trees_tuned,plan_time,tuned_ml,q03_p1,no_mergejoin,1234.521,1789.9094959697181
1,extra_trees_tuned,plan_time,tuned_ml,q03_p1,no_nestloop,1698.449,3690.002851138831
1,extra_trees_tuned,plan_time,tuned_ml,q04_p4,default,1251.353,816.3583467148801
1,extra_trees_tuned,plan_time,tuned_ml,q04_p4,no_hashjoin,872.911,855.4861922727915
1,extra_trees_tuned,plan_time,tuned_ml,q04_p4,no_mergejoin,1007.402,815.9917450072874
1,extra_trees_tuned,plan_time,tuned_ml,q04_p4,no_nestloop,9201.859,4381.585480902165
1,extra_trees_tuned,plan_time,tuned_ml,q05_p2,default,4849.114,7319.272749298766
1,extra_trees_tuned,plan_time,tuned_ml,q05_p2,no_hashjoin,4040.571,6343.133982921605
1,extra_trees_tuned,plan_time,tuned_ml,q05_p2,no_mergejoin,3505.474,7058.257811445575
1,extra_trees_tuned,plan_time,tuned_ml,q05_p2,no_nestloop,3152.242,3370.8963732873785
1,extra_trees_tuned,plan_time,tuned_ml,q05_p3,default,4461.936,7432.712945593781
1,extra_trees_tuned,plan_time,tuned_ml,q05_p3,no_hashjoin,4576.937,6337.274421296886
1,extra_trees_tuned,plan_time,tuned_ml,q05_p3,no_mergejoin,5163.161,7087.002146537225
1,extra_trees_tuned,plan_time,tuned_ml,q05_p3,no_nestloop,4531.435,3375.323865913171
1,extra_trees_tuned,plan_time,tuned_ml,q07_p3,default,48180.292,43607.07611906285
1,extra_trees_tuned,plan_time,tuned_ml,q07_p3,no_hashjoin,20439.496,13127.259202477828
1,extra_trees_tuned,plan_time,tuned_ml,q07_p3,no_mergejoin,75622.57,43607.07611906285
1,extra_trees_tuned,plan_time,tuned_ml,q07_p3,no_nestloop,7456.51,4511.318009242279
1,extra_trees_tuned,plan_time,tuned_ml,q08_p2,default,4115.998,2784.4677357882024
1,extra_trees_tuned,plan_time,tuned_ml,q08_p2,no_hashjoin,2794.834,2964.0821783994534
1,extra_trees_tuned,plan_time,tuned_ml,q08_p2,no_mergejoin,3521.968,2719.2559731200363
1,extra_trees_tuned,plan_time,tuned_ml,q08_p2,no_nestloop,6391.806,4277.50659450098
1,extra_trees_tuned,plan_time,tuned_ml,q09_p1,default,39188.185,26770.32977936377
1,extra_trees_tuned,plan_time,tuned_ml,q09_p1,no_hashjoin,37214.359,18351.090826564025
1,extra_trees_tuned,plan_time,tuned_ml,q09_p1,no_mergejoin,17515.704,26587.840786531044
1,extra_trees_tuned,plan_time,tuned_ml,q09_p1,no_nestloop,9813.353,9264.253142464095
1,extra_trees_tuned,plan_time,tuned_ml,q11_p4,default,1992.165,1223.550226670578
1,extra_trees_tuned,plan_time,tuned_ml,q11_p4,no_hashjoin,694.319,1195.002380270314
1,extra_trees_tuned,plan_time,tuned_ml,q11_p4,no_mergejoin,595.204,1208.478377612955
1,extra_trees_tuned,plan_time,tuned_ml,q11_p4,no_nestloop,1576.498,2257.8987471030105
1,extra_trees_tuned,plan_time,tuned_ml,q12_p3,default,2243.386,3808.409482891658
1,extra_trees_tuned,plan_time,tuned_ml,q12_p3,no_hashjoin,2231.47,3714.5720287122526
1,extra_trees_tuned,plan_time,tuned_ml,q12_p3,no_mergejoin,2085.778,3760.3334396256555
1,extra_trees_tuned,plan_time,tuned_ml,q12_p3,no_nestloop,2514.896,3645.287356997594
1,extra_trees_tuned,plan_time,tuned_ml,q14_p1,default,2856.102,2149.3478674864155
1,extra_trees_tuned,plan_time,tuned_ml,q14_p1,no_hashjoin,2769.721,2566.6971909444983
1,extra_trees_tuned,plan_time,tuned_ml,q14_p1,no_mergejoin,2453.346,2138.536190300006
1,extra_trees_tuned,plan_time,tuned_ml,q14_p1,no_nestloop,2195.13,2070.887834777214
1,extra_trees_tuned,plan_time,tuned_ml,q15_p0,default,4191.151,4055.0802510771173
1,extra_trees_tuned,plan_time,tuned_ml,q15_p0,no_hashjoin,5584.123,4215.723803596399
1,extra_trees_tuned,plan_time,tuned_ml,q15_p0,no_mergejoin,5665.229,4026.9362359847087
1,extra_trees_tuned,plan_time,tuned_ml,q15_p0,no_nestloop,2830.03,3693.9208679182507
1,extra_trees_tuned,plan_time,tuned_ml,q16_p4,default,2523.064,2280.2161303041657
1,extra_trees_tuned,plan_time,tuned_ml,q16_p4,no_hashjoin,1946.083,2319.4928219026497
1,extra_trees_tuned,plan_time,tuned_ml,q16_p4,no_mergejoin,1783.659,2272.9324072524346
1,extra_trees_tuned,plan_time,tuned_ml,q16_p4,no_nestloop,2195.978,2142.029601217992
1,extra_trees_tuned,plan_time,tuned_ml,q19_p0,default,435.11,360.8341439553739
1,extra_trees_tuned,plan_time,tuned_ml,q19_p0,no_hashjoin,516.983,362.7419580588117
1,extra_trees_tuned,plan_time,tuned_ml,q19_p0,no_mergejoin,498.459,360.10464399691307
1,extra_trees_tuned,plan_time,tuned_ml,q19_p0,no_nestloop,3656.192,1806.2575090455541
1,extra_trees_tuned,plan_time,tuned_ml,q19_p3,default,392.595,360.43040584403076
1,extra_trees_tuned,plan_time,tuned_ml,q19_p3,no_hashjoin,404.667,362.47376333228266
1,extra_trees_tuned,plan_time,tuned_ml,q19_p3,no_mergejoin,494.229,359.83839381845667
1,extra_trees_tuned,plan_time,tuned_ml,q19_p3,no_nestloop,3766.083,1783.46692787757
1,extra_trees_tuned,plan_time,tuned_ml,q21_p4,default,19462.346,18838.798475702388
1,extra_trees_tuned,plan_time,tuned_ml,q21_p4,no_hashjoin,19158.111,17947.839291588807
1,extra_trees_tuned,plan_time,tuned_ml,q21_p4,no_mergejoin,21773.347,18838.798475702388
1,extra_trees_tuned,plan_time,tuned_ml,q21_p4,no_nestloop,20578.87,8406.012635628133
1,extra_trees_tuned,plan_time,tuned_ml,ds_q04_customer_topk,default,704.859,559.1425245936592
1,extra_trees_tuned,plan_time,tuned_ml,ds_q04_customer_topk,no_hashjoin,1272.521,992.7229196279676
1,extra_trees_tuned,plan_time,tuned_ml,ds_q04_customer_topk,no_mergejoin,577.718,551.1357337991744
1,extra_trees_tuned,plan_time,tuned_ml,ds_q04_customer_topk,no_nestloop,799.922,556.7522389480565
1,extra_trees_tuned,plan_time,tuned_ml,ds_q05_returns_filter,default,279.907,128.81300231830406
1,extra_trees_tuned,plan_time,tuned_ml,ds_q05_returns_filter,no_hashjoin,328.061,294.6822419994696
1,extra_trees_tuned,plan_time,tuned_ml,ds_q05_returns_filter,no_mergejoin,196.199,128.16001787309847
1,extra_trees_tuned,plan_time,tuned_ml,ds_q05_returns_filter,no_nestloop,163.456,128.74183016514448
1,extra_trees_tuned,plan_time,tuned_ml,ds_q09_avg_basket,default,481.674,347.95355042924405
1,extra_trees_tuned,plan_time,tuned_ml,ds_q09_avg_basket,no_hashjoin,512.863,349.2007792790038
1,extra_trees_tuned,plan_time,tuned_ml,ds_q09_avg_basket,no_mergejoin,420.93,346.9720975129415
1,extra_trees_tuned,plan_time,tuned_ml,ds_q09_avg_basket,no_nestloop,445.387,347.44295732584413
1,extra_trees_tuned,plan_time,tuned_ml,ds_q18_brand_topk,default,662.842,340.16093641111996
1,extra_trees_tuned,plan_time,tuned_ml,ds_q18_brand_topk,no_hashjoin,2523.984,862.4450529038153
1,extra_trees_tuned,plan_time,tuned_ml,ds_q18_brand_topk,no_mergejoin,2049.833,339.3786841871536
1,extra_trees_tuned,plan_time,tuned_ml,ds_q18_brand_topk,no_nestloop,774.295,339.2619883658055
1,extra_trees_tuned,plan_time,tuned_ml,ds_q19_self_join,default,5.488,32.8376587882632
1,extra_trees_tuned,plan_time,tuned_ml,ds_q19_self_join,no_hashjoin,0.11,32.8376587882632
1,extra_trees_tuned,plan_time,tuned_ml,ds_q19_self_join,no_mergejoin,0.106,32.8376587882632
1,extra_trees_tuned,plan_time,tuned_ml,ds_q19_self_join,no_nestloop,0.133,34.590551221080844
2,extra_trees_tuned,plan_time,tuned_ml,q10,default,1318.8,5398.775586579292
2,extra_trees_tuned,plan_time,tuned_ml,q10,no_hashjoin,4160.12,9996.939752088509
2,extra_trees_tuned,plan_time,tuned_ml,q10,no_mergejoin,1571.937,5337.185768188036
2,extra_trees_tuned,plan_time,tuned_ml,q10,no_nestloop,2518.974,5812.43304651165
2,extra_trees_tuned,plan_time,tuned_ml,q15,default,2757.332,4901.061121519753
2,extra_trees_tuned,plan_time,tuned_ml,q15,no_hashjoin,2518.908,4880.307756286938
2,extra_trees_tuned,plan_time,tuned_ml,q15,no_mergejoin,2113.783,4895.522684992541
2,extra_trees_tuned,plan_time,tuned_ml,q15,no_nestloop,2244.615,4086.083016000524
2,extra_trees_tuned,plan_time,tuned_ml,q20,default,7381.431,8544.655305683533
2,extra_trees_tuned,plan_time,tuned_ml,q20,no_hashjoin,4427.324,7038.842739924313
2,extra_trees_tuned,plan_time,tuned_ml,q20,no_mergejoin,4679.932,8439.469541411081
2,extra_trees_tuned,plan_time,tuned_ml,q01_p3,default,13984.334,9667.682724693086
2,extra_trees_tuned,plan_time,tuned_ml,q01_p3,no_hashjoin,15019.025,9680.787827987811
2,extra_trees_tuned,plan_time,tuned_ml,q01_p3,no_mergejoin,12287.425,9667.682724693086
2,extra_trees_tuned,plan_time,tuned_ml,q01_p3,no_nestloop,11661.957,8890.72794298746
2,extra_trees_tuned,plan_time,tuned_ml,q02_p0,default,23413.931,3714.5808747100773
2,extra_trees_tuned,plan_time,tuned_ml,q02_p0,no_hashjoin,3964.82,3939.902525663521
2,extra_trees_tuned,plan_time,tuned_ml,q02_p0,no_mergejoin,3313.199,3690.9937469705724
2,extra_trees_tuned,plan_time,tuned_ml,q02_p0,no_nestloop,8545.085,5579.257419708626
2,extra_trees_tuned,plan_time,tuned_ml,q02_p2,default,3165.46,3690.576007108603
2,extra_trees_tuned,plan_time,tuned_ml,q02_p2,no_hashjoin,5007.324,3950.066903246034
2,extra_trees_tuned,plan_time,tuned_ml,q02_p2,no_mergejoin,3606.714,3690.9937469705724
2,extra_trees_tuned,plan_time,tuned_ml,q02_p2,no_nestloop,7216.648,5582.636983518304
2,extra_trees_tuned,plan_time,tuned_ml,q03_p0,default,2635.037,1721.9542572400896
2,extra_trees_tuned,plan_time,tuned_ml,q03_p0,no_hashjoin,18114.795,9379.976444567332
2,extra_trees_tuned,plan_time,tuned_ml,q03_p0,no_mergejoin,1944.902,1720.6269557341302
2,extra_trees_tuned,plan_time,tuned_ml,q03_p0,no_nestloop,5589.845,3023.0289644047184
2,extra_trees_tuned,plan_time,tuned_ml,q04_p3,default,990.862,874.0087238244809
2,extra_trees_tuned,plan_time,tuned_ml,q04_p3,no_hashjoin,1329.233,889.8203276644635
2,extra_trees_tuned,plan_time,tuned_ml,q04_p3,no_mergejoin,1103.474,873.4866240479606
2,extra_trees_tuned,plan_time,tuned_ml,q04_p3,no_nestloop,8503.564,5503.87359197983
2,extra_trees_tuned,plan_time,tuned_ml,q05_p1,default,6327.661,6248.543887583914
2,extra_trees_tuned,plan_time,tuned_ml,q05_p1,no_hashjoin,3334.809,6303.576638269693
2,extra_trees_tuned,plan_time,tuned_ml,q05_p1,no_mergejoin,3473.214,6210.966392853367
2,extra_trees_tuned,plan_time,tuned_ml,q05_p1,no_nestloop,2614.839,3914.931596518758
2,extra_trees_tuned,plan_time,tuned_ml,q06_p2,default,4135.177,2787.9197792336818
2,extra_trees_tuned,plan_time,tuned_ml,q06_p2,no_hashjoin,3106.429,2235.3577619045177
2,extra_trees_tuned,plan_time,tuned_ml,q06_p2,no_mergejoin,2665.156,2700.7407301917283
2,extra_trees_tuned,plan_time,tuned_ml,q06_p2,no_nestloop,2697.838,2659.6442938623095
2,extra_trees_tuned,plan_time,tuned_ml,q07_p2,default,42141.36,41107.13655384987
2,extra_trees_tuned,plan_time,tuned_ml,q07_p2,no_hashjoin,10847.283,12339.577186523009
2,extra_trees_tuned,plan_time,tuned_ml,q07_p2,no_mergejoin,49967.521,41107.13655384987
2,extra_trees_tuned,plan_time,tuned_ml,q07_p2,no_nestloop,8066.19,4185.113634179748
2,extra_trees_tuned,plan_time,tuned_ml,q08_p1,default,2058.638,3066.958083723584
2,extra_trees_tuned,plan_time,tuned_ml,q08_p1,no_hashjoin,2498.809,3042.469430983322
2,extra_trees_tuned,plan_time,tuned_ml,q08_p1,no_mergejoin,2816.12,3066.958083723584
2,extra_trees_tuned,plan_time,tuned_ml,q08_p1,no_nestloop,5506.494,4565.581346417357
2,extra_trees_tuned,plan_time,tuned_ml,q09_p0,default,27540.065,11146.098339165763
2,extra_trees_tuned,plan_time,tuned_ml,q09_p0,no_hashjoin,44491.972,17589.460835700895
2,extra_trees_tuned,plan_time,tuned_ml,q09_p0,no_mergejoin,20940.383,11075.157585777666
2,extra_trees_tuned,plan_time,tuned_ml,q09_p0,no_nestloop,16162.56,8251.075220075643
2,extra_trees_tuned,plan_time,tuned_ml,q11_p3,default,1976.909,1084.636475768845
2,extra_trees_tuned,plan_time,tuned_ml,q11_p3,no_hashjoin,748.431,1055.7316545709434
2,extra_trees_tuned,plan_time,tuned_ml,q11_p3,no_mergejoin,562.144,1029.1083023293418
2,extra_trees_tuned,plan_time,tuned_ml,q11_p3,no_nestloop,1681.782,1877.467545158993
2,extra_trees_tuned,plan_time,tuned_ml,q12_p2,default,2149.287,3844.580358121299
2,extra_trees_tuned,plan_time,tuned_ml,q12_p2,no_hashjoin,2364.648,3910.0000389691972
2,extra_trees_tuned,plan_time,tuned_ml,q12_p2,no_mergejoin,2164.549,3844.4783201560986
2,extra_trees_tuned,plan_time,tuned_ml,q12_p2,no_nestloop,1854.457,3601.1095288264855
2,extra_trees_tuned,plan_time,tuned_ml,q14_p0,default,2971.513,2073.8056207690574
2,extra_trees_tuned,plan_time,tuned_ml,q14_p0,no_hashjoin,3770.611,2574.071655130711
2,extra_trees_tuned,plan_time,tuned_ml,q14_p0,no_mergejoin,4340.477,2062.9700804943745
2,extra_trees_tuned,plan_time,tuned_ml,q14_p0,no_nestloop,3252.169,2049.369214405121
2,extra_trees_tuned,plan_time,tuned_ml,q15_p4,default,3928.715,4794.318101486632
2,extra_trees_tuned,plan_time,tuned_ml,q15_p4,no_hashjoin,3612.135,4862.351354899777
2,extra_trees_tuned,plan_time,tuned_ml,q15_p4,no_mergejoin,4176.719,4822.641488114854
2,extra_trees_tuned,plan_time,tuned_ml,q15_p4,no_nestloop,4123.565,4060.261630368154
2,extra_trees_tuned,plan_time,tuned_ml,q16_p3,default,2142.518,2077.2697391886772
2,extra_trees_tuned,plan_time,tuned_ml,q16_p3,no_hashjoin,2488.674,2118.9349899187932
2,extra_trees_tuned,plan_time,tuned_ml,q16_p3,no_mergejoin,2170.027,2066.6856667954235
2,extra_trees_tuned,plan_time,tuned_ml,q16_p3,no_nestloop,1427.093,1984.6996372142914
2,extra_trees_tuned,plan_time,tuned_ml,q17_p2,default,5596.138,5835.457792042857
2,extra_trees_tuned,plan_time,tuned_ml,q17_p2,no_hashjoin,730.087,1743.5356452090334
2,extra_trees_tuned,plan_time,tuned_ml,q17_p2,no_mergejoin,4160.795,5814.634784859375
2,extra_trees_tuned,plan_time,tuned_ml,q17_p2,no_nestloop,4012.796,5544.254775639214
2,extra_trees_tuned,plan_time,tuned_ml,q17_p3,default,5259.441,5837.96346495929
2,extra_trees_tuned,plan_time,tuned_ml,q17_p3,no_hashjoin,821.265,1746.201747044081
2,extra_trees_tuned,plan_time,tuned_ml,q17_p3,no_mergejoin,5243.261,5820.770818347768
2,extra_trees_tuned,plan_time,tuned_ml,q17_p3,no_nestloop,7027.809,5552.236794405686
2,extra_trees_tuned,plan_time,tuned_ml,q19_p2,default,231.761,244.2423908703928
2,extra_trees_tuned,plan_time,tuned_ml,q19_p2,no_hashjoin,251.742,245.38524142549633
2,extra_trees_tuned,plan_time,tuned_ml,q19_p2,no_mergejoin,298.061,244.03008466770055
2,extra_trees_tuned,plan_time,tuned_ml,q19_p2,no_nestloop,232.592,2902.470013865132
2,extra_trees_tuned,plan_time,tuned_ml,q20_p0,default,6531.394,8544.655305683533
2,extra_trees_tuned,plan_time,tuned_ml,q20_p0,no_hashjoin,3627.978,7033.881249152966
2,extra_trees_tuned,plan_time,tuned_ml,q20_p0,no_mergejoin,4085.213,8439.469541411081
2,extra_trees_tuned,plan_time,tuned_ml,q21_p3,default,17560.987,18435.58917482104
2,extra_trees_tuned,plan_time,tuned_ml,q21_p3,no_hashjoin,17085.046,18461.558569223587
2,extra_trees_tuned,plan_time,tuned_ml,q21_p3,no_mergejoin,17104.211,18422.59556538607
2,extra_trees_tuned,plan_time,tuned_ml,q21_p3,no_nestloop,11808.777,9205.90199511717
2,extra_trees_tuned,plan_time,tuned_ml,ds_q03_promo_effect,default,639.997,461.53221231245107
2,extra_trees_tuned,plan_time,tuned_ml,ds_q03_promo_effect,no_hashjoin,2233.295,621.6767497393737
2,extra_trees_tuned,plan_time,tuned_ml,ds_q03_promo_effect,no_mergejoin,613.607,457.96908696205315
2,extra_trees_tuned,plan_time,tuned_ml,ds_q03_promo_effect,no_nestloop,389.256,458.1189706530599
2,extra_trees_tuned,plan_time,tuned_ml,ds_q08_addr_filter,default,89.476,16.67251009001079
2,extra_trees_tuned,plan_time,tuned_ml,ds_q08_addr_filter,no_hashjoin,43.675,25.304521345784334
2,extra_trees_tuned,plan_time,tuned_ml,ds_q08_addr_filter,no_mergejoin,39.483,16.67251009001079
2,extra_trees_tuned,plan_time,tuned_ml,ds_q08_addr_filter,no_nestloop,61.302,16.67251009001079
2,extra_trees_tuned,plan_time,tuned_ml,ds_q12_catalog_topk,default,531.523,456.2326845065653
2,extra_trees_tuned,plan_time,tuned_ml,ds_q12_catalog_topk,no_hashjoin,968.577,862.3122304013511
2,extra_trees_tuned,plan_time,tuned_ml,ds_q12_catalog_topk,no_mergejoin,392.038,455.1175117906276
2,extra_trees_tuned,plan_time,tuned_ml,ds_q12_catalog_topk,no_nestloop,356.789,455.682203228719
2,extra_trees_tuned,plan_time,tuned_ml,ds_q15_returns_ratio,default,810.594,866.1209754736183
2,extra_trees_tuned,plan_time,tuned_ml,ds_q15_returns_ratio,no_hashjoin,2445.148,1436.5230371071011
2,extra_trees_tuned,plan_time,tuned_ml,ds_q15_returns_ratio,no_mergejoin,643.784,850.1975466984634
2,extra_trees_tuned,plan_time,tuned_ml,ds_q15_returns_ratio,no_nestloop,729.727,866.0084067544062
2,extra_trees_tuned,plan_time,tuned_ml,online_b21324f41e,default,256.352,866.7176479790991
2,extra_trees_tuned,plan_time,tuned_ml,online_b21324f41e,no_mergejoin,160.573,859.5592272152186
2,extra_trees_tuned,plan_time,tuned_ml,online_b21324f41e,no_nestloop,160.279,865.5505066138751
2,extra_trees_tuned,plan_time,tuned_ml,online_b21324f41e,no_hashjoin,301.284,1371.4926507110747
3,extra_trees_tuned,plan_time,tuned_ml,q03,default,1640.223,1694.8880503007429
3,extra_trees_tuned,plan_time,tuned_ml,q03,no_hashjoin,15919.201,8377.71289211748
3,extra_trees_tuned,plan_time,tuned_ml,q03,no_mergejoin,2101.658,1685.509600128104
3,extra_trees_tuned,plan_time,tuned_ml,q03,no_nestloop,2195.742,3535.7843634020082
3,extra_trees_tuned,plan_time,tuned_ml,q09,default,23625.277,10865.594416869004
3,extra_trees_tuned,plan_time,tuned_ml,q09,no_hashjoin,30860.744,19379.674558677823
3,extra_trees_tuned,plan_time,tuned_ml,q09,no_mergejoin,19454.599,10777.472968152946
3,extra_trees_tuned,plan_time,tuned_ml,q09,no_nestloop,9471.806,9003.998516217149
3,extra_trees_tuned,plan_time,tuned_ml,q14,default,1878.312,2181.8749086728235
3,extra_trees_tuned,plan_time,tuned_ml,q14,no_hashjoin,1806.03,2837.1265450555743
3,extra_trees_tuned,plan_time,tuned_ml,q14,no_mergejoin,1504.265,2106.932775685965
3,extra_trees_tuned,plan_time,tuned_ml,q14,no_nestloop,2199.709,2100.2859457750446
3,extra_trees_tuned,plan_time,tuned_ml,q02_p1,default,4831.789,4257.288147147982
3,extra_trees_tuned,plan_time,tuned_ml,q02_p1,no_hashjoin,7944.497,3732.1112128101045
3,extra_trees_tuned,plan_time,tuned_ml,q02_p1,no_mergejoin,7564.481,3701.075927961599
3,extra_trees_tuned,plan_time,tuned_ml,q02_p1,no_nestloop,6618.888,6612.779893180028
3,extra_trees_tuned,plan_time,tuned_ml,q02_p3,default,3892.114,4292.917684899984
3,extra_trees_tuned,plan_time,tuned_ml,q02_p3,no_hashjoin,3155.964,3750.9966953140524
3,extra_trees_tuned,plan_time,tuned_ml,q02_p3,no_mergejoin,4532.378,3703.6681961098457
3,extra_trees_tuned,plan_time,tuned_ml,q02_p3,no_nestloop,5564.808,6693.830583889581
3,extra_trees_tuned,plan_time,tuned_ml,q04_p0,default,698.777,987.2207210426818
3,extra_trees_tuned,plan_time,tuned_ml,q04_p0,no_hashjoin,711.225,996.7216956793812
3,extra_trees_tuned,plan_time,tuned_ml,q04_p0,no_mergejoin,778.803,959.1327429141602
3,extra_trees_tuned,plan_time,tuned_ml,q04_p0,no_nestloop,3866.661,5970.82259463802
3,extra_trees_tuned,plan_time,tuned_ml,q05_p0,default,8204.45,6124.5465638258165
3,extra_trees_tuned,plan_time,tuned_ml,q05_p0,no_hashjoin,5962.965,5628.5823851089
3,extra_trees_tuned,plan_time,tuned_ml,q05_p0,no_mergejoin,4610.027,5996.3463163969345
3,extra_trees_tuned,plan_time,tuned_ml,q05_p0,no_nestloop,2611.541,3583.1935512474915
3,extra_trees_tuned,plan_time,tuned_ml,q06_p3,default,3480.088,2764.3102890711402
3,extra_trees_tuned,plan_time,tuned_ml,q06_p3,no_hashjoin,2996.05,2617.691831266617
3,extra_trees_tuned,plan_time,tuned_ml,q06_p3,no_mergejoin,2669.903,2760.698610119752
3,extra_trees_tuned,plan_time,tuned_ml,q06_p3,no_nestloop,4023.332,2713.5479756311065
3,extra_trees_tuned,plan_time,tuned_ml,q06_p4,default,5669.9,2766.079806810841
3,extra_trees_tuned,plan_time,tuned_ml,q06_p4,no_hashjoin,2089.769,2612.4551062614246
3,extra_trees_tuned,plan_time,tuned_ml,q06_p4,no_mergejoin,4714.611,2768.402991073723
3,extra_trees_tuned,plan_time,tuned_ml,q06_p4,no_nestloop,1983.072,2713.5479756311065
3,extra_trees_tuned,plan_time,tuned_ml,q08_p0,default,2318.738,3248.924905278105
3,extra_trees_tuned,plan_time,tuned_ml,q08_p0,no_hashjoin,1937.078,3249.778319348193
3,extra_trees_tuned,plan_time,tuned_ml,q08_p0,no_mergejoin,2662.364,2859.451382149824
3,extra_trees_tuned,plan_time,tuned_ml,q08_p0,no_nestloop,4359.179,4632.215170008149
3,extra_trees_tuned,plan_time,tuned_ml,q09_p4,default,8298.719,10735.080902045549
3,extra_trees_tuned,plan_time,tuned_ml,q09_p4,no_hashjoin,16043.449,19241.30325910241
3,extra_trees_tuned,plan_time,tuned_ml,q09_p4,no_mergejoin,10137.559,10826.715298530868
3,extra_trees_tuned,plan_time,tuned_ml,q09_p4,no_nestloop,11374.003,9003.998516217149
3,extra_trees_tuned,plan_time,tuned_ml,q11_p2,default,1218.799,1055.9767085355618
3,extra_trees_tuned,plan_time,tuned_ml,q11_p2,no_hashjoin,843.429,1015.6565056669688
3,extra_trees_tuned,plan_time,tuned_ml,q11_p2,no_mergejoin,2433.052,846.0223727240165
3,extra_trees_tuned,plan_time,tuned_ml,q11_p2,no_nestloop,3181.035,1582.163472881319
3,extra_trees_tuned,plan_time,tuned_ml,q12_p1,default,6508.802,3530.1138948318467
3,extra_trees_tuned,plan_time,tuned_ml,q12_p1,no_hashjoin,3209.493,3497.943344782605
3,extra_trees_tuned,plan_time,tuned_ml,q12_p1,no_mergejoin,2447.656,3494.928044680246
3,extra_trees_tuned,plan_time,tuned_ml,q12_p1,no_nestloop,1816.0,3410.1929329404684
3,extra_trees_tuned,plan_time,tuned_ml,q14_p4,default,3773.783,2381.7398415821376
3,extra_trees_tuned,plan_time,tuned_ml,q14_p4,no_hashjoin,2474.995,2964.2407440825264
3,extra_trees_tuned,plan_time,tuned_ml,q14_p4,no_mergejoin,2967.284,2301.958859340923
3,extra_trees_tuned,plan_time,tuned_ml,q14_p4,no_nestloop,2601.241,2323.8783306417713
3,extra_trees_tuned,plan_time,tuned_ml,q15_p3,default,4889.391,3837.7760412106036
3,extra_trees_tuned,plan_time,tuned_ml,q15_p3,no_hashjoin,5317.028,4047.7469216129944
3,extra_trees_tuned,plan_time,tuned_ml,q15_p3,no_mergejoin,5676.261,3836.902546323652
3,extra_trees_tuned,plan_time,tuned_ml,q15_p3,no_nestloop,5457.38,3510.0033043149997
3,extra_trees_tuned,plan_time,tuned_ml,q16_p2,default,2458.46,2046.5598539645955
3,extra_trees_tuned,plan_time,tuned_ml,q16_p2,no_hashjoin,2627.809,2104.9658651556892
3,extra_trees_tuned,plan_time,tuned_ml,q16_p2,no_mergejoin,1893.313,2040.9997664163373
3,extra_trees_tuned,plan_time,tuned_ml,q16_p2,no_nestloop,2458.918,1890.971088459079
3,extra_trees_tuned,plan_time,tuned_ml,q17_p1,default,11535.719,5570.272708546727
3,extra_trees_tuned,plan_time,tuned_ml,q17_p1,no_hashjoin,2053.23,1618.945650963401
3,extra_trees_tuned,plan_time,tuned_ml,q17_p1,no_mergejoin,7398.36,5572.017717988404
3,extra_trees_tuned,plan_time,tuned_ml,q17_p1,no_nestloop,4296.241,5644.892491198708
3,extra_trees_tuned,plan_time,tuned_ml,q17_p4,default,4937.429,5570.272708546727
3,extra_trees_tuned,plan_time,tuned_ml,q17_p4,no_hashjoin,664.182,1603.1347065006112
3,extra_trees_tuned,plan_time,tuned_ml,q17_p4,no_mergejoin,4008.003,5570.272708546727
3,extra_trees_tuned,plan_time,tuned_ml,q17_p4,no_nestloop,4202.008,5653.981280425672
3,extra_trees_tuned,plan_time,tuned_ml,q20_p1,default,2525.096,4847.798652613997
3,extra_trees_tuned,plan_time,tuned_ml,q20_p1,no_hashjoin,2273.024,4670.9854673601385
3,extra_trees_tuned,plan_time,tuned_ml,q20_p1,no_mergejoin,2129.206,4824.335249513588
3,extra_trees_tuned,plan_time,tuned_ml,q20_p1,no_nestloop,278747.214,6657.897182675585
3,extra_trees_tuned,plan_time,tuned_ml,q20_p3,default,11028.75,4950.6099691127565
3,extra_trees_tuned,plan_time,tuned_ml,q20_p3,no_hashjoin,10269.854,4670.9854673601385
3,extra_trees_tuned,plan_time,tuned_ml,q20_p3,no_mergejoin,13299.016,4837.132322649806
3,extra_trees_tuned,plan_time,tuned_ml,q20_p4,default,70494.953,4952.119532446305
3,extra_trees_tuned,plan_time,tuned_ml,q20_p4,no_hashjoin,17808.234,4670.9854673601385
3,extra_trees_tuned,plan_time,tuned_ml,q20_p4,no_mergejoin,22436.179,4837.132322649806
3,extra_trees_tuned,plan_time,tuned_ml,q21_p2,default,12400.143,19404.91483513212
3,extra_trees_tuned,plan_time,tuned_ml,q21_p2,no_hashjoin,16524.084,18194.646434188304
3,extra_trees_tuned,plan_time,tuned_ml,q21_p2,no_mergejoin,11762.799,19392.505522942844
3,extra_trees_tuned,plan_time,tuned_ml,q21_p2,no_nestloop,9402.375,9661.980869402612
3,extra_trees_tuned,plan_time,tuned_ml,ds_q02_topk_revenue,default,1542.053,748.0974829177698
3,extra_trees_tuned,plan_time,tuned_ml,ds_q02_topk_revenue,no_hashjoin,1352.97,1319.0232773851149
3,extra_trees_tuned,plan_time,tuned_ml,ds_q02_topk_revenue,no_mergejoin,543.457,668.9795557080697
3,extra_trees_tuned,plan_time,tuned_ml,ds_q02_topk_revenue,no_nestloop,667.532,747.4107569338737
3,extra_trees_tuned,plan_time,tuned_ml,ds_q07_yearly_trend,default,1811.255,610.4531002541654
3,extra_trees_tuned,plan_time,tuned_ml,ds_q07_yearly_trend,no_hashjoin,1572.343,1015.4054328355325
3,extra_trees_tuned,plan_time,tuned_ml,ds_q07_yearly_trend,no_mergejoin,572.578,603.1248569429656
3,extra_trees_tuned,plan_time,tuned_ml,ds_q07_yearly_trend,no_nestloop,616.613,609.7473676896802
3,extra_trees_tuned,plan_time,tuned_ml,ds_q14_state_revenue,default,495.792,680.1260774907751
3,extra_trees_tuned,plan_time,tuned_ml,ds_q14_state_revenue,no_hashjoin,1105.507,1334.4112491589553
3,extra_trees_tuned,plan_time,tuned_ml,ds_q14_state_revenue,no_mergejoin,802.114,611.7059334406088
3,extra_trees_tuned,plan_time,tuned_ml,ds_q14_state_revenue,no_nestloop,778.636,669.077818034033
3,extra_trees_tuned,plan_time,tuned_ml,ds_q16_web_returns,default,86.387,9.122880443402089
3,extra_trees_tuned,plan_time,tuned_ml,ds_q16_web_returns,no_hashjoin,52.615,9.122880443402089
3,extra_trees_tuned,plan_time,tuned_ml,ds_q16_web_returns,no_mergejoin,35.959,9.122880443402089
3,extra_trees_tuned,plan_time,tuned_ml,ds_q16_web_returns,no_nestloop,37.871,9.122880443402089
3,extra_trees_tuned,plan_time,tuned_ml,online_749218157a,default,1747.386,2764.221933163351
3,extra_trees_tuned,plan_time,tuned_ml,online_749218157a,no_hashjoin,1146.033,2616.2061302601523
3,extra_trees_tuned,plan_time,tuned_ml,online_749218157a,no_mergejoin,1039.564,2765.0942504560717
3,extra_trees_tuned,plan_time,tuned_ml,online_749218157a,no_nestloop,1177.454,2722.4941207787415
3,extra_trees_tuned,plan_time,tuned_ml,online_dac91519b8,default,208.479,610.4531002541654
3,extra_trees_tuned,plan_time,tuned_ml,online_dac91519b8,no_hashjoin,316.51,1015.4054328355325
3,extra_trees_tuned,plan_time,tuned_ml,online_dac91519b8,no_mergejoin,194.431,597.6918071531392
3,extra_trees_tuned,plan_time,tuned_ml,online_dac91519b8,no_nestloop,217.28,609.7473676896802
4,extra_trees_tuned,plan_time,tuned_ml,q04_agg_total_per_country,default,36.801,90.6360986768299
4,extra_trees_tuned,plan_time,tuned_ml,q06_status_breakdown,default,22.161,71.03039564646971
4,extra_trees_tuned,plan_time,tuned_ml,q06,default,2272.089,2240.6704227289742
4,extra_trees_tuned,plan_time,tuned_ml,q06,no_hashjoin,1791.259,2144.534225799989
4,extra_trees_tuned,plan_time,tuned_ml,q06,no_mergejoin,1959.172,2204.921862123199
4,extra_trees_tuned,plan_time,tuned_ml,q06,no_nestloop,1737.52,2142.109429916603
4,extra_trees_tuned,plan_time,tuned_ml,q08,default,2118.05,2987.615561614428
4,extra_trees_tuned,plan_time,tuned_ml,q08,no_hashjoin,1382.048,3043.009253419101
4,extra_trees_tuned,plan_time,tuned_ml,q08,no_mergejoin,1513.581,2935.89967798587
4,extra_trees_tuned,plan_time,tuned_ml,q08,no_nestloop,2374.629,5020.2282174759885
4,extra_trees_tuned,plan_time,tuned_ml,q13,default,2831.432,2992.5026880251276
4,extra_trees_tuned,plan_time,tuned_ml,q13,no_hashjoin,23582.006,3576.122740773836
4,extra_trees_tuned,plan_time,tuned_ml,q13,no_mergejoin,2595.487,2985.5471518632867
4,extra_trees_tuned,plan_time,tuned_ml,q13,no_nestloop,2688.645,2987.4416641593016
4,extra_trees_tuned,plan_time,tuned_ml,q18,default,13888.445,7941.47071063375
4,extra_trees_tuned,plan_time,tuned_ml,q18,no_hashjoin,14970.42,9267.622134678766
4,extra_trees_tuned,plan_time,tuned_ml,q18,no_mergejoin,16967.045,8306.91602990454
4,extra_trees_tuned,plan_time,tuned_ml,q18,no_nestloop,17635.017,5532.038366367538
4,extra_trees_tuned,plan_time,tuned_ml,q01_p0,default,3349.141,11009.980872399448
4,extra_trees_tuned,plan_time,tuned_ml,q01_p0,no_hashjoin,4540.459,11088.370884069065
4,extra_trees_tuned,plan_time,tuned_ml,q01_p0,no_mergejoin,10943.592,11012.384829254494
4,extra_trees_tuned,plan_time,tuned_ml,q01_p0,no_nestloop,8294.856,10427.706138240403
4,extra_trees_tuned,plan_time,tuned_ml,q02_p4,default,1973.717,4830.028928580426
4,extra_trees_tuned,plan_time,tuned_ml,q02_p4,no_hashjoin,1809.446,4634.396950795563
4,extra_trees_tuned,plan_time,tuned_ml,q02_p4,no_mergejoin,2038.239,4806.194931177117
4,extra_trees_tuned,plan_time,tuned_ml,q02_p4,no_nestloop,4826.137,6789.2639467214985
4,extra_trees_tuned,plan_time,tuned_ml,q03_p3,default,2118.779,1746.3856584943976
4,extra_trees_tuned,plan_time,tuned_ml,q03_p3,no_hashjoin,12346.115,8565.399848034313
4,extra_trees_tuned,plan_time,tuned_ml,q03_p3,no_mergejoin,1371.854,1743.1370281150023
4,extra_trees_tuned,plan_time,tuned_ml,q03_p3,no_nestloop,3581.978,3182.2910735088785
4,extra_trees_tuned,plan_time,tuned_ml,q04_p1,default,616.709,1015.8080559673963
4,extra_trees_tuned,plan_time,tuned_ml,q04_p1,no_hashjoin,714.221,1019.1272616184148
4,extra_trees_tuned,plan_time,tuned_ml,q04_p1,no_mergejoin,781.058,1006.8849297756195
4,extra_trees_tuned,plan_time,tuned_ml,q04_p1,no_nestloop,4254.901,6075.859083833389
4,extra_trees_tuned,plan_time,tuned_ml,q04_p2,default,706.16,1023.5366425244977
4,extra_trees_tuned,plan_time,tuned_ml,q04_p2,no_hashjoin,693.738,1028.0786121956544
4,extra_trees_tuned,plan_time,tuned_ml,q04_p2,no_mergejoin,797.277,1015.5599428530471
4,extra_trees_tuned,plan_time,tuned_ml,q04_p2,no_nestloop,4757.625,6051.9121237653435
4,extra_trees_tuned,plan_time,tuned_ml,q06_p0,default,4046.07,2271.3463628225913
4,extra_trees_tuned,plan_time,tuned_ml,q06_p0,no_hashjoin,3038.813,2127.0744639049444
4,extra_trees_tuned,plan_time,tuned_ml,q06_p0,no_mergejoin,3906.789,2204.921862123199
4,extra_trees_tuned,plan_time,tuned_ml,q06_p0,no_nestloop,3998.758,2153.083307599191
4,extra_trees_tuned,plan_time,tuned_ml,q07_p1,default,48689.845,39404.431268204404
4,extra_trees_tuned,plan_time,tuned_ml,q07_p1,no_hashjoin,15251.364,12475.399497304983
4,extra_trees_tuned,plan_time,tuned_ml,q07_p1,no_mergejoin,53754.001,39417.75849838484
4,extra_trees_tuned,plan_time,tuned_ml,q07_p1,no_nestloop,5609.712,4608.471482305818
4,extra_trees_tuned,plan_time,tuned_ml,q08_p4,default,5660.325,2998.3792578778352
4,extra_trees_tuned,plan_time,tuned_ml,q08_p4,no_hashjoin,6197.882,3082.4304355776735
4,extra_trees_tuned,plan_time,tuned_ml,q08_p4,no_mergejoin,2379.517,2987.824051407698
4,extra_trees_tuned,plan_time,tuned_ml,q08_p4,no_nestloop,5048.417,5020.2282174759885
4,extra_trees_tuned,plan_time,tuned_ml,q09_p3,default,6549.707,15244.634051206725
4,extra_trees_tuned,plan_time,tuned_ml,q09_p3,no_hashjoin,13347.475,22747.42931753949
4,extra_trees_tuned,plan_time,tuned_ml,q09_p3,no_mergejoin,5954.025,15033.076923485889
4,extra_trees_tuned,plan_time,tuned_ml,q09_p3,no_nestloop,3600.447,10990.61691832804
4,extra_trees_tuned,plan_time,tuned_ml,q11_p1,default,2820.861,1014.3981393741235
4,extra_trees_tuned,plan_time,tuned_ml,q11_p1,no_hashjoin,834.804,978.6719406167341
4,extra_trees_tuned,plan_time,tuned_ml,q11_p1,no_mergejoin,854.796,944.5922327931006
4,extra_trees_tuned,plan_time,tuned_ml,q11_p1,no_nestloop,1680.754,1927.903293254415
4,extra_trees_tuned,plan_time,tuned_ml,q12_p0,default,12501.249,3152.2614928360326
4,extra_trees_tuned,plan_time,tuned_ml,q12_p0,no_hashjoin,5870.008,3003.0388431220163
4,extra_trees_tuned,plan_time,tuned_ml,q12_p0,no_mergejoin,4893.417,3122.427227669987
4,extra_trees_tuned,plan_time,tuned_ml,q12_p0,no_nestloop,3516.724,3084.937730633785
4,extra_trees_tuned,plan_time,tuned_ml,q14_p3,default,3822.122,2478.125781310531
4,extra_trees_tuned,plan_time,tuned_ml,q14_p3,no_hashjoin,5657.868,2397.720842373851
4,extra_trees_tuned,plan_time,tuned_ml,q14_p3,no_mergejoin,5261.081,2513.1552725495117
4,extra_trees_tuned,plan_time,tuned_ml,q14_p3,no_nestloop,3418.002,2410.399896934257
4,extra_trees_tuned,plan_time,tuned_ml,q15_p2,default,4505.763,3894.58606714626
4,extra_trees_tuned,plan_time,tuned_ml,q15_p2,no_hashjoin,6508.556,3940.5821226648773
4,extra_trees_tuned,plan_time,tuned_ml,q15_p2,no_mergejoin,5286.807,3893.9739599864215
4,extra_trees_tuned,plan_time,tuned_ml,q15_p2,no_nestloop,5383.88,3675.928017166477
4,extra_trees_tuned,plan_time,tuned_ml,q16_p1,default,2655.656,2026.2559207361992
4,extra_trees_tuned,plan_time,tuned_ml,q16_p1,no_hashjoin,1923.553,2072.5031378694625
4,extra_trees_tuned,plan_time,tuned_ml,q16_p1,no_mergejoin,2945.97,2006.1161017660963
4,extra_trees_tuned,plan_time,tuned_ml,q16_p1,no_nestloop,1993.228,1905.3463880001987
4,extra_trees_tuned,plan_time,tuned_ml,q17_p0,default,10431.913,5233.039517958901
4,extra_trees_tuned,plan_time,tuned_ml,q17_p0,no_hashjoin,1729.994,1272.7859966125932
4,extra_trees_tuned,plan_time,tuned_ml,q17_p0,no_mergejoin,8897.062,5194.98579169226
4,extra_trees_tuned,plan_time,tuned_ml,q17_p0,no_nestloop,9330.833,5087.9711539246255
4,extra_trees_tuned,plan_time,tuned_ml,q19_p1,default,1205.132,450.36528418233405
4,extra_trees_tuned,plan_time,tuned_ml,q19_p1,no_hashjoin,454.037,455.7075711019021
4,extra_trees_tuned,plan_time,tuned_ml,q19_p1,no_mergejoin,371.417,449.11104878058364
4,extra_trees_tuned,plan_time,tuned_ml,q19_p1,no_nestloop,3774.525,1975.4904351879807
4,extra_trees_tuned,plan_time,tuned_ml,q20_p2,default,5046.379,8159.040307897807
4,extra_trees_tuned,plan_time,tuned_ml,q20_p2,no_hashjoin,3476.229,6666.203935339363
4,extra_trees_tuned,plan_time,tuned_ml,q20_p2,no_mergejoin,3548.939,8136.078113990781
4,extra_trees_tuned,plan_time,tuned_ml,q21_p1,default,17294.152,18678.355170627477
4,extra_trees_tuned,plan_time,tuned_ml,q21_p1,no_hashjoin,18352.588,16547.20429670455
4,extra_trees_tuned,plan_time,tuned_ml,q21_p1,no_mergejoin,18510.851,18508.177771756793
4,extra_trees_tuned,plan_time,tuned_ml,q21_p1,no_nestloop,10391.969,9289.261296214969
4,extra_trees_tuned,plan_time,tuned_ml,ds_q01_filter_agg,default,1042.995,505.3106072543837
4,extra_trees_tuned,plan_time,tuned_ml,ds_q01_filter_agg,no_hashjoin,810.184,886.752121589738
4,extra_trees_tuned,plan_time,tuned_ml,ds_q01_filter_agg,no_mergejoin,537.585,491.04595405075503
4,extra_trees_tuned,plan_time,tuned_ml,ds_q01_filter_agg,no_nestloop,1482.016,491.72803872938516
4,extra_trees_tuned,plan_time,tuned_ml,ds_q10_window_topk,default,2181.389,988.3206400621276
4,extra_trees_tuned,plan_time,tuned_ml,ds_q10_window_topk,no_hashjoin,4045.225,1471.7424921320724
4,extra_trees_tuned,plan_time,tuned_ml,ds_q10_window_topk,no_mergejoin,1774.157,977.4396689596472
4,extra_trees_tuned,plan_time,tuned_ml,ds_q10_window_topk,no_nestloop,1763.773,975.7015181560536
4,extra_trees_tuned,plan_time,tuned_ml,ds_q13_high_quantity,default,350.115,432.5871085541881
4,extra_trees_tuned,plan_time,tuned_ml,ds_q13_high_quantity,no_hashjoin,465.736,436.1724697764676
4,extra_trees_tuned,plan_time,tuned_ml,ds_q13_high_quantity,no_mergejoin,399.664,433.9541563855704
4,extra_trees_tuned,plan_time,tuned_ml,ds_q13_high_quantity,no_nestloop,458.559,427.2206725106128
4,extra_trees_tuned,plan_time,tuned_ml,ds_q20_demographic,default,867.031,761.4193102477237
4,extra_trees_tuned,plan_time,tuned_ml,ds_q20_demographic,no_hashjoin,3716.274,1804.4586219934022
4,extra_trees_tuned,plan_time,tuned_ml,ds_q20_demographic,no_mergejoin,726.447,739.3151791272345
4,extra_trees_tuned,plan_time,tuned_ml,ds_q20_demographic,no_nestloop,1077.246,750.4122408994116
4,extra_trees_tuned,plan_time,tuned_ml,online_d4e75912f5,default,2553.552,8890.170805954343
4,extra_trees_tuned,plan_time,tuned_ml,online_d4e75912f5,no_hashjoin,1500.007,8907.349032322294
4,extra_trees_tuned,plan_time,tuned_ml,online_d4e75912f5,no_mergejoin,1479.977,8905.889560583902
4,extra_trees_tuned,plan_time,tuned_ml,online_d4e75912f5,no_nestloop,1374.997,8723.702463729724
4,extra_trees_tuned,plan_time,tuned_ml,online_4742846dc9,no_hashjoin,974.089,3975.295256164248
0,gradient_boosting_tuned,plan_time,tuned_ml,q01_customers_by_country,default,0.928,11.715795896652274
0,gradient_boosting_tuned,plan_time,tuned_ml,q02_orders_recent,default,4.298,18.31515978196804
0,gradient_boosting_tuned,plan_time,tuned_ml,q07_self_subquery,default,11.032,10.54149340892185
0,gradient_boosting_tuned,plan_time,tuned_ml,q01,default,11982.478,7125.687529043496
0,gradient_boosting_tuned,plan_time,tuned_ml,q01,no_hashjoin,11191.817,6709.588228088258
0,gradient_boosting_tuned,plan_time,tuned_ml,q01,no_mergejoin,10066.542,7146.218545986827
0,gradient_boosting_tuned,plan_time,tuned_ml,q01,no_nestloop,6900.803,7146.218545986827
0,gradient_boosting_tuned,plan_time,tuned_ml,q05,default,8827.081,4856.3005631055275
0,gradient_boosting_tuned,plan_time,tuned_ml,q05,no_hashjoin,7074.668,4638.8147728225385
0,gradient_boosting_tuned,plan_time,tuned_ml,q05,no_mergejoin,9969.823,4856.3005631055275
0,gradient_boosting_tuned,plan_time,tuned_ml,q05,no_nestloop,2887.231,4346.27112086198
0,gradient_boosting_tuned,plan_time,tuned_ml,q12,default,4159.307,3545.8267935444414
0,gradient_boosting_tuned,plan_time,tuned_ml,q12,no_hashjoin,3556.871,2683.254279268643
0,gradient_boosting_tuned,plan_time,tuned_ml,q12,no_mergejoin,4213.912,3534.7081393709027
0,gradient_boosting_tuned,plan_time,tuned_ml,q12,no_nestloop,3102.1,3534.7081393709027
0,gradient_boosting_tuned,plan_time,tuned_ml,q17,default,4823.064,5443.940933656251
0,gradient_boosting_tuned,plan_time,tuned_ml,q17,no_hashjoin,939.65,1943.9598325216598
0,gradient_boosting_tuned,plan_time,tuned_ml,q17,no_mergejoin,4153.603,5426.872038342034
0,gradient_boosting_tuned,plan_time,tuned_ml,q17,no_nestloop,4235.083,5553.607067848098
0,gradient_boosting_tuned,plan_time,tuned_ml,q19,default,543.454,547.4375062449391
0,gradient_boosting_tuned,plan_time,tuned_ml,q19,no_hashjoin,198.599,549.2547009304271
0,gradient_boosting_tuned,plan_time,tuned_ml,q19,no_mergejoin,215.468,549.2547009304271
0,gradient_boosting_tuned,plan_time,tuned_ml,q19,no_nestloop,1441.563,2578.710118338628
0,gradient_boosting_tuned,plan_time,tuned_ml,q22,default,383.714,599.205645443554
0,gradient_boosting_tuned,plan_time,tuned_ml,q22,no_hashjoin,345.909,545.6542235648708
0,gradient_boosting_tuned,plan_time,tuned_ml,q22,no_mergejoin,387.731,515.2670950336883
0,gradient_boosting_tuned,plan_time,tuned_ml,q22,no_nestloop,491.9,2147.8785224729677
0,gradient_boosting_tuned,plan_time,tuned_ml,q01_p1,default,9892.378,5708.306854157389
0,gradient_boosting_tuned,plan_time,tuned_ml,q01_p1,no_hashjoin,14592.651,6637.690871618254
0,gradient_boosting_tuned,plan_time,tuned_ml,q01_p1,no_mergejoin,10802.619,5683.661473942422
0,gradient_boosting_tuned,plan_time,tuned_ml,q01_p1,no_nestloop,10626.043,5708.306854157389
0,gradient_boosting_tuned,plan_time,tuned_ml,q01_p4,default,7707.074,5914.810454954147
0,gradient_boosting_tuned,plan_time,tuned_ml,q01_p4,no_hashjoin,11899.903,5620.1888561525575
0,gradient_boosting_tuned,plan_time,tuned_ml,q01_p4,no_mergejoin,11406.505,6904.157534318662
0,gradient_boosting_tuned,plan_time,tuned_ml,q01_p4,no_nestloop,9862.402,7433.78815744816
0,gradient_boosting_tuned,plan_time,tuned_ml,q03_p2,default,1513.628,2723.4903219867783
0,gradient_boosting_tuned,plan_time,tuned_ml,q03_p2,no_hashjoin,9935.697,8821.161329190445
0,gradient_boosting_tuned,plan_time,tuned_ml,q03_p2,no_mergejoin,2103.504,2723.4903219867783
0,gradient_boosting_tuned,plan_time,tuned_ml,q03_p2,no_nestloop,3760.127,5202.032932824459
0,gradient_boosting_tuned,plan_time,tuned_ml,q03_p4,default,1825.335,2658.348938753731
0,gradient_boosting_tuned,plan_time,tuned_ml,q03_p4,no_hashjoin,9233.542,8640.314996632875
0,gradient_boosting_tuned,plan_time,tuned_ml,q03_p4,no_mergejoin,1153.93,2412.3573776501385
0,gradient_boosting_tuned,plan_time,tuned_ml,q03_p4,no_nestloop,1581.882,5221.000205331267
0,gradient_boosting_tuned,plan_time,tuned_ml,q05_p4,default,7116.569,4831.713876777829
0,gradient_boosting_tuned,plan_time,tuned_ml,q05_p4,no_hashjoin,7761.671,4637.891120603005
0,gradient_boosting_tuned,plan_time,tuned_ml,q05_p4,no_mergejoin,14257.984,4831.713876777829
0,gradient_boosting_tuned,plan_time,tuned_ml,q05_p4,no_nestloop,5488.744,4369.630243543136
0,gradient_boosting_tuned,plan_time,tuned_ml,q06_p1,default,4169.204,2829.6032669668193
0,gradient_boosting_tuned,plan_time,tuned_ml,q06_p1,no_hashjoin,2672.595,2439.90090230317
0,gradient_boosting_tuned,plan_time,tuned_ml,q06_p1,no_mergejoin,2169.062,2829.6032669668193
0,gradient_boosting_tuned,plan_time,tuned_ml,q06_p1,no_nestloop,2766.657,2829.6032669668193
0,gradient_boosting_tuned,plan_time,tuned_ml,q07_p0,default,33515.848,39554.988157376436
0,gradient_boosting_tuned,plan_time,tuned_ml,q07_p0,no_hashjoin,6605.498,10333.049841391035
0,gradient_boosting_tuned,plan_time,tuned_ml,q07_p0,no_mergejoin,31465.431,32178.776294846462
0,gradient_boosting_tuned,plan_time,tuned_ml,q07_p0,no_nestloop,2952.799,4947.524634356374
0,gradient_boosting_tuned,plan_time,tuned_ml,q07_p4,default,59489.379,39554.988157376436
0,gradient_boosting_tuned,plan_time,tuned_ml,q07_p4,no_hashjoin,12167.826,10298.922044900444
0,gradient_boosting_tuned,plan_time,tuned_ml,q07_p4,no_mergejoin,26668.91,32178.776294846462
0,gradient_boosting_tuned,plan_time,tuned_ml,q07_p4,no_nestloop,1892.741,4947.524634356374
0,gradient_boosting_tuned,plan_time,tuned_ml,q08_p3,default,6018.607,3240.2475135219174
0,gradient_boosting_tuned,plan_time,tuned_ml,q08_p3,no_hashjoin,3792.658,3237.504027214796
0,gradient_boosting_tuned,plan_time,tuned_ml,q08_p3,no_mergejoin,3685.784,3222.3074741537835
0,gradient_boosting_tuned,plan_time,tuned_ml,q08_p3,no_nestloop,6346.003,4583.204449210598
0,gradient_boosting_tuned,plan_time,tuned_ml,q09_p2,default,12046.323,10828.856360185244
0,gradient_boosting_tuned,plan_time,tuned_ml,q09_p2,no_hashjoin,20980.942,19733.108146422837
0,gradient_boosting_tuned,plan_time,tuned_ml,q09_p2,no_mergejoin,14809.125,9831.4607362415
0,gradient_boosting_tuned,plan_time,tuned_ml,q09_p2,no_nestloop,7339.487,10142.393427023733
0,gradient_boosting_tuned,plan_time,tuned_ml,q11_p0,default,3049.573,962.0558182874538
0,gradient_boosting_tuned,plan_time,tuned_ml,q11_p0,no_hashjoin,904.409,978.069543308383
0,gradient_boosting_tuned,plan_time,tuned_ml,q11_p0,no_mergejoin,816.264,958.383382071354
0,gradient_boosting_tuned,plan_time,tuned_ml,q11_p0,no_nestloop,1302.632,2581.0357868255346
0,gradient_boosting_tuned,plan_time,tuned_ml,q12_p4,default,2249.037,3534.7081393709027
0,gradient_boosting_tuned,plan_time,tuned_ml,q12_p4,no_hashjoin,3823.712,2565.2625895648616
0,gradient_boosting_tuned,plan_time,tuned_ml,q12_p4,no_mergejoin,6799.636,3534.7081393709027
0,gradient_boosting_tuned,plan_time,tuned_ml,q12_p4,no_nestloop,7214.151,3545.8267935444414
0,gradient_boosting_tuned,plan_time,tuned_ml,q14_p2,default,3528.926,2887.423419518312
0,gradient_boosting_tuned,plan_time,tuned_ml,q14_p2,no_hashjoin,3469.28,2983.7459467148974
0,gradient_boosting_tuned,plan_time,tuned_ml,q14_p2,no_mergejoin,3484.62,2887.423419518312
0,gradient_boosting_tuned,plan_time,tuned_ml,q14_p2,no_nestloop,2670.408,2887.423419518312
0,gradient_boosting_tuned,plan_time,tuned_ml,q15_p1,default,2973.557,4066.7302569162784
0,gradient_boosting_tuned,plan_time,tuned_ml,q15_p1,no_hashjoin,3481.784,4066.7302569162784
0,gradient_boosting_tuned,plan_time,tuned_ml,q15_p1,no_mergejoin,3814.434,3668.1534849134487
0,gradient_boosting_tuned,plan_time,tuned_ml,q15_p1,no_nestloop,2991.507,4061.1869327707764
0,gradient_boosting_tuned,plan_time,tuned_ml,q16_p0,default,3583.344,2301.8444150475907
0,gradient_boosting_tuned,plan_time,tuned_ml,q16_p0,no_hashjoin,2973.287,2119.897212864548
0,gradient_boosting_tuned,plan_time,tuned_ml,q16_p0,no_mergejoin,1724.904,2020.1197501887157
0,gradient_boosting_tuned,plan_time,tuned_ml,q16_p0,no_nestloop,2170.77,2039.7142827750113
0,gradient_boosting_tuned,plan_time,tuned_ml,q19_p4,default,413.238,491.3243643818376
0,gradient_boosting_tuned,plan_time,tuned_ml,q19_p4,no_hashjoin,264.754,547.4375062449391
0,gradient_boosting_tuned,plan_time,tuned_ml,q19_p4,no_mergejoin,314.011,491.3243643818376
0,gradient_boosting_tuned,plan_time,tuned_ml,q19_p4,no_nestloop,3594.635,2570.1907263021435
0,gradient_boosting_tuned,plan_time,tuned_ml,q21_p0,default,52833.508,14903.959620531541
0,gradient_boosting_tuned,plan_time,tuned_ml,q21_p0,no_hashjoin,47704.612,12712.016866495487
0,gradient_boosting_tuned,plan_time,tuned_ml,q21_p0,no_mergejoin,18214.814,13089.071020332032
0,gradient_boosting_tuned,plan_time,tuned_ml,q21_p0,no_nestloop,9580.423,8720.073571906147
0,gradient_boosting_tuned,plan_time,tuned_ml,ds_q06_web_vs_store,default,696.566,1226.6883394644592
0,gradient_boosting_tuned,plan_time,tuned_ml,ds_q06_web_vs_store,no_hashjoin,1647.674,1683.2742158213011
0,gradient_boosting_tuned,plan_time,tuned_ml,ds_q06_web_vs_store,no_mergejoin,852.859,973.1705467581206
0,gradient_boosting_tuned,plan_time,tuned_ml,ds_q06_web_vs_store,no_nestloop,1042.574,1021.4923502060342
0,gradient_boosting_tuned,plan_time,tuned_ml,ds_q11_inventory_check,default,519.915,878.1126378639194
0,gradient_boosting_tuned,plan_time,tuned_ml,ds_q11_inventory_check,no_hashjoin,947.458,1017.7374263377726
0,gradient_boosting_tuned,plan_time,tuned_ml,ds_q11_inventory_check,no_mergejoin,423.518,610.083410507818
0,gradient_boosting_tuned,plan_time,tuned_ml,ds_q11_inventory_check,no_nestloop,343.882,613.4359973268083
0,gradient_boosting_tuned,plan_time,tuned_ml,ds_q17_dow_pattern,default,996.646,638.8287310741703
0,gradient_boosting_tuned,plan_time,tuned_ml,ds_q17_dow_pattern,no_hashjoin,2377.113,853.9991142167067
0,gradient_boosting_tuned,plan_time,tuned_ml,ds_q17_dow_pattern,no_mergejoin,571.268,463.4687411362602
0,gradient_boosting_tuned,plan_time,tuned_ml,ds_q17_dow_pattern,no_nestloop,644.053,706.5482020700596
0,gradient_boosting_tuned,plan_time,tuned_ml,online_ce83de12bc,default,947.618,2860.220804907431
0,gradient_boosting_tuned,plan_time,tuned_ml,online_ce83de12bc,no_mergejoin,823.206,2563.498750907147
0,gradient_boosting_tuned,plan_time,tuned_ml,online_ce83de12bc,no_nestloop,732.934,2877.3663757836316
0,gradient_boosting_tuned,plan_time,tuned_ml,online_ce83de12bc,no_hashjoin,782.553,2983.7459467148974
1,gradient_boosting_tuned,plan_time,tuned_ml,q03_join_customer_orders,default,13.224,16.667855559734114
1,gradient_boosting_tuned,plan_time,tuned_ml,q05_top_customers,default,18.031,62.98833525080484
1,gradient_boosting_tuned,plan_time,tuned_ml,q02,default,6173.76,5789.22753662307
1,gradient_boosting_tuned,plan_time,tuned_ml,q02,no_hashjoin,4302.342,5096.964025644343
1,gradient_boosting_tuned,plan_time,tuned_ml,q02,no_mergejoin,3199.538,3829.3109420900173
1,gradient_boosting_tuned,plan_time,tuned_ml,q02,no_nestloop,6690.813,4612.735341210258
1,gradient_boosting_tuned,plan_time,tuned_ml,q04,default,1216.968,1029.472718887373
1,gradient_boosting_tuned,plan_time,tuned_ml,q04,no_hashjoin,1396.247,1051.0701373719744
1,gradient_boosting_tuned,plan_time,tuned_ml,q04,no_mergejoin,1429.065,1035.4575276860285
1,gradient_boosting_tuned,plan_time,tuned_ml,q04,no_nestloop,16777.004,3617.6519122471286
1,gradient_boosting_tuned,plan_time,tuned_ml,q07,default,35165.908,31062.398261822498
1,gradient_boosting_tuned,plan_time,tuned_ml,q07,no_hashjoin,3945.736,9990.239602108786
1,gradient_boosting_tuned,plan_time,tuned_ml,q07,no_mergejoin,29002.507,28829.832873920925
1,gradient_boosting_tuned,plan_time,tuned_ml,q07,no_nestloop,2402.029,5390.281765727174
1,gradient_boosting_tuned,plan_time,tuned_ml,q11,default,1724.803,1144.9615148977982
1,gradient_boosting_tuned,plan_time,tuned_ml,q11,no_hashjoin,403.337,1135.7607235984055
1,gradient_boosting_tuned,plan_time,tuned_ml,q11,no_mergejoin,308.811,1216.3283490996112
1,gradient_boosting_tuned,plan_time,tuned_ml,q11,no_nestloop,801.703,2738.292480485848
1,gradient_boosting_tuned,plan_time,tuned_ml,q16,default,1605.611,2524.5825153396586
1,gradient_boosting_tuned,plan_time,tuned_ml,q16,no_hashjoin,1383.148,2397.7811423321664
1,gradient_boosting_tuned,plan_time,tuned_ml,q16,no_mergejoin,1106.188,2225.1348934713787
1,gradient_boosting_tuned,plan_time,tuned_ml,q16,no_nestloop,1324.611,2207.905814588024
1,gradient_boosting_tuned,plan_time,tuned_ml,q21,default,13986.072,15184.29329651057
1,gradient_boosting_tuned,plan_time,tuned_ml,q21,no_hashjoin,19448.204,13102.826375921211
1,gradient_boosting_tuned,plan_time,tuned_ml,q21,no_mergejoin,13055.611,14073.10333503602
1,gradient_boosting_tuned,plan_time,tuned_ml,q21,no_nestloop,10367.542,7214.429602989618
1,gradient_boosting_tuned,plan_time,tuned_ml,q01_p2,default,9565.353,7583.474512871264
1,gradient_boosting_tuned,plan_time,tuned_ml,q01_p2,no_hashjoin,9512.992,7583.474512871264
1,gradient_boosting_tuned,plan_time,tuned_ml,q01_p2,no_mergejoin,13686.939,7583.474512871264
1,gradient_boosting_tuned,plan_time,tuned_ml,q01_p2,no_nestloop,13280.512,7547.979459795473
1,gradient_boosting_tuned,plan_time,tuned_ml,q03_p1,default,1789.751,2821.1036197501553
1,gradient_boosting_tuned,plan_time,tuned_ml,q03_p1,no_hashjoin,11886.905,9043.308399120004
1,gradient_boosting_tuned,plan_time,tuned_ml,q03_p1,no_mergejoin,1234.521,2240.1234589717105
1,gradient_boosting_tuned,plan_time,tuned_ml,q03_p1,no_nestloop,1698.449,5032.056232029321
1,gradient_boosting_tuned,plan_time,tuned_ml,q04_p4,default,1251.353,1051.0701373719744
1,gradient_boosting_tuned,plan_time,tuned_ml,q04_p4,no_hashjoin,872.911,1035.4575276860285
1,gradient_boosting_tuned,plan_time,tuned_ml,q04_p4,no_mergejoin,1007.402,1051.0701373719744
1,gradient_boosting_tuned,plan_time,tuned_ml,q04_p4,no_nestloop,9201.859,3366.733293791573
1,gradient_boosting_tuned,plan_time,tuned_ml,q05_p2,default,4849.114,6960.667660505976
1,gradient_boosting_tuned,plan_time,tuned_ml,q05_p2,no_hashjoin,4040.571,5807.592399455406
1,gradient_boosting_tuned,plan_time,tuned_ml,q05_p2,no_mergejoin,3505.474,6348.355675692463
1,gradient_boosting_tuned,plan_time,tuned_ml,q05_p2,no_nestloop,3152.242,4012.183696880693
1,gradient_boosting_tuned,plan_time,tuned_ml,q05_p3,default,4461.936,7102.118472315209
1,gradient_boosting_tuned,plan_time,tuned_ml,q05_p3,no_hashjoin,4576.937,5807.592399455406
1,gradient_boosting_tuned,plan_time,tuned_ml,q05_p3,no_mergejoin,5163.161,6388.7723247008435
1,gradient_boosting_tuned,plan_time,tuned_ml,q05_p3,no_nestloop,4531.435,4329.64312420819
1,gradient_boosting_tuned,plan_time,tuned_ml,q07_p3,default,48180.292,28829.832873920925
1,gradient_boosting_tuned,plan_time,tuned_ml,q07_p3,no_hashjoin,20439.496,9990.239602108786
1,gradient_boosting_tuned,plan_time,tuned_ml,q07_p3,no_mergejoin,75622.57,33375.69060680135
1,gradient_boosting_tuned,plan_time,tuned_ml,q07_p3,no_nestloop,7456.51,5547.689171589695
1,gradient_boosting_tuned,plan_time,tuned_ml,q08_p2,default,4115.998,3331.239624968073
1,gradient_boosting_tuned,plan_time,tuned_ml,q08_p2,no_hashjoin,2794.834,3459.7224571370116
1,gradient_boosting_tuned,plan_time,tuned_ml,q08_p2,no_mergejoin,3521.968,3292.2925428989056
1,gradient_boosting_tuned,plan_time,tuned_ml,q08_p2,no_nestloop,6391.806,4559.051697436659
1,gradient_boosting_tuned,plan_time,tuned_ml,q09_p1,default,39188.185,16277.68636703785
1,gradient_boosting_tuned,plan_time,tuned_ml,q09_p1,no_hashjoin,37214.359,16325.902708119793
1,gradient_boosting_tuned,plan_time,tuned_ml,q09_p1,no_mergejoin,17515.704,15606.77963652378
1,gradient_boosting_tuned,plan_time,tuned_ml,q09_p1,no_nestloop,9813.353,8994.690033940233
1,gradient_boosting_tuned,plan_time,tuned_ml,q11_p4,default,1992.165,1216.3283490996112
1,gradient_boosting_tuned,plan_time,tuned_ml,q11_p4,no_hashjoin,694.319,1172.4004405439437
1,gradient_boosting_tuned,plan_time,tuned_ml,q11_p4,no_mergejoin,595.204,1135.7607235984055
1,gradient_boosting_tuned,plan_time,tuned_ml,q11_p4,no_nestloop,1576.498,2738.292480485848
1,gradient_boosting_tuned,plan_time,tuned_ml,q12_p3,default,2243.386,3584.627735704285
1,gradient_boosting_tuned,plan_time,tuned_ml,q12_p3,no_hashjoin,2231.47,2715.2715853286327
1,gradient_boosting_tuned,plan_time,tuned_ml,q12_p3,no_mergejoin,2085.778,3165.892769247456
1,gradient_boosting_tuned,plan_time,tuned_ml,q12_p3,no_nestloop,2514.896,3833.7500763697713
1,gradient_boosting_tuned,plan_time,tuned_ml,q14_p1,default,2856.102,2647.577005885903
1,gradient_boosting_tuned,plan_time,tuned_ml,q14_p1,no_hashjoin,2769.721,2209.821041786118
1,gradient_boosting_tuned,plan_time,tuned_ml,q14_p1,no_mergejoin,2453.346,2824.35125587624
1,gradient_boosting_tuned,plan_time,tuned_ml,q14_p1,no_nestloop,2195.13,2635.181765946775
1,gradient_boosting_tuned,plan_time,tuned_ml,q15_p0,default,4191.151,4216.293879550774
1,gradient_boosting_tuned,plan_time,tuned_ml,q15_p0,no_hashjoin,5584.123,3879.3683471613626
1,gradient_boosting_tuned,plan_time,tuned_ml,q15_p0,no_mergejoin,5665.229,3533.156851392041
1,gradient_boosting_tuned,plan_time,tuned_ml,q15_p0,no_nestloop,2830.03,3840.6545549935718
1,gradient_boosting_tuned,plan_time,tuned_ml,q16_p4,default,2523.064,2225.1348934713787
1,gradient_boosting_tuned,plan_time,tuned_ml,q16_p4,no_hashjoin,1946.083,2397.7811423321664
1,gradient_boosting_tuned,plan_time,tuned_ml,q16_p4,no_mergejoin,1783.659,2054.368533688625
1,gradient_boosting_tuned,plan_time,tuned_ml,q16_p4,no_nestloop,2195.978,2207.905814588024
1,gradient_boosting_tuned,plan_time,tuned_ml,q19_p0,default,435.11,381.25268427135717
1,gradient_boosting_tuned,plan_time,tuned_ml,q19_p0,no_hashjoin,516.983,381.25268427135717
1,gradient_boosting_tuned,plan_time,tuned_ml,q19_p0,no_mergejoin,498.459,381.25268427135717
1,gradient_boosting_tuned,plan_time,tuned_ml,q19_p0,no_nestloop,3656.192,1867.9090095453116
1,gradient_boosting_tuned,plan_time,tuned_ml,q19_p3,default,392.595,370.40427046837755
1,gradient_boosting_tuned,plan_time,tuned_ml,q19_p3,no_hashjoin,404.667,375.82437638796034
1,gradient_boosting_tuned,plan_time,tuned_ml,q19_p3,no_mergejoin,494.229,429.0072078091492
1,gradient_boosting_tuned,plan_time,tuned_ml,q19_p3,no_nestloop,3766.083,1605.3723701065064
1,gradient_boosting_tuned,plan_time,tuned_ml,q21_p4,default,19462.346,14073.10333503602
1,gradient_boosting_tuned,plan_time,tuned_ml,q21_p4,no_hashjoin,19158.111,13019.941928027027
1,gradient_boosting_tuned,plan_time,tuned_ml,q21_p4,no_mergejoin,21773.347,14073.10333503602
1,gradient_boosting_tuned,plan_time,tuned_ml,q21_p4,no_nestloop,20578.87,7367.703568369432
1,gradient_boosting_tuned,plan_time,tuned_ml,ds_q04_customer_topk,default,704.859,667.8291823114334
1,gradient_boosting_tuned,plan_time,tuned_ml,ds_q04_customer_topk,no_hashjoin,1272.521,625.5661413152927
1,gradient_boosting_tuned,plan_time,tuned_ml,ds_q04_customer_topk,no_mergejoin,577.718,585.1626861458379
1,gradient_boosting_tuned,plan_time,tuned_ml,ds_q04_customer_topk,no_nestloop,799.922,585.1626861458379
1,gradient_boosting_tuned,plan_time,tuned_ml,ds_q05_returns_filter,default,279.907,128.29334048278315
1,gradient_boosting_tuned,plan_time,tuned_ml,ds_q05_returns_filter,no_hashjoin,328.061,437.86436487798875
1,gradient_boosting_tuned,plan_time,tuned_ml,ds_q05_returns_filter,no_mergejoin,196.199,86.71331175850669
1,gradient_boosting_tuned,plan_time,tuned_ml,ds_q05_returns_filter,no_nestloop,163.456,90.09792314977756
1,gradient_boosting_tuned,plan_time,tuned_ml,ds_q09_avg_basket,default,481.674,635.5433840192045
1,gradient_boosting_tuned,plan_time,tuned_ml,ds_q09_avg_basket,no_hashjoin,512.863,635.5433840192045
1,gradient_boosting_tuned,plan_time,tuned_ml,ds_q09_avg_basket,no_mergejoin,420.93,543.617742527049
1,gradient_boosting_tuned,plan_time,tuned_ml,ds_q09_avg_basket,no_nestloop,445.387,541.0689521468837
1,gradient_boosting_tuned,plan_time,tuned_ml,ds_q18_brand_topk,default,662.842,454.5690603836471
1,gradient_boosting_tuned,plan_time,tuned_ml,ds_q18_brand_topk,no_hashjoin,2523.984,880.8529258041018
1,gradient_boosting_tuned,plan_time,tuned_ml,ds_q18_brand_topk,no_mergejoin,2049.833,473.6225933012115
1,gradient_boosting_tuned,plan_time,tuned_ml,ds_q18_brand_topk,no_nestloop,774.295,435.30489099740595
1,gradient_boosting_tuned,plan_time,tuned_ml,ds_q19_self_join,default,5.488,27.246196970642945
1,gradient_boosting_tuned,plan_time,tuned_ml,ds_q19_self_join,no_hashjoin,0.11,25.870904433811205
1,gradient_boosting_tuned,plan_time,tuned_ml,ds_q19_self_join,no_mergejoin,0.106,25.982543586062032
1,gradient_boosting_tuned,plan_time,tuned_ml,ds_q19_self_join,no_nestloop,0.133,25.933182848119085
2,gradient_boosting_tuned,plan_time,tuned_ml,q10,default,1318.8,4317.813875699067
2,gradient_boosting_tuned,plan_time,tuned_ml,q10,no_hashjoin,4160.12,7834.468232733054
2,gradient_boosting_tuned,plan_time,tuned_ml,q10,no_mergejoin,1571.937,4073.3433591698044
2,gradient_boosting_tuned,plan_time,tuned_ml,q10,no_nestloop,2518.974,5056.7165909210435
2,gradient_boosting_tuned,plan_time,tuned_ml,q15,default,2757.332,4389.431215729566
2,gradient_boosting_tuned,plan_time,tuned_ml,q15,no_hashjoin,2518.908,4236.001582650103
2,gradient_boosting_tuned,plan_time,tuned_ml,q15,no_mergejoin,2113.783,4484.3606252526415
2,gradient_boosting_tuned,plan_time,tuned_ml,q15,no_nestloop,2244.615,4154.6942302075
2,gradient_boosting_tuned,plan_time,tuned_ml,q20,default,7381.431,6347.184528389431
2,gradient_boosting_tuned,plan_time,tuned_ml,q20,no_hashjoin,4427.324,6161.594643775226
2,gradient_boosting_tuned,plan_time,tuned_ml,q20,no_mergejoin,4679.932,5742.976859136214
2,gradient_boosting_tuned,plan_time,tuned_ml,q01_p3,default,13984.334,7526.352214276081
2,gradient_boosting_tuned,plan_time,tuned_ml,q01_p3,no_hashjoin,15019.025,7490.331177609888
2,gradient_boosting_tuned,plan_time,tuned_ml,q01_p3,no_mergejoin,12287.425,7345.078824936347
2,gradient_boosting_tuned,plan_time,tuned_ml,q01_p3,no_nestloop,11661.957,7442.6345311235145
2,gradient_boosting_tuned,plan_time,tuned_ml,q02_p0,default,23413.931,4308.568106617757
2,gradient_boosting_tuned,plan_time,tuned_ml,q02_p0,no_hashjoin,3964.82,4989.595345676902
2,gradient_boosting_tuned,plan_time,tuned_ml,q02_p0,no_mergejoin,3313.199,3416.3098560200588
2,gradient_boosting_tuned,plan_time,tuned_ml,q02_p0,no_nestloop,8545.085,4439.206387166753
2,gradient_boosting_tuned,plan_time,tuned_ml,q02_p2,default,3165.46,3621.891844472189
2,gradient_boosting_tuned,plan_time,tuned_ml,q02_p2,no_hashjoin,5007.324,5048.801578478925
2,gradient_boosting_tuned,plan_time,tuned_ml,q02_p2,no_mergejoin,3606.714,3402.285518885551
2,gradient_boosting_tuned,plan_time,tuned_ml,q02_p2,no_nestloop,7216.648,4599.498823502481
2,gradient_boosting_tuned,plan_time,tuned_ml,q03_p0,default,2635.037,2935.9678899115484
2,gradient_boosting_tuned,plan_time,tuned_ml,q03_p0,no_hashjoin,18114.795,8109.068898376818
2,gradient_boosting_tuned,plan_time,tuned_ml,q03_p0,no_mergejoin,1944.902,2171.7263849014294
2,gradient_boosting_tuned,plan_time,tuned_ml,q03_p0,no_nestloop,5589.845,4081.4484141629337
2,gradient_boosting_tuned,plan_time,tuned_ml,q04_p3,default,990.862,1055.7572861572253
2,gradient_boosting_tuned,plan_time,tuned_ml,q04_p3,no_hashjoin,1329.233,1054.2511902574324
2,gradient_boosting_tuned,plan_time,tuned_ml,q04_p3,no_mergejoin,1103.474,979.4305696416363
2,gradient_boosting_tuned,plan_time,tuned_ml,q04_p3,no_nestloop,8503.564,3624.8271225526823
2,gradient_boosting_tuned,plan_time,tuned_ml,q05_p1,default,6327.661,6289.837031392753
2,gradient_boosting_tuned,plan_time,tuned_ml,q05_p1,no_hashjoin,3334.809,5651.172351203355
2,gradient_boosting_tuned,plan_time,tuned_ml,q05_p1,no_mergejoin,3473.214,6058.816875827628
2,gradient_boosting_tuned,plan_time,tuned_ml,q05_p1,no_nestloop,2614.839,4545.320058032671
2,gradient_boosting_tuned,plan_time,tuned_ml,q06_p2,default,4135.177,3213.5522448475153
2,gradient_boosting_tuned,plan_time,tuned_ml,q06_p2,no_hashjoin,3106.429,2901.427043424885
2,gradient_boosting_tuned,plan_time,tuned_ml,q06_p2,no_mergejoin,2665.156,2914.591353008541
2,gradient_boosting_tuned,plan_time,tuned_ml,q06_p2,no_nestloop,2697.838,2927.839302939345
2,gradient_boosting_tuned,plan_time,tuned_ml,q07_p2,default,42141.36,25460.334440775634
2,gradient_boosting_tuned,plan_time,tuned_ml,q07_p2,no_hashjoin,10847.283,10184.837302567375
2,gradient_boosting_tuned,plan_time,tuned_ml,q07_p2,no_mergejoin,49967.521,26952.793794812245
2,gradient_boosting_tuned,plan_time,tuned_ml,q07_p2,no_nestloop,8066.19,5357.888200314038
2,gradient_boosting_tuned,plan_time,tuned_ml,q08_p1,default,2058.638,3708.4895528321763
2,gradient_boosting_tuned,plan_time,tuned_ml,q08_p1,no_hashjoin,2498.809,3529.474404486103
2,gradient_boosting_tuned,plan_time,tuned_ml,q08_p1,no_mergejoin,2816.12,3708.4895528321763
2,gradient_boosting_tuned,plan_time,tuned_ml,q08_p1,no_nestloop,5506.494,4654.8890854506435
2,gradient_boosting_tuned,plan_time,tuned_ml,q09_p0,default,27540.065,10758.952109842598
2,gradient_boosting_tuned,plan_time,tuned_ml,q09_p0,no_hashjoin,44491.972,18629.474019629015
2,gradient_boosting_tuned,plan_time,tuned_ml,q09_p0,no_mergejoin,20940.383,8702.62701207441
2,gradient_boosting_tuned,plan_time,tuned_ml,q09_p0,no_nestloop,16162.56,8486.176791649323
2,gradient_boosting_tuned,plan_time,tuned_ml,q11_p3,default,1976.909,1035.6141720181206
2,gradient_boosting_tuned,plan_time,tuned_ml,q11_p3,no_hashjoin,748.431,1035.6141720181206
2,gradient_boosting_tuned,plan_time,tuned_ml,q11_p3,no_mergejoin,562.144,1005.4343485105682
2,gradient_boosting_tuned,plan_time,tuned_ml,q11_p3,no_nestloop,1681.782,2385.7415749107317
2,gradient_boosting_tuned,plan_time,tuned_ml,q12_p2,default,2149.287,3823.2067727204244
2,gradient_boosting_tuned,plan_time,tuned_ml,q12_p2,no_hashjoin,2364.648,2984.3475241959973
2,gradient_boosting_tuned,plan_time,tuned_ml,q12_p2,no_mergejoin,2164.549,3668.7294425821437
2,gradient_boosting_tuned,plan_time,tuned_ml,q12_p2,no_nestloop,1854.457,3801.9010989694534
2,gradient_boosting_tuned,plan_time,tuned_ml,q14_p0,default,2971.513,2664.1928720040755
2,gradient_boosting_tuned,plan_time,tuned_ml,q14_p0,no_hashjoin,3770.611,2977.6536933286757
2,gradient_boosting_tuned,plan_time,tuned_ml,q14_p0,no_mergejoin,4340.477,2463.2755355727063
2,gradient_boosting_tuned,plan_time,tuned_ml,q14_p0,no_nestloop,3252.169,2559.076293182431
2,gradient_boosting_tuned,plan_time,tuned_ml,q15_p4,default,3928.715,3958.7402502410746
2,gradient_boosting_tuned,plan_time,tuned_ml,q15_p4,no_hashjoin,3612.135,4236.001582650103
2,gradient_boosting_tuned,plan_time,tuned_ml,q15_p4,no_mergejoin,4176.719,4236.001582650103
2,gradient_boosting_tuned,plan_time,tuned_ml,q15_p4,no_nestloop,4123.565,3797.1744354935545
2,gradient_boosting_tuned,plan_time,tuned_ml,q16_p3,default,2142.518,1960.4631143684524
2,gradient_boosting_tuned,plan_time,tuned_ml,q16_p3,no_hashjoin,2488.674,1885.9364893504367
2,gradient_boosting_tuned,plan_time,tuned_ml,q16_p3,no_mergejoin,2170.027,1947.4868696632832
2,gradient_boosting_tuned,plan_time,tuned_ml,q16_p3,no_nestloop,1427.093,1800.6526848103802
2,gradient_boosting_tuned,plan_time,tuned_ml,q17_p2,default,5596.138,4591.323917803421
2,gradient_boosting_tuned,plan_time,tuned_ml,q17_p2,no_hashjoin,730.087,1965.0020985413619
2,gradient_boosting_tuned,plan_time,tuned_ml,q17_p2,no_mergejoin,4160.795,4768.2808899101965
2,gradient_boosting_tuned,plan_time,tuned_ml,q17_p2,no_nestloop,4012.796,4779.019488671747
2,gradient_boosting_tuned,plan_time,tuned_ml,q17_p3,default,5259.441,4591.323917803421
2,gradient_boosting_tuned,plan_time,tuned_ml,q17_p3,no_hashjoin,821.265,1531.3136352616186
2,gradient_boosting_tuned,plan_time,tuned_ml,q17_p3,no_mergejoin,5243.261,4748.482603246569
2,gradient_boosting_tuned,plan_time,tuned_ml,q17_p3,no_nestloop,7027.809,4835.719039972916
2,gradient_boosting_tuned,plan_time,tuned_ml,q19_p2,default,231.761,393.7780374263267
2,gradient_boosting_tuned,plan_time,tuned_ml,q19_p2,no_hashjoin,251.742,376.50936743316
2,gradient_boosting_tuned,plan_time,tuned_ml,q19_p2,no_mergejoin,298.061,358.07308976338004
2,gradient_boosting_tuned,plan_time,tuned_ml,q19_p2,no_nestloop,232.592,2841.821908056475
2,gradient_boosting_tuned,plan_time,tuned_ml,q20_p0,default,6531.394,6608.746136950218
2,gradient_boosting_tuned,plan_time,tuned_ml,q20_p0,no_hashjoin,3627.978,5939.775487679032
2,gradient_boosting_tuned,plan_time,tuned_ml,q20_p0,no_mergejoin,4085.213,4946.3906736364315
2,gradient_boosting_tuned,plan_time,tuned_ml,q21_p3,default,17560.987,14410.214226800143
2,gradient_boosting_tuned,plan_time,tuned_ml,q21_p3,no_hashjoin,17085.046,15072.609387079738
2,gradient_boosting_tuned,plan_time,tuned_ml,q21_p3,no_mergejoin,17104.211,14410.214226800143
2,gradient_boosting_tuned,plan_time,tuned_ml,q21_p3,no_nestloop,11808.777,7915.807659894883
2,gradient_boosting_tuned,plan_time,tuned_ml,ds_q03_promo_effect,default,639.997,635.7848508985758
2,gradient_boosting_tuned,plan_time,tuned_ml,ds_q03_promo_effect,no_hashjoin,2233.295,622.2193422864751
2,gradient_boosting_tuned,plan_time,tuned_ml,ds_q03_promo_effect,no_mergejoin,613.607,469.91872402122794
2,gradient_boosting_tuned,plan_time,tuned_ml,ds_q03_promo_effect,no_nestloop,389.256,490.7123387407772
2,gradient_boosting_tuned,plan_time,tuned_ml,ds_q08_addr_filter,default,89.476,49.41530438555664
2,gradient_boosting_tuned,plan_time,tuned_ml,ds_q08_addr_filter,no_hashjoin,43.675,39.545409352044416
2,gradient_boosting_tuned,plan_time,tuned_ml,ds_q08_addr_filter,no_mergejoin,39.483,37.1990441110492
2,gradient_boosting_tuned,plan_time,tuned_ml,ds_q08_addr_filter,no_nestloop,61.302,41.94634337307075
2,gradient_boosting_tuned,plan_time,tuned_ml,ds_q12_catalog_topk,default,531.523,662.4157065670894
2,gradient_boosting_tuned,plan_time,tuned_ml,ds_q12_catalog_topk,no_hashjoin,968.577,905.9669996910814
2,gradient_boosting_tuned,plan_time,tuned_ml,ds_q12_catalog_topk,no_mergejoin,392.038,658.2551825901708
2,gradient_boosting_tuned,plan_time,tuned_ml,ds_q12_catalog_topk,no_nestloop,356.789,601.6051530966852
2,gradient_boosting_tuned,plan_time,tuned_ml,ds_q15_returns_ratio,default,810.594,921.6106062827317
2,gradient_boosting_tuned,plan_time,tuned_ml,ds_q15_returns_ratio,no_hashjoin,2445.148,1040.5155715152202
2,gradient_boosting_tuned,plan_time,tuned_ml,ds_q15_returns_ratio,no_mergejoin,643.784,866.8566389149765
2,gradient_boosting_tuned,plan_time,tuned_ml,ds_q15_returns_ratio,no_nestloop,729.727,867.7433301338925
2,gradient_boosting_tuned,plan_time,tuned_ml,online_b21324f41e,default,256.352,822.2970855365401
2,gradient_boosting_tuned,plan_time,tuned_ml,online_b21324f41e,no_mergejoin,160.573,751.0813915605374
2,gradient_boosting_tuned,plan_time,tuned_ml,online_b21324f41e,no_nestloop,160.279,787.0767559450862
2,gradient_boosting_tuned,plan_time,tuned_ml,online_b21324f41e,no_hashjoin,301.284,989.401743789857
3,gradient_boosting_tuned,plan_time,tuned_ml,q03,default,1640.223,3155.9935623225197
3,gradient_boosting_tuned,plan_time,tuned_ml,q03,no_hashjoin,15919.201,8080.245028617851
3,gradient_boosting_tuned,plan_time,tuned_ml,q03,no_mergejoin,2101.658,2708.5220542942275
3,gradient_boosting_tuned,plan_time,tuned_ml,q03,no_nestloop,2195.742,5039.178340593768
3,gradient_boosting_tuned,plan_time,tuned_ml,q09,default,23625.277,9799.083267942868
3,gradient_boosting_tuned,plan_time,tuned_ml,q09,no_hashjoin,30860.744,19675.209746753033
3,gradient_boosting_tuned,plan_time,tuned_ml,q09,no_mergejoin,19454.599,8273.156316298957
3,gradient_boosting_tuned,plan_time,tuned_ml,q09,no_nestloop,9471.806,11077.713662873479
3,gradient_boosting_tuned,plan_time,tuned_ml,q14,default,1878.312,2758.3335284298423
3,gradient_boosting_tuned,plan_time,tuned_ml,q14,no_hashjoin,1806.03,2665.4715976321963
3,gradient_boosting_tuned,plan_time,tuned_ml,q14,no_mergejoin,1504.265,2349.916929575005
3,gradient_boosting_tuned,plan_time,tuned_ml,q14,no_nestloop,2199.709,2540.2580888405046
3,gradient_boosting_tuned,plan_time,tuned_ml,q02_p1,default,4831.789,3229.8775882906702
3,gradient_boosting_tuned,plan_time,tuned_ml,q02_p1,no_hashjoin,7944.497,5416.727403501916
3,gradient_boosting_tuned,plan_time,tuned_ml,q02_p1,no_mergejoin,7564.481,3378.005652177553
3,gradient_boosting_tuned,plan_time,tuned_ml,q02_p1,no_nestloop,6618.888,5270.501329686217
3,gradient_boosting_tuned,plan_time,tuned_ml,q02_p3,default,3892.114,3229.8775882906702
3,gradient_boosting_tuned,plan_time,tuned_ml,q02_p3,no_hashjoin,3155.964,5416.727403501916
3,gradient_boosting_tuned,plan_time,tuned_ml,q02_p3,no_mergejoin,4532.378,3171.0981721039507
3,gradient_boosting_tuned,plan_time,tuned_ml,q02_p3,no_nestloop,5564.808,5393.875327438386
3,gradient_boosting_tuned,plan_time,tuned_ml,q04_p0,default,698.777,1342.172732489119
3,gradient_boosting_tuned,plan_time,tuned_ml,q04_p0,no_hashjoin,711.225,1342.172732489119
3,gradient_boosting_tuned,plan_time,tuned_ml,q04_p0,no_mergejoin,778.803,1083.554214588689
3,gradient_boosting_tuned,plan_time,tuned_ml,q04_p0,no_nestloop,3866.661,3796.039515984474
3,gradient_boosting_tuned,plan_time,tuned_ml,q05_p0,default,8204.45,5762.042766846825
3,gradient_boosting_tuned,plan_time,tuned_ml,q05_p0,no_hashjoin,5962.965,5274.966401217325
3,gradient_boosting_tuned,plan_time,tuned_ml,q05_p0,no_mergejoin,4610.027,5453.899692842621
3,gradient_boosting_tuned,plan_time,tuned_ml,q05_p0,no_nestloop,2611.541,4399.762823512453
3,gradient_boosting_tuned,plan_time,tuned_ml,q06_p3,default,3480.088,3119.378173928729
3,gradient_boosting_tuned,plan_time,tuned_ml,q06_p3,no_hashjoin,2996.05,3263.646071408743
3,gradient_boosting_tuned,plan_time,tuned_ml,q06_p3,no_mergejoin,2669.903,3128.594793979998
3,gradient_boosting_tuned,plan_time,tuned_ml,q06_p3,no_nestloop,4023.332,3119.378173928729
3,gradient_boosting_tuned,plan_time,tuned_ml,q06_p4,default,5669.9,3263.646071408743
3,gradient_boosting_tuned,plan_time,tuned_ml,q06_p4,no_hashjoin,2089.769,3119.378173928729
3,gradient_boosting_tuned,plan_time,tuned_ml,q06_p4,no_mergejoin,4714.611,3263.646071408743
3,gradient_boosting_tuned,plan_time,tuned_ml,q06_p4,no_nestloop,1983.072,3128.594793979998
3,gradient_boosting_tuned,plan_time,tuned_ml,q08_p0,default,2318.738,3402.45643743876
3,gradient_boosting_tuned,plan_time,tuned_ml,q08_p0,no_hashjoin,1937.078,3602.0596029580875
3,gradient_boosting_tuned,plan_time,tuned_ml,q08_p0,no_mergejoin,2662.364,3342.3347356469926
3,gradient_boosting_tuned,plan_time,tuned_ml,q08_p0,no_nestloop,4359.179,4768.24053861271
3,gradient_boosting_tuned,plan_time,tuned_ml,q09_p4,default,8298.719,8094.534668884496
3,gradient_boosting_tuned,plan_time,tuned_ml,q09_p4,no_hashjoin,16043.449,16603.04232526419
3,gradient_boosting_tuned,plan_time,tuned_ml,q09_p4,no_mergejoin,10137.559,8273.156316298957
3,gradient_boosting_tuned,plan_time,tuned_ml,q09_p4,no_nestloop,11374.003,9534.978664975015
3,gradient_boosting_tuned,plan_time,tuned_ml,q11_p2,default,1218.799,990.9182346401977
3,gradient_boosting_tuned,plan_time,tuned_ml,q11_p2,no_hashjoin,843.429,990.9182346401977
3,gradient_boosting_tuned,plan_time,tuned_ml,q11_p2,no_mergejoin,2433.052,957.3093459073807
3,gradient_boosting_tuned,plan_time,tuned_ml,q11_p2,no_nestloop,3181.035,1991.5612167000143
3,gradient_boosting_tuned,plan_time,tuned_ml,q12_p1,default,6508.802,3665.650255632905
3,gradient_boosting_tuned,plan_time,tuned_ml,q12_p1,no_hashjoin,3209.493,2913.6988707259843
3,gradient_boosting_tuned,plan_time,tuned_ml,q12_p1,no_mergejoin,2447.656,3156.3837345367265
3,gradient_boosting_tuned,plan_time,tuned_ml,q12_p1,no_nestloop,1816.0,3309.2575169894353
3,gradient_boosting_tuned,plan_time,tuned_ml,q14_p4,default,3773.783,2757.168938951441
3,gradient_boosting_tuned,plan_time,tuned_ml,q14_p4,no_hashjoin,2474.995,2863.380737546524
3,gradient_boosting_tuned,plan_time,tuned_ml,q14_p4,no_mergejoin,2967.284,2095.303374896387
3,gradient_boosting_tuned,plan_time,tuned_ml,q14_p4,no_nestloop,2601.241,2576.268224158106
3,gradient_boosting_tuned,plan_time,tuned_ml,q15_p3,default,4889.391,3451.081248022097
3,gradient_boosting_tuned,plan_time,tuned_ml,q15_p3,no_hashjoin,5317.028,3924.350381619049
3,gradient_boosting_tuned,plan_time,tuned_ml,q15_p3,no_mergejoin,5676.261,3453.0338353510997
3,gradient_boosting_tuned,plan_time,tuned_ml,q15_p3,no_nestloop,5457.38,3481.984520528232
3,gradient_boosting_tuned,plan_time,tuned_ml,q16_p2,default,2458.46,1899.9963467904283
3,gradient_boosting_tuned,plan_time,tuned_ml,q16_p2,no_hashjoin,2627.809,2181.801906830017
3,gradient_boosting_tuned,plan_time,tuned_ml,q16_p2,no_mergejoin,1893.313,1770.0360885722948
3,gradient_boosting_tuned,plan_time,tuned_ml,q16_p2,no_nestloop,2458.918,1889.1851401316046
3,gradient_boosting_tuned,plan_time,tuned_ml,q17_p1,default,11535.719,4789.747049959053
3,gradient_boosting_tuned,plan_time,tuned_ml,q17_p1,no_hashjoin,2053.23,1951.6901433007833
3,gradient_boosting_tuned,plan_time,tuned_ml,q17_p1,no_mergejoin,7398.36,4749.255457201321
3,gradient_boosting_tuned,plan_time,tuned_ml,q17_p1,no_nestloop,4296.241,4611.861240657986
3,gradient_boosting_tuned,plan_time,tuned_ml,q17_p4,default,4937.429,4611.861240657986
3,gradient_boosting_tuned,plan_time,tuned_ml,q17_p4,no_hashjoin,664.182,1538.1394895523083
3,gradient_boosting_tuned,plan_time,tuned_ml,q17_p4,no_mergejoin,4008.003,4693.204159482721
3,gradient_boosting_tuned,plan_time,tuned_ml,q17_p4,no_nestloop,4202.008,5135.834035906376
3,gradient_boosting_tuned,plan_time,tuned_ml,q20_p1,default,2525.096,3788.3145145445933
3,gradient_boosting_tuned,plan_time,tuned_ml,q20_p1,no_hashjoin,2273.024,3861.6058277512166
3,gradient_boosting_tuned,plan_time,tuned_ml,q20_p1,no_mergejoin,2129.206,3349.7326622854403
3,gradient_boosting_tuned,plan_time,tuned_ml,q20_p1,no_nestloop,278747.214,8129.406468615203
3,gradient_boosting_tuned,plan_time,tuned_ml,q20_p3,default,11028.75,3935.542948080644
3,gradient_boosting_tuned,plan_time,tuned_ml,q20_p3,no_hashjoin,10269.854,3750.6784855453234
3,gradient_boosting_tuned,plan_time,tuned_ml,q20_p3,no_mergejoin,13299.016,3721.376670201238
3,gradient_boosting_tuned,plan_time,tuned_ml,q20_p4,default,70494.953,4392.955330154714
3,gradient_boosting_tuned,plan_time,tuned_ml,q20_p4,no_hashjoin,17808.234,3861.6058277512166
3,gradient_boosting_tuned,plan_time,tuned_ml,q20_p4,no_mergejoin,22436.179,3514.747658723322
3,gradient_boosting_tuned,plan_time,tuned_ml,q21_p2,default,12400.143,15294.313163197052
3,gradient_boosting_tuned,plan_time,tuned_ml,q21_p2,no_hashjoin,16524.084,16039.74592726198
3,gradient_boosting_tuned,plan_time,tuned_ml,q21_p2,no_mergejoin,11762.799,15294.313163197052
3,gradient_boosting_tuned,plan_time,tuned_ml,q21_p2,no_nestloop,9402.375,8191.743451095246
3,gradient_boosting_tuned,plan_time,tuned_ml,ds_q02_topk_revenue,default,1542.053,951.2273933888295
3,gradient_boosting_tuned,plan_time,tuned_ml,ds_q02_topk_revenue,no_hashjoin,1352.97,815.4110011821481
3,gradient_boosting_tuned,plan_time,tuned_ml,ds_q02_topk_revenue,no_mergejoin,543.457,636.7578741952368
3,gradient_boosting_tuned,plan_time,tuned_ml,ds_q02_topk_revenue,no_nestloop,667.532,934.55381464823
3,gradient_boosting_tuned,plan_time,tuned_ml,ds_q07_yearly_trend,default,1811.255,589.2797923307654
3,gradient_boosting_tuned,plan_time,tuned_ml,ds_q07_yearly_trend,no_hashjoin,1572.343,703.4813961756586
3,gradient_boosting_tuned,plan_time,tuned_ml,ds_q07_yearly_trend,no_mergejoin,572.578,674.5358605868279
3,gradient_boosting_tuned,plan_time,tuned_ml,ds_q07_yearly_trend,no_nestloop,616.613,568.5357792291168
3,gradient_boosting_tuned,plan_time,tuned_ml,ds_q14_state_revenue,default,495.792,912.8278091736582
3,gradient_boosting_tuned,plan_time,tuned_ml,ds_q14_state_revenue,no_hashjoin,1105.507,1126.9775517273326
3,gradient_boosting_tuned,plan_time,tuned_ml,ds_q14_state_revenue,no_mergejoin,802.114,596.0060478188274
3,gradient_boosting_tuned,plan_time,tuned_ml,ds_q14_state_revenue,no_nestloop,778.636,789.1819634334211
3,gradient_boosting_tuned,plan_time,tuned_ml,ds_q16_web_returns,default,86.387,30.537418548164844
3,gradient_boosting_tuned,plan_time,tuned_ml,ds_q16_web_returns,no_hashjoin,52.615,20.169186565411728
3,gradient_boosting_tuned,plan_time,tuned_ml,ds_q16_web_returns,no_mergejoin,35.959,20.169186565411728
3,gradient_boosting_tuned,plan_time,tuned_ml,ds_q16_web_returns,no_nestloop,37.871,29.73825533477397
3,gradient_boosting_tuned,plan_time,tuned_ml,online_749218157a,default,1747.386,2970.7093686596018
3,gradient_boosting_tuned,plan_time,tuned_ml,online_749218157a,no_hashjoin,1146.033,2961.9577193386044
3,gradient_boosting_tuned,plan_time,tuned_ml,online_749218157a,no_mergejoin,1039.564,2970.7093686596018
3,gradient_boosting_tuned,plan_time,tuned_ml,online_749218157a,no_nestloop,1177.454,3098.9474227222104
3,gradient_boosting_tuned,plan_time,tuned_ml,online_dac91519b8,default,208.479,589.2797923307654
3,gradient_boosting_tuned,plan_time,tuned_ml,online_dac91519b8,no_hashjoin,316.51,650.6990910682641
3,gradient_boosting_tuned,plan_time,tuned_ml,online_dac91519b8,no_mergejoin,194.431,568.5357792291168
3,gradient_boosting_tuned,plan_time,tuned_ml,online_dac91519b8,no_nestloop,217.28,568.5357792291168
4,gradient_boosting_tuned,plan_time,tuned_ml,q04_agg_total_per_country,default,36.801,69.98539162897717
4,gradient_boosting_tuned,plan_time,tuned_ml,q06_status_breakdown,default,22.161,49.5258371020325
4,gradient_boosting_tuned,plan_time,tuned_ml,q06,default,2272.089,2929.2215103756525
4,gradient_boosting_tuned,plan_time,tuned_ml,q06,no_hashjoin,1791.259,3075.682199057011
4,gradient_boosting_tuned,plan_time,tuned_ml,q06,no_mergejoin,1959.172,2911.746135537287
4,gradient_boosting_tuned,plan_time,tuned_ml,q06,no_nestloop,1737.52,2921.8682757447614
4,gradient_boosting_tuned,plan_time,tuned_ml,q08,default,2118.05,3819.5205834629173
4,gradient_boosting_tuned,plan_time,tuned_ml,q08,no_hashjoin,1382.048,3838.198299464706
4,gradient_boosting_tuned,plan_time,tuned_ml,q08,no_mergejoin,1513.581,3809.5418269977654
4,gradient_boosting_tuned,plan_time,tuned_ml,q08,no_nestloop,2374.629,5093.449422281901
4,gradient_boosting_tuned,plan_time,tuned_ml,q13,default,2831.432,3133.428892822034
4,gradient_boosting_tuned,plan_time,tuned_ml,q13,no_hashjoin,23582.006,3529.8853850835308
4,gradient_boosting_tuned,plan_time,tuned_ml,q13,no_mergejoin,2595.487,3133.428892822034
4,gradient_boosting_tuned,plan_time,tuned_ml,q13,no_nestloop,2688.645,3105.4407983713018
4,gradient_boosting_tuned,plan_time,tuned_ml,q18,default,13888.445,10553.744338242721
4,gradient_boosting_tuned,plan_time,tuned_ml,q18,no_hashjoin,14970.42,11151.984147100611
4,gradient_boosting_tuned,plan_time,tuned_ml,q18,no_mergejoin,16967.045,11229.52923622164
4,gradient_boosting_tuned,plan_time,tuned_ml,q18,no_nestloop,17635.017,6277.660429461473
4,gradient_boosting_tuned,plan_time,tuned_ml,q01_p0,default,3349.141,8299.421525445763
4,gradient_boosting_tuned,plan_time,tuned_ml,q01_p0,no_hashjoin,4540.459,8484.959824372225
4,gradient_boosting_tuned,plan_time,tuned_ml,q01_p0,no_mergejoin,10943.592,8310.600268715565
4,gradient_boosting_tuned,plan_time,tuned_ml,q01_p0,no_nestloop,8294.856,8463.66476069326
4,gradient_boosting_tuned,plan_time,tuned_ml,q02_p4,default,1973.717,4307.587818545361
4,gradient_boosting_tuned,plan_time,tuned_ml,q02_p4,no_hashjoin,1809.446,5942.5762309890415
4,gradient_boosting_tuned,plan_time,tuned_ml,q02_p4,no_mergejoin,2038.239,4043.4563304280746
4,gradient_boosting_tuned,plan_time,tuned_ml,q02_p4,no_nestloop,4826.137,4924.206318196813
4,gradient_boosting_tuned,plan_time,tuned_ml,q03_p3,default,2118.779,2475.97431909639
4,gradient_boosting_tuned,plan_time,tuned_ml,q03_p3,no_hashjoin,12346.115,7866.451759995338
4,gradient_boosting_tuned,plan_time,tuned_ml,q03_p3,no_mergejoin,1371.854,2420.4540453648556
4,gradient_boosting_tuned,plan_time,tuned_ml,q03_p3,no_nestloop,3581.978,4242.6968626330145
4,gradient_boosting_tuned,plan_time,tuned_ml,q04_p1,default,616.709,1265.9498834539968
4,gradient_boosting_tuned,plan_time,tuned_ml,q04_p1,no_hashjoin,714.221,1236.3126334375913
4,gradient_boosting_tuned,plan_time,tuned_ml,q04_p1,no_mergejoin,781.058,1113.5011062346946
4,gradient_boosting_tuned,plan_time,tuned_ml,q04_p1,no_nestloop,4254.901,3871.793462108045
4,gradient_boosting_tuned,plan_time,tuned_ml,q04_p2,default,706.16,1254.8089192099167
4,gradient_boosting_tuned,plan_time,tuned_ml,q04_p2,no_hashjoin,693.738,1254.8089192099167
4,gradient_boosting_tuned,plan_time,tuned_ml,q04_p2,no_mergejoin,797.277,1113.5011062346946
4,gradient_boosting_tuned,plan_time,tuned_ml,q04_p2,no_nestloop,4757.625,3711.4368290580915
4,gradient_boosting_tuned,plan_time,tuned_ml,q06_p0,default,4046.07,3454.4393052907317
4,gradient_boosting_tuned,plan_time,tuned_ml,q06_p0,no_hashjoin,3038.813,2428.142735368336
4,gradient_boosting_tuned,plan_time,tuned_ml,q06_p0,no_mergejoin,3906.789,2911.746135537287
4,gradient_boosting_tuned,plan_time,tuned_ml,q06_p0,no_nestloop,3998.758,2921.8682757447614
4,gradient_boosting_tuned,plan_time,tuned_ml,q07_p1,default,48689.845,28927.396654907687
4,gradient_boosting_tuned,plan_time,tuned_ml,q07_p1,no_hashjoin,15251.364,9052.169148266432
4,gradient_boosting_tuned,plan_time,tuned_ml,q07_p1,no_mergejoin,53754.001,26896.75146272325
4,gradient_boosting_tuned,plan_time,tuned_ml,q07_p1,no_nestloop,5609.712,4902.679236124406
4,gradient_boosting_tuned,plan_time,tuned_ml,q08_p4,default,5660.325,3819.5205834629173
4,gradient_boosting_tuned,plan_time,tuned_ml,q08_p4,no_hashjoin,6197.882,3838.198299464706
4,gradient_boosting_tuned,plan_time,tuned_ml,q08_p4,no_mergejoin,2379.517,3819.5205834629173
4,gradient_boosting_tuned,plan_time,tuned_ml,q08_p4,no_nestloop,5048.417,5368.224848395888
4,gradient_boosting_tuned,plan_time,tuned_ml,q09_p3,default,6549.707,10912.22693974736
4,gradient_boosting_tuned,plan_time,tuned_ml,q09_p3,no_hashjoin,13347.475,19878.4764067446
4,gradient_boosting_tuned,plan_time,tuned_ml,q09_p3,no_mergejoin,5954.025,10912.22693974736
4,gradient_boosting_tuned,plan_time,tuned_ml,q09_p3,no_nestloop,3600.447,10256.50045937766
4,gradient_boosting_tuned,plan_time,tuned_ml,q11_p1,default,2820.861,970.6275310655097
4,gradient_boosting_tuned,plan_time,tuned_ml,q11_p1,no_hashjoin,834.804,970.6275310655097
4,gradient_boosting_tuned,plan_time,tuned_ml,q11_p1,no_mergejoin,854.796,955.6353405498319
4,gradient_boosting_tuned,plan_time,tuned_ml,q11_p1,no_nestloop,1680.754,2179.708587174039
4,gradient_boosting_tuned,plan_time,tuned_ml,q12_p0,default,12501.249,3391.7547825711254
4,gradient_boosting_tuned,plan_time,tuned_ml,q12_p0,no_hashjoin,5870.008,2587.7827443586934
4,gradient_boosting_tuned,plan_time,tuned_ml,q12_p0,no_mergejoin,4893.417,3220.36275392353
4,gradient_boosting_tuned,plan_time,tuned_ml,q12_p0,no_nestloop,3516.724,3254.0267726060397
4,gradient_boosting_tuned,plan_time,tuned_ml,q14_p3,default,3822.122,2187.587855570154
4,gradient_boosting_tuned,plan_time,tuned_ml,q14_p3,no_hashjoin,5657.868,2677.6975763741702
4,gradient_boosting_tuned,plan_time,tuned_ml,q14_p3,no_mergejoin,5261.081,2537.787406974963
4,gradient_boosting_tuned,plan_time,tuned_ml,q14_p3,no_nestloop,3418.002,2525.791414869097
4,gradient_boosting_tuned,plan_time,tuned_ml,q15_p2,default,4505.763,3526.6064646154855
4,gradient_boosting_tuned,plan_time,tuned_ml,q15_p2,no_hashjoin,6508.556,3695.9750072310776
4,gradient_boosting_tuned,plan_time,tuned_ml,q15_p2,no_mergejoin,5286.807,3678.4001546879176
4,gradient_boosting_tuned,plan_time,tuned_ml,q15_p2,no_nestloop,5383.88,3520.2329353515333
4,gradient_boosting_tuned,plan_time,tuned_ml,q16_p1,default,2655.656,1950.622016184593
4,gradient_boosting_tuned,plan_time,tuned_ml,q16_p1,no_hashjoin,1923.553,2060.4638683712683
4,gradient_boosting_tuned,plan_time,tuned_ml,q16_p1,no_mergejoin,2945.97,1977.5930730156754
4,gradient_boosting_tuned,plan_time,tuned_ml,q16_p1,no_nestloop,1993.228,1928.3417377832445
4,gradient_boosting_tuned,plan_time,tuned_ml,q17_p0,default,10431.913,4789.331511651789
4,gradient_boosting_tuned,plan_time,tuned_ml,q17_p0,no_hashjoin,1729.994,1262.1216189569504
4,gradient_boosting_tuned,plan_time,tuned_ml,q17_p0,no_mergejoin,8897.062,4686.540940181558
4,gradient_boosting_tuned,plan_time,tuned_ml,q17_p0,no_nestloop,9330.833,4585.873367933003
4,gradient_boosting_tuned,plan_time,tuned_ml,q19_p1,default,1205.132,442.3976453639999
4,gradient_boosting_tuned,plan_time,tuned_ml,q19_p1,no_hashjoin,454.037,442.3976453639999
4,gradient_boosting_tuned,plan_time,tuned_ml,q19_p1,no_mergejoin,371.417,452.251438760779
4,gradient_boosting_tuned,plan_time,tuned_ml,q19_p1,no_nestloop,3774.525,2752.2031941036134
4,gradient_boosting_tuned,plan_time,tuned_ml,q20_p2,default,5046.379,5445.5491897030615
4,gradient_boosting_tuned,plan_time,tuned_ml,q20_p2,no_hashjoin,3476.229,5332.74848582949
4,gradient_boosting_tuned,plan_time,tuned_ml,q20_p2,no_mergejoin,3548.939,5197.769846729189
4,gradient_boosting_tuned,plan_time,tuned_ml,q21_p1,default,17294.152,13427.746453088217
4,gradient_boosting_tuned,plan_time,tuned_ml,q21_p1,no_hashjoin,18352.588,13325.345056507738
4,gradient_boosting_tuned,plan_time,tuned_ml,q21_p1,no_mergejoin,18510.851,13427.746453088217
4,gradient_boosting_tuned,plan_time,tuned_ml,q21_p1,no_nestloop,10391.969,8559.182027309853
4,gradient_boosting_tuned,plan_time,tuned_ml,ds_q01_filter_agg,default,1042.995,888.5765521893331
4,gradient_boosting_tuned,plan_time,tuned_ml,ds_q01_filter_agg,no_hashjoin,810.184,860.7855152391697
4,gradient_boosting_tuned,plan_time,tuned_ml,ds_q01_filter_agg,no_mergejoin,537.585,683.88845113688
4,gradient_boosting_tuned,plan_time,tuned_ml,ds_q01_filter_agg,no_nestloop,1482.016,660.1463687051553
4,gradient_boosting_tuned,plan_time,tuned_ml,ds_q10_window_topk,default,2181.389,1126.0502656606882
4,gradient_boosting_tuned,plan_time,tuned_ml,ds_q10_window_topk,no_hashjoin,4045.225,1691.3225097706286
4,gradient_boosting_tuned,plan_time,tuned_ml,ds_q10_window_topk,no_mergejoin,1774.157,841.3400562810759
4,gradient_boosting_tuned,plan_time,tuned_ml,ds_q10_window_topk,no_nestloop,1763.773,1034.7660189213736
4,gradient_boosting_tuned,plan_time,tuned_ml,ds_q13_high_quantity,default,350.115,461.97972885288175
4,gradient_boosting_tuned,plan_time,tuned_ml,ds_q13_high_quantity,no_hashjoin,465.736,445.4101113114803
4,gradient_boosting_tuned,plan_time,tuned_ml,ds_q13_high_quantity,no_mergejoin,399.664,541.893185680757
4,gradient_boosting_tuned,plan_time,tuned_ml,ds_q13_high_quantity,no_nestloop,458.559,444.2898689412522
4,gradient_boosting_tuned,plan_time,tuned_ml,ds_q20_demographic,default,867.031,1009.3167741026315
4,gradient_boosting_tuned,plan_time,tuned_ml,ds_q20_demographic,no_hashjoin,3716.274,1924.7445720396272
4,gradient_boosting_tuned,plan_time,tuned_ml,ds_q20_demographic,no_mergejoin,726.447,698.5066377812884
4,gradient_boosting_tuned,plan_time,tuned_ml,ds_q20_demographic,no_nestloop,1077.246,714.8887218134507
4,gradient_boosting_tuned,plan_time,tuned_ml,online_d4e75912f5,default,2553.552,5476.729328103879
4,gradient_boosting_tuned,plan_time,tuned_ml,online_d4e75912f5,no_hashjoin,1500.007,5476.729328103879
4,gradient_boosting_tuned,plan_time,tuned_ml,online_d4e75912f5,no_mergejoin,1479.977,5537.638424677699
4,gradient_boosting_tuned,plan_time,tuned_ml,online_d4e75912f5,no_nestloop,1374.997,5462.983258446197
4,gradient_boosting_tuned,plan_time,tuned_ml,online_4742846dc9,no_hashjoin,974.089,4899.85166571851
0,xgboost_tuned,plan_time,tuned_ml,q01_customers_by_country,default,0.928,6.411864757537842
0,xgboost_tuned,plan_time,tuned_ml,q02_orders_recent,default,4.298,12.631611824035645
0,xgboost_tuned,plan_time,tuned_ml,q07_self_subquery,default,11.032,6.484074115753174
0,xgboost_tuned,plan_time,tuned_ml,q01,default,11982.478,13084.1806640625
0,xgboost_tuned,plan_time,tuned_ml,q01,no_hashjoin,11191.817,9805.2568359375
0,xgboost_tuned,plan_time,tuned_ml,q01,no_mergejoin,10066.542,12103.7802734375
0,xgboost_tuned,plan_time,tuned_ml,q01,no_nestloop,6900.803,11597.2353515625
0,xgboost_tuned,plan_time,tuned_ml,q05,default,8827.081,5144.3115234375
0,xgboost_tuned,plan_time,tuned_ml,q05,no_hashjoin,7074.668,4355.8525390625
0,xgboost_tuned,plan_time,tuned_ml,q05,no_mergejoin,9969.823,5121.4130859375
0,xgboost_tuned,plan_time,tuned_ml,q05,no_nestloop,2887.231,3012.097900390625
0,xgboost_tuned,plan_time,tuned_ml,q12,default,4159.307,5365.70703125
0,xgboost_tuned,plan_time,tuned_ml,q12,no_hashjoin,3556.871,3949.355712890625
0,xgboost_tuned,plan_time,tuned_ml,q12,no_mergejoin,4213.912,4206.634765625
0,xgboost_tuned,plan_time,tuned_ml,q12,no_nestloop,3102.1,3728.75634765625
0,xgboost_tuned,plan_time,tuned_ml,q17,default,4823.064,8652.2724609375
0,xgboost_tuned,plan_time,tuned_ml,q17,no_hashjoin,939.65,1495.890625
0,xgboost_tuned,plan_time,tuned_ml,q17,no_mergejoin,4153.603,8052.63916015625
0,xgboost_tuned,plan_time,tuned_ml,q17,no_nestloop,4235.083,7358.052734375
0,xgboost_tuned,plan_time,tuned_ml,q19,default,543.454,433.2932434082031
0,xgboost_tuned,plan_time,tuned_ml,q19,no_hashjoin,198.599,581.0496215820312
0,xgboost_tuned,plan_time,tuned_ml,q19,no_mergejoin,215.468,562.5205078125
0,xgboost_tuned,plan_time,tuned_ml,q19,no_nestloop,1441.563,3335.763916015625
0,xgboost_tuned,plan_time,tuned_ml,q22,default,383.714,827.53955078125
0,xgboost_tuned,plan_time,tuned_ml,q22,no_hashjoin,345.909,672.9609375
0,xgboost_tuned,plan_time,tuned_ml,q22,no_mergejoin,387.731,576.696044921875
0,xgboost_tuned,plan_time,tuned_ml,q22,no_nestloop,491.9,2210.36865234375
0,xgboost_tuned,plan_time,tuned_ml,q01_p1,default,9892.378,8519.7333984375
0,xgboost_tuned,plan_time,tuned_ml,q01_p1,no_hashjoin,14592.651,10629.875
0,xgboost_tuned,plan_time,tuned_ml,q01_p1,no_mergejoin,10802.619,8285.625
0,xgboost_tuned,plan_time,tuned_ml,q01_p1,no_nestloop,10626.043,7978.51904296875
0,xgboost_tuned,plan_time,tuned_ml,q01_p4,default,7707.074,7622.6650390625
0,xgboost_tuned,plan_time,tuned_ml,q01_p4,no_hashjoin,11899.903,7153.01611328125
0,xgboost_tuned,plan_time,tuned_ml,q01_p4,no_mergejoin,11406.505,10010.5185546875
0,xgboost_tuned,plan_time,tuned_ml,q01_p4,no_nestloop,9862.402,10083.8544921875
0,xgboost_tuned,plan_time,tuned_ml,q03_p2,default,1513.628,1932.9786376953125
0,xgboost_tuned,plan_time,tuned_ml,q03_p2,no_hashjoin,9935.697,11837.1953125
0,xgboost_tuned,plan_time,tuned_ml,q03_p2,no_mergejoin,2103.504,1943.447998046875
0,xgboost_tuned,plan_time,tuned_ml,q03_p2,no_nestloop,3760.127,3920.210205078125
0,xgboost_tuned,plan_time,tuned_ml,q03_p4,default,1825.335,1879.3489990234375
0,xgboost_tuned,plan_time,tuned_ml,q03_p4,no_hashjoin,9233.542,10571.0224609375
0,xgboost_tuned,plan_time,tuned_ml,q03_p4,no_mergejoin,1153.93,1585.94482421875
0,xgboost_tuned,plan_time,tuned_ml,q03_p4,no_nestloop,1581.882,3457.2685546875
0,xgboost_tuned,plan_time,tuned_ml,q05_p4,default,7116.569,5094.0419921875
0,xgboost_tuned,plan_time,tuned_ml,q05_p4,no_hashjoin,7761.671,4468.42041015625
0,xgboost_tuned,plan_time,tuned_ml,q05_p4,no_mergejoin,14257.984,5202.10400390625
0,xgboost_tuned,plan_time,tuned_ml,q05_p4,no_nestloop,5488.744,3307.20263671875
0,xgboost_tuned,plan_time,tuned_ml,q06_p1,default,4169.204,2125.180908203125
0,xgboost_tuned,plan_time,tuned_ml,q06_p1,no_hashjoin,2672.595,1604.2838134765625
0,xgboost_tuned,plan_time,tuned_ml,q06_p1,no_mergejoin,2169.062,2158.785888671875
0,xgboost_tuned,plan_time,tuned_ml,q06_p1,no_nestloop,2766.657,1989.336181640625
0,xgboost_tuned,plan_time,tuned_ml,q07_p0,default,33515.848,58754.83984375
0,xgboost_tuned,plan_time,tuned_ml,q07_p0,no_hashjoin,6605.498,11833.775390625
0,xgboost_tuned,plan_time,tuned_ml,q07_p0,no_mergejoin,31465.431,41313.79296875
0,xgboost_tuned,plan_time,tuned_ml,q07_p0,no_nestloop,2952.799,3784.995849609375
0,xgboost_tuned,plan_time,tuned_ml,q07_p4,default,59489.379,57517.3828125
0,xgboost_tuned,plan_time,tuned_ml,q07_p4,no_hashjoin,12167.826,9524.2109375
0,xgboost_tuned,plan_time,tuned_ml,q07_p4,no_mergejoin,26668.91,40704.34765625
0,xgboost_tuned,plan_time,tuned_ml,q07_p4,no_nestloop,1892.741,3896.141845703125
0,xgboost_tuned,plan_time,tuned_ml,q08_p3,default,6018.607,3487.364990234375
0,xgboost_tuned,plan_time,tuned_ml,q08_p3,no_hashjoin,3792.658,2700.621826171875
0,xgboost_tuned,plan_time,tuned_ml,q08_p3,no_mergejoin,3685.784,2587.32470703125
0,xgboost_tuned,plan_time,tuned_ml,q08_p3,no_nestloop,6346.003,5013.1181640625
0,xgboost_tuned,plan_time,tuned_ml,q09_p2,default,12046.323,16288.865234375
0,xgboost_tuned,plan_time,tuned_ml,q09_p2,no_hashjoin,20980.942,30752.595703125
0,xgboost_tuned,plan_time,tuned_ml,q09_p2,no_mergejoin,14809.125,11992.8115234375
0,xgboost_tuned,plan_time,tuned_ml,q09_p2,no_nestloop,7339.487,7194.10302734375
0,xgboost_tuned,plan_time,tuned_ml,q11_p0,default,3049.573,880.3005981445312
0,xgboost_tuned,plan_time,tuned_ml,q11_p0,no_hashjoin,904.409,907.8114013671875
0,xgboost_tuned,plan_time,tuned_ml,q11_p0,no_mergejoin,816.264,744.6326293945312
0,xgboost_tuned,plan_time,tuned_ml,q11_p0,no_nestloop,1302.632,1660.3807373046875
0,xgboost_tuned,plan_time,tuned_ml,q12_p4,default,2249.037,2831.3056640625
0,xgboost_tuned,plan_time,tuned_ml,q12_p4,no_hashjoin,3823.712,2967.945556640625
0,xgboost_tuned,plan_time,tuned_ml,q12_p4,no_mergejoin,6799.636,2847.58447265625
0,xgboost_tuned,plan_time,tuned_ml,q12_p4,no_nestloop,7214.151,2971.3154296875
0,xgboost_tuned,plan_time,tuned_ml,q14_p2,default,3528.926,2294.06689453125
0,xgboost_tuned,plan_time,tuned_ml,q14_p2,no_hashjoin,3469.28,2866.916015625
0,xgboost_tuned,plan_time,tuned_ml,q14_p2,no_mergejoin,3484.62,2309.011962890625
0,xgboost_tuned,plan_time,tuned_ml,q14_p2,no_nestloop,2670.408,2229.062744140625
0,xgboost_tuned,plan_time,tuned_ml,q15_p1,default,2973.557,4591.96240234375
0,xgboost_tuned,plan_time,tuned_ml,q15_p1,no_hashjoin,3481.784,4586.87109375
0,xgboost_tuned,plan_time,tuned_ml,q15_p1,no_mergejoin,3814.434,4383.5
0,xgboost_tuned,plan_time,tuned_ml,q15_p1,no_nestloop,2991.507,3865.677490234375
0,xgboost_tuned,plan_time,tuned_ml,q16_p0,default,3583.344,2441.595703125
0,xgboost_tuned,plan_time,tuned_ml,q16_p0,no_hashjoin,2973.287,1850.789306640625
0,xgboost_tuned,plan_time,tuned_ml,q16_p0,no_mergejoin,1724.904,1658.473388671875
0,xgboost_tuned,plan_time,tuned_ml,q16_p0,no_nestloop,2170.77,1718.1610107421875
0,xgboost_tuned,plan_time,tuned_ml,q19_p4,default,413.238,420.0376281738281
0,xgboost_tuned,plan_time,tuned_ml,q19_p4,no_hashjoin,264.754,394.7367248535156
0,xgboost_tuned,plan_time,tuned_ml,q19_p4,no_mergejoin,314.011,408.9718322753906
0,xgboost_tuned,plan_time,tuned_ml,q19_p4,no_nestloop,3594.635,2939.094482421875
0,xgboost_tuned,plan_time,tuned_ml,q21_p0,default,52833.508,18964.921875
0,xgboost_tuned,plan_time,tuned_ml,q21_p0,no_hashjoin,47704.612,17418.8984375
0,xgboost_tuned,plan_time,tuned_ml,q21_p0,no_mergejoin,18214.814,16507.73828125
0,xgboost_tuned,plan_time,tuned_ml,q21_p0,no_nestloop,9580.423,10696.6015625
0,xgboost_tuned,plan_time,tuned_ml,ds_q06_web_vs_store,default,696.566,1260.3199462890625
0,xgboost_tuned,plan_time,tuned_ml,ds_q06_web_vs_store,no_hashjoin,1647.674,1793.218505859375
0,xgboost_tuned,plan_time,tuned_ml,ds_q06_web_vs_store,no_mergejoin,852.859,818.1355590820312
0,xgboost_tuned,plan_time,tuned_ml,ds_q06_web_vs_store,no_nestloop,1042.574,914.7288208007812
0,xgboost_tuned,plan_time,tuned_ml,ds_q11_inventory_check,default,519.915,991.006103515625
0,xgboost_tuned,plan_time,tuned_ml,ds_q11_inventory_check,no_hashjoin,947.458,936.7464599609375
0,xgboost_tuned,plan_time,tuned_ml,ds_q11_inventory_check,no_mergejoin,423.518,543.3765258789062
0,xgboost_tuned,plan_time,tuned_ml,ds_q11_inventory_check,no_nestloop,343.882,565.4000244140625
0,xgboost_tuned,plan_time,tuned_ml,ds_q17_dow_pattern,default,996.646,543.6509399414062
0,xgboost_tuned,plan_time,tuned_ml,ds_q17_dow_pattern,no_hashjoin,2377.113,1318.86865234375
0,xgboost_tuned,plan_time,tuned_ml,ds_q17_dow_pattern,no_mergejoin,571.268,327.44525146484375
0,xgboost_tuned,plan_time,tuned_ml,ds_q17_dow_pattern,no_nestloop,644.053,644.4063110351562
0,xgboost_tuned,plan_time,tuned_ml,online_ce83de12bc,default,947.618,2346.168212890625
0,xgboost_tuned,plan_time,tuned_ml,online_ce83de12bc,no_mergejoin,823.206,2216.2021484375
0,xgboost_tuned,plan_time,tuned_ml,online_ce83de12bc,no_nestloop,732.934,2296.052001953125
0,xgboost_tuned,plan_time,tuned_ml,online_ce83de12bc,no_hashjoin,782.553,2867.772216796875
1,xgboost_tuned,plan_time,tuned_ml,q03_join_customer_orders,default,13.224,18.180381774902344
1,xgboost_tuned,plan_time,tuned_ml,q05_top_customers,default,18.031,49.92967224121094
1,xgboost_tuned,plan_time,tuned_ml,q02,default,6173.76,20436.642578125
1,xgboost_tuned,plan_time,tuned_ml,q02,no_hashjoin,4302.342,4339.84765625
1,xgboost_tuned,plan_time,tuned_ml,q02,no_mergejoin,3199.538,3885.993896484375
1,xgboost_tuned,plan_time,tuned_ml,q02,no_nestloop,6690.813,6422.5419921875
1,xgboost_tuned,plan_time,tuned_ml,q04,default,1216.968,811.5827026367188
1,xgboost_tuned,plan_time,tuned_ml,q04,no_hashjoin,1396.247,1007.4816284179688
1,xgboost_tuned,plan_time,tuned_ml,q04,no_mergejoin,1429.065,837.4572143554688
1,xgboost_tuned,plan_time,tuned_ml,q04,no_nestloop,16777.004,5495.7158203125
1,xgboost_tuned,plan_time,tuned_ml,q07,default,35165.908,39942.3984375
1,xgboost_tuned,plan_time,tuned_ml,q07,no_hashjoin,3945.736,8321.6123046875
1,xgboost_tuned,plan_time,tuned_ml,q07,no_mergejoin,29002.507,35450.5625
1,xgboost_tuned,plan_time,tuned_ml,q07,no_nestloop,2402.029,3776.469970703125
1,xgboost_tuned,plan_time,tuned_ml,q11,default,1724.803,1205.1153564453125
1,xgboost_tuned,plan_time,tuned_ml,q11,no_hashjoin,403.337,833.921630859375
1,xgboost_tuned,plan_time,tuned_ml,q11,no_mergejoin,308.811,1567.9754638671875
1,xgboost_tuned,plan_time,tuned_ml,q11,no_nestloop,801.703,2093.3876953125
1,xgboost_tuned,plan_time,tuned_ml,q16,default,1605.611,2653.638427734375
1,xgboost_tuned,plan_time,tuned_ml,q16,no_hashjoin,1383.148,3253.370849609375
1,xgboost_tuned,plan_time,tuned_ml,q16,no_mergejoin,1106.188,2242.804443359375
1,xgboost_tuned,plan_time,tuned_ml,q16,no_nestloop,1324.611,2023.0947265625
1,xgboost_tuned,plan_time,tuned_ml,q21,default,13986.072,21896.65625
1,xgboost_tuned,plan_time,tuned_ml,q21,no_hashjoin,19448.204,17075.142578125
1,xgboost_tuned,plan_time,tuned_ml,q21,no_mergejoin,13055.611,16410.7109375
1,xgboost_tuned,plan_time,tuned_ml,q21,no_nestloop,10367.542,9852.8330078125
1,xgboost_tuned,plan_time,tuned_ml,q01_p2,default,9565.353,10957.8310546875
1,xgboost_tuned,plan_time,tuned_ml,q01_p2,no_hashjoin,9512.992,10848.6416015625
1,xgboost_tuned,plan_time,tuned_ml,q01_p2,no_mergejoin,13686.939,10815.4677734375
1,xgboost_tuned,plan_time,tuned_ml,q01_p2,no_nestloop,13280.512,9772.4580078125
1,xgboost_tuned,plan_time,tuned_ml,q03_p1,default,1789.751,2091.970947265625
1,xgboost_tuned,plan_time,tuned_ml,q03_p1,no_hashjoin,11886.905,13332.748046875
1,xgboost_tuned,plan_time,tuned_ml,q03_p1,no_mergejoin,1234.521,1460.347412109375
1,xgboost_tuned,plan_time,tuned_ml,q03_p1,no_nestloop,1698.449,3142.829345703125
1,xgboost_tuned,plan_time,tuned_ml,q04_p4,default,1251.353,963.5118408203125
1,xgboost_tuned,plan_time,tuned_ml,q04_p4,no_hashjoin,872.911,881.8682250976562
1,xgboost_tuned,plan_time,tuned_ml,q04_p4,no_mergejoin,1007.402,938.5753173828125
1,xgboost_tuned,plan_time,tuned_ml,q04_p4,no_nestloop,9201.859,4738.92041015625
1,xgboost_tuned,plan_time,tuned_ml,q05_p2,default,4849.114,7058.32275390625
1,xgboost_tuned,plan_time,tuned_ml,q05_p2,no_hashjoin,4040.571,6077.7998046875
1,xgboost_tuned,plan_time,tuned_ml,q05_p2,no_mergejoin,3505.474,5608.43359375
1,xgboost_tuned,plan_time,tuned_ml,q05_p2,no_nestloop,3152.242,2661.4130859375
1,xgboost_tuned,plan_time,tuned_ml,q05_p3,default,4461.936,9583.998046875
1,xgboost_tuned,plan_time,tuned_ml,q05_p3,no_hashjoin,4576.937,6232.259765625
1,xgboost_tuned,plan_time,tuned_ml,q05_p3,no_mergejoin,5163.161,6032.63427734375
1,xgboost_tuned,plan_time,tuned_ml,q05_p3,no_nestloop,4531.435,2775.02490234375
1,xgboost_tuned,plan_time,tuned_ml,q07_p3,default,48180.292,33384.76953125
1,xgboost_tuned,plan_time,tuned_ml,q07_p3,no_hashjoin,20439.496,9291.53515625
1,xgboost_tuned,plan_time,tuned_ml,q07_p3,no_mergejoin,75622.57,44201.34765625
1,xgboost_tuned,plan_time,tuned_ml,q07_p3,no_nestloop,7456.51,5407.6748046875
1,xgboost_tuned,plan_time,tuned_ml,q08_p2,default,4115.998,2608.8369140625
1,xgboost_tuned,plan_time,tuned_ml,q08_p2,no_hashjoin,2794.834,3139.88671875
1,xgboost_tuned,plan_time,tuned_ml,q08_p2,no_mergejoin,3521.968,2321.860107421875
1,xgboost_tuned,plan_time,tuned_ml,q08_p2,no_nestloop,6391.806,3019.754150390625
1,xgboost_tuned,plan_time,tuned_ml,q09_p1,default,39188.185,26226.916015625
1,xgboost_tuned,plan_time,tuned_ml,q09_p1,no_hashjoin,37214.359,24812.3671875
1,xgboost_tuned,plan_time,tuned_ml,q09_p1,no_mergejoin,17515.704,21517.3984375
1,xgboost_tuned,plan_time,tuned_ml,q09_p1,no_nestloop,9813.353,5797.517578125
1,xgboost_tuned,plan_time,tuned_ml,q11_p4,default,1992.165,1681.96240234375
1,xgboost_tuned,plan_time,tuned_ml,q11_p4,no_hashjoin,694.319,1137.2867431640625
1,xgboost_tuned,plan_time,tuned_ml,q11_p4,no_mergejoin,595.204,1080.0439453125
1,xgboost_tuned,plan_time,tuned_ml,q11_p4,no_nestloop,1576.498,1900.7113037109375
1,xgboost_tuned,plan_time,tuned_ml,q12_p3,default,2243.386,3887.376708984375
1,xgboost_tuned,plan_time,tuned_ml,q12_p3,no_hashjoin,2231.47,3568.202880859375
1,xgboost_tuned,plan_time,tuned_ml,q12_p3,no_mergejoin,2085.778,3099.52783203125
1,xgboost_tuned,plan_time,tuned_ml,q12_p3,no_nestloop,2514.896,4738.7578125
1,xgboost_tuned,plan_time,tuned_ml,q14_p1,default,2856.102,2543.036865234375
1,xgboost_tuned,plan_time,tuned_ml,q14_p1,no_hashjoin,2769.721,1687.2705078125
1,xgboost_tuned,plan_time,tuned_ml,q14_p1,no_mergejoin,2453.346,2816.860595703125
1,xgboost_tuned,plan_time,tuned_ml,q14_p1,no_nestloop,2195.13,2171.52587890625
1,xgboost_tuned,plan_time,tuned_ml,q15_p0,default,4191.151,3894.5068359375
1,xgboost_tuned,plan_time,tuned_ml,q15_p0,no_hashjoin,5584.123,4015.0830078125
1,xgboost_tuned,plan_time,tuned_ml,q15_p0,no_mergejoin,5665.229,3871.93310546875
1,xgboost_tuned,plan_time,tuned_ml,q15_p0,no_nestloop,2830.03,3800.912109375
1,xgboost_tuned,plan_time,tuned_ml,q16_p4,default,2523.064,2186.3935546875
1,xgboost_tuned,plan_time,tuned_ml,q16_p4,no_hashjoin,1946.083,2669.6357421875
1,xgboost_tuned,plan_time,tuned_ml,q16_p4,no_mergejoin,1783.659,1990.9730224609375
1,xgboost_tuned,plan_time,tuned_ml,q16_p4,no_nestloop,2195.978,2038.2191162109375
1,xgboost_tuned,plan_time,tuned_ml,q19_p0,default,435.11,300.8890686035156
1,xgboost_tuned,plan_time,tuned_ml,q19_p0,no_hashjoin,516.983,250.4451904296875
1,xgboost_tuned,plan_time,tuned_ml,q19_p0,no_mergejoin,498.459,305.2392578125
1,xgboost_tuned,plan_time,tuned_ml,q19_p0,no_nestloop,3656.192,1848.422607421875
1,xgboost_tuned,plan_time,tuned_ml,q19_p3,default,392.595,357.09619140625
1,xgboost_tuned,plan_time,tuned_ml,q19_p3,no_hashjoin,404.667,326.3387451171875
1,xgboost_tuned,plan_time,tuned_ml,q19_p3,no_mergejoin,494.229,448.84344482421875
1,xgboost_tuned,plan_time,tuned_ml,q19_p3,no_nestloop,3766.083,1105.88916015625
1,xgboost_tuned,plan_time,tuned_ml,q21_p4,default,19462.346,18077.537109375
1,xgboost_tuned,plan_time,tuned_ml,q21_p4,no_hashjoin,19158.111,16392.58203125
1,xgboost_tuned,plan_time,tuned_ml,q21_p4,no_mergejoin,21773.347,17930.65625
1,xgboost_tuned,plan_time,tuned_ml,q21_p4,no_nestloop,20578.87,10190.6142578125
1,xgboost_tuned,plan_time,tuned_ml,ds_q04_customer_topk,default,704.859,673.2894287109375
1,xgboost_tuned,plan_time,tuned_ml,ds_q04_customer_topk,no_hashjoin,1272.521,639.0943603515625
1,xgboost_tuned,plan_time,tuned_ml,ds_q04_customer_topk,no_mergejoin,577.718,620.521728515625
1,xgboost_tuned,plan_time,tuned_ml,ds_q04_customer_topk,no_nestloop,799.922,623.3549194335938
1,xgboost_tuned,plan_time,tuned_ml,ds_q05_returns_filter,default,279.907,177.1256866455078
1,xgboost_tuned,plan_time,tuned_ml,ds_q05_returns_filter,no_hashjoin,328.061,76.20735168457031
1,xgboost_tuned,plan_time,tuned_ml,ds_q05_returns_filter,no_mergejoin,196.199,62.21038818359375
1,xgboost_tuned,plan_time,tuned_ml,ds_q05_returns_filter,no_nestloop,163.456,58.36294174194336
1,xgboost_tuned,plan_time,tuned_ml,ds_q09_avg_basket,default,481.674,464.9948425292969
1,xgboost_tuned,plan_time,tuned_ml,ds_q09_avg_basket,no_hashjoin,512.863,451.9273376464844
1,xgboost_tuned,plan_time,tuned_ml,ds_q09_avg_basket,no_mergejoin,420.93,412.4188537597656
1,xgboost_tuned,plan_time,tuned_ml,ds_q09_avg_basket,no_nestloop,445.387,378.8121337890625
1,xgboost_tuned,plan_time,tuned_ml,ds_q18_brand_topk,default,662.842,285.7032470703125
1,xgboost_tuned,plan_time,tuned_ml,ds_q18_brand_topk,no_hashjoin,2523.984,755.7786254882812
1,xgboost_tuned,plan_time,tuned_ml,ds_q18_brand_topk,no_mergejoin,2049.833,292.347900390625
1,xgboost_tuned,plan_time,tuned_ml,ds_q18_brand_topk,no_nestloop,774.295,267.7098693847656
1,xgboost_tuned,plan_time,tuned_ml,ds_q19_self_join,default,5.488,32.81531524658203
1,xgboost_tuned,plan_time,tuned_ml,ds_q19_self_join,no_hashjoin,0.11,36.3433952331543
1,xgboost_tuned,plan_time,tuned_ml,ds_q19_self_join,no_mergejoin,0.106,34.05082702636719
1,xgboost_tuned,plan_time,tuned_ml,ds_q19_self_join,no_nestloop,0.133,38.75004577636719
2,xgboost_tuned,plan_time,tuned_ml,q10,default,1318.8,5137.74072265625
2,xgboost_tuned,plan_time,tuned_ml,q10,no_hashjoin,4160.12,7823.77099609375
2,xgboost_tuned,plan_time,tuned_ml,q10,no_mergejoin,1571.937,3926.95458984375
2,xgboost_tuned,plan_time,tuned_ml,q10,no_nestloop,2518.974,5277.9912109375
2,xgboost_tuned,plan_time,tuned_ml,q15,default,2757.332,5366.8076171875
2,xgboost_tuned,plan_time,tuned_ml,q15,no_hashjoin,2518.908,5159.52099609375
2,xgboost_tuned,plan_time,tuned_ml,q15,no_mergejoin,2113.783,5277.5634765625
2,xgboost_tuned,plan_time,tuned_ml,q15,no_nestloop,2244.615,4486.29833984375
2,xgboost_tuned,plan_time,tuned_ml,q20,default,7381.431,8053.59912109375
2,xgboost_tuned,plan_time,tuned_ml,q20,no_hashjoin,4427.324,5130.01806640625
2,xgboost_tuned,plan_time,tuned_ml,q20,no_mergejoin,4679.932,7294.2138671875
2,xgboost_tuned,plan_time,tuned_ml,q01_p3,default,13984.334,10481.3798828125
2,xgboost_tuned,plan_time,tuned_ml,q01_p3,no_hashjoin,15019.025,10048.8974609375
2,xgboost_tuned,plan_time,tuned_ml,q01_p3,no_mergejoin,12287.425,10049.5107421875
2,xgboost_tuned,plan_time,tuned_ml,q01_p3,no_nestloop,11661.957,9906.4677734375
2,xgboost_tuned,plan_time,tuned_ml,q02_p0,default,23413.931,11179.3896484375
2,xgboost_tuned,plan_time,tuned_ml,q02_p0,no_hashjoin,3964.82,4009.37646484375
2,xgboost_tuned,plan_time,tuned_ml,q02_p0,no_mergejoin,3313.199,3345.100830078125
2,xgboost_tuned,plan_time,tuned_ml,q02_p0,no_nestloop,8545.085,5442.64599609375
2,xgboost_tuned,plan_time,tuned_ml,q02_p2,default,3165.46,3654.872802734375
2,xgboost_tuned,plan_time,tuned_ml,q02_p2,no_hashjoin,5007.324,4523.52880859375
2,xgboost_tuned,plan_time,tuned_ml,q02_p2,no_mergejoin,3606.714,3050.829833984375
2,xgboost_tuned,plan_time,tuned_ml,q02_p2,no_nestloop,7216.648,5504.4033203125
2,xgboost_tuned,plan_time,tuned_ml,q03_p0,default,2635.037,2565.392333984375
2,xgboost_tuned,plan_time,tuned_ml,q03_p0,no_hashjoin,18114.795,11231.2109375
2,xgboost_tuned,plan_time,tuned_ml,q03_p0,no_mergejoin,1944.902,1491.6104736328125
2,xgboost_tuned,plan_time,tuned_ml,q03_p0,no_nestloop,5589.845,2418.11083984375
2,xgboost_tuned,plan_time,tuned_ml,q04_p3,default,990.862,900.4651489257812
2,xgboost_tuned,plan_time,tuned_ml,q04_p3,no_hashjoin,1329.233,882.4801025390625
2,xgboost_tuned,plan_time,tuned_ml,q04_p3,no_mergejoin,1103.474,798.6190795898438
2,xgboost_tuned,plan_time,tuned_ml,q04_p3,no_nestloop,8503.564,6370.89453125
2,xgboost_tuned,plan_time,tuned_ml,q05_p1,default,6327.661,6455.74462890625
2,xgboost_tuned,plan_time,tuned_ml,q05_p1,no_hashjoin,3334.809,4677.6220703125
2,xgboost_tuned,plan_time,tuned_ml,q05_p1,no_mergejoin,3473.214,5110.52099609375
2,xgboost_tuned,plan_time,tuned_ml,q05_p1,no_nestloop,2614.839,4020.513916015625
2,xgboost_tuned,plan_time,tuned_ml,q06_p2,default,4135.177,3627.906982421875
2,xgboost_tuned,plan_time,tuned_ml,q06_p2,no_hashjoin,3106.429,2516.2255859375
2,xgboost_tuned,plan_time,tuned_ml,q06_p2,no_mergejoin,2665.156,2651.63525390625
2,xgboost_tuned,plan_time,tuned_ml,q06_p2,no_nestloop,2697.838,3024.5400390625
2,xgboost_tuned,plan_time,tuned_ml,q07_p2,default,42141.36,34016.921875
2,xgboost_tuned,plan_time,tuned_ml,q07_p2,no_hashjoin,10847.283,10222.97265625
2,xgboost_tuned,plan_time,tuned_ml,q07_p2,no_mergejoin,49967.521,40807.66015625
2,xgboost_tuned,plan_time,tuned_ml,q07_p2,no_nestloop,8066.19,5780.21826171875
2,xgboost_tuned,plan_time,tuned_ml,q08_p1,default,2058.638,5226.2060546875
2,xgboost_tuned,plan_time,tuned_ml,q08_p1,no_hashjoin,2498.809,2268.945068359375
2,xgboost_tuned,plan_time,tuned_ml,q08_p1,no_mergejoin,2816.12,4891.107421875
2,xgboost_tuned,plan_time,tuned_ml,q08_p1,no_nestloop,5506.494,5535.47314453125
2,xgboost_tuned,plan_time,tuned_ml,q09_p0,default,27540.065,17650.615234375
2,xgboost_tuned,plan_time,tuned_ml,q09_p0,no_hashjoin,44491.972,31089.154296875
2,xgboost_tuned,plan_time,tuned_ml,q09_p0,no_mergejoin,20940.383,9593.033203125
2,xgboost_tuned,plan_time,tuned_ml,q09_p0,no_nestloop,16162.56,9130.94921875
2,xgboost_tuned,plan_time,tuned_ml,q11_p3,default,1976.909,1331.6400146484375
2,xgboost_tuned,plan_time,tuned_ml,q11_p3,no_hashjoin,748.431,912.4640502929688
2,xgboost_tuned,plan_time,tuned_ml,q11_p3,no_mergejoin,562.144,821.9801635742188
2,xgboost_tuned,plan_time,tuned_ml,q11_p3,no_nestloop,1681.782,1455.1875
2,xgboost_tuned,plan_time,tuned_ml,q12_p2,default,2149.287,3420.654052734375
2,xgboost_tuned,plan_time,tuned_ml,q12_p2,no_hashjoin,2364.648,3174.601806640625
2,xgboost_tuned,plan_time,tuned_ml,q12_p2,no_mergejoin,2164.549,3335.63671875
2,xgboost_tuned,plan_time,tuned_ml,q12_p2,no_nestloop,1854.457,3321.858154296875
2,xgboost_tuned,plan_time,tuned_ml,q14_p0,default,2971.513,3257.237060546875
2,xgboost_tuned,plan_time,tuned_ml,q14_p0,no_hashjoin,3770.611,2731.521484375
2,xgboost_tuned,plan_time,tuned_ml,q14_p0,no_mergejoin,4340.477,2247.556640625
2,xgboost_tuned,plan_time,tuned_ml,q14_p0,no_nestloop,3252.169,2224.918212890625
2,xgboost_tuned,plan_time,tuned_ml,q15_p4,default,3928.715,4427.7685546875
2,xgboost_tuned,plan_time,tuned_ml,q15_p4,no_hashjoin,3612.135,5136.40771484375
2,xgboost_tuned,plan_time,tuned_ml,q15_p4,no_mergejoin,4176.719,5313.53759765625
2,xgboost_tuned,plan_time,tuned_ml,q15_p4,no_nestloop,4123.565,3700.927734375
2,xgboost_tuned,plan_time,tuned_ml,q16_p3,default,2142.518,2192.081298828125
2,xgboost_tuned,plan_time,tuned_ml,q16_p3,no_hashjoin,2488.674,1815.4791259765625
2,xgboost_tuned,plan_time,tuned_ml,q16_p3,no_mergejoin,2170.027,1905.6544189453125
2,xgboost_tuned,plan_time,tuned_ml,q16_p3,no_nestloop,1427.093,1778.5870361328125
2,xgboost_tuned,plan_time,tuned_ml,q17_p2,default,5596.138,4413.62939453125
2,xgboost_tuned,plan_time,tuned_ml,q17_p2,no_hashjoin,730.087,1088.826171875
2,xgboost_tuned,plan_time,tuned_ml,q17_p2,no_mergejoin,4160.795,5637.1162109375
2,xgboost_tuned,plan_time,tuned_ml,q17_p2,no_nestloop,4012.796,4974.0126953125
2,xgboost_tuned,plan_time,tuned_ml,q17_p3,default,5259.441,4435.00537109375
2,xgboost_tuned,plan_time,tuned_ml,q17_p3,no_hashjoin,821.265,895.8474731445312
2,xgboost_tuned,plan_time,tuned_ml,q17_p3,no_mergejoin,5243.261,5376.75830078125
2,xgboost_tuned,plan_time,tuned_ml,q17_p3,no_nestloop,7027.809,5360.04931640625
2,xgboost_tuned,plan_time,tuned_ml,q19_p2,default,231.761,355.32781982421875
2,xgboost_tuned,plan_time,tuned_ml,q19_p2,no_hashjoin,251.742,286.56280517578125
2,xgboost_tuned,plan_time,tuned_ml,q19_p2,no_mergejoin,298.061,310.27044677734375
2,xgboost_tuned,plan_time,tuned_ml,q19_p2,no_nestloop,232.592,2487.460205078125
2,xgboost_tuned,plan_time,tuned_ml,q20_p0,default,6531.394,12867.880859375
2,xgboost_tuned,plan_time,tuned_ml,q20_p0,no_hashjoin,3627.978,5732.8984375
2,xgboost_tuned,plan_time,tuned_ml,q20_p0,no_mergejoin,4085.213,4490.80712890625
2,xgboost_tuned,plan_time,tuned_ml,q21_p3,default,17560.987,15616.1962890625
2,xgboost_tuned,plan_time,tuned_ml,q21_p3,no_hashjoin,17085.046,22531.255859375
2,xgboost_tuned,plan_time,tuned_ml,q21_p3,no_mergejoin,17104.211,17851.568359375
2,xgboost_tuned,plan_time,tuned_ml,q21_p3,no_nestloop,11808.777,10639.95703125
2,xgboost_tuned,plan_time,tuned_ml,ds_q03_promo_effect,default,639.997,557.2113037109375
2,xgboost_tuned,plan_time,tuned_ml,ds_q03_promo_effect,no_hashjoin,2233.295,649.77392578125
2,xgboost_tuned,plan_time,tuned_ml,ds_q03_promo_effect,no_mergejoin,613.607,370.880615234375
2,xgboost_tuned,plan_time,tuned_ml,ds_q03_promo_effect,no_nestloop,389.256,423.7038269042969
2,xgboost_tuned,plan_time,tuned_ml,ds_q08_addr_filter,default,89.476,44.32546615600586
2,xgboost_tuned,plan_time,tuned_ml,ds_q08_addr_filter,no_hashjoin,43.675,24.49115562438965
2,xgboost_tuned,plan_time,tuned_ml,ds_q08_addr_filter,no_mergejoin,39.483,20.201555252075195
2,xgboost_tuned,plan_time,tuned_ml,ds_q08_addr_filter,no_nestloop,61.302,22.57799530029297
2,xgboost_tuned,plan_time,tuned_ml,ds_q12_catalog_topk,default,531.523,582.659912109375
2,xgboost_tuned,plan_time,tuned_ml,ds_q12_catalog_topk,no_hashjoin,968.577,1019.6524658203125
2,xgboost_tuned,plan_time,tuned_ml,ds_q12_catalog_topk,no_mergejoin,392.038,585.8992309570312
2,xgboost_tuned,plan_time,tuned_ml,ds_q12_catalog_topk,no_nestloop,356.789,490.96856689453125
2,xgboost_tuned,plan_time,tuned_ml,ds_q15_returns_ratio,default,810.594,959.9279174804688
2,xgboost_tuned,plan_time,tuned_ml,ds_q15_returns_ratio,no_hashjoin,2445.148,1408.49267578125
2,xgboost_tuned,plan_time,tuned_ml,ds_q15_returns_ratio,no_mergejoin,643.784,826.6968994140625
2,xgboost_tuned,plan_time,tuned_ml,ds_q15_returns_ratio,no_nestloop,729.727,853.37646484375
2,xgboost_tuned,plan_time,tuned_ml,online_b21324f41e,default,256.352,887.9639892578125
2,xgboost_tuned,plan_time,tuned_ml,online_b21324f41e,no_mergejoin,160.573,701.7872314453125
2,xgboost_tuned,plan_time,tuned_ml,online_b21324f41e,no_nestloop,160.279,804.519775390625
2,xgboost_tuned,plan_time,tuned_ml,online_b21324f41e,no_hashjoin,301.284,1425.771240234375
3,xgboost_tuned,plan_time,tuned_ml,q03,default,1640.223,2641.21435546875
3,xgboost_tuned,plan_time,tuned_ml,q03,no_hashjoin,15919.201,11439.4287109375
3,xgboost_tuned,plan_time,tuned_ml,q03,no_mergejoin,2101.658,2218.113525390625
3,xgboost_tuned,plan_time,tuned_ml,q03,no_nestloop,2195.742,2791.045654296875
3,xgboost_tuned,plan_time,tuned_ml,q09,default,23625.277,12859.0966796875
3,xgboost_tuned,plan_time,tuned_ml,q09,no_hashjoin,30860.744,28873.931640625
3,xgboost_tuned,plan_time,tuned_ml,q09,no_mergejoin,19454.599,11143.939453125
3,xgboost_tuned,plan_time,tuned_ml,q09,no_nestloop,9471.806,13443.0556640625
3,xgboost_tuned,plan_time,tuned_ml,q14,default,1878.312,2699.909423828125
3,xgboost_tuned,plan_time,tuned_ml,q14,no_hashjoin,1806.03,2740.0966796875
3,xgboost_tuned,plan_time,tuned_ml,q14,no_mergejoin,1504.265,1656.0333251953125
3,xgboost_tuned,plan_time,tuned_ml,q14,no_nestloop,2199.709,1994.791259765625
3,xgboost_tuned,plan_time,tuned_ml,q02_p1,default,4831.789,3325.701171875
3,xgboost_tuned,plan_time,tuned_ml,q02_p1,no_hashjoin,7944.497,3939.080322265625
3,xgboost_tuned,plan_time,tuned_ml,q02_p1,no_mergejoin,7564.481,4398.06689453125
3,xgboost_tuned,plan_time,tuned_ml,q02_p1,no_nestloop,6618.888,7145.51513671875
3,xgboost_tuned,plan_time,tuned_ml,q02_p3,default,3892.114,3113.32568359375
3,xgboost_tuned,plan_time,tuned_ml,q02_p3,no_hashjoin,3155.964,4139.884765625
3,xgboost_tuned,plan_time,tuned_ml,q02_p3,no_mergejoin,4532.378,2848.98388671875
3,xgboost_tuned,plan_time,tuned_ml,q02_p3,no_nestloop,5564.808,7541.65478515625
3,xgboost_tuned,plan_time,tuned_ml,q04_p0,default,698.777,1270.4180908203125
3,xgboost_tuned,plan_time,tuned_ml,q04_p0,no_hashjoin,711.225,1369.815673828125
3,xgboost_tuned,plan_time,tuned_ml,q04_p0,no_mergejoin,778.803,1009.3370971679688
3,xgboost_tuned,plan_time,tuned_ml,q04_p0,no_nestloop,3866.661,6187.5810546875
3,xgboost_tuned,plan_time,tuned_ml,q05_p0,default,8204.45,5807.29150390625
3,xgboost_tuned,plan_time,tuned_ml,q05_p0,no_hashjoin,5962.965,5089.05908203125
3,xgboost_tuned,plan_time,tuned_ml,q05_p0,no_mergejoin,4610.027,4977.47265625
3,xgboost_tuned,plan_time,tuned_ml,q05_p0,no_nestloop,2611.541,3216.367431640625
3,xgboost_tuned,plan_time,tuned_ml,q06_p3,default,3480.088,2706.769775390625
3,xgboost_tuned,plan_time,tuned_ml,q06_p3,no_hashjoin,2996.05,2673.6923828125
3,xgboost_tuned,plan_time,tuned_ml,q06_p3,no_mergejoin,2669.903,2509.108154296875
3,xgboost_tuned,plan_time,tuned_ml,q06_p3,no_nestloop,4023.332,2523.3232421875
3,xgboost_tuned,plan_time,tuned_ml,q06_p4,default,5669.9,2734.517333984375
3,xgboost_tuned,plan_time,tuned_ml,q06_p4,no_hashjoin,2089.769,2540.8251953125
3,xgboost_tuned,plan_time,tuned_ml,q06_p4,no_mergejoin,4714.611,2787.417236328125
3,xgboost_tuned,plan_time,tuned_ml,q06_p4,no_nestloop,1983.072,2553.163330078125
3,xgboost_tuned,plan_time,tuned_ml,q08_p0,default,2318.738,2903.4794921875
3,xgboost_tuned,plan_time,tuned_ml,q08_p0,no_hashjoin,1937.078,4090.787353515625
3,xgboost_tuned,plan_time,tuned_ml,q08_p0,no_mergejoin,2662.364,2850.975341796875
3,xgboost_tuned,plan_time,tuned_ml,q08_p0,no_nestloop,4359.179,3891.59912109375
3,xgboost_tuned,plan_time,tuned_ml,q09_p4,default,8298.719,8731.318359375
3,xgboost_tuned,plan_time,tuned_ml,q09_p4,no_hashjoin,16043.449,19518.98828125
3,xgboost_tuned,plan_time,tuned_ml,q09_p4,no_mergejoin,10137.559,11375.4765625
3,xgboost_tuned,plan_time,tuned_ml,q09_p4,no_nestloop,11374.003,10740.6728515625
3,xgboost_tuned,plan_time,tuned_ml,q11_p2,default,1218.799,1431.5828857421875
3,xgboost_tuned,plan_time,tuned_ml,q11_p2,no_hashjoin,843.429,1005.6736450195312
3,xgboost_tuned,plan_time,tuned_ml,q11_p2,no_mergejoin,2433.052,929.0479125976562
3,xgboost_tuned,plan_time,tuned_ml,q11_p2,no_nestloop,3181.035,1194.8109130859375
3,xgboost_tuned,plan_time,tuned_ml,q12_p1,default,6508.802,3344.086181640625
3,xgboost_tuned,plan_time,tuned_ml,q12_p1,no_hashjoin,3209.493,3703.18798828125
3,xgboost_tuned,plan_time,tuned_ml,q12_p1,no_mergejoin,2447.656,2759.318603515625
3,xgboost_tuned,plan_time,tuned_ml,q12_p1,no_nestloop,1816.0,2641.142578125
3,xgboost_tuned,plan_time,tuned_ml,q14_p4,default,3773.783,2920.4365234375
3,xgboost_tuned,plan_time,tuned_ml,q14_p4,no_hashjoin,2474.995,3568.839599609375
3,xgboost_tuned,plan_time,tuned_ml,q14_p4,no_mergejoin,2967.284,1516.0015869140625
3,xgboost_tuned,plan_time,tuned_ml,q14_p4,no_nestloop,2601.241,2502.986328125
3,xgboost_tuned,plan_time,tuned_ml,q15_p3,default,4889.391,3082.142822265625
3,xgboost_tuned,plan_time,tuned_ml,q15_p3,no_hashjoin,5317.028,3129.518798828125
3,xgboost_tuned,plan_time,tuned_ml,q15_p3,no_mergejoin,5676.261,3157.91943359375
3,xgboost_tuned,plan_time,tuned_ml,q15_p3,no_nestloop,5457.38,3115.83349609375
3,xgboost_tuned,plan_time,tuned_ml,q16_p2,default,2458.46,2189.126953125
3,xgboost_tuned,plan_time,tuned_ml,q16_p2,no_hashjoin,2627.809,1964.2138671875
3,xgboost_tuned,plan_time,tuned_ml,q16_p2,no_mergejoin,1893.313,1864.29443359375
3,xgboost_tuned,plan_time,tuned_ml,q16_p2,no_nestloop,2458.918,1983.2032470703125
3,xgboost_tuned,plan_time,tuned_ml,q17_p1,default,11535.719,5631.23681640625
3,xgboost_tuned,plan_time,tuned_ml,q17_p1,no_hashjoin,2053.23,1418.134521484375
3,xgboost_tuned,plan_time,tuned_ml,q17_p1,no_mergejoin,7398.36,5621.61962890625
3,xgboost_tuned,plan_time,tuned_ml,q17_p1,no_nestloop,4296.241,5599.998046875
3,xgboost_tuned,plan_time,tuned_ml,q17_p4,default,4937.429,5188.68408203125
3,xgboost_tuned,plan_time,tuned_ml,q17_p4,no_hashjoin,664.182,1037.52294921875
3,xgboost_tuned,plan_time,tuned_ml,q17_p4,no_mergejoin,4008.003,5313.390625
3,xgboost_tuned,plan_time,tuned_ml,q17_p4,no_nestloop,4202.008,6455.78759765625
3,xgboost_tuned,plan_time,tuned_ml,q20_p1,default,2525.096,4683.82373046875
3,xgboost_tuned,plan_time,tuned_ml,q20_p1,no_hashjoin,2273.024,4602.1357421875
3,xgboost_tuned,plan_time,tuned_ml,q20_p1,no_mergejoin,2129.206,3875.52099609375
3,xgboost_tuned,plan_time,tuned_ml,q20_p1,no_nestloop,278747.214,9708.125
3,xgboost_tuned,plan_time,tuned_ml,q20_p3,default,11028.75,5799.79638671875
3,xgboost_tuned,plan_time,tuned_ml,q20_p3,no_hashjoin,10269.854,3960.379150390625
3,xgboost_tuned,plan_time,tuned_ml,q20_p3,no_mergejoin,13299.016,4681.50537109375
3,xgboost_tuned,plan_time,tuned_ml,q20_p4,default,70494.953,7124.615234375
3,xgboost_tuned,plan_time,tuned_ml,q20_p4,no_hashjoin,17808.234,4453.67578125
3,xgboost_tuned,plan_time,tuned_ml,q20_p4,no_mergejoin,22436.179,4123.11181640625
3,xgboost_tuned,plan_time,tuned_ml,q21_p2,default,12400.143,17749.60546875
3,xgboost_tuned,plan_time,tuned_ml,q21_p2,no_hashjoin,16524.084,22910.677734375
3,xgboost_tuned,plan_time,tuned_ml,q21_p2,no_mergejoin,11762.799,17023.337890625
3,xgboost_tuned,plan_time,tuned_ml,q21_p2,no_nestloop,9402.375,11099.3359375
3,xgboost_tuned,plan_time,tuned_ml,ds_q02_topk_revenue,default,1542.053,944.9060668945312
3,xgboost_tuned,plan_time,tuned_ml,ds_q02_topk_revenue,no_hashjoin,1352.97,631.1427612304688
3,xgboost_tuned,plan_time,tuned_ml,ds_q02_topk_revenue,no_mergejoin,543.457,536.6783447265625
3,xgboost_tuned,plan_time,tuned_ml,ds_q02_topk_revenue,no_nestloop,667.532,861.6810302734375
3,xgboost_tuned,plan_time,tuned_ml,ds_q07_yearly_trend,default,1811.255,606.3876953125
3,xgboost_tuned,plan_time,tuned_ml,ds_q07_yearly_trend,no_hashjoin,1572.343,1059.7222900390625
3,xgboost_tuned,plan_time,tuned_ml,ds_q07_yearly_trend,no_mergejoin,572.578,707.9020385742188
3,xgboost_tuned,plan_time,tuned_ml,ds_q07_yearly_trend,no_nestloop,616.613,581.9843139648438
3,xgboost_tuned,plan_time,tuned_ml,ds_q14_state_revenue,default,495.792,826.1674194335938
3,xgboost_tuned,plan_time,tuned_ml,ds_q14_state_revenue,no_hashjoin,1105.507,1707.6673583984375
3,xgboost_tuned,plan_time,tuned_ml,ds_q14_state_revenue,no_mergejoin,802.114,420.3101501464844
3,xgboost_tuned,plan_time,tuned_ml,ds_q14_state_revenue,no_nestloop,778.636,687.6757202148438
3,xgboost_tuned,plan_time,tuned_ml,ds_q16_web_returns,default,86.387,10.51272964477539
3,xgboost_tuned,plan_time,tuned_ml,ds_q16_web_returns,no_hashjoin,52.615,6.525874614715576
3,xgboost_tuned,plan_time,tuned_ml,ds_q16_web_returns,no_mergejoin,35.959,6.119160175323486
3,xgboost_tuned,plan_time,tuned_ml,ds_q16_web_returns,no_nestloop,37.871,8.867171287536621
3,xgboost_tuned,plan_time,tuned_ml,online_749218157a,default,1747.386,2599.300537109375
3,xgboost_tuned,plan_time,tuned_ml,online_749218157a,no_hashjoin,1146.033,2515.002685546875
3,xgboost_tuned,plan_time,tuned_ml,online_749218157a,no_mergejoin,1039.564,2546.78076171875
3,xgboost_tuned,plan_time,tuned_ml,online_749218157a,no_nestloop,1177.454,2636.70654296875
3,xgboost_tuned,plan_time,tuned_ml,online_dac91519b8,default,208.479,619.7427978515625
3,xgboost_tuned,plan_time,tuned_ml,online_dac91519b8,no_hashjoin,316.51,889.150390625
3,xgboost_tuned,plan_time,tuned_ml,online_dac91519b8,no_mergejoin,194.431,477.2527160644531
3,xgboost_tuned,plan_time,tuned_ml,online_dac91519b8,no_nestloop,217.28,519.1444091796875
4,xgboost_tuned,plan_time,tuned_ml,q04_agg_total_per_country,default,36.801,114.38125610351562
4,xgboost_tuned,plan_time,tuned_ml,q06_status_breakdown,default,22.161,72.00276184082031
4,xgboost_tuned,plan_time,tuned_ml,q06,default,2272.089,2491.840087890625
4,xgboost_tuned,plan_time,tuned_ml,q06,no_hashjoin,1791.259,2527.737548828125
4,xgboost_tuned,plan_time,tuned_ml,q06,no_mergejoin,1959.172,1978.138427734375
4,xgboost_tuned,plan_time,tuned_ml,q06,no_nestloop,1737.52,1987.5413818359375
4,xgboost_tuned,plan_time,tuned_ml,q08,default,2118.05,3268.86669921875
4,xgboost_tuned,plan_time,tuned_ml,q08,no_hashjoin,1382.048,2657.74658203125
4,xgboost_tuned,plan_time,tuned_ml,q08,no_mergejoin,1513.581,2428.38623046875
4,xgboost_tuned,plan_time,tuned_ml,q08,no_nestloop,2374.629,4896.755859375
4,xgboost_tuned,plan_time,tuned_ml,q13,default,2831.432,3650.600830078125
4,xgboost_tuned,plan_time,tuned_ml,q13,no_hashjoin,23582.006,3581.468505859375
4,xgboost_tuned,plan_time,tuned_ml,q13,no_mergejoin,2595.487,3626.353271484375
4,xgboost_tuned,plan_time,tuned_ml,q13,no_nestloop,2688.645,3277.550537109375
4,xgboost_tuned,plan_time,tuned_ml,q18,default,13888.445,12839.85546875
4,xgboost_tuned,plan_time,tuned_ml,q18,no_hashjoin,14970.42,14403.9873046875
4,xgboost_tuned,plan_time,tuned_ml,q18,no_mergejoin,16967.045,14341.5615234375
4,xgboost_tuned,plan_time,tuned_ml,q18,no_nestloop,17635.017,6274.0400390625
4,xgboost_tuned,plan_time,tuned_ml,q01_p0,default,3349.141,11080.349609375
4,xgboost_tuned,plan_time,tuned_ml,q01_p0,no_hashjoin,4540.459,10574.6025390625
4,xgboost_tuned,plan_time,tuned_ml,q01_p0,no_mergejoin,10943.592,13125.1513671875
4,xgboost_tuned,plan_time,tuned_ml,q01_p0,no_nestloop,8294.856,9831.49609375
4,xgboost_tuned,plan_time,tuned_ml,q02_p4,default,1973.717,3330.990966796875
4,xgboost_tuned,plan_time,tuned_ml,q02_p4,no_hashjoin,1809.446,5206.74072265625
4,xgboost_tuned,plan_time,tuned_ml,q02_p4,no_mergejoin,2038.239,3547.729736328125
4,xgboost_tuned,plan_time,tuned_ml,q02_p4,no_nestloop,4826.137,5509.64599609375
4,xgboost_tuned,plan_time,tuned_ml,q03_p3,default,2118.779,1939.3448486328125
4,xgboost_tuned,plan_time,tuned_ml,q03_p3,no_hashjoin,12346.115,10374.107421875
4,xgboost_tuned,plan_time,tuned_ml,q03_p3,no_mergejoin,1371.854,2092.896484375
4,xgboost_tuned,plan_time,tuned_ml,q03_p3,no_nestloop,3581.978,2182.03369140625
4,xgboost_tuned,plan_time,tuned_ml,q04_p1,default,616.709,1178.3746337890625
4,xgboost_tuned,plan_time,tuned_ml,q04_p1,no_hashjoin,714.221,1050.77978515625
4,xgboost_tuned,plan_time,tuned_ml,q04_p1,no_mergejoin,781.058,945.9110717773438
4,xgboost_tuned,plan_time,tuned_ml,q04_p1,no_nestloop,4254.901,6300.4267578125
4,xgboost_tuned,plan_time,tuned_ml,q04_p2,default,706.16,1125.947509765625
4,xgboost_tuned,plan_time,tuned_ml,q04_p2,no_hashjoin,693.738,1062.06005859375
4,xgboost_tuned,plan_time,tuned_ml,q04_p2,no_mergejoin,797.277,853.9254150390625
4,xgboost_tuned,plan_time,tuned_ml,q04_p2,no_nestloop,4757.625,5749.44775390625
4,xgboost_tuned,plan_time,tuned_ml,q06_p0,default,4046.07,3446.3330078125
4,xgboost_tuned,plan_time,tuned_ml,q06_p0,no_hashjoin,3038.813,1562.1180419921875
4,xgboost_tuned,plan_time,tuned_ml,q06_p0,no_mergejoin,3906.789,2029.7982177734375
4,xgboost_tuned,plan_time,tuned_ml,q06_p0,no_nestloop,3998.758,2073.107421875
4,xgboost_tuned,plan_time,tuned_ml,q07_p1,default,48689.845,34003.98046875
4,xgboost_tuned,plan_time,tuned_ml,q07_p1,no_hashjoin,15251.364,11597.6005859375
4,xgboost_tuned,plan_time,tuned_ml,q07_p1,no_mergejoin,53754.001,27740.77734375
4,xgboost_tuned,plan_time,tuned_ml,q07_p1,no_nestloop,5609.712,5417.86669921875
4,xgboost_tuned,plan_time,tuned_ml,q08_p4,default,5660.325,3307.70751953125
4,xgboost_tuned,plan_time,tuned_ml,q08_p4,no_hashjoin,6197.882,2744.069091796875
4,xgboost_tuned,plan_time,tuned_ml,q08_p4,no_mergejoin,2379.517,3275.44384765625
4,xgboost_tuned,plan_time,tuned_ml,q08_p4,no_nestloop,5048.417,5752.49755859375
4,xgboost_tuned,plan_time,tuned_ml,q09_p3,default,6549.707,16496.92578125
4,xgboost_tuned,plan_time,tuned_ml,q09_p3,no_hashjoin,13347.475,22534.82421875
4,xgboost_tuned,plan_time,tuned_ml,q09_p3,no_mergejoin,5954.025,15158.7626953125
4,xgboost_tuned,plan_time,tuned_ml,q09_p3,no_nestloop,3600.447,9755.08984375
4,xgboost_tuned,plan_time,tuned_ml,q11_p1,default,2820.861,1204.7823486328125
4,xgboost_tuned,plan_time,tuned_ml,q11_p1,no_hashjoin,834.804,851.249267578125
4,xgboost_tuned,plan_time,tuned_ml,q11_p1,no_mergejoin,854.796,744.3695678710938
4,xgboost_tuned,plan_time,tuned_ml,q11_p1,no_nestloop,1680.754,1519.1724853515625
4,xgboost_tuned,plan_time,tuned_ml,q12_p0,default,12501.249,3952.555419921875
4,xgboost_tuned,plan_time,tuned_ml,q12_p0,no_hashjoin,5870.008,2928.77197265625
4,xgboost_tuned,plan_time,tuned_ml,q12_p0,no_mergejoin,4893.417,3629.447265625
4,xgboost_tuned,plan_time,tuned_ml,q12_p0,no_nestloop,3516.724,3509.695556640625
4,xgboost_tuned,plan_time,tuned_ml,q14_p3,default,3822.122,2274.14013671875
4,xgboost_tuned,plan_time,tuned_ml,q14_p3,no_hashjoin,5657.868,2607.51318359375
4,xgboost_tuned,plan_time,tuned_ml,q14_p3,no_mergejoin,5261.081,3062.388671875
4,xgboost_tuned,plan_time,tuned_ml,q14_p3,no_nestloop,3418.002,2900.892333984375
4,xgboost_tuned,plan_time,tuned_ml,q15_p2,default,4505.763,3478.331298828125
4,xgboost_tuned,plan_time,tuned_ml,q15_p2,no_hashjoin,6508.556,3737.951904296875
4,xgboost_tuned,plan_time,tuned_ml,q15_p2,no_mergejoin,5286.807,3917.410400390625
4,xgboost_tuned,plan_time,tuned_ml,q15_p2,no_nestloop,5383.88,3348.041015625
4,xgboost_tuned,plan_time,tuned_ml,q16_p1,default,2655.656,2131.457763671875
4,xgboost_tuned,plan_time,tuned_ml,q16_p1,no_hashjoin,1923.553,2413.070556640625
4,xgboost_tuned,plan_time,tuned_ml,q16_p1,no_mergejoin,2945.97,2053.94921875
4,xgboost_tuned,plan_time,tuned_ml,q16_p1,no_nestloop,1993.228,1971.33642578125
4,xgboost_tuned,plan_time,tuned_ml,q17_p0,default,10431.913,5195.8359375
4,xgboost_tuned,plan_time,tuned_ml,q17_p0,no_hashjoin,1729.994,902.4898681640625
4,xgboost_tuned,plan_time,tuned_ml,q17_p0,no_mergejoin,8897.062,4937.693359375
4,xgboost_tuned,plan_time,tuned_ml,q17_p0,no_nestloop,9330.833,4474.0419921875
4,xgboost_tuned,plan_time,tuned_ml,q19_p1,default,1205.132,383.63739013671875
4,xgboost_tuned,plan_time,tuned_ml,q19_p1,no_hashjoin,454.037,370.05377197265625
4,xgboost_tuned,plan_time,tuned_ml,q19_p1,no_mergejoin,371.417,367.77923583984375
4,xgboost_tuned,plan_time,tuned_ml,q19_p1,no_nestloop,3774.525,3275.168701171875
4,xgboost_tuned,plan_time,tuned_ml,q20_p2,default,5046.379,6632.29638671875
4,xgboost_tuned,plan_time,tuned_ml,q20_p2,no_hashjoin,3476.229,6305.0498046875
4,xgboost_tuned,plan_time,tuned_ml,q20_p2,no_mergejoin,3548.939,7596.6376953125
4,xgboost_tuned,plan_time,tuned_ml,q21_p1,default,17294.152,15474.63671875
4,xgboost_tuned,plan_time,tuned_ml,q21_p1,no_hashjoin,18352.588,22479.849609375
4,xgboost_tuned,plan_time,tuned_ml,q21_p1,no_mergejoin,18510.851,15587.388671875
4,xgboost_tuned,plan_time,tuned_ml,q21_p1,no_nestloop,10391.969,10300.6162109375
4,xgboost_tuned,plan_time,tuned_ml,ds_q01_filter_agg,default,1042.995,932.549072265625
4,xgboost_tuned,plan_time,tuned_ml,ds_q01_filter_agg,no_hashjoin,810.184,1081.0186767578125
4,xgboost_tuned,plan_time,tuned_ml,ds_q01_filter_agg,no_mergejoin,537.585,582.9374389648438
4,xgboost_tuned,plan_time,tuned_ml,ds_q01_filter_agg,no_nestloop,1482.016,507.655029296875
4,xgboost_tuned,plan_time,tuned_ml,ds_q10_window_topk,default,2181.389,968.6724853515625
4,xgboost_tuned,plan_time,tuned_ml,ds_q10_window_topk,no_hashjoin,4045.225,1725.3504638671875
4,xgboost_tuned,plan_time,tuned_ml,ds_q10_window_topk,no_mergejoin,1774.157,357.9866027832031
4,xgboost_tuned,plan_time,tuned_ml,ds_q10_window_topk,no_nestloop,1763.773,799.7789916992188
4,xgboost_tuned,plan_time,tuned_ml,ds_q13_high_quantity,default,350.115,327.094482421875
4,xgboost_tuned,plan_time,tuned_ml,ds_q13_high_quantity,no_hashjoin,465.736,300.3839416503906
4,xgboost_tuned,plan_time,tuned_ml,ds_q13_high_quantity,no_mergejoin,399.664,377.8030700683594
4,xgboost_tuned,plan_time,tuned_ml,ds_q13_high_quantity,no_nestloop,458.559,296.14508056640625
4,xgboost_tuned,plan_time,tuned_ml,ds_q20_demographic,default,867.031,976.2614135742188
4,xgboost_tuned,plan_time,tuned_ml,ds_q20_demographic,no_hashjoin,3716.274,1816.9375
4,xgboost_tuned,plan_time,tuned_ml,ds_q20_demographic,no_mergejoin,726.447,630.0625
4,xgboost_tuned,plan_time,tuned_ml,ds_q20_demographic,no_nestloop,1077.246,602.053955078125
4,xgboost_tuned,plan_time,tuned_ml,online_d4e75912f5,default,2553.552,6028.95849609375
4,xgboost_tuned,plan_time,tuned_ml,online_d4e75912f5,no_hashjoin,1500.007,5734.73095703125
4,xgboost_tuned,plan_time,tuned_ml,online_d4e75912f5,no_mergejoin,1479.977,6526.45556640625
4,xgboost_tuned,plan_time,tuned_ml,online_d4e75912f5,no_nestloop,1374.997,5511.548828125
4,xgboost_tuned,plan_time,tuned_ml,online_4742846dc9,no_hashjoin,974.089,5431.552734375
0,lightgbm_tuned,plan_time,tuned_ml,q01_customers_by_country,default,0.928,2.636649722079626
0,lightgbm_tuned,plan_time,tuned_ml,q02_orders_recent,default,4.298,13.571106125480386
0,lightgbm_tuned,plan_time,tuned_ml,q07_self_subquery,default,11.032,10.488384875195354
0,lightgbm_tuned,plan_time,tuned_ml,q01,default,11982.478,16923.016412547575
0,lightgbm_tuned,plan_time,tuned_ml,q01,no_hashjoin,11191.817,9500.053639040172
0,lightgbm_tuned,plan_time,tuned_ml,q01,no_mergejoin,10066.542,13315.847605749967
0,lightgbm_tuned,plan_time,tuned_ml,q01,no_nestloop,6900.803,10718.533376577298
0,lightgbm_tuned,plan_time,tuned_ml,q05,default,8827.081,5270.645679500256
0,lightgbm_tuned,plan_time,tuned_ml,q05,no_hashjoin,7074.668,4622.539652507816
0,lightgbm_tuned,plan_time,tuned_ml,q05,no_mergejoin,9969.823,5521.260819745131
0,lightgbm_tuned,plan_time,tuned_ml,q05,no_nestloop,2887.231,2944.208080160213
0,lightgbm_tuned,plan_time,tuned_ml,q12,default,4159.307,10818.4812708806
0,lightgbm_tuned,plan_time,tuned_ml,q12,no_hashjoin,3556.871,4265.893508606426
0,lightgbm_tuned,plan_time,tuned_ml,q12,no_mergejoin,4213.912,4136.501197474244
0,lightgbm_tuned,plan_time,tuned_ml,q12,no_nestloop,3102.1,3436.444786601263
0,lightgbm_tuned,plan_time,tuned_ml,q17,default,4823.064,9151.941051246231
0,lightgbm_tuned,plan_time,tuned_ml,q17,no_hashjoin,939.65,2302.012173633461
0,lightgbm_tuned,plan_time,tuned_ml,q17,no_mergejoin,4153.603,8076.22159632537
0,lightgbm_tuned,plan_time,tuned_ml,q17,no_nestloop,4235.083,7887.523484226425
0,lightgbm_tuned,plan_time,tuned_ml,q19,default,543.454,453.96310844632427
0,lightgbm_tuned,plan_time,tuned_ml,q19,no_hashjoin,198.599,544.3554420234245
0,lightgbm_tuned,plan_time,tuned_ml,q19,no_mergejoin,215.468,487.94421845796785
0,lightgbm_tuned,plan_time,tuned_ml,q19,no_nestloop,1441.563,3452.232018953086
0,lightgbm_tuned,plan_time,tuned_ml,q22,default,383.714,228.36559912135024
0,lightgbm_tuned,plan_time,tuned_ml,q22,no_hashjoin,345.909,171.31120096505572
0,lightgbm_tuned,plan_time,tuned_ml,q22,no_mergejoin,387.731,147.67728413055127
0,lightgbm_tuned,plan_time,tuned_ml,q22,no_nestloop,491.9,2910.6622756199445
0,lightgbm_tuned,plan_time,tuned_ml,q01_p1,default,9892.378,7010.976601278717
0,lightgbm_tuned,plan_time,tuned_ml,q01_p1,no_hashjoin,14592.651,6727.709649954683
0,lightgbm_tuned,plan_time,tuned_ml,q01_p1,no_mergejoin,10802.619,7371.254004779693
0,lightgbm_tuned,plan_time,tuned_ml,q01_p1,no_nestloop,10626.043,7134.652943399969
0,lightgbm_tuned,plan_time,tuned_ml,q01_p4,default,7707.074,9010.782965720038
0,lightgbm_tuned,plan_time,tuned_ml,q01_p4,no_hashjoin,11899.903,7239.993213687253
0,lightgbm_tuned,plan_time,tuned_ml,q01_p4,no_mergejoin,11406.505,13733.000621648755
0,lightgbm_tuned,plan_time,tuned_ml,q01_p4,no_nestloop,9862.402,12727.205620486648
0,lightgbm_tuned,plan_time,tuned_ml,q03_p2,default,1513.628,1438.2568701396306
0,lightgbm_tuned,plan_time,tuned_ml,q03_p2,no_hashjoin,9935.697,14793.418492811154
0,lightgbm_tuned,plan_time,tuned_ml,q03_p2,no_mergejoin,2103.504,1593.051528981514
0,lightgbm_tuned,plan_time,tuned_ml,q03_p2,no_nestloop,3760.127,4004.2921819499547
0,lightgbm_tuned,plan_time,tuned_ml,q03_p4,default,1825.335,1402.2257552202425
0,lightgbm_tuned,plan_time,tuned_ml,q03_p4,no_hashjoin,9233.542,14425.33597407445
0,lightgbm_tuned,plan_time,tuned_ml,q03_p4,no_mergejoin,1153.93,1393.1446663877741
0,lightgbm_tuned,plan_time,tuned_ml,q03_p4,no_nestloop,1581.882,3384.2273693690618
0,lightgbm_tuned,plan_time,tuned_ml,q05_p4,default,7116.569,5150.592994413095
0,lightgbm_tuned,plan_time,tuned_ml,q05_p4,no_hashjoin,7761.671,4860.11556190982
0,lightgbm_tuned,plan_time,tuned_ml,q05_p4,no_mergejoin,14257.984,5724.454270965258
0,lightgbm_tuned,plan_time,tuned_ml,q05_p4,no_nestloop,5488.744,5091.998143354485
0,lightgbm_tuned,plan_time,tuned_ml,q06_p1,default,4169.204,1830.8396430448042
0,lightgbm_tuned,plan_time,tuned_ml,q06_p1,no_hashjoin,2672.595,1363.4092480035554
0,lightgbm_tuned,plan_time,tuned_ml,q06_p1,no_mergejoin,2169.062,1872.9857410046957
0,lightgbm_tuned,plan_time,tuned_ml,q06_p1,no_nestloop,2766.657,1628.2103349660686
0,lightgbm_tuned,plan_time,tuned_ml,q07_p0,default,33515.848,65170.12510104441
0,lightgbm_tuned,plan_time,tuned_ml,q07_p0,no_hashjoin,6605.498,14178.468181129554
0,lightgbm_tuned,plan_time,tuned_ml,q07_p0,no_mergejoin,31465.431,48745.332986698864
0,lightgbm_tuned,plan_time,tuned_ml,q07_p0,no_nestloop,2952.799,2698.362894166656
0,lightgbm_tuned,plan_time,tuned_ml,q07_p4,default,59489.379,59220.094861325655
0,lightgbm_tuned,plan_time,tuned_ml,q07_p4,no_hashjoin,12167.826,7741.598507990396
0,lightgbm_tuned,plan_time,tuned_ml,q07_p4,no_mergejoin,26668.91,46577.16522765532
0,lightgbm_tuned,plan_time,tuned_ml,q07_p4,no_nestloop,1892.741,2742.874959447594
0,lightgbm_tuned,plan_time,tuned_ml,q08_p3,default,6018.607,3883.074252371163
0,lightgbm_tuned,plan_time,tuned_ml,q08_p3,no_hashjoin,3792.658,2424.0749533458807
0,lightgbm_tuned,plan_time,tuned_ml,q08_p3,no_mergejoin,3685.784,2680.3706013489514
0,lightgbm_tuned,plan_time,tuned_ml,q08_p3,no_nestloop,6346.003,5691.76655134554
0,lightgbm_tuned,plan_time,tuned_ml,q09_p2,default,12046.323,19753.76285933711
0,lightgbm_tuned,plan_time,tuned_ml,q09_p2,no_hashjoin,20980.942,46259.90059766026
0,lightgbm_tuned,plan_time,tuned_ml,q09_p2,no_mergejoin,14809.125,16394.09831492879
0,lightgbm_tuned,plan_time,tuned_ml,q09_p2,no_nestloop,7339.487,9151.87710972525
0,lightgbm_tuned,plan_time,tuned_ml,q11_p0,default,3049.573,700.9184010715195
0,lightgbm_tuned,plan_time,tuned_ml,q11_p0,no_hashjoin,904.409,838.8728393080303
0,lightgbm_tuned,plan_time,tuned_ml,q11_p0,no_mergejoin,816.264,727.956995268598
0,lightgbm_tuned,plan_time,tuned_ml,q11_p0,no_nestloop,1302.632,1709.6723381732688
0,lightgbm_tuned,plan_time,tuned_ml,q12_p4,default,2249.037,2589.0545558129074
0,lightgbm_tuned,plan_time,tuned_ml,q12_p4,no_hashjoin,3823.712,2825.24670320127
0,lightgbm_tuned,plan_time,tuned_ml,q12_p4,no_mergejoin,6799.636,2297.6332098669263
0,lightgbm_tuned,plan_time,tuned_ml,q12_p4,no_nestloop,7214.151,2932.743269389524
0,lightgbm_tuned,plan_time,tuned_ml,q14_p2,default,3528.926,1856.8114977050036
0,lightgbm_tuned,plan_time,tuned_ml,q14_p2,no_hashjoin,3469.28,2471.6258084684355
0,lightgbm_tuned,plan_time,tuned_ml,q14_p2,no_mergejoin,3484.62,1949.6887309239348
0,lightgbm_tuned,plan_time,tuned_ml,q14_p2,no_nestloop,2670.408,1755.2569143917576
0,lightgbm_tuned,plan_time,tuned_ml,q15_p1,default,2973.557,5769.911750255744
0,lightgbm_tuned,plan_time,tuned_ml,q15_p1,no_hashjoin,3481.784,5599.504591376942
0,lightgbm_tuned,plan_time,tuned_ml,q15_p1,no_mergejoin,3814.434,5423.626220276428
0,lightgbm_tuned,plan_time,tuned_ml,q15_p1,no_nestloop,2991.507,4753.134128615764
0,lightgbm_tuned,plan_time,tuned_ml,q16_p0,default,3583.344,2879.1294023190962
0,lightgbm_tuned,plan_time,tuned_ml,q16_p0,no_hashjoin,2973.287,1491.196305356274
0,lightgbm_tuned,plan_time,tuned_ml,q16_p0,no_mergejoin,1724.904,1220.5796285175577
0,lightgbm_tuned,plan_time,tuned_ml,q16_p0,no_nestloop,2170.77,1396.6278250589658
0,lightgbm_tuned,plan_time,tuned_ml,q19_p4,default,413.238,412.2195976650718
0,lightgbm_tuned,plan_time,tuned_ml,q19_p4,no_hashjoin,264.754,370.1197640680241
0,lightgbm_tuned,plan_time,tuned_ml,q19_p4,no_mergejoin,314.011,393.95795811779266
0,lightgbm_tuned,plan_time,tuned_ml,q19_p4,no_nestloop,3594.635,3637.4561402655568
0,lightgbm_tuned,plan_time,tuned_ml,q21_p0,default,52833.508,23845.985629350685
0,lightgbm_tuned,plan_time,tuned_ml,q21_p0,no_hashjoin,47704.612,18737.035299369363
0,lightgbm_tuned,plan_time,tuned_ml,q21_p0,no_mergejoin,18214.814,18211.72154474377
0,lightgbm_tuned,plan_time,tuned_ml,q21_p0,no_nestloop,9580.423,10995.180095171814
0,lightgbm_tuned,plan_time,tuned_ml,ds_q06_web_vs_store,default,696.566,1090.8712053114832
0,lightgbm_tuned,plan_time,tuned_ml,ds_q06_web_vs_store,no_hashjoin,1647.674,4436.525872333108
0,lightgbm_tuned,plan_time,tuned_ml,ds_q06_web_vs_store,no_mergejoin,852.859,817.6878344911933
0,lightgbm_tuned,plan_time,tuned_ml,ds_q06_web_vs_store,no_nestloop,1042.574,872.0048142636371
0,lightgbm_tuned,plan_time,tuned_ml,ds_q11_inventory_check,default,519.915,1379.5547307816068
0,lightgbm_tuned,plan_time,tuned_ml,ds_q11_inventory_check,no_hashjoin,947.458,1664.131380262603
0,lightgbm_tuned,plan_time,tuned_ml,ds_q11_inventory_check,no_mergejoin,423.518,702.366836613578
0,lightgbm_tuned,plan_time,tuned_ml,ds_q11_inventory_check,no_nestloop,343.882,818.0905191288183
0,lightgbm_tuned,plan_time,tuned_ml,ds_q17_dow_pattern,default,996.646,764.3066465322332
0,lightgbm_tuned,plan_time,tuned_ml,ds_q17_dow_pattern,no_hashjoin,2377.113,1675.68688627254
0,lightgbm_tuned,plan_time,tuned_ml,ds_q17_dow_pattern,no_mergejoin,571.268,423.4951808012686
0,lightgbm_tuned,plan_time,tuned_ml,ds_q17_dow_pattern,no_nestloop,644.053,837.1748224241568
0,lightgbm_tuned,plan_time,tuned_ml,online_ce83de12bc,default,947.618,2247.1558649976414
0,lightgbm_tuned,plan_time,tuned_ml,online_ce83de12bc,no_mergejoin,823.206,2052.5941593283424
0,lightgbm_tuned,plan_time,tuned_ml,online_ce83de12bc,no_nestloop,732.934,2219.1063983206836
0,lightgbm_tuned,plan_time,tuned_ml,online_ce83de12bc,no_hashjoin,782.553,2407.6782835356144
1,lightgbm_tuned,plan_time,tuned_ml,q03_join_customer_orders,default,13.224,10.063654010778672
1,lightgbm_tuned,plan_time,tuned_ml,q05_top_customers,default,18.031,47.28064369792581
1,lightgbm_tuned,plan_time,tuned_ml,q02,default,6173.76,17184.083385424332
1,lightgbm_tuned,plan_time,tuned_ml,q02,no_hashjoin,4302.342,3687.266931893226
1,lightgbm_tuned,plan_time,tuned_ml,q02,no_mergejoin,3199.538,3780.2729447230226
1,lightgbm_tuned,plan_time,tuned_ml,q02,no_nestloop,6690.813,6071.765130120786
1,lightgbm_tuned,plan_time,tuned_ml,q04,default,1216.968,734.7604870253115
1,lightgbm_tuned,plan_time,tuned_ml,q04,no_hashjoin,1396.247,975.4710263899998
1,lightgbm_tuned,plan_time,tuned_ml,q04,no_mergejoin,1429.065,1005.6273865318452
1,lightgbm_tuned,plan_time,tuned_ml,q04,no_nestloop,16777.004,9356.499810538777
1,lightgbm_tuned,plan_time,tuned_ml,q07,default,35165.908,46331.87776334933
1,lightgbm_tuned,plan_time,tuned_ml,q07,no_hashjoin,3945.736,8269.292851011402
1,lightgbm_tuned,plan_time,tuned_ml,q07,no_mergejoin,29002.507,42947.32259896443
1,lightgbm_tuned,plan_time,tuned_ml,q07,no_nestloop,2402.029,3098.244333792396
1,lightgbm_tuned,plan_time,tuned_ml,q11,default,1724.803,1341.343326466909
1,lightgbm_tuned,plan_time,tuned_ml,q11,no_hashjoin,403.337,614.2784364076794
1,lightgbm_tuned,plan_time,tuned_ml,q11,no_mergejoin,308.811,2032.3962730373132
1,lightgbm_tuned,plan_time,tuned_ml,q11,no_nestloop,801.703,2266.5985121204394
1,lightgbm_tuned,plan_time,tuned_ml,q16,default,1605.611,2561.1935346363384
1,lightgbm_tuned,plan_time,tuned_ml,q16,no_hashjoin,1383.148,4170.511362719706
1,lightgbm_tuned,plan_time,tuned_ml,q16,no_mergejoin,1106.188,2365.1914110855664
1,lightgbm_tuned,plan_time,tuned_ml,q16,no_nestloop,1324.611,1817.4550677390987
1,lightgbm_tuned,plan_time,tuned_ml,q21,default,13986.072,31031.283840962813
1,lightgbm_tuned,plan_time,tuned_ml,q21,no_hashjoin,19448.204,15978.763661777257
1,lightgbm_tuned,plan_time,tuned_ml,q21,no_mergejoin,13055.611,17679.503186174657
1,lightgbm_tuned,plan_time,tuned_ml,q21,no_nestloop,10367.542,10696.420584048385
1,lightgbm_tuned,plan_time,tuned_ml,q01_p2,default,9565.353,11060.866708810112
1,lightgbm_tuned,plan_time,tuned_ml,q01_p2,no_hashjoin,9512.992,10676.961773360892
1,lightgbm_tuned,plan_time,tuned_ml,q01_p2,no_mergejoin,13686.939,10502.809521824127
1,lightgbm_tuned,plan_time,tuned_ml,q01_p2,no_nestloop,13280.512,8593.591892397953
1,lightgbm_tuned,plan_time,tuned_ml,q03_p1,default,1789.751,2099.4634813626376
1,lightgbm_tuned,plan_time,tuned_ml,q03_p1,no_hashjoin,11886.905,16333.206366133767
1,lightgbm_tuned,plan_time,tuned_ml,q03_p1,no_mergejoin,1234.521,1359.2087548253041
1,lightgbm_tuned,plan_time,tuned_ml,q03_p1,no_nestloop,1698.449,3579.67740176206
1,lightgbm_tuned,plan_time,tuned_ml,q04_p4,default,1251.353,782.827817197959
1,lightgbm_tuned,plan_time,tuned_ml,q04_p4,no_hashjoin,872.911,824.7452221032494
1,lightgbm_tuned,plan_time,tuned_ml,q04_p4,no_mergejoin,1007.402,748.2490310834706
1,lightgbm_tuned,plan_time,tuned_ml,q04_p4,no_nestloop,9201.859,5914.691359503121
1,lightgbm_tuned,plan_time,tuned_ml,q05_p2,default,4849.114,6447.954887436504
1,lightgbm_tuned,plan_time,tuned_ml,q05_p2,no_hashjoin,4040.571,6136.900617691521
1,lightgbm_tuned,plan_time,tuned_ml,q05_p2,no_mergejoin,3505.474,4783.392488388036
1,lightgbm_tuned,plan_time,tuned_ml,q05_p2,no_nestloop,3152.242,2311.363619750813
1,lightgbm_tuned,plan_time,tuned_ml,q05_p3,default,4461.936,9801.823203476932
1,lightgbm_tuned,plan_time,tuned_ml,q05_p3,no_hashjoin,4576.937,6180.384366548235
1,lightgbm_tuned,plan_time,tuned_ml,q05_p3,no_mergejoin,5163.161,4335.536499157148
1,lightgbm_tuned,plan_time,tuned_ml,q05_p3,no_nestloop,4531.435,2624.9279757579793
1,lightgbm_tuned,plan_time,tuned_ml,q07_p3,default,48180.292,37932.62274749765
1,lightgbm_tuned,plan_time,tuned_ml,q07_p3,no_hashjoin,20439.496,7462.933185357044
1,lightgbm_tuned,plan_time,tuned_ml,q07_p3,no_mergejoin,75622.57,63489.96588693303
1,lightgbm_tuned,plan_time,tuned_ml,q07_p3,no_nestloop,7456.51,5971.355573334272
1,lightgbm_tuned,plan_time,tuned_ml,q08_p2,default,4115.998,2430.7742609365455
1,lightgbm_tuned,plan_time,tuned_ml,q08_p2,no_hashjoin,2794.834,3588.7952501050095
1,lightgbm_tuned,plan_time,tuned_ml,q08_p2,no_mergejoin,3521.968,2318.400218348356
1,lightgbm_tuned,plan_time,tuned_ml,q08_p2,no_nestloop,6391.806,2577.327988839957
1,lightgbm_tuned,plan_time,tuned_ml,q09_p1,default,39188.185,22293.544819001
1,lightgbm_tuned,plan_time,tuned_ml,q09_p1,no_hashjoin,37214.359,21869.24264848616
1,lightgbm_tuned,plan_time,tuned_ml,q09_p1,no_mergejoin,17515.704,15588.530759761714
1,lightgbm_tuned,plan_time,tuned_ml,q09_p1,no_nestloop,9813.353,4646.950782308435
1,lightgbm_tuned,plan_time,tuned_ml,q11_p4,default,1992.165,1923.5959987397052
1,lightgbm_tuned,plan_time,tuned_ml,q11_p4,no_hashjoin,694.319,997.5017425704973
1,lightgbm_tuned,plan_time,tuned_ml,q11_p4,no_mergejoin,595.204,897.0815514963351
1,lightgbm_tuned,plan_time,tuned_ml,q11_p4,no_nestloop,1576.498,1922.0332788780615
1,lightgbm_tuned,plan_time,tuned_ml,q12_p3,default,2243.386,4702.670663056731
1,lightgbm_tuned,plan_time,tuned_ml,q12_p3,no_hashjoin,2231.47,4017.6256134933724
1,lightgbm_tuned,plan_time,tuned_ml,q12_p3,no_mergejoin,2085.778,2926.0159784445323
1,lightgbm_tuned,plan_time,tuned_ml,q12_p3,no_nestloop,2514.896,6694.396018902069
1,lightgbm_tuned,plan_time,tuned_ml,q14_p1,default,2856.102,2561.226835134773
1,lightgbm_tuned,plan_time,tuned_ml,q14_p1,no_hashjoin,2769.721,1286.461719439677
1,lightgbm_tuned,plan_time,tuned_ml,q14_p1,no_mergejoin,2453.346,3096.727354623028
1,lightgbm_tuned,plan_time,tuned_ml,q14_p1,no_nestloop,2195.13,2199.1395373638097
1,lightgbm_tuned,plan_time,tuned_ml,q15_p0,default,4191.151,3694.774821826697
1,lightgbm_tuned,plan_time,tuned_ml,q15_p0,no_hashjoin,5584.123,4629.8630388383735
1,lightgbm_tuned,plan_time,tuned_ml,q15_p0,no_mergejoin,5665.229,4230.837600590246
1,lightgbm_tuned,plan_time,tuned_ml,q15_p0,no_nestloop,2830.03,4137.354648388218
1,lightgbm_tuned,plan_time,tuned_ml,q16_p4,default,2523.064,1962.2170660092067
1,lightgbm_tuned,plan_time,tuned_ml,q16_p4,no_hashjoin,1946.083,2847.31496767382
1,lightgbm_tuned,plan_time,tuned_ml,q16_p4,no_mergejoin,1783.659,1751.7889148734382
1,lightgbm_tuned,plan_time,tuned_ml,q16_p4,no_nestloop,2195.978,1943.3139618174325
1,lightgbm_tuned,plan_time,tuned_ml,q19_p0,default,435.11,291.19597679683875
1,lightgbm_tuned,plan_time,tuned_ml,q19_p0,no_hashjoin,516.983,221.94736763800208
1,lightgbm_tuned,plan_time,tuned_ml,q19_p0,no_mergejoin,498.459,313.987090026925
1,lightgbm_tuned,plan_time,tuned_ml,q19_p0,no_nestloop,3656.192,2352.6173251899586
1,lightgbm_tuned,plan_time,tuned_ml,q19_p3,default,392.595,374.9650569025433
1,lightgbm_tuned,plan_time,tuned_ml,q19_p3,no_hashjoin,404.667,339.10324827100493
1,lightgbm_tuned,plan_time,tuned_ml,q19_p3,no_mergejoin,494.229,358.3298633249972
1,lightgbm_tuned,plan_time,tuned_ml,q19_p3,no_nestloop,3766.083,939.128446490816
1,lightgbm_tuned,plan_time,tuned_ml,q21_p4,default,19462.346,18237.36575265577
1,lightgbm_tuned,plan_time,tuned_ml,q21_p4,no_hashjoin,19158.111,17899.966190644533
1,lightgbm_tuned,plan_time,tuned_ml,q21_p4,no_mergejoin,21773.347,17679.503186174657
1,lightgbm_tuned,plan_time,tuned_ml,q21_p4,no_nestloop,20578.87,12246.767802321769
1,lightgbm_tuned,plan_time,tuned_ml,ds_q04_customer_topk,default,704.859,923.8126454807505
1,lightgbm_tuned,plan_time,tuned_ml,ds_q04_customer_topk,no_hashjoin,1272.521,754.0990725987991
1,lightgbm_tuned,plan_time,tuned_ml,ds_q04_customer_topk,no_mergejoin,577.718,735.4213947566362
1,lightgbm_tuned,plan_time,tuned_ml,ds_q04_customer_topk,no_nestloop,799.922,727.9182195073978
1,lightgbm_tuned,plan_time,tuned_ml,ds_q05_returns_filter,default,279.907,254.92100839404767
1,lightgbm_tuned,plan_time,tuned_ml,ds_q05_returns_filter,no_hashjoin,328.061,93.43229710796327
1,lightgbm_tuned,plan_time,tuned_ml,ds_q05_returns_filter,no_mergejoin,196.199,96.66045216573069
1,lightgbm_tuned,plan_time,tuned_ml,ds_q05_returns_filter,no_nestloop,163.456,98.47002384247038
1,lightgbm_tuned,plan_time,tuned_ml,ds_q09_avg_basket,default,481.674,634.0810271471262
1,lightgbm_tuned,plan_time,tuned_ml,ds_q09_avg_basket,no_hashjoin,512.863,575.1500482879192
1,lightgbm_tuned,plan_time,tuned_ml,ds_q09_avg_basket,no_mergejoin,420.93,385.642002175223
1,lightgbm_tuned,plan_time,tuned_ml,ds_q09_avg_basket,no_nestloop,445.387,375.47282053477846
1,lightgbm_tuned,plan_time,tuned_ml,ds_q18_brand_topk,default,662.842,295.19164441290656
1,lightgbm_tuned,plan_time,tuned_ml,ds_q18_brand_topk,no_hashjoin,2523.984,664.1759551948402
1,lightgbm_tuned,plan_time,tuned_ml,ds_q18_brand_topk,no_mergejoin,2049.833,262.3657998476856
1,lightgbm_tuned,plan_time,tuned_ml,ds_q18_brand_topk,no_nestloop,774.295,246.54565102049722
1,lightgbm_tuned,plan_time,tuned_ml,ds_q19_self_join,default,5.488,47.506599821346185
1,lightgbm_tuned,plan_time,tuned_ml,ds_q19_self_join,no_hashjoin,0.11,43.01954903021478
1,lightgbm_tuned,plan_time,tuned_ml,ds_q19_self_join,no_mergejoin,0.106,43.96405353721937
1,lightgbm_tuned,plan_time,tuned_ml,ds_q19_self_join,no_nestloop,0.133,40.83846224007435
2,lightgbm_tuned,plan_time,tuned_ml,q10,default,1318.8,3998.9376855939677
2,lightgbm_tuned,plan_time,tuned_ml,q10,no_hashjoin,4160.12,5218.607792612915
2,lightgbm_tuned,plan_time,tuned_ml,q10,no_mergejoin,1571.937,3072.2878569197856
2,lightgbm_tuned,plan_time,tuned_ml,q10,no_nestloop,2518.974,3646.989045076227
2,lightgbm_tuned,plan_time,tuned_ml,q15,default,2757.332,5176.791695824001
2,lightgbm_tuned,plan_time,tuned_ml,q15,no_hashjoin,2518.908,6560.2740004405605
2,lightgbm_tuned,plan_time,tuned_ml,q15,no_mergejoin,2113.783,5413.640812435696
2,lightgbm_tuned,plan_time,tuned_ml,q15,no_nestloop,2244.615,5144.348447259314
2,lightgbm_tuned,plan_time,tuned_ml,q20,default,7381.431,12242.378504151204
2,lightgbm_tuned,plan_time,tuned_ml,q20,no_hashjoin,4427.324,3770.578399190094
2,lightgbm_tuned,plan_time,tuned_ml,q20,no_mergejoin,4679.932,8666.569343116274
2,lightgbm_tuned,plan_time,tuned_ml,q01_p3,default,13984.334,10978.427215310408
2,lightgbm_tuned,plan_time,tuned_ml,q01_p3,no_hashjoin,15019.025,10866.017425622518
2,lightgbm_tuned,plan_time,tuned_ml,q01_p3,no_mergejoin,12287.425,9718.210755857746
2,lightgbm_tuned,plan_time,tuned_ml,q01_p3,no_nestloop,11661.957,8245.776875015701
2,lightgbm_tuned,plan_time,tuned_ml,q02_p0,default,23413.931,6125.03164107771
2,lightgbm_tuned,plan_time,tuned_ml,q02_p0,no_hashjoin,3964.82,4426.590001116789
2,lightgbm_tuned,plan_time,tuned_ml,q02_p0,no_mergejoin,3313.199,3331.2189818296492
2,lightgbm_tuned,plan_time,tuned_ml,q02_p0,no_nestloop,8545.085,5827.388491624075
2,lightgbm_tuned,plan_time,tuned_ml,q02_p2,default,3165.46,3264.9821580636517
2,lightgbm_tuned,plan_time,tuned_ml,q02_p2,no_hashjoin,5007.324,5152.380865114411
2,lightgbm_tuned,plan_time,tuned_ml,q02_p2,no_mergejoin,3606.714,3369.354574339463
2,lightgbm_tuned,plan_time,tuned_ml,q02_p2,no_nestloop,7216.648,6219.941893493936
2,lightgbm_tuned,plan_time,tuned_ml,q03_p0,default,2635.037,2642.34979457123
2,lightgbm_tuned,plan_time,tuned_ml,q03_p0,no_hashjoin,18114.795,12289.422027580158
2,lightgbm_tuned,plan_time,tuned_ml,q03_p0,no_mergejoin,1944.902,1272.2648509505282
2,lightgbm_tuned,plan_time,tuned_ml,q03_p0,no_nestloop,5589.845,2631.827335614689
2,lightgbm_tuned,plan_time,tuned_ml,q04_p3,default,990.862,742.9963980615229
2,lightgbm_tuned,plan_time,tuned_ml,q04_p3,no_hashjoin,1329.233,779.0404020995567
2,lightgbm_tuned,plan_time,tuned_ml,q04_p3,no_mergejoin,1103.474,880.0177008382274
2,lightgbm_tuned,plan_time,tuned_ml,q04_p3,no_nestloop,8503.564,6945.1978629201185
2,lightgbm_tuned,plan_time,tuned_ml,q05_p1,default,6327.661,6983.8606173062435
2,lightgbm_tuned,plan_time,tuned_ml,q05_p1,no_hashjoin,3334.809,3771.801593203616
2,lightgbm_tuned,plan_time,tuned_ml,q05_p1,no_mergejoin,3473.214,4378.922146911313
2,lightgbm_tuned,plan_time,tuned_ml,q05_p1,no_nestloop,2614.839,4179.347488726823
2,lightgbm_tuned,plan_time,tuned_ml,q06_p2,default,4135.177,4720.296729465806
2,lightgbm_tuned,plan_time,tuned_ml,q06_p2,no_hashjoin,3106.429,2584.4751185348673
2,lightgbm_tuned,plan_time,tuned_ml,q06_p2,no_mergejoin,2665.156,2081.8978020200525
2,lightgbm_tuned,plan_time,tuned_ml,q06_p2,no_nestloop,2697.838,2673.702961261332
2,lightgbm_tuned,plan_time,tuned_ml,q07_p2,default,42141.36,34319.81773538006
2,lightgbm_tuned,plan_time,tuned_ml,q07_p2,no_hashjoin,10847.283,10516.909026753667
2,lightgbm_tuned,plan_time,tuned_ml,q07_p2,no_mergejoin,49967.521,48440.14057238768
2,lightgbm_tuned,plan_time,tuned_ml,q07_p2,no_nestloop,8066.19,6869.516469386273
2,lightgbm_tuned,plan_time,tuned_ml,q08_p1,default,2058.638,5310.190007071881
2,lightgbm_tuned,plan_time,tuned_ml,q08_p1,no_hashjoin,2498.809,2019.604553144411
2,lightgbm_tuned,plan_time,tuned_ml,q08_p1,no_mergejoin,2816.12,5835.800966712267
2,lightgbm_tuned,plan_time,tuned_ml,q08_p1,no_nestloop,5506.494,5914.610470582005
2,lightgbm_tuned,plan_time,tuned_ml,q09_p0,default,27540.065,14929.41193444936
2,lightgbm_tuned,plan_time,tuned_ml,q09_p0,no_hashjoin,44491.972,27551.22809506672
2,lightgbm_tuned,plan_time,tuned_ml,q09_p0,no_mergejoin,20940.383,8849.345232166668
2,lightgbm_tuned,plan_time,tuned_ml,q09_p0,no_nestloop,16162.56,9675.331845665829
2,lightgbm_tuned,plan_time,tuned_ml,q11_p3,default,1976.909,1484.5123774351225
2,lightgbm_tuned,plan_time,tuned_ml,q11_p3,no_hashjoin,748.431,894.9553184613798
2,lightgbm_tuned,plan_time,tuned_ml,q11_p3,no_mergejoin,562.144,866.9923817112614
2,lightgbm_tuned,plan_time,tuned_ml,q11_p3,no_nestloop,1681.782,1223.565066877094
2,lightgbm_tuned,plan_time,tuned_ml,q12_p2,default,2149.287,2940.3652135063385
2,lightgbm_tuned,plan_time,tuned_ml,q12_p2,no_hashjoin,2364.648,2575.1715341489466
2,lightgbm_tuned,plan_time,tuned_ml,q12_p2,no_mergejoin,2164.549,2628.993001314664
2,lightgbm_tuned,plan_time,tuned_ml,q12_p2,no_nestloop,1854.457,2449.816674720156
2,lightgbm_tuned,plan_time,tuned_ml,q14_p0,default,2971.513,2781.5629832879213
2,lightgbm_tuned,plan_time,tuned_ml,q14_p0,no_hashjoin,3770.611,2210.9143107585464
2,lightgbm_tuned,plan_time,tuned_ml,q14_p0,no_mergejoin,4340.477,1548.797373050876
2,lightgbm_tuned,plan_time,tuned_ml,q14_p0,no_nestloop,3252.169,1425.3411574852423
2,lightgbm_tuned,plan_time,tuned_ml,q15_p4,default,3928.715,4437.184486226132
2,lightgbm_tuned,plan_time,tuned_ml,q15_p4,no_hashjoin,3612.135,5942.423393858214
2,lightgbm_tuned,plan_time,tuned_ml,q15_p4,no_mergejoin,4176.719,7106.348683992297
2,lightgbm_tuned,plan_time,tuned_ml,q15_p4,no_nestloop,4123.565,3692.635461786684
2,lightgbm_tuned,plan_time,tuned_ml,q16_p3,default,2142.518,1892.7520058340417
2,lightgbm_tuned,plan_time,tuned_ml,q16_p3,no_hashjoin,2488.674,2137.2712768871224
2,lightgbm_tuned,plan_time,tuned_ml,q16_p3,no_mergejoin,2170.027,1417.747629298479
2,lightgbm_tuned,plan_time,tuned_ml,q16_p3,no_nestloop,1427.093,1427.6163992437846
2,lightgbm_tuned,plan_time,tuned_ml,q17_p2,default,5596.138,4877.693335247617
2,lightgbm_tuned,plan_time,tuned_ml,q17_p2,no_hashjoin,730.087,734.1557417204862
2,lightgbm_tuned,plan_time,tuned_ml,q17_p2,no_mergejoin,4160.795,6032.239409226881
2,lightgbm_tuned,plan_time,tuned_ml,q17_p2,no_nestloop,4012.796,5656.722557538999
2,lightgbm_tuned,plan_time,tuned_ml,q17_p3,default,5259.441,4800.434428981189
2,lightgbm_tuned,plan_time,tuned_ml,q17_p3,no_hashjoin,821.265,556.1017487759723
2,lightgbm_tuned,plan_time,tuned_ml,q17_p3,no_mergejoin,5243.261,5659.368750157827
2,lightgbm_tuned,plan_time,tuned_ml,q17_p3,no_nestloop,7027.809,4796.295736776043
2,lightgbm_tuned,plan_time,tuned_ml,q19_p2,default,231.761,342.76114836562266
2,lightgbm_tuned,plan_time,tuned_ml,q19_p2,no_hashjoin,251.742,265.3021075064603
2,lightgbm_tuned,plan_time,tuned_ml,q19_p2,no_mergejoin,298.061,270.49229689053146
2,lightgbm_tuned,plan_time,tuned_ml,q19_p2,no_nestloop,232.592,2326.7064038218045
2,lightgbm_tuned,plan_time,tuned_ml,q20_p0,default,6531.394,31255.25539230225
2,lightgbm_tuned,plan_time,tuned_ml,q20_p0,no_hashjoin,3627.978,5729.509446349388
2,lightgbm_tuned,plan_time,tuned_ml,q20_p0,no_mergejoin,4085.213,3956.7665824334113
2,lightgbm_tuned,plan_time,tuned_ml,q21_p3,default,17560.987,14258.995503440758
2,lightgbm_tuned,plan_time,tuned_ml,q21_p3,no_hashjoin,17085.046,26596.166288470078
2,lightgbm_tuned,plan_time,tuned_ml,q21_p3,no_mergejoin,17104.211,16073.58839539952
2,lightgbm_tuned,plan_time,tuned_ml,q21_p3,no_nestloop,11808.777,12260.778263383441
2,lightgbm_tuned,plan_time,tuned_ml,ds_q03_promo_effect,default,639.997,496.85256046887423
2,lightgbm_tuned,plan_time,tuned_ml,ds_q03_promo_effect,no_hashjoin,2233.295,797.2200719413223
2,lightgbm_tuned,plan_time,tuned_ml,ds_q03_promo_effect,no_mergejoin,613.607,325.5494524729179
2,lightgbm_tuned,plan_time,tuned_ml,ds_q03_promo_effect,no_nestloop,389.256,385.92132370550877
2,lightgbm_tuned,plan_time,tuned_ml,ds_q08_addr_filter,default,89.476,53.010411790675
2,lightgbm_tuned,plan_time,tuned_ml,ds_q08_addr_filter,no_hashjoin,43.675,43.50624982812261
2,lightgbm_tuned,plan_time,tuned_ml,ds_q08_addr_filter,no_mergejoin,39.483,37.87465100757719
2,lightgbm_tuned,plan_time,tuned_ml,ds_q08_addr_filter,no_nestloop,61.302,42.054994334489976
2,lightgbm_tuned,plan_time,tuned_ml,ds_q12_catalog_topk,default,531.523,349.8697644908627
2,lightgbm_tuned,plan_time,tuned_ml,ds_q12_catalog_topk,no_hashjoin,968.577,851.2006656638474
2,lightgbm_tuned,plan_time,tuned_ml,ds_q12_catalog_topk,no_mergejoin,392.038,472.7576052873739
2,lightgbm_tuned,plan_time,tuned_ml,ds_q12_catalog_topk,no_nestloop,356.789,342.7573669497038
2,lightgbm_tuned,plan_time,tuned_ml,ds_q15_returns_ratio,default,810.594,1201.4848397464445
2,lightgbm_tuned,plan_time,tuned_ml,ds_q15_returns_ratio,no_hashjoin,2445.148,1500.9564058732938
2,lightgbm_tuned,plan_time,tuned_ml,ds_q15_returns_ratio,no_mergejoin,643.784,916.0450334739679
2,lightgbm_tuned,plan_time,tuned_ml,ds_q15_returns_ratio,no_nestloop,729.727,934.2549231493892
2,lightgbm_tuned,plan_time,tuned_ml,online_b21324f41e,default,256.352,833.8746637725193
2,lightgbm_tuned,plan_time,tuned_ml,online_b21324f41e,no_mergejoin,160.573,733.3847625767819
2,lightgbm_tuned,plan_time,tuned_ml,online_b21324f41e,no_nestloop,160.279,927.0057278623265
2,lightgbm_tuned,plan_time,tuned_ml,online_b21324f41e,no_hashjoin,301.284,1461.4362460791228
3,lightgbm_tuned,plan_time,tuned_ml,q03,default,1640.223,2458.2129218037344
3,lightgbm_tuned,plan_time,tuned_ml,q03,no_hashjoin,15919.201,12422.92349335578
3,lightgbm_tuned,plan_time,tuned_ml,q03,no_mergejoin,2101.658,1951.235149520461
3,lightgbm_tuned,plan_time,tuned_ml,q03,no_nestloop,2195.742,2644.78274851106
3,lightgbm_tuned,plan_time,tuned_ml,q09,default,23625.277,11091.721632675855
3,lightgbm_tuned,plan_time,tuned_ml,q09,no_hashjoin,30860.744,30060.389787129578
3,lightgbm_tuned,plan_time,tuned_ml,q09,no_mergejoin,19454.599,10136.070653312636
3,lightgbm_tuned,plan_time,tuned_ml,q09,no_nestloop,9471.806,13012.8999770848
3,lightgbm_tuned,plan_time,tuned_ml,q14,default,1878.312,3142.3669840054395
3,lightgbm_tuned,plan_time,tuned_ml,q14,no_hashjoin,1806.03,3175.1602792170665
3,lightgbm_tuned,plan_time,tuned_ml,q14,no_mergejoin,1504.265,1403.9541275864394
3,lightgbm_tuned,plan_time,tuned_ml,q14,no_nestloop,2199.709,1824.6886676966215
3,lightgbm_tuned,plan_time,tuned_ml,q02_p1,default,4831.789,2655.858763493985
3,lightgbm_tuned,plan_time,tuned_ml,q02_p1,no_hashjoin,7944.497,3559.705949010228
3,lightgbm_tuned,plan_time,tuned_ml,q02_p1,no_mergejoin,7564.481,4305.7195220424
3,lightgbm_tuned,plan_time,tuned_ml,q02_p1,no_nestloop,6618.888,8384.934231281099
3,lightgbm_tuned,plan_time,tuned_ml,q02_p3,default,3892.114,2567.5088774738024
3,lightgbm_tuned,plan_time,tuned_ml,q02_p3,no_hashjoin,3155.964,6665.717465438832
3,lightgbm_tuned,plan_time,tuned_ml,q02_p3,no_mergejoin,4532.378,2278.609794394753
3,lightgbm_tuned,plan_time,tuned_ml,q02_p3,no_nestloop,5564.808,8865.665123107294
3,lightgbm_tuned,plan_time,tuned_ml,q04_p0,default,698.777,1258.2017740438753
3,lightgbm_tuned,plan_time,tuned_ml,q04_p0,no_hashjoin,711.225,1351.0736923235734
3,lightgbm_tuned,plan_time,tuned_ml,q04_p0,no_mergejoin,778.803,1208.0787704765446
3,lightgbm_tuned,plan_time,tuned_ml,q04_p0,no_nestloop,3866.661,5277.696832690052
3,lightgbm_tuned,plan_time,tuned_ml,q05_p0,default,8204.45,5883.359380020138
3,lightgbm_tuned,plan_time,tuned_ml,q05_p0,no_hashjoin,5962.965,4716.44806608179
3,lightgbm_tuned,plan_time,tuned_ml,q05_p0,no_mergejoin,4610.027,4301.483917369564
3,lightgbm_tuned,plan_time,tuned_ml,q05_p0,no_nestloop,2611.541,3272.921333729573
3,lightgbm_tuned,plan_time,tuned_ml,q06_p3,default,3480.088,3598.4490148879613
3,lightgbm_tuned,plan_time,tuned_ml,q06_p3,no_hashjoin,2996.05,3020.767886085244
3,lightgbm_tuned,plan_time,tuned_ml,q06_p3,no_mergejoin,2669.903,2677.4807994042303
3,lightgbm_tuned,plan_time,tuned_ml,q06_p3,no_nestloop,4023.332,2763.6293314539603
3,lightgbm_tuned,plan_time,tuned_ml,q06_p4,default,5669.9,3118.9254575978825
3,lightgbm_tuned,plan_time,tuned_ml,q06_p4,no_hashjoin,2089.769,2987.717082063207
3,lightgbm_tuned,plan_time,tuned_ml,q06_p4,no_mergejoin,4714.611,3224.1203662146413
3,lightgbm_tuned,plan_time,tuned_ml,q06_p4,no_nestloop,1983.072,2639.5614948432476
3,lightgbm_tuned,plan_time,tuned_ml,q08_p0,default,2318.738,3199.3847754381095
3,lightgbm_tuned,plan_time,tuned_ml,q08_p0,no_hashjoin,1937.078,4161.81065509795
3,lightgbm_tuned,plan_time,tuned_ml,q08_p0,no_mergejoin,2662.364,3170.5342677032777
3,lightgbm_tuned,plan_time,tuned_ml,q08_p0,no_nestloop,4359.179,3257.098077501056
3,lightgbm_tuned,plan_time,tuned_ml,q09_p4,default,8298.719,9789.741864688076
3,lightgbm_tuned,plan_time,tuned_ml,q09_p4,no_hashjoin,16043.449,19009.175216093587
3,lightgbm_tuned,plan_time,tuned_ml,q09_p4,no_mergejoin,10137.559,10584.773221495414
3,lightgbm_tuned,plan_time,tuned_ml,q09_p4,no_nestloop,11374.003,13012.8999770848
3,lightgbm_tuned,plan_time,tuned_ml,q11_p2,default,1218.799,1868.0361201067337
3,lightgbm_tuned,plan_time,tuned_ml,q11_p2,no_hashjoin,843.429,841.7568085683122
3,lightgbm_tuned,plan_time,tuned_ml,q11_p2,no_mergejoin,2433.052,962.5731021132768
3,lightgbm_tuned,plan_time,tuned_ml,q11_p2,no_nestloop,3181.035,982.8010396378248
3,lightgbm_tuned,plan_time,tuned_ml,q12_p1,default,6508.802,2451.5500123757706
3,lightgbm_tuned,plan_time,tuned_ml,q12_p1,no_hashjoin,3209.493,3016.618865941541
3,lightgbm_tuned,plan_time,tuned_ml,q12_p1,no_mergejoin,2447.656,2302.69695858041
3,lightgbm_tuned,plan_time,tuned_ml,q12_p1,no_nestloop,1816.0,1873.439401314887
3,lightgbm_tuned,plan_time,tuned_ml,q14_p4,default,3773.783,3240.1702529994336
3,lightgbm_tuned,plan_time,tuned_ml,q14_p4,no_hashjoin,2474.995,4195.787412280468
3,lightgbm_tuned,plan_time,tuned_ml,q14_p4,no_mergejoin,2967.284,1282.8774812473741
3,lightgbm_tuned,plan_time,tuned_ml,q14_p4,no_nestloop,2601.241,2338.9937963156285
3,lightgbm_tuned,plan_time,tuned_ml,q15_p3,default,4889.391,3253.7999060173734
3,lightgbm_tuned,plan_time,tuned_ml,q15_p3,no_hashjoin,5317.028,2388.1807409517096
3,lightgbm_tuned,plan_time,tuned_ml,q15_p3,no_mergejoin,5676.261,3009.2026473368287
3,lightgbm_tuned,plan_time,tuned_ml,q15_p3,no_nestloop,5457.38,2593.171494136543
3,lightgbm_tuned,plan_time,tuned_ml,q16_p2,default,2458.46,2539.566463906724
3,lightgbm_tuned,plan_time,tuned_ml,q16_p2,no_hashjoin,2627.809,1592.6198552632238
3,lightgbm_tuned,plan_time,tuned_ml,q16_p2,no_mergejoin,1893.313,1926.863363118868
3,lightgbm_tuned,plan_time,tuned_ml,q16_p2,no_nestloop,2458.918,1970.3722516495577
3,lightgbm_tuned,plan_time,tuned_ml,q17_p1,default,11535.719,6184.005705419976
3,lightgbm_tuned,plan_time,tuned_ml,q17_p1,no_hashjoin,2053.23,1392.9717818250872
3,lightgbm_tuned,plan_time,tuned_ml,q17_p1,no_mergejoin,7398.36,5698.032467267682
3,lightgbm_tuned,plan_time,tuned_ml,q17_p1,no_nestloop,4296.241,6447.615182644906
3,lightgbm_tuned,plan_time,tuned_ml,q17_p4,default,4937.429,6917.0592560021805
3,lightgbm_tuned,plan_time,tuned_ml,q17_p4,no_hashjoin,664.182,1505.3911049833084
3,lightgbm_tuned,plan_time,tuned_ml,q17_p4,no_mergejoin,4008.003,6214.042654109781
3,lightgbm_tuned,plan_time,tuned_ml,q17_p4,no_nestloop,4202.008,6464.483783610977
3,lightgbm_tuned,plan_time,tuned_ml,q20_p1,default,2525.096,4807.733945090169
3,lightgbm_tuned,plan_time,tuned_ml,q20_p1,no_hashjoin,2273.024,5057.647017835487
3,lightgbm_tuned,plan_time,tuned_ml,q20_p1,no_mergejoin,2129.206,4402.607832301395
3,lightgbm_tuned,plan_time,tuned_ml,q20_p1,no_nestloop,278747.214,6691.882788009398
3,lightgbm_tuned,plan_time,tuned_ml,q20_p3,default,11028.75,6689.104939980065
3,lightgbm_tuned,plan_time,tuned_ml,q20_p3,no_hashjoin,10269.854,3713.03794052025
3,lightgbm_tuned,plan_time,tuned_ml,q20_p3,no_mergejoin,13299.016,4808.615817591938
3,lightgbm_tuned,plan_time,tuned_ml,q20_p4,default,70494.953,7336.364117876653
3,lightgbm_tuned,plan_time,tuned_ml,q20_p4,no_hashjoin,17808.234,4834.4604067107075
3,lightgbm_tuned,plan_time,tuned_ml,q20_p4,no_mergejoin,22436.179,3835.8845839278524
3,lightgbm_tuned,plan_time,tuned_ml,q21_p2,default,12400.143,18009.967931583113
3,lightgbm_tuned,plan_time,tuned_ml,q21_p2,no_hashjoin,16524.084,24108.25281495138
3,lightgbm_tuned,plan_time,tuned_ml,q21_p2,no_mergejoin,11762.799,16348.103711435613
3,lightgbm_tuned,plan_time,tuned_ml,q21_p2,no_nestloop,9402.375,10303.096236365633
3,lightgbm_tuned,plan_time,tuned_ml,ds_q02_topk_revenue,default,1542.053,949.0412464641616
3,lightgbm_tuned,plan_time,tuned_ml,ds_q02_topk_revenue,no_hashjoin,1352.97,699.4898707049822
3,lightgbm_tuned,plan_time,tuned_ml,ds_q02_topk_revenue,no_mergejoin,543.457,436.6101140166651
3,lightgbm_tuned,plan_time,tuned_ml,ds_q02_topk_revenue,no_nestloop,667.532,906.8736089548157
3,lightgbm_tuned,plan_time,tuned_ml,ds_q07_yearly_trend,default,1811.255,367.1286761311191
3,lightgbm_tuned,plan_time,tuned_ml,ds_q07_yearly_trend,no_hashjoin,1572.343,983.0005743606025
3,lightgbm_tuned,plan_time,tuned_ml,ds_q07_yearly_trend,no_mergejoin,572.578,589.1015889153724
3,lightgbm_tuned,plan_time,tuned_ml,ds_q07_yearly_trend,no_nestloop,616.613,377.88930354452174
3,lightgbm_tuned,plan_time,tuned_ml,ds_q14_state_revenue,default,495.792,902.5114896345045
3,lightgbm_tuned,plan_time,tuned_ml,ds_q14_state_revenue,no_hashjoin,1105.507,2426.002854951387
3,lightgbm_tuned,plan_time,tuned_ml,ds_q14_state_revenue,no_mergejoin,802.114,440.7327119389718
3,lightgbm_tuned,plan_time,tuned_ml,ds_q14_state_revenue,no_nestloop,778.636,808.5088827735138
3,lightgbm_tuned,plan_time,tuned_ml,ds_q16_web_returns,default,86.387,11.3271854403833
3,lightgbm_tuned,plan_time,tuned_ml,ds_q16_web_returns,no_hashjoin,52.615,10.947020139440125
3,lightgbm_tuned,plan_time,tuned_ml,ds_q16_web_returns,no_mergejoin,35.959,10.66317578595536
3,lightgbm_tuned,plan_time,tuned_ml,ds_q16_web_returns,no_nestloop,37.871,11.37410360176708
3,lightgbm_tuned,plan_time,tuned_ml,online_749218157a,default,1747.386,2455.611599264833
3,lightgbm_tuned,plan_time,tuned_ml,online_749218157a,no_hashjoin,1146.033,2503.4867303140836
3,lightgbm_tuned,plan_time,tuned_ml,online_749218157a,no_mergejoin,1039.564,2244.082651289486
3,lightgbm_tuned,plan_time,tuned_ml,online_749218157a,no_nestloop,1177.454,2209.749629030948
3,lightgbm_tuned,plan_time,tuned_ml,online_dac91519b8,default,208.479,461.9888307433015
3,lightgbm_tuned,plan_time,tuned_ml,online_dac91519b8,no_hashjoin,316.51,649.0757834873186
3,lightgbm_tuned,plan_time,tuned_ml,online_dac91519b8,no_mergejoin,194.431,315.74511683417387
3,lightgbm_tuned,plan_time,tuned_ml,online_dac91519b8,no_nestloop,217.28,336.11083605469406
4,lightgbm_tuned,plan_time,tuned_ml,q04_agg_total_per_country,default,36.801,54.885131493546275
4,lightgbm_tuned,plan_time,tuned_ml,q06_status_breakdown,default,22.161,31.339698084282197
4,lightgbm_tuned,plan_time,tuned_ml,q06,default,2272.089,2592.053800050867
4,lightgbm_tuned,plan_time,tuned_ml,q06,no_hashjoin,1791.259,2108.659560593689
4,lightgbm_tuned,plan_time,tuned_ml,q06,no_mergejoin,1959.172,1424.5264098685793
4,lightgbm_tuned,plan_time,tuned_ml,q06,no_nestloop,1737.52,1528.7538598513654
4,lightgbm_tuned,plan_time,tuned_ml,q08,default,2118.05,3218.1400573978026
4,lightgbm_tuned,plan_time,tuned_ml,q08,no_hashjoin,1382.048,2410.7745690538854
4,lightgbm_tuned,plan_time,tuned_ml,q08,no_mergejoin,1513.581,1938.6746238168043
4,lightgbm_tuned,plan_time,tuned_ml,q08,no_nestloop,2374.629,4880.180828971934
4,lightgbm_tuned,plan_time,tuned_ml,q13,default,2831.432,2775.831075771208
4,lightgbm_tuned,plan_time,tuned_ml,q13,no_hashjoin,23582.006,4826.085046360808
4,lightgbm_tuned,plan_time,tuned_ml,q13,no_mergejoin,2595.487,3318.824229693902
4,lightgbm_tuned,plan_time,tuned_ml,q13,no_nestloop,2688.645,2772.5128801742803
4,lightgbm_tuned,plan_time,tuned_ml,q18,default,13888.445,17928.7988165527
4,lightgbm_tuned,plan_time,tuned_ml,q18,no_hashjoin,14970.42,15642.367237167058
4,lightgbm_tuned,plan_time,tuned_ml,q18,no_mergejoin,16967.045,14385.945218162029
4,lightgbm_tuned,plan_time,tuned_ml,q18,no_nestloop,17635.017,6269.35603172516
4,lightgbm_tuned,plan_time,tuned_ml,q01_p0,default,3349.141,11881.395719409156
4,lightgbm_tuned,plan_time,tuned_ml,q01_p0,no_hashjoin,4540.459,11126.568873609142
4,lightgbm_tuned,plan_time,tuned_ml,q01_p0,no_mergejoin,10943.592,18355.924616552882
4,lightgbm_tuned,plan_time,tuned_ml,q01_p0,no_nestloop,8294.856,10813.701752321791
4,lightgbm_tuned,plan_time,tuned_ml,q02_p4,default,1973.717,3943.265752907699
4,lightgbm_tuned,plan_time,tuned_ml,q02_p4,no_hashjoin,1809.446,5656.864604210006
4,lightgbm_tuned,plan_time,tuned_ml,q02_p4,no_mergejoin,2038.239,4118.779284979898
4,lightgbm_tuned,plan_time,tuned_ml,q02_p4,no_nestloop,4826.137,6403.304862042981
4,lightgbm_tuned,plan_time,tuned_ml,q03_p3,default,2118.779,1572.2637034886673
4,lightgbm_tuned,plan_time,tuned_ml,q03_p3,no_hashjoin,12346.115,8939.949319455665
4,lightgbm_tuned,plan_time,tuned_ml,q03_p3,no_mergejoin,1371.854,1919.7727051096879
4,lightgbm_tuned,plan_time,tuned_ml,q03_p3,no_nestloop,3581.978,2143.574498092677
4,lightgbm_tuned,plan_time,tuned_ml,q04_p1,default,616.709,1232.4824298946244
4,lightgbm_tuned,plan_time,tuned_ml,q04_p1,no_hashjoin,714.221,964.7290843743637
4,lightgbm_tuned,plan_time,tuned_ml,q04_p1,no_mergejoin,781.058,948.3753228040312
4,lightgbm_tuned,plan_time,tuned_ml,q04_p1,no_nestloop,4254.901,7474.825969303676
4,lightgbm_tuned,plan_time,tuned_ml,q04_p2,default,706.16,1155.4508442636954
4,lightgbm_tuned,plan_time,tuned_ml,q04_p2,no_hashjoin,693.738,1038.2397137678693
4,lightgbm_tuned,plan_time,tuned_ml,q04_p2,no_mergejoin,797.277,846.7963664620339
4,lightgbm_tuned,plan_time,tuned_ml,q04_p2,no_nestloop,4757.625,4683.265099200329
4,lightgbm_tuned,plan_time,tuned_ml,q06_p0,default,4046.07,3343.7321367966474
4,lightgbm_tuned,plan_time,tuned_ml,q06_p0,no_hashjoin,3038.813,1581.802919332702
4,lightgbm_tuned,plan_time,tuned_ml,q06_p0,no_mergejoin,3906.789,1502.2230269040163
4,lightgbm_tuned,plan_time,tuned_ml,q06_p0,no_nestloop,3998.758,1643.09980215353
4,lightgbm_tuned,plan_time,tuned_ml,q07_p1,default,48689.845,35618.31831214419
4,lightgbm_tuned,plan_time,tuned_ml,q07_p1,no_hashjoin,15251.364,13803.971797774548
4,lightgbm_tuned,plan_time,tuned_ml,q07_p1,no_mergejoin,53754.001,28254.601978568553
4,lightgbm_tuned,plan_time,tuned_ml,q07_p1,no_nestloop,5609.712,6021.116083659207
4,lightgbm_tuned,plan_time,tuned_ml,q08_p4,default,5660.325,3521.2933963548235
4,lightgbm_tuned,plan_time,tuned_ml,q08_p4,no_hashjoin,6197.882,2853.886957842208
4,lightgbm_tuned,plan_time,tuned_ml,q08_p4,no_mergejoin,2379.517,3360.879831141462
4,lightgbm_tuned,plan_time,tuned_ml,q08_p4,no_nestloop,5048.417,6869.732809186674
4,lightgbm_tuned,plan_time,tuned_ml,q09_p3,default,6549.707,17711.52748873322
4,lightgbm_tuned,plan_time,tuned_ml,q09_p3,no_hashjoin,13347.475,19491.550353450126
4,lightgbm_tuned,plan_time,tuned_ml,q09_p3,no_mergejoin,5954.025,15876.472366052465
4,lightgbm_tuned,plan_time,tuned_ml,q09_p3,no_nestloop,3600.447,8477.79370257107
4,lightgbm_tuned,plan_time,tuned_ml,q11_p1,default,2820.861,1387.9795124461377
4,lightgbm_tuned,plan_time,tuned_ml,q11_p1,no_hashjoin,834.804,850.5292989007792
4,lightgbm_tuned,plan_time,tuned_ml,q11_p1,no_mergejoin,854.796,638.8812168287546
4,lightgbm_tuned,plan_time,tuned_ml,q11_p1,no_nestloop,1680.754,1491.3872200725198
4,lightgbm_tuned,plan_time,tuned_ml,q12_p0,default,12501.249,4118.841664619786
4,lightgbm_tuned,plan_time,tuned_ml,q12_p0,no_hashjoin,5870.008,2722.93200753195
4,lightgbm_tuned,plan_time,tuned_ml,q12_p0,no_mergejoin,4893.417,4426.447048775089
4,lightgbm_tuned,plan_time,tuned_ml,q12_p0,no_nestloop,3516.724,3321.835216612911
4,lightgbm_tuned,plan_time,tuned_ml,q14_p3,default,3822.122,2770.1205002916095
4,lightgbm_tuned,plan_time,tuned_ml,q14_p3,no_hashjoin,5657.868,2562.291310119761
4,lightgbm_tuned,plan_time,tuned_ml,q14_p3,no_mergejoin,5261.081,5916.656155517153
4,lightgbm_tuned,plan_time,tuned_ml,q14_p3,no_nestloop,3418.002,4584.07893139708
4,lightgbm_tuned,plan_time,tuned_ml,q15_p2,default,4505.763,3076.7451331219327
4,lightgbm_tuned,plan_time,tuned_ml,q15_p2,no_hashjoin,6508.556,2787.6135548577545
4,lightgbm_tuned,plan_time,tuned_ml,q15_p2,no_mergejoin,5286.807,2960.0168743855907
4,lightgbm_tuned,plan_time,tuned_ml,q15_p2,no_nestloop,5383.88,3215.9356461391803
4,lightgbm_tuned,plan_time,tuned_ml,q16_p1,default,2655.656,2300.9874478920524
4,lightgbm_tuned,plan_time,tuned_ml,q16_p1,no_hashjoin,1923.553,3236.228494015075
4,lightgbm_tuned,plan_time,tuned_ml,q16_p1,no_mergejoin,2945.97,2484.525857962299
4,lightgbm_tuned,plan_time,tuned_ml,q16_p1,no_nestloop,1993.228,2219.903702697888
4,lightgbm_tuned,plan_time,tuned_ml,q17_p0,default,10431.913,4735.358043683351
4,lightgbm_tuned,plan_time,tuned_ml,q17_p0,no_hashjoin,1729.994,851.8170985879908
4,lightgbm_tuned,plan_time,tuned_ml,q17_p0,no_mergejoin,8897.062,4628.149733036871
4,lightgbm_tuned,plan_time,tuned_ml,q17_p0,no_nestloop,9330.833,4006.6214461237646
4,lightgbm_tuned,plan_time,tuned_ml,q19_p1,default,1205.132,386.9793315488347
4,lightgbm_tuned,plan_time,tuned_ml,q19_p1,no_hashjoin,454.037,375.01709878320503
4,lightgbm_tuned,plan_time,tuned_ml,q19_p1,no_mergejoin,371.417,412.4448981929996
4,lightgbm_tuned,plan_time,tuned_ml,q19_p1,no_nestloop,3774.525,3627.0792883073764
4,lightgbm_tuned,plan_time,tuned_ml,q20_p2,default,5046.379,6192.833039993137
4,lightgbm_tuned,plan_time,tuned_ml,q20_p2,no_hashjoin,3476.229,7173.323263952642
4,lightgbm_tuned,plan_time,tuned_ml,q20_p2,no_mergejoin,3548.939,9031.387973141971
4,lightgbm_tuned,plan_time,tuned_ml,q21_p1,default,17294.152,13707.574783716052
4,lightgbm_tuned,plan_time,tuned_ml,q21_p1,no_hashjoin,18352.588,21177.16060290662
4,lightgbm_tuned,plan_time,tuned_ml,q21_p1,no_mergejoin,18510.851,14736.103966063707
4,lightgbm_tuned,plan_time,tuned_ml,q21_p1,no_nestloop,10391.969,12584.921273894646
4,lightgbm_tuned,plan_time,tuned_ml,ds_q01_filter_agg,default,1042.995,902.8106423251857
4,lightgbm_tuned,plan_time,tuned_ml,ds_q01_filter_agg,no_hashjoin,810.184,1075.1078458541972
4,lightgbm_tuned,plan_time,tuned_ml,ds_q01_filter_agg,no_mergejoin,537.585,631.2470165462134
4,lightgbm_tuned,plan_time,tuned_ml,ds_q01_filter_agg,no_nestloop,1482.016,516.5399031620566
4,lightgbm_tuned,plan_time,tuned_ml,ds_q10_window_topk,default,2181.389,988.760804169494
4,lightgbm_tuned,plan_time,tuned_ml,ds_q10_window_topk,no_hashjoin,4045.225,1610.8997504402048
4,lightgbm_tuned,plan_time,tuned_ml,ds_q10_window_topk,no_mergejoin,1774.157,363.1105316822876
4,lightgbm_tuned,plan_time,tuned_ml,ds_q10_window_topk,no_nestloop,1763.773,991.0366811789485
4,lightgbm_tuned,plan_time,tuned_ml,ds_q13_high_quantity,default,350.115,448.0852329306624
4,lightgbm_tuned,plan_time,tuned_ml,ds_q13_high_quantity,no_hashjoin,465.736,391.723656057416
4,lightgbm_tuned,plan_time,tuned_ml,ds_q13_high_quantity,no_mergejoin,399.664,592.3370855589285
4,lightgbm_tuned,plan_time,tuned_ml,ds_q13_high_quantity,no_nestloop,458.559,418.28337661746025
4,lightgbm_tuned,plan_time,tuned_ml,ds_q20_demographic,default,867.031,879.0657617253217
4,lightgbm_tuned,plan_time,tuned_ml,ds_q20_demographic,no_hashjoin,3716.274,1497.9126815579607
4,lightgbm_tuned,plan_time,tuned_ml,ds_q20_demographic,no_mergejoin,726.447,817.9222777884165
4,lightgbm_tuned,plan_time,tuned_ml,ds_q20_demographic,no_nestloop,1077.246,659.1006199932012
4,lightgbm_tuned,plan_time,tuned_ml,online_d4e75912f5,default,2553.552,4587.733424820938
4,lightgbm_tuned,plan_time,tuned_ml,online_d4e75912f5,no_hashjoin,1500.007,4004.376487139891
4,lightgbm_tuned,plan_time,tuned_ml,online_d4e75912f5,no_mergejoin,1479.977,5983.70630582393
4,lightgbm_tuned,plan_time,tuned_ml,online_d4e75912f5,no_nestloop,1374.997,4422.239492829156
4,lightgbm_tuned,plan_time,tuned_ml,online_4742846dc9,no_hashjoin,974.089,4260.975289472165
