query_id,true_best_variant,picked_variant,true_best_ms,picked_ms,regret_ms,regret_ratio,hit,model,regime
q03,default,no_mergejoin,1640.223,2101.658,461.43499999999995,0.28132455160060554,0,catboost,plan_time
q08,no_hashjoin,no_mergejoin,1382.048,1513.581,131.5329999999999,0.09517252656926534,0,catboost,plan_time
q13,no_mergejoin,no_nestloop,2595.487,2688.645,93.1579999999999,0.03589230075126548,0,catboost,plan_time
q18,default,no_mergejoin,13888.445,16967.045,3078.5999999999985,0.22166628445445102,0,catboost,plan_time
q01_p1,no_nestloop,no_hashjoin,4936.3675,12175.253,7238.8855,1.4664397454200886,0,catboost,plan_time
q01_p6,no_hashjoin,no_hashjoin,7781.075,7781.075,0.0,0.0,1,catboost,plan_time
q02_p0,no_hashjoin,no_hashjoin,2434.8245,2434.8245,0.0,0.0,1,catboost,plan_time
q02_p5,default,no_hashjoin,4321.084,4681.6635,360.5794999999998,0.08344653795205081,0,catboost,plan_time
q03_p4,no_mergejoin,no_mergejoin,1968.729,1968.729,0.0,0.0,1,catboost,plan_time
q03_p9,default,no_mergejoin,1507.6905000000002,2076.7335,569.0429999999997,0.37742693211902556,0,catboost,plan_time
q04_p3,default,no_hashjoin,947.482,1095.04,147.558,0.15573699553131348,0,catboost,plan_time
q04_p8,default,no_hashjoin,1143.2035,1196.3635,53.159999999999854,0.04650090731877565,0,catboost,plan_time
q05_p2,default,no_nestloop,3168.7395,4236.228,1067.4885,0.3368811162924563,0,catboost,plan_time
q05_p7,no_nestloop,no_nestloop,1925.716,1925.716,0.0,0.0,1,catboost,plan_time
q06_p1,no_mergejoin,no_mergejoin,1446.843,1446.843,0.0,0.0,1,catboost,plan_time
q06_p6,default,no_hashjoin,1655.3635,1770.1280000000002,114.76450000000023,0.0693288815417279,0,catboost,plan_time
q07_p0,no_nestloop,no_nestloop,1703.163,1703.163,0.0,0.0,1,catboost,plan_time
q07_p5,no_nestloop,no_nestloop,1562.0485,1562.0485,0.0,0.0,1,catboost,plan_time
q08_p4,default,no_mergejoin,1550.8355,1692.0445,141.20900000000006,0.0910534998715209,0,catboost,plan_time
q08_p9,default,default,1456.4525,1456.4525,0.0,0.0,1,catboost,plan_time
q09_p3,no_nestloop,no_nestloop,5980.2855,5980.2855,0.0,0.0,1,catboost,plan_time
q09_p8,no_mergejoin,no_nestloop,6071.502,8294.216,2222.714,0.36608964305702285,0,catboost,plan_time
q10_p2,no_mergejoin,no_mergejoin,1182.541,1182.541,0.0,0.0,1,catboost,plan_time
q10_p7,no_mergejoin,default,1459.369,1985.785,526.4160000000002,0.3607148020822699,0,catboost,plan_time
q11_p1,no_mergejoin,no_mergejoin,293.78099999999995,293.78099999999995,0.0,0.0,1,catboost,plan_time
q11_p6,default,no_hashjoin,347.7065,352.666,4.959499999999991,0.014263466458061647,0,catboost,plan_time
q12_p0,default,no_hashjoin,1592.2375000000002,2461.0635,868.826,0.5456635709182831,0,catboost,plan_time
q12_p5,no_nestloop,no_hashjoin,1842.5085,3568.3765000000003,1725.8680000000004,0.9366947289524039,0,catboost,plan_time
q13_p4,no_mergejoin,no_mergejoin,1613.398,1613.398,0.0,0.0,1,catboost,plan_time
q13_p9,no_mergejoin,no_nestloop,1451.906,1453.683,1.7770000000000437,0.0012239084348435458,0,catboost,plan_time
q14_p3,no_hashjoin,default,881.634,899.762,18.12799999999993,0.0205618204379594,0,catboost,plan_time
q14_p8,no_nestloop,no_nestloop,1027.206,1027.206,0.0,0.0,1,catboost,plan_time
q15_p2,no_hashjoin,no_hashjoin,1287.6165,1287.6165,0.0,0.0,1,catboost,plan_time
q15_p7,no_hashjoin,default,1210.906,1467.3535000000002,256.4475000000002,0.21178150905190019,0,catboost,plan_time
q16_p1,default,no_mergejoin,760.5605,818.953,58.39249999999993,0.0767756148261709,0,catboost,plan_time
q16_p6,default,no_mergejoin,934.039,1223.1565,289.11750000000006,0.3095347196423277,0,catboost,plan_time
q17_p0,no_hashjoin,no_hashjoin,591.725,591.725,0.0,0.0,1,catboost,plan_time
q17_p5,no_hashjoin,no_hashjoin,628.0405,628.0405,0.0,0.0,1,catboost,plan_time
q18_p4,no_hashjoin,default,11160.5615,11332.8475,172.28600000000006,0.015437036926860825,0,catboost,plan_time
q18_p9,no_hashjoin,default,11219.319,11472.285,252.96600000000035,0.02254735782091588,0,catboost,plan_time
q19_p3,default,default,392.595,392.595,0.0,0.0,1,catboost,plan_time
q19_p8,no_nestloop,no_hashjoin,96.9605,146.89350000000002,49.93300000000002,0.5149829054099353,0,catboost,plan_time
q20_p4,no_hashjoin,no_hashjoin,17808.234,17808.234,0.0,0.0,1,catboost,plan_time
q20_p7,default,no_mergejoin,5230.9955,6586.8675,1355.8720000000003,0.2591996112403461,0,catboost,plan_time
q21_p1,no_nestloop,no_mergejoin,10391.969,18510.851,8118.882,0.7812650326420334,0,catboost,plan_time
q21_p6,default,default,11229.0195,11229.0195,0.0,0.0,1,catboost,plan_time
q22_p0,no_nestloop,no_mergejoin,829.7715000000001,1243.2135,413.442,0.4982600631619669,0,catboost,plan_time
q22_p5,default,default,556.4970000000001,556.4970000000001,0.0,0.0,1,catboost,plan_time
ds_q03_promo_effect,no_nestloop,no_mergejoin,389.256,613.607,224.351,0.5763584890149414,0,catboost,plan_time
ds_q08_addr_filter,no_mergejoin,no_nestloop,39.483,61.302,21.819000000000003,0.552617582250589,0,catboost,plan_time
ds_q13_high_quantity,default,no_hashjoin,350.115,465.736,115.62099999999998,0.3302372077745883,0,catboost,plan_time
ds_q18_brand_topk,default,no_nestloop,662.842,774.295,111.45299999999997,0.1681441429480932,0,catboost,plan_time
online_ce83de12bc,no_nestloop,no_mergejoin,732.934,823.206,90.27200000000005,0.12316525089571506,0,catboost,plan_time
online_da978a89a5,no_hashjoin,no_hashjoin,0.03,0.03,0.0,0.0,1,catboost,plan_time
q02,no_mergejoin,no_mergejoin,3199.538,3199.538,0.0,0.0,1,catboost,plan_time
q07,no_nestloop,no_nestloop,2402.029,2402.029,0.0,0.0,1,catboost,plan_time
q12,no_nestloop,no_hashjoin,3102.1,3556.871,454.7710000000002,0.14660101221753008,0,catboost,plan_time
q17,no_hashjoin,no_hashjoin,939.65,939.65,0.0,0.0,1,catboost,plan_time
q22,no_hashjoin,no_mergejoin,345.909,387.731,41.822,0.12090463098676252,0,catboost,plan_time
q01_p0,no_hashjoin,no_nestloop,6709.9035,7309.063,599.1594999999998,0.08929480133358103,0,catboost,plan_time
q01_p5,default,no_nestloop,6793.9285,9884.7815,3090.852999999999,0.45494341013450446,0,catboost,plan_time
q02_p4,no_mergejoin,default,2628.4125,2715.698,87.28549999999996,0.033208448065134455,0,catboost,plan_time
q02_p9,no_mergejoin,no_hashjoin,2436.656,2655.0015,218.3454999999999,0.08960866860155892,0,catboost,plan_time
q03_p3,no_mergejoin,no_mergejoin,1607.9555,1607.9555,0.0,0.0,1,catboost,plan_time
q03_p8,no_mergejoin,default,1455.49,5057.216,3601.7260000000006,2.4745796948106826,0,catboost,plan_time
q04_p2,default,no_mergejoin,837.004,924.14,87.13599999999997,0.10410463988224672,0,catboost,plan_time
q04_p7,default,default,1296.4145,1296.4145,0.0,0.0,1,catboost,plan_time
q05_p1,no_nestloop,no_nestloop,3265.4955,3265.4955,0.0,0.0,1,catboost,plan_time
q05_p6,no_nestloop,no_nestloop,1823.496,1823.496,0.0,0.0,1,catboost,plan_time
q06_p0,default,default,1933.157,1933.157,0.0,0.0,1,catboost,plan_time
q06_p5,no_mergejoin,no_mergejoin,1583.487,1583.487,0.0,0.0,1,catboost,plan_time
q07_p4,no_nestloop,no_nestloop,1620.6464999999998,1620.6464999999998,0.0,0.0,1,catboost,plan_time
q07_p9,no_nestloop,no_nestloop,1721.879,1721.879,0.0,0.0,1,catboost,plan_time
q08_p3,no_hashjoin,no_hashjoin,1452.751,1452.751,0.0,0.0,1,catboost,plan_time
q08_p8,no_mergejoin,no_hashjoin,1156.682,1218.4105,61.72849999999994,0.05336687179363042,0,catboost,plan_time
q09_p2,no_mergejoin,no_nestloop,8778.053,9874.2055,1096.1525000000001,0.12487421755143191,0,catboost,plan_time
q09_p7,default,no_nestloop,6044.4305,7804.346,1759.9154999999992,0.2911631625179576,0,catboost,plan_time
q10_p1,default,no_mergejoin,1446.9835,1632.7665,185.7829999999999,0.12839330925335357,0,catboost,plan_time
q10_p6,no_mergejoin,no_mergejoin,1423.0825,1423.0825,0.0,0.0,1,catboost,plan_time
q11_p0,default,no_mergejoin,337.278,551.156,213.87799999999993,0.6341297090234166,0,catboost,plan_time
q11_p5,no_mergejoin,no_mergejoin,285.606,285.606,0.0,0.0,1,catboost,plan_time
q12_p4,no_hashjoin,no_hashjoin,1648.4475,1648.4475,0.0,0.0,1,catboost,plan_time
q12_p9,no_hashjoin,no_hashjoin,1358.037,1358.037,0.0,0.0,1,catboost,plan_time
q13_p3,no_nestloop,no_mergejoin,1700.802,2405.4875,704.6855000000003,0.41432541824386404,0,catboost,plan_time
q13_p8,no_nestloop,no_mergejoin,1530.663,1620.27,89.60699999999997,0.05854129877053271,0,catboost,plan_time
q14_p2,no_mergejoin,no_hashjoin,849.1585,868.6205,19.46199999999999,0.02291916055718679,0,catboost,plan_time
q14_p7,default,no_nestloop,889.7155,1167.5415,277.826,0.3122638641228572,0,catboost,plan_time
q15_p1,no_mergejoin,default,1376.799,1396.0915,19.292500000000018,0.01401257554661206,0,catboost,plan_time
q15_p6,no_hashjoin,default,1205.1170000000002,1379.066,173.94899999999984,0.14434200164797262,0,catboost,plan_time
q16_p0,no_nestloop,no_nestloop,810.1405,810.1405,0.0,0.0,1,catboost,plan_time
q16_p5,no_mergejoin,default,940.731,993.6845,52.95349999999996,0.056289736385852995,0,catboost,plan_time
q17_p4,no_hashjoin,no_hashjoin,566.529,566.529,0.0,0.0,1,catboost,plan_time
q17_p9,no_hashjoin,no_hashjoin,620.206,620.206,0.0,0.0,1,catboost,plan_time
q18_p3,default,default,11190.9485,11190.9485,0.0,0.0,1,catboost,plan_time
q18_p8,no_hashjoin,default,11284.042,11575.4835,291.4415000000008,0.025827757464922607,0,catboost,plan_time
q19_p2,default,no_mergejoin,231.761,298.061,66.29999999999998,0.2860705640724712,0,catboost,plan_time
q19_p7,no_mergejoin,no_mergejoin,129.787,129.787,0.0,0.0,1,catboost,plan_time
q20_p3,no_hashjoin,no_hashjoin,10269.854,10269.854,0.0,0.0,1,catboost,plan_time
q21_p0,no_nestloop,default,9580.423,52833.508,43253.085,4.514736457878739,0,catboost,plan_time
q21_p5,default,default,5695.0725,5695.0725,0.0,0.0,1,catboost,plan_time
q22_p4,no_mergejoin,default,536.7025,621.787,85.08450000000005,0.15853196137524983,0,catboost,plan_time
q22_p9,no_mergejoin,no_mergejoin,547.071,547.071,0.0,0.0,1,catboost,plan_time
ds_q02_topk_revenue,no_mergejoin,no_mergejoin,543.457,543.457,0.0,0.0,1,catboost,plan_time
ds_q07_yearly_trend,no_mergejoin,no_nestloop,572.578,616.613,44.03500000000008,0.07690655246970723,0,catboost,plan_time
ds_q12_catalog_topk,no_nestloop,no_nestloop,356.789,356.789,0.0,0.0,1,catboost,plan_time
ds_q17_dow_pattern,no_mergejoin,no_mergejoin,571.268,571.268,0.0,0.0,1,catboost,plan_time
online_b21324f41e,no_nestloop,no_nestloop,160.279,160.279,0.0,0.0,1,catboost,plan_time
online_cc5a30cb4b,no_hashjoin,no_mergejoin,0.242,0.269,0.027000000000000024,0.11157024793388448,0,catboost,plan_time
q01,no_nestloop,no_mergejoin,6900.803,10066.542,3165.7389999999996,0.45874936583467174,0,catboost,plan_time
q06,no_nestloop,no_mergejoin,1737.52,1959.172,221.65200000000004,0.12756802799392242,0,catboost,plan_time
q11,no_mergejoin,no_hashjoin,308.811,403.337,94.52600000000001,0.3060966092529087,0,catboost,plan_time
q16,no_mergejoin,no_nestloop,1106.188,1324.611,218.423,0.19745558621138537,0,catboost,plan_time
q21,no_nestloop,default,10367.542,13986.072,3618.5300000000007,0.349024870118684,0,catboost,plan_time
q01_p4,no_mergejoin,no_nestloop,4009.7205,9520.1145,5510.394,1.3742588791413266,0,catboost,plan_time
q01_p9,no_mergejoin,no_mergejoin,3913.345,3913.345,0.0,0.0,1,catboost,plan_time
q02_p3,default,no_hashjoin,2521.813,2721.6165,199.80349999999999,0.07923010151823306,0,catboost,plan_time
q02_p8,default,no_mergejoin,3861.4465,6016.4355,2154.9889999999996,0.5580781709652067,0,catboost,plan_time
q03_p2,default,no_mergejoin,1904.992,1976.2925,71.30050000000006,0.03742824116846677,0,catboost,plan_time
q03_p7,no_mergejoin,no_mergejoin,2113.0685,2113.0685,0.0,0.0,1,catboost,plan_time
q04_p1,no_hashjoin,default,1628.6460000000002,1680.7925,52.14649999999983,0.03201831459998039,0,catboost,plan_time
q04_p6,default,no_mergejoin,1158.8865,1233.6455,74.75900000000001,0.06450933719566154,0,catboost,plan_time
q05_p0,default,no_nestloop,2864.974,3149.908,284.93399999999974,0.09945430569352443,0,catboost,plan_time
q05_p5,no_nestloop,no_nestloop,1907.0425,1907.0425,0.0,0.0,1,catboost,plan_time
q06_p4,default,default,1540.209,1540.209,0.0,0.0,1,catboost,plan_time
q06_p9,no_nestloop,no_hashjoin,2346.256,3281.2995,935.0435000000002,0.39852577894313335,0,catboost,plan_time
q07_p3,no_nestloop,no_nestloop,1776.7905,1776.7905,0.0,0.0,1,catboost,plan_time
q07_p8,no_nestloop,no_nestloop,1618.0025,1618.0025,0.0,0.0,1,catboost,plan_time
q08_p2,no_hashjoin,default,1365.0985,1452.0210000000002,86.92250000000013,0.06367489232461998,0,catboost,plan_time
q08_p7,default,no_hashjoin,1235.4265,1316.714,81.28749999999991,0.06579711540913191,0,catboost,plan_time
q09_p1,default,no_nestloop,12540.293,14040.078,1499.7849999999999,0.11959728532658676,0,catboost,plan_time
q09_p6,no_mergejoin,no_nestloop,7147.695,12734.1305,5586.4355,0.7815716115474989,0,catboost,plan_time
q10_p0,default,no_mergejoin,1205.222,1397.03,191.808,0.1591474433755773,0,catboost,plan_time
q10_p5,no_mergejoin,no_mergejoin,1585.3655,1585.3655,0.0,0.0,1,catboost,plan_time
q11_p4,no_mergejoin,no_mergejoin,342.552,342.552,0.0,0.0,1,catboost,plan_time
q11_p9,no_mergejoin,no_hashjoin,498.1445,596.7909999999999,98.64649999999995,0.19802788146812822,0,catboost,plan_time
q12_p3,no_mergejoin,no_hashjoin,1803.5685,6724.17,4920.6015,2.7282587270735763,0,catboost,plan_time
q12_p8,no_hashjoin,no_hashjoin,1431.9595,1431.9595,0.0,0.0,1,catboost,plan_time
q13_p2,no_nestloop,no_mergejoin,2061.1645,3145.561,1084.3965000000003,0.5261086633308503,0,catboost,plan_time
q13_p7,no_mergejoin,no_nestloop,1534.096,1611.2415,77.14550000000008,0.05028727015779988,0,catboost,plan_time
q14_p1,default,no_mergejoin,856.3745,862.9325,6.557999999999993,0.007657864637492073,0,catboost,plan_time
q14_p6,default,default,840.345,840.345,0.0,0.0,1,catboost,plan_time
q15_p0,default,no_mergejoin,1293.8425,1532.2945,238.452,0.1842975478081761,0,catboost,plan_time
q15_p5,no_mergejoin,no_mergejoin,1233.9364999999998,1233.9364999999998,0.0,0.0,1,catboost,plan_time
q16_p4,default,no_mergejoin,969.8925,989.0975,19.204999999999927,0.019801163531009802,0,catboost,plan_time
q16_p9,default,default,962.4985,962.4985,0.0,0.0,1,catboost,plan_time
q17_p3,no_hashjoin,no_hashjoin,659.4604999999999,659.4604999999999,0.0,0.0,1,catboost,plan_time
q17_p8,no_hashjoin,no_hashjoin,645.7985,645.7985,0.0,0.0,1,catboost,plan_time
q18_p2,no_mergejoin,default,11428.776,11754.184,325.40799999999945,0.02847269033884281,0,catboost,plan_time
q18_p7,default,default,11190.6245,11190.6245,0.0,0.0,1,catboost,plan_time
q19_p1,no_mergejoin,no_hashjoin,371.417,454.037,82.62,0.22244539156796805,0,catboost,plan_time
q19_p6,default,no_hashjoin,129.308,151.1515,21.843500000000006,0.16892612986048827,0,catboost,plan_time
q20_p2,no_hashjoin,no_hashjoin,3476.229,3476.229,0.0,0.0,1,catboost,plan_time
q21_p4,no_hashjoin,default,19158.111,19462.346,304.2350000000006,0.015880219088405978,0,catboost,plan_time
q21_p9,no_mergejoin,default,6119.7855,6552.4865,432.701,0.07070525592767907,0,catboost,plan_time
q22_p3,default,default,296.57550000000003,296.57550000000003,0.0,0.0,1,catboost,plan_time
q22_p8,default,default,269.98900000000003,269.98900000000003,0.0,0.0,1,catboost,plan_time
ds_q01_filter_agg,no_mergejoin,no_mergejoin,537.585,537.585,0.0,0.0,1,catboost,plan_time
ds_q06_web_vs_store,default,no_mergejoin,696.566,852.859,156.293,0.2243764409976945,0,catboost,plan_time
ds_q11_inventory_check,no_nestloop,no_mergejoin,343.882,423.518,79.63599999999997,0.23157943713250462,0,catboost,plan_time
ds_q16_web_returns,no_mergejoin,no_mergejoin,35.959,35.959,0.0,0.0,1,catboost,plan_time
online_749218157a,no_mergejoin,no_mergejoin,1039.564,1039.564,0.0,0.0,1,catboost,plan_time
online_ca182698d7,no_hashjoin,no_hashjoin,1.485,2.334,0.849,0.5717171717171716,1,catboost,plan_time
q05,no_nestloop,no_nestloop,2887.231,2887.231,0.0,0.0,1,catboost,plan_time
q10,default,no_mergejoin,1318.8,1571.937,253.13699999999994,0.19194494995450406,0,catboost,plan_time
q15,no_mergejoin,no_hashjoin,2113.783,2518.908,405.125,0.19165874642761338,0,catboost,plan_time
q01_p3,no_mergejoin,no_nestloop,6612.3240000000005,7246.2675,633.9434999999994,0.09587302437085654,0,catboost,plan_time
q01_p8,no_mergejoin,no_nestloop,3314.7995,5566.4745,2251.675,0.6792793953299439,0,catboost,plan_time
q02_p2,no_mergejoin,default,2582.8855000000003,2767.3225,184.4369999999999,0.07140734655097947,0,catboost,plan_time
q02_p7,no_hashjoin,no_mergejoin,2652.7625,4930.605,2277.8424999999997,0.8586680865701319,0,catboost,plan_time
q03_p1,no_mergejoin,no_mergejoin,1753.976,1753.976,0.0,0.0,1,catboost,plan_time
q03_p6,default,no_mergejoin,2015.7405,2515.182,499.4414999999997,0.24777073239338088,0,catboost,plan_time
q04_p0,no_mergejoin,default,1355.0675,1419.8629999999998,64.79549999999972,0.04781717515917072,0,catboost,plan_time
q04_p5,no_mergejoin,no_mergejoin,1345.431,1345.431,0.0,0.0,1,catboost,plan_time
q05_p4,no_nestloop,no_nestloop,2636.791,2636.791,0.0,0.0,1,catboost,plan_time
q05_p9,no_nestloop,no_nestloop,1782.8665,1782.8665,0.0,0.0,1,catboost,plan_time
q06_p3,no_hashjoin,no_mergejoin,1443.148,1549.478,106.33000000000015,0.07367920684503604,0,catboost,plan_time
q06_p8,no_hashjoin,no_mergejoin,1944.4035,2170.607,226.20350000000008,0.11633567826842528,0,catboost,plan_time
q07_p2,no_nestloop,no_nestloop,1608.205,1608.205,0.0,0.0,1,catboost,plan_time
q07_p7,no_nestloop,no_nestloop,1598.659,1598.659,0.0,0.0,1,catboost,plan_time
q08_p1,no_mergejoin,no_mergejoin,1380.1285,1380.1285,0.0,0.0,1,catboost,plan_time
q08_p6,default,no_hashjoin,1104.4540000000002,1140.7330000000002,36.278999999999996,0.032847904937643335,0,catboost,plan_time
q09_p0,no_nestloop,no_mergejoin,2546.7650000000003,6811.449,4264.683999999999,1.674549477474364,0,catboost,plan_time
q09_p5,no_nestloop,no_mergejoin,4798.2685,7211.7415,2413.473,0.5029883175566352,0,catboost,plan_time
q10_p4,default,no_mergejoin,1234.456,1499.63,265.1740000000002,0.21481041041560034,0,catboost,plan_time
q10_p9,default,no_mergejoin,1364.5785,2182.2735,817.6949999999997,0.5992289926889509,0,catboost,plan_time
q11_p3,no_hashjoin,no_mergejoin,429.638,516.4694999999999,86.83149999999995,0.2021038641833357,0,catboost,plan_time
q11_p8,no_mergejoin,no_hashjoin,313.812,343.637,29.82499999999999,0.09504097994977889,0,catboost,plan_time
q12_p2,no_mergejoin,no_hashjoin,1771.908,2229.9565,458.0484999999999,0.2585058027843432,0,catboost,plan_time
q12_p7,no_hashjoin,no_hashjoin,1619.6605,1619.6605,0.0,0.0,1,catboost,plan_time
q13_p1,default,no_mergejoin,2710.3185,2764.94,54.6215000000002,0.02015316650054233,0,catboost,plan_time
q13_p6,no_nestloop,no_mergejoin,1516.3615,1833.3095,316.9480000000001,0.20901875970868433,0,catboost,plan_time
q14_p0,no_nestloop,no_mergejoin,833.2895000000001,837.884,4.594499999999925,0.005513690020094941,0,catboost,plan_time
q14_p5,no_nestloop,no_mergejoin,864.1,899.79,35.68999999999994,0.041303089920148084,0,catboost,plan_time
q15_p4,no_mergejoin,no_hashjoin,1292.9405,1322.0594999999998,29.118999999999915,0.02252153134657009,0,catboost,plan_time
q15_p9,default,no_hashjoin,1242.167,1313.9375,71.77050000000008,0.05777846296029443,0,catboost,plan_time
q16_p3,default,no_nestloop,804.9105,967.1825,162.27200000000005,0.20160253841886777,0,catboost,plan_time
q16_p8,no_nestloop,no_nestloop,1006.8275,1006.8275,0.0,0.0,1,catboost,plan_time
q17_p2,no_hashjoin,no_hashjoin,586.6975,586.6975,0.0,0.0,1,catboost,plan_time
q17_p7,no_hashjoin,no_hashjoin,604.4404999999999,604.4404999999999,0.0,0.0,1,catboost,plan_time
q18_p1,no_hashjoin,default,10326.5275,11477.763,1151.2355000000007,0.1114833132434887,0,catboost,plan_time
q18_p6,no_mergejoin,no_mergejoin,12077.3795,12077.3795,0.0,0.0,1,catboost,plan_time
q19_p0,default,no_hashjoin,435.11,516.983,81.87299999999993,0.18816621084323493,0,catboost,plan_time
q19_p5,no_hashjoin,no_hashjoin,132.4375,132.4375,0.0,0.0,1,catboost,plan_time
q20_p0,no_hashjoin,no_mergejoin,3627.978,4085.213,457.2350000000001,0.12603025707432636,0,catboost,plan_time
q20_p1,no_mergejoin,no_nestloop,2129.206,278747.214,276618.008,129.91603818512627,0,catboost,plan_time
q20_p6,default,default,4121.406,4121.406,0.0,0.0,1,catboost,plan_time
q20_p9,no_hashjoin,no_mergejoin,3891.652,5175.1415,1283.4894999999997,0.3298058253924039,0,catboost,plan_time
q21_p3,no_nestloop,default,11808.777,17560.987,5752.210000000001,0.4871131023983264,0,catboost,plan_time
q21_p8,no_mergejoin,no_mergejoin,5838.317999999999,5838.317999999999,0.0,0.0,1,catboost,plan_time
q22_p2,default,default,289.3345,289.3345,0.0,0.0,1,catboost,plan_time
q22_p7,default,no_mergejoin,482.2065,609.936,127.72950000000003,0.2648854795611424,0,catboost,plan_time
ds_q05_returns_filter,no_nestloop,no_nestloop,163.456,163.456,0.0,0.0,1,catboost,plan_time
ds_q10_window_topk,no_nestloop,no_mergejoin,1763.773,1774.157,10.384000000000015,0.0058873789314157765,0,catboost,plan_time
ds_q15_returns_ratio,no_mergejoin,no_nestloop,643.784,729.727,85.94299999999998,0.13349663862413474,0,catboost,plan_time
ds_q20_demographic,no_mergejoin,no_mergejoin,726.447,726.447,0.0,0.0,1,catboost,plan_time
online_dac91519b8,no_mergejoin,no_mergejoin,194.431,194.431,0.0,0.0,1,catboost,plan_time
online_0e0bb4a7ce,default,no_mergejoin,318.695,454.317,135.622,0.4255542132760164,0,catboost,plan_time
q04,default,default,1216.968,1216.968,0.0,0.0,1,catboost,plan_time
q09,no_nestloop,no_mergejoin,9471.806,19454.599,9982.792999999998,1.053948212199447,0,catboost,plan_time
q14,no_mergejoin,no_nestloop,1504.265,2199.709,695.4439999999997,0.46231481820025033,0,catboost,plan_time
q19,no_hashjoin,no_hashjoin,198.599,198.599,0.0,0.0,1,catboost,plan_time
q20,no_hashjoin,no_hashjoin,4427.324,4427.324,0.0,0.0,1,catboost,plan_time
q01_p2,no_hashjoin,no_hashjoin,5851.049,5851.049,0.0,0.0,1,catboost,plan_time
q01_p7,no_nestloop,no_nestloop,6604.8715,6604.8715,0.0,0.0,1,catboost,plan_time
q02_p1,default,default,2452.8315,2452.8315,0.0,0.0,1,catboost,plan_time
q02_p6,no_hashjoin,no_hashjoin,4092.8975,4092.8975,0.0,0.0,1,catboost,plan_time
q03_p0,no_mergejoin,no_mergejoin,1613.922,1613.922,0.0,0.0,1,catboost,plan_time
q03_p5,no_mergejoin,no_mergejoin,1763.8895,1763.8895,0.0,0.0,1,catboost,plan_time
q04_p4,default,default,1143.0915,1143.0915,0.0,0.0,1,catboost,plan_time
q04_p9,default,no_hashjoin,736.759,740.5944999999999,3.835499999999911,0.005205908580689034,0,catboost,plan_time
q05_p3,no_mergejoin,no_nestloop,2973.864,3159.1445,185.28049999999985,0.0623029499667771,0,catboost,plan_time
q05_p8,default,no_nestloop,3111.7965,3166.373,54.576500000000124,0.01753858261618335,0,catboost,plan_time
q06_p2,default,default,1447.0975,1447.0975,0.0,0.0,1,catboost,plan_time
q06_p7,no_mergejoin,default,1675.4740000000002,1691.73,16.255999999999858,0.009702329012565958,0,catboost,plan_time
q07_p1,no_nestloop,no_nestloop,1767.1709999999998,1767.1709999999998,0.0,0.0,1,catboost,plan_time
q07_p6,no_nestloop,no_nestloop,2580.009,2580.009,0.0,0.0,1,catboost,plan_time
q08_p0,no_nestloop,no_hashjoin,1730.1635,2149.5825,419.41899999999987,0.24241581792703393,0,catboost,plan_time
q08_p5,no_mergejoin,default,1180.6585,1218.9740000000002,38.315500000000156,0.03245265248164486,0,catboost,plan_time
q09_p4,no_nestloop,no_nestloop,9471.1885,9471.1885,0.0,0.0,1,catboost,plan_time
q09_p9,no_mergejoin,no_nestloop,12061.8875,12728.9635,667.0759999999991,0.05530444551070457,0,catboost,plan_time
q10_p3,default,no_mergejoin,2030.4335,2738.3345,707.9009999999998,0.34864525235620847,0,catboost,plan_time
q10_p8,no_mergejoin,no_mergejoin,1448.6805,1448.6805,0.0,0.0,1,catboost,plan_time
q11_p2,no_hashjoin,no_mergejoin,384.172,629.825,245.65300000000002,0.6394349405995232,0,catboost,plan_time
q11_p7,no_mergejoin,no_hashjoin,419.106,505.585,86.47899999999998,0.206341593773413,0,catboost,plan_time
q12_p1,no_hashjoin,no_mergejoin,1593.877,3405.895,1812.018,1.1368618783005213,0,catboost,plan_time
q12_p6,default,no_hashjoin,2153.3515,3312.154,1158.8024999999998,0.5381390358239235,0,catboost,plan_time
q13_p0,no_nestloop,no_nestloop,2734.0865,2734.0865,0.0,0.0,1,catboost,plan_time
q13_p5,no_mergejoin,default,1794.1095,2971.743,1177.6335,0.6563888658969812,0,catboost,plan_time
q14_p4,no_mergejoin,no_mergejoin,839.824,839.824,0.0,0.0,1,catboost,plan_time
q14_p9,no_nestloop,no_mergejoin,966.5315,1084.279,117.74749999999995,0.1218247930874472,0,catboost,plan_time
q15_p3,no_nestloop,no_mergejoin,1301.4775,1363.4589999999998,61.98149999999987,0.047623950471675336,0,catboost,plan_time
q15_p8,no_hashjoin,default,1158.362,1245.0990000000002,86.73700000000008,0.07487901018852483,0,catboost,plan_time
q16_p2,no_mergejoin,default,802.552,883.3965000000001,80.84450000000004,0.10073428263838369,0,catboost,plan_time
q16_p7,no_nestloop,no_nestloop,1114.38,1114.38,0.0,0.0,1,catboost,plan_time
q17_p1,no_hashjoin,no_hashjoin,632.7725,632.7725,0.0,0.0,1,catboost,plan_time
q17_p6,no_hashjoin,no_hashjoin,708.625,708.625,0.0,0.0,1,catboost,plan_time
q18_p0,default,default,10424.9135,10424.9135,0.0,0.0,1,catboost,plan_time
q18_p5,default,no_hashjoin,11290.9185,11414.5465,123.62800000000061,0.010949330650114941,0,catboost,plan_time
q19_p4,no_hashjoin,no_mergejoin,264.754,314.011,49.257000000000005,0.18604818057517547,0,catboost,plan_time
q19_p9,no_hashjoin,no_hashjoin,127.625,127.625,0.0,0.0,1,catboost,plan_time
q20_p5,default,default,4559.4845000000005,4559.4845000000005,0.0,0.0,1,catboost,plan_time
q20_p8,no_hashjoin,default,4169.7305,4304.986,135.2555000000002,0.0324374680809707,0,catboost,plan_time
q21_p2,no_nestloop,default,9402.375,12400.143,2997.768,0.318830933673673,0,catboost,plan_time
q21_p7,default,no_nestloop,5536.146500000001,26587.122000000003,21050.9755,3.802459978253827,0,catboost,plan_time
q22_p1,no_hashjoin,default,550.9290000000001,1051.2615,500.3325,0.9081614872333821,0,catboost,plan_time
q22_p6,no_hashjoin,default,492.38,558.0045,65.62450000000001,0.13328019009707948,0,catboost,plan_time
ds_q04_customer_topk,no_mergejoin,no_nestloop,577.718,799.922,222.20400000000006,0.3846236399073597,0,catboost,plan_time
ds_q09_avg_basket,no_mergejoin,no_mergejoin,420.93,420.93,0.0,0.0,1,catboost,plan_time
ds_q14_state_revenue,default,no_mergejoin,495.792,802.114,306.32200000000006,0.6178437731952111,0,catboost,plan_time
ds_q19_self_join,no_mergejoin,default,0.106,5.488,5.382000000000001,50.773584905660385,0,catboost,plan_time
online_d4e75912f5,no_nestloop,no_hashjoin,1374.997,1500.007,125.00999999999999,0.0909165619997716,0,catboost,plan_time
online_0766b87ee1,no_mergejoin,no_hashjoin,108.512,162.096,53.584,0.49380713653789443,0,catboost,plan_time
q03,default,no_mergejoin,1640.223,2101.658,461.43499999999995,0.28132455160060554,0,elasticnet,plan_time
q08,no_hashjoin,no_nestloop,1382.048,2374.629,992.5809999999999,0.7181957500752505,0,elasticnet,plan_time
q13,no_mergejoin,no_mergejoin,2595.487,2595.487,0.0,0.0,1,elasticnet,plan_time
q18,default,no_nestloop,13888.445,17635.017,3746.572,0.26976180558730656,0,elasticnet,plan_time
q01_p1,no_nestloop,no_mergejoin,4936.3675,10925.57,5989.202499999999,1.21328132477981,0,elasticnet,plan_time
q01_p6,no_hashjoin,no_mergejoin,7781.075,15807.0815,8026.0065,1.0314778484977976,0,elasticnet,plan_time
q02_p0,no_hashjoin,no_hashjoin,2434.8245,2434.8245,0.0,0.0,1,elasticnet,plan_time
q02_p5,default,no_hashjoin,4321.084,4681.6635,360.5794999999998,0.08344653795205081,0,elasticnet,plan_time
q03_p4,no_mergejoin,no_mergejoin,1968.729,1968.729,0.0,0.0,1,elasticnet,plan_time
q03_p9,default,no_mergejoin,1507.6905000000002,2076.7335,569.0429999999997,0.37742693211902556,0,elasticnet,plan_time
q04_p3,default,no_mergejoin,947.482,1197.7795,250.29750000000013,0.26417124546957105,0,elasticnet,plan_time
q04_p8,default,no_mergejoin,1143.2035,1331.1985,187.9949999999999,0.1644457876484806,0,elasticnet,plan_time
q05_p2,default,no_hashjoin,3168.7395,7493.2635,4324.523999999999,1.3647458240098311,0,elasticnet,plan_time
q05_p7,no_nestloop,no_hashjoin,1925.716,3493.2015,1567.4855000000002,0.8139754252444287,0,elasticnet,plan_time
q06_p1,no_mergejoin,no_mergejoin,1446.843,1446.843,0.0,0.0,1,elasticnet,plan_time
q06_p6,default,no_mergejoin,1655.3635,1703.2779999999998,47.91449999999986,0.028945002109808327,0,elasticnet,plan_time
q07_p0,no_nestloop,no_nestloop,1703.163,1703.163,0.0,0.0,1,elasticnet,plan_time
q07_p5,no_nestloop,no_nestloop,1562.0485,1562.0485,0.0,0.0,1,elasticnet,plan_time
q08_p4,default,no_nestloop,1550.8355,1561.3845,10.548999999999978,0.0068021398787943,0,elasticnet,plan_time
q08_p9,default,no_nestloop,1456.4525,2116.044,659.5914999999998,0.4528753941511994,0,elasticnet,plan_time
q09_p3,no_nestloop,no_nestloop,5980.2855,5980.2855,0.0,0.0,1,elasticnet,plan_time
q09_p8,no_mergejoin,no_nestloop,6071.502,8294.216,2222.714,0.36608964305702285,0,elasticnet,plan_time
q10_p2,no_mergejoin,no_mergejoin,1182.541,1182.541,0.0,0.0,1,elasticnet,plan_time
q10_p7,no_mergejoin,no_mergejoin,1459.369,1459.369,0.0,0.0,1,elasticnet,plan_time
q11_p1,no_mergejoin,no_mergejoin,293.78099999999995,293.78099999999995,0.0,0.0,1,elasticnet,plan_time
q11_p6,default,no_mergejoin,347.7065,496.918,149.2115,0.42913060296543204,0,elasticnet,plan_time
q12_p0,default,no_hashjoin,1592.2375000000002,2461.0635,868.826,0.5456635709182831,0,elasticnet,plan_time
q12_p5,no_nestloop,no_hashjoin,1842.5085,3568.3765000000003,1725.8680000000004,0.9366947289524039,0,elasticnet,plan_time
q13_p4,no_mergejoin,no_mergejoin,1613.398,1613.398,0.0,0.0,1,elasticnet,plan_time
q13_p9,no_mergejoin,no_mergejoin,1451.906,1451.906,0.0,0.0,1,elasticnet,plan_time
q14_p3,no_hashjoin,no_mergejoin,881.634,885.2055,3.5715000000000146,0.004051000755415535,0,elasticnet,plan_time
q14_p8,no_nestloop,no_mergejoin,1027.206,1346.065,318.85900000000015,0.3104138799812308,0,elasticnet,plan_time
q15_p2,no_hashjoin,no_mergejoin,1287.6165,1323.2005,35.58399999999983,0.027635557636920494,0,elasticnet,plan_time
q15_p7,no_hashjoin,no_mergejoin,1210.906,1215.9995,5.093499999999949,0.004206354580784888,0,elasticnet,plan_time
q16_p1,default,no_mergejoin,760.5605,818.953,58.39249999999993,0.0767756148261709,0,elasticnet,plan_time
q16_p6,default,no_mergejoin,934.039,1223.1565,289.11750000000006,0.3095347196423277,0,elasticnet,plan_time
q17_p0,no_hashjoin,no_hashjoin,591.725,591.725,0.0,0.0,1,elasticnet,plan_time
q17_p5,no_hashjoin,no_hashjoin,628.0405,628.0405,0.0,0.0,1,elasticnet,plan_time
q18_p4,no_hashjoin,no_nestloop,11160.5615,13190.2155,2029.6540000000005,0.18185948798364682,0,elasticnet,plan_time
q18_p9,no_hashjoin,no_nestloop,11219.319,13056.878,1837.559000000001,0.16378525291954005,0,elasticnet,plan_time
q19_p3,default,default,392.595,392.595,0.0,0.0,1,elasticnet,plan_time
q19_p8,no_nestloop,no_mergejoin,96.9605,108.1215,11.161000000000001,0.11510872984359621,0,elasticnet,plan_time
q20_p4,no_hashjoin,no_mergejoin,17808.234,22436.179,4627.945,0.2598766952410889,0,elasticnet,plan_time
q20_p7,default,no_mergejoin,5230.9955,6586.8675,1355.8720000000003,0.2591996112403461,0,elasticnet,plan_time
q21_p1,no_nestloop,no_nestloop,10391.969,10391.969,0.0,0.0,1,elasticnet,plan_time
q21_p6,default,no_nestloop,11229.0195,27070.873,15841.8535,1.4107957956614108,0,elasticnet,plan_time
q22_p0,no_nestloop,no_mergejoin,829.7715000000001,1243.2135,413.442,0.4982600631619669,0,elasticnet,plan_time
q22_p5,default,default,556.4970000000001,556.4970000000001,0.0,0.0,1,elasticnet,plan_time
ds_q03_promo_effect,no_nestloop,no_mergejoin,389.256,613.607,224.351,0.5763584890149414,0,elasticnet,plan_time
ds_q08_addr_filter,no_mergejoin,no_mergejoin,39.483,39.483,0.0,0.0,1,elasticnet,plan_time
ds_q13_high_quantity,default,no_mergejoin,350.115,399.664,49.54899999999998,0.14152207131942363,0,elasticnet,plan_time
ds_q18_brand_topk,default,no_mergejoin,662.842,2049.833,1386.991,2.0924911215644153,0,elasticnet,plan_time
online_ce83de12bc,no_nestloop,no_mergejoin,732.934,823.206,90.27200000000005,0.12316525089571506,0,elasticnet,plan_time
online_da978a89a5,no_hashjoin,no_mergejoin,0.03,1.714,1.684,56.13333333333333,0,elasticnet,plan_time
q02,no_mergejoin,no_hashjoin,3199.538,4302.342,1102.8039999999996,0.3446760125993189,0,elasticnet,plan_time
q07,no_nestloop,no_hashjoin,2402.029,3945.736,1543.7069999999999,0.6426679278226866,0,elasticnet,plan_time
q12,no_nestloop,no_hashjoin,3102.1,3556.871,454.7710000000002,0.14660101221753008,0,elasticnet,plan_time
q17,no_hashjoin,no_hashjoin,939.65,939.65,0.0,0.0,1,elasticnet,plan_time
q22,no_hashjoin,no_mergejoin,345.909,387.731,41.822,0.12090463098676252,0,elasticnet,plan_time
q01_p0,no_hashjoin,no_nestloop,6709.9035,7309.063,599.1594999999998,0.08929480133358103,0,elasticnet,plan_time
q01_p5,default,no_nestloop,6793.9285,9884.7815,3090.852999999999,0.45494341013450446,0,elasticnet,plan_time
q02_p4,no_mergejoin,no_hashjoin,2628.4125,2637.145,8.732500000000073,0.0033223476147674624,0,elasticnet,plan_time
q02_p9,no_mergejoin,no_hashjoin,2436.656,2655.0015,218.3454999999999,0.08960866860155892,0,elasticnet,plan_time
q03_p3,no_mergejoin,no_mergejoin,1607.9555,1607.9555,0.0,0.0,1,elasticnet,plan_time
q03_p8,no_mergejoin,default,1455.49,5057.216,3601.7260000000006,2.4745796948106826,0,elasticnet,plan_time
q04_p2,default,no_mergejoin,837.004,924.14,87.13599999999997,0.10410463988224672,0,elasticnet,plan_time
q04_p7,default,default,1296.4145,1296.4145,0.0,0.0,1,elasticnet,plan_time
q05_p1,no_nestloop,no_hashjoin,3265.4955,5967.239,2701.7434999999996,0.8273609625246765,0,elasticnet,plan_time
q05_p6,no_nestloop,no_hashjoin,1823.496,8114.67,6291.174,3.4500618591979357,0,elasticnet,plan_time
q06_p0,default,no_nestloop,1933.157,2010.092,76.93500000000017,0.0397975953324019,0,elasticnet,plan_time
q06_p5,no_mergejoin,no_nestloop,1583.487,1600.3855,16.898500000000013,0.01067170112542759,0,elasticnet,plan_time
q07_p4,no_nestloop,no_nestloop,1620.6464999999998,1620.6464999999998,0.0,0.0,1,elasticnet,plan_time
q07_p9,no_nestloop,no_nestloop,1721.879,1721.879,0.0,0.0,1,elasticnet,plan_time
q08_p3,no_hashjoin,no_nestloop,1452.751,2393.621,940.8700000000001,0.647647119155313,0,elasticnet,plan_time
q08_p8,no_mergejoin,no_nestloop,1156.682,1772.7240000000002,616.0420000000001,0.5325940924126078,0,elasticnet,plan_time
q09_p2,no_mergejoin,no_nestloop,8778.053,9874.2055,1096.1525000000001,0.12487421755143191,0,elasticnet,plan_time
q09_p7,default,no_nestloop,6044.4305,7804.346,1759.9154999999992,0.2911631625179576,0,elasticnet,plan_time
q10_p1,default,no_mergejoin,1446.9835,1632.7665,185.7829999999999,0.12839330925335357,0,elasticnet,plan_time
q10_p6,no_mergejoin,no_mergejoin,1423.0825,1423.0825,0.0,0.0,1,elasticnet,plan_time
q11_p0,default,no_mergejoin,337.278,551.156,213.87799999999993,0.6341297090234166,0,elasticnet,plan_time
q11_p5,no_mergejoin,no_mergejoin,285.606,285.606,0.0,0.0,1,elasticnet,plan_time
q12_p4,no_hashjoin,no_hashjoin,1648.4475,1648.4475,0.0,0.0,1,elasticnet,plan_time
q12_p9,no_hashjoin,no_hashjoin,1358.037,1358.037,0.0,0.0,1,elasticnet,plan_time
q13_p3,no_nestloop,no_nestloop,1700.802,1700.802,0.0,0.0,1,elasticnet,plan_time
q13_p8,no_nestloop,no_nestloop,1530.663,1530.663,0.0,0.0,1,elasticnet,plan_time
q14_p2,no_mergejoin,no_nestloop,849.1585,858.376,9.217499999999973,0.010854863962381556,0,elasticnet,plan_time
q14_p7,default,no_mergejoin,889.7155,1101.614,211.8985,0.23816433455413555,0,elasticnet,plan_time
q15_p1,no_mergejoin,default,1376.799,1396.0915,19.292500000000018,0.01401257554661206,0,elasticnet,plan_time
q15_p6,no_hashjoin,no_mergejoin,1205.1170000000002,1220.4105,15.293499999999767,0.012690469058190823,0,elasticnet,plan_time
q16_p0,no_nestloop,no_nestloop,810.1405,810.1405,0.0,0.0,1,elasticnet,plan_time
q16_p5,no_mergejoin,no_nestloop,940.731,1143.8805,203.1495,0.21594855490039122,0,elasticnet,plan_time
q17_p4,no_hashjoin,no_hashjoin,566.529,566.529,0.0,0.0,1,elasticnet,plan_time
q17_p9,no_hashjoin,no_hashjoin,620.206,620.206,0.0,0.0,1,elasticnet,plan_time
q18_p3,default,no_nestloop,11190.9485,13070.832,1879.8835,0.16798249942799748,0,elasticnet,plan_time
q18_p8,no_hashjoin,no_nestloop,11284.042,12860.6445,1576.6025000000009,0.13971965896617555,0,elasticnet,plan_time
q19_p2,default,no_mergejoin,231.761,298.061,66.29999999999998,0.2860705640724712,0,elasticnet,plan_time
q19_p7,no_mergejoin,no_mergejoin,129.787,129.787,0.0,0.0,1,elasticnet,plan_time
q20_p3,no_hashjoin,no_mergejoin,10269.854,13299.016,3029.1620000000003,0.2949566761124356,0,elasticnet,plan_time
q21_p0,no_nestloop,no_nestloop,9580.423,9580.423,0.0,0.0,1,elasticnet,plan_time
q21_p5,default,no_nestloop,5695.0725,25199.725,19504.652499999997,3.424829534654738,0,elasticnet,plan_time
q22_p4,no_mergejoin,no_mergejoin,536.7025,536.7025,0.0,0.0,1,elasticnet,plan_time
q22_p9,no_mergejoin,no_mergejoin,547.071,547.071,0.0,0.0,1,elasticnet,plan_time
ds_q02_topk_revenue,no_mergejoin,no_mergejoin,543.457,543.457,0.0,0.0,1,elasticnet,plan_time
ds_q07_yearly_trend,no_mergejoin,no_nestloop,572.578,616.613,44.03500000000008,0.07690655246970723,0,elasticnet,plan_time
ds_q12_catalog_topk,no_nestloop,no_nestloop,356.789,356.789,0.0,0.0,1,elasticnet,plan_time
ds_q17_dow_pattern,no_mergejoin,no_mergejoin,571.268,571.268,0.0,0.0,1,elasticnet,plan_time
online_b21324f41e,no_nestloop,no_nestloop,160.279,160.279,0.0,0.0,1,elasticnet,plan_time
online_cc5a30cb4b,no_hashjoin,no_nestloop,0.242,4.096,3.854,15.925619834710744,0,elasticnet,plan_time
q01,no_nestloop,no_nestloop,6900.803,6900.803,0.0,0.0,1,elasticnet,plan_time
q06,no_nestloop,no_nestloop,1737.52,1737.52,0.0,0.0,1,elasticnet,plan_time
q11,no_mergejoin,default,308.811,1724.803,1415.9920000000002,4.585302984673474,0,elasticnet,plan_time
q16,no_mergejoin,no_nestloop,1106.188,1324.611,218.423,0.19745558621138537,0,elasticnet,plan_time
q21,no_nestloop,no_nestloop,10367.542,10367.542,0.0,0.0,1,elasticnet,plan_time
q01_p4,no_mergejoin,no_nestloop,4009.7205,9520.1145,5510.394,1.3742588791413266,0,elasticnet,plan_time
q01_p9,no_mergejoin,no_nestloop,3913.345,4248.418,335.07299999999987,0.08562316892581667,0,elasticnet,plan_time
q02_p3,default,no_hashjoin,2521.813,2721.6165,199.80349999999999,0.07923010151823306,0,elasticnet,plan_time
q02_p8,default,no_hashjoin,3861.4465,3951.4145,89.96799999999985,0.02329904091640267,0,elasticnet,plan_time
q03_p2,default,no_mergejoin,1904.992,1976.2925,71.30050000000006,0.03742824116846677,0,elasticnet,plan_time
q03_p7,no_mergejoin,no_mergejoin,2113.0685,2113.0685,0.0,0.0,1,elasticnet,plan_time
q04_p1,no_hashjoin,default,1628.6460000000002,1680.7925,52.14649999999983,0.03201831459998039,0,elasticnet,plan_time
q04_p6,default,no_mergejoin,1158.8865,1233.6455,74.75900000000001,0.06450933719566154,0,elasticnet,plan_time
q05_p0,default,no_hashjoin,2864.974,5085.3385,2220.3644999999997,0.7750033682679143,0,elasticnet,plan_time
q05_p5,no_nestloop,no_hashjoin,1907.0425,2969.6905,1062.6480000000001,0.5572230299010117,0,elasticnet,plan_time
q06_p4,default,no_nestloop,1540.209,1739.1945,198.9855,0.12919383018798092,0,elasticnet,plan_time
q06_p9,no_nestloop,no_nestloop,2346.256,2346.256,0.0,0.0,1,elasticnet,plan_time
q07_p3,no_nestloop,no_nestloop,1776.7905,1776.7905,0.0,0.0,1,elasticnet,plan_time
q07_p8,no_nestloop,no_nestloop,1618.0025,1618.0025,0.0,0.0,1,elasticnet,plan_time
q08_p2,no_hashjoin,no_nestloop,1365.0985,2273.4505,908.3519999999999,0.665411323798246,0,elasticnet,plan_time
q08_p7,default,no_nestloop,1235.4265,1514.8525,279.42599999999993,0.22617776128324918,0,elasticnet,plan_time
q09_p1,default,no_nestloop,12540.293,14040.078,1499.7849999999999,0.11959728532658676,0,elasticnet,plan_time
q09_p6,no_mergejoin,no_nestloop,7147.695,12734.1305,5586.4355,0.7815716115474989,0,elasticnet,plan_time
q10_p0,default,no_nestloop,1205.222,2622.21,1416.988,1.1757070481620815,0,elasticnet,plan_time
q10_p5,no_mergejoin,no_nestloop,1585.3655,8220.0175,6634.652,4.184935272024021,0,elasticnet,plan_time
q11_p4,no_mergejoin,no_mergejoin,342.552,342.552,0.0,0.0,1,elasticnet,plan_time
q11_p9,no_mergejoin,no_mergejoin,498.1445,498.1445,0.0,0.0,1,elasticnet,plan_time
q12_p3,no_mergejoin,no_hashjoin,1803.5685,6724.17,4920.6015,2.7282587270735763,0,elasticnet,plan_time
q12_p8,no_hashjoin,no_hashjoin,1431.9595,1431.9595,0.0,0.0,1,elasticnet,plan_time
q13_p2,no_nestloop,no_nestloop,2061.1645,2061.1645,0.0,0.0,1,elasticnet,plan_time
q13_p7,no_mergejoin,no_nestloop,1534.096,1611.2415,77.14550000000008,0.05028727015779988,0,elasticnet,plan_time
q14_p1,default,no_nestloop,856.3745,901.005,44.630499999999984,0.052115633989568755,0,elasticnet,plan_time
q14_p6,default,no_nestloop,840.345,907.9015,67.55650000000003,0.08039138687086855,0,elasticnet,plan_time
q15_p0,default,no_mergejoin,1293.8425,1532.2945,238.452,0.1842975478081761,0,elasticnet,plan_time
q15_p5,no_mergejoin,no_mergejoin,1233.9364999999998,1233.9364999999998,0.0,0.0,1,elasticnet,plan_time
q16_p4,default,no_nestloop,969.8925,1019.5535,49.660999999999945,0.051202581729418384,0,elasticnet,plan_time
q16_p9,default,no_nestloop,962.4985,1029.229,66.7305,0.06933049765791832,0,elasticnet,plan_time
q17_p3,no_hashjoin,no_hashjoin,659.4604999999999,659.4604999999999,0.0,0.0,1,elasticnet,plan_time
q17_p8,no_hashjoin,no_hashjoin,645.7985,645.7985,0.0,0.0,1,elasticnet,plan_time
q18_p2,no_mergejoin,no_nestloop,11428.776,13190.328,1761.5519999999997,0.15413304101856573,0,elasticnet,plan_time
q18_p7,default,no_nestloop,11190.6245,12600.227,1409.6025000000009,0.12596280931417203,0,elasticnet,plan_time
q19_p1,no_mergejoin,default,371.417,1205.132,833.7150000000001,2.244687238333195,0,elasticnet,plan_time
q19_p6,default,no_mergejoin,129.308,137.11200000000002,7.8040000000000305,0.06035202771676951,0,elasticnet,plan_time
q20_p2,no_hashjoin,no_mergejoin,3476.229,3548.939,72.71000000000004,0.020916343543535332,0,elasticnet,plan_time
q21_p4,no_hashjoin,no_nestloop,19158.111,20578.87,1420.7589999999982,0.07415966010427644,0,elasticnet,plan_time
q21_p9,no_mergejoin,no_nestloop,6119.7855,26436.9505,20317.165,3.3199145623649713,0,elasticnet,plan_time
q22_p3,default,no_mergejoin,296.57550000000003,563.722,267.14649999999995,0.9007706300756466,0,elasticnet,plan_time
q22_p8,default,default,269.98900000000003,269.98900000000003,0.0,0.0,1,elasticnet,plan_time
ds_q01_filter_agg,no_mergejoin,no_nestloop,537.585,1482.016,944.431,1.7568031102058277,0,elasticnet,plan_time
ds_q06_web_vs_store,default,no_nestloop,696.566,1042.574,346.00800000000004,0.49673397782837525,0,elasticnet,plan_time
ds_q11_inventory_check,no_nestloop,no_hashjoin,343.882,947.458,603.576,1.755183464095242,0,elasticnet,plan_time
ds_q16_web_returns,no_mergejoin,no_nestloop,35.959,37.871,1.911999999999999,0.05317166773269544,0,elasticnet,plan_time
online_749218157a,no_mergejoin,no_nestloop,1039.564,1177.454,137.88999999999987,0.13264214613049297,0,elasticnet,plan_time
online_ca182698d7,no_hashjoin,default,1.485,1.55,0.06499999999999995,0.04377104377104368,0,elasticnet,plan_time
q05,no_nestloop,no_hashjoin,2887.231,7074.668,4187.437,1.4503297450048156,0,elasticnet,plan_time
q10,default,no_nestloop,1318.8,2518.974,1200.1740000000002,0.9100500454959055,0,elasticnet,plan_time
q15,no_mergejoin,no_mergejoin,2113.783,2113.783,0.0,0.0,1,elasticnet,plan_time
q01_p3,no_mergejoin,no_nestloop,6612.3240000000005,7246.2675,633.9434999999994,0.09587302437085654,0,elasticnet,plan_time
q01_p8,no_mergejoin,no_nestloop,3314.7995,5566.4745,2251.675,0.6792793953299439,0,elasticnet,plan_time
q02_p2,no_mergejoin,no_hashjoin,2582.8855000000003,3475.3745,892.4889999999996,0.3455395138499169,0,elasticnet,plan_time
q02_p7,no_hashjoin,no_hashjoin,2652.7625,2652.7625,0.0,0.0,1,elasticnet,plan_time
q03_p1,no_mergejoin,no_mergejoin,1753.976,1753.976,0.0,0.0,1,elasticnet,plan_time
q03_p6,default,no_mergejoin,2015.7405,2515.182,499.4414999999997,0.24777073239338088,0,elasticnet,plan_time
q04_p0,no_mergejoin,default,1355.0675,1419.8629999999998,64.79549999999972,0.04781717515917072,0,elasticnet,plan_time
q04_p5,no_mergejoin,no_mergejoin,1345.431,1345.431,0.0,0.0,1,elasticnet,plan_time
q05_p4,no_nestloop,no_hashjoin,2636.791,6455.367,3818.576,1.4481906226166577,0,elasticnet,plan_time
q05_p9,no_nestloop,no_hashjoin,1782.8665,5706.6135,3923.7470000000003,2.200808080694769,0,elasticnet,plan_time
q06_p3,no_hashjoin,no_nestloop,1443.148,1568.9735,125.82550000000015,0.08718821631599827,0,elasticnet,plan_time
q06_p8,no_hashjoin,no_nestloop,1944.4035,2135.11,190.70650000000023,0.0980796938495534,0,elasticnet,plan_time
q07_p2,no_nestloop,no_nestloop,1608.205,1608.205,0.0,0.0,1,elasticnet,plan_time
q07_p7,no_nestloop,no_nestloop,1598.659,1598.659,0.0,0.0,1,elasticnet,plan_time
q08_p1,no_mergejoin,no_nestloop,1380.1285,1878.998,498.8695,0.3614659794359729,0,elasticnet,plan_time
q08_p6,default,no_nestloop,1104.4540000000002,1524.437,419.9829999999997,0.3802630077848417,0,elasticnet,plan_time
q09_p0,no_nestloop,no_nestloop,2546.7650000000003,2546.7650000000003,0.0,0.0,1,elasticnet,plan_time
q09_p5,no_nestloop,no_nestloop,4798.2685,4798.2685,0.0,0.0,1,elasticnet,plan_time
q10_p4,default,no_nestloop,1234.456,6647.1145,5412.6585,4.384650809749396,0,elasticnet,plan_time
q10_p9,default,no_nestloop,1364.5785,4057.6545,2693.076,1.9735588681779759,0,elasticnet,plan_time
q11_p3,no_hashjoin,no_mergejoin,429.638,516.4694999999999,86.83149999999995,0.2021038641833357,0,elasticnet,plan_time
q11_p8,no_mergejoin,no_mergejoin,313.812,313.812,0.0,0.0,1,elasticnet,plan_time
q12_p2,no_mergejoin,no_nestloop,1771.908,4081.7715,2309.8635,1.3036023879343621,0,elasticnet,plan_time
q12_p7,no_hashjoin,default,1619.6605,1892.7775,273.11699999999996,0.16862607935428442,0,elasticnet,plan_time
q13_p1,default,default,2710.3185,2710.3185,0.0,0.0,1,elasticnet,plan_time
q13_p6,no_nestloop,no_nestloop,1516.3615,1516.3615,0.0,0.0,1,elasticnet,plan_time
q14_p0,no_nestloop,default,833.2895000000001,861.63,28.340499999999906,0.03401038894645847,0,elasticnet,plan_time
q14_p5,no_nestloop,no_nestloop,864.1,864.1,0.0,0.0,1,elasticnet,plan_time
q15_p4,no_mergejoin,default,1292.9405,1503.6570000000002,210.71650000000022,0.16297463030974768,0,elasticnet,plan_time
q15_p9,default,default,1242.167,1242.167,0.0,0.0,1,elasticnet,plan_time
q16_p3,default,no_hashjoin,804.9105,1009.3735,204.46300000000008,0.2540195462725361,0,elasticnet,plan_time
q16_p8,no_nestloop,no_hashjoin,1006.8275,1342.881,336.0535000000001,0.33377465355286784,0,elasticnet,plan_time
q17_p2,no_hashjoin,no_hashjoin,586.6975,586.6975,0.0,0.0,1,elasticnet,plan_time
q17_p7,no_hashjoin,no_hashjoin,604.4404999999999,604.4404999999999,0.0,0.0,1,elasticnet,plan_time
q18_p1,no_hashjoin,no_nestloop,10326.5275,13324.9635,2998.4359999999997,0.29036246695706747,0,elasticnet,plan_time
q18_p6,no_mergejoin,no_nestloop,12077.3795,12803.809,726.4295000000002,0.06014794020507508,0,elasticnet,plan_time
q19_p0,default,default,435.11,435.11,0.0,0.0,1,elasticnet,plan_time
q19_p5,no_hashjoin,default,132.4375,141.09750000000005,8.660000000000053,0.06538933459178908,0,elasticnet,plan_time
q20_p0,no_hashjoin,no_mergejoin,3627.978,4085.213,457.2350000000001,0.12603025707432636,0,elasticnet,plan_time
q20_p1,no_mergejoin,no_nestloop,2129.206,278747.214,276618.008,129.91603818512627,0,elasticnet,plan_time
q20_p6,default,default,4121.406,4121.406,0.0,0.0,1,elasticnet,plan_time
q20_p9,no_hashjoin,default,3891.652,4412.6465,520.9944999999998,0.13387489426084342,0,elasticnet,plan_time
q21_p3,no_nestloop,no_nestloop,11808.777,11808.777,0.0,0.0,1,elasticnet,plan_time
q21_p8,no_mergejoin,no_nestloop,5838.317999999999,23106.253,17267.935,2.957690040179381,0,elasticnet,plan_time
q22_p2,default,default,289.3345,289.3345,0.0,0.0,1,elasticnet,plan_time
q22_p7,default,default,482.2065,482.2065,0.0,0.0,1,elasticnet,plan_time
ds_q05_returns_filter,no_nestloop,no_mergejoin,163.456,196.199,32.74300000000002,0.20031690485512943,0,elasticnet,plan_time
ds_q10_window_topk,no_nestloop,no_nestloop,1763.773,1763.773,0.0,0.0,1,elasticnet,plan_time
ds_q15_returns_ratio,no_mergejoin,no_nestloop,643.784,729.727,85.94299999999998,0.13349663862413474,0,elasticnet,plan_time
ds_q20_demographic,no_mergejoin,no_nestloop,726.447,1077.246,350.7990000000001,0.4828968940610947,0,elasticnet,plan_time
online_dac91519b8,no_mergejoin,no_nestloop,194.431,217.28,22.84899999999999,0.11751726833683929,0,elasticnet,plan_time
online_0e0bb4a7ce,default,no_nestloop,318.695,665.239,346.54400000000004,1.0873844898727625,0,elasticnet,plan_time
q04,default,default,1216.968,1216.968,0.0,0.0,1,elasticnet,plan_time
q09,no_nestloop,no_mergejoin,9471.806,19454.599,9982.792999999998,1.053948212199447,0,elasticnet,plan_time
q14,no_mergejoin,no_nestloop,1504.265,2199.709,695.4439999999997,0.46231481820025033,0,elasticnet,plan_time
q19,no_hashjoin,default,198.599,543.454,344.85499999999996,1.7364387534680437,0,elasticnet,plan_time
q20,no_hashjoin,no_mergejoin,4427.324,4679.932,252.60800000000017,0.05705658768140753,0,elasticnet,plan_time
q01_p2,no_hashjoin,no_nestloop,5851.049,6903.8755,1052.8265000000001,0.1799380760612328,0,elasticnet,plan_time
q01_p7,no_nestloop,no_nestloop,6604.8715,6604.8715,0.0,0.0,1,elasticnet,plan_time
q02_p1,default,no_hashjoin,2452.8315,2596.9695,144.13800000000037,0.0587639224300569,0,elasticnet,plan_time
q02_p6,no_hashjoin,no_hashjoin,4092.8975,4092.8975,0.0,0.0,1,elasticnet,plan_time
q03_p0,no_mergejoin,default,1613.922,1886.5425,272.6205,0.16891801462524203,0,elasticnet,plan_time
q03_p5,no_mergejoin,default,1763.8895,2748.4605,984.5710000000001,0.5581817908661513,0,elasticnet,plan_time
q04_p4,default,default,1143.0915,1143.0915,0.0,0.0,1,elasticnet,plan_time
q04_p9,default,default,736.759,736.759,0.0,0.0,1,elasticnet,plan_time
q05_p3,no_mergejoin,no_hashjoin,2973.864,6170.0085,3196.1445,1.0747446756139487,0,elasticnet,plan_time
q05_p8,default,no_hashjoin,3111.7965,3414.684,302.8875000000003,0.09733525312468227,0,elasticnet,plan_time
q06_p2,default,no_nestloop,1447.0975,1482.5605,35.462999999999965,0.02450629622399325,0,elasticnet,plan_time
q06_p7,no_mergejoin,no_nestloop,1675.4740000000002,2122.949,447.4749999999999,0.26707367586724695,0,elasticnet,plan_time
q07_p1,no_nestloop,no_nestloop,1767.1709999999998,1767.1709999999998,0.0,0.0,1,elasticnet,plan_time
q07_p6,no_nestloop,no_nestloop,2580.009,2580.009,0.0,0.0,1,elasticnet,plan_time
q08_p0,no_nestloop,no_nestloop,1730.1635,1730.1635,0.0,0.0,1,elasticnet,plan_time
q08_p5,no_mergejoin,no_nestloop,1180.6585,1551.971,371.3125,0.3144961053513782,0,elasticnet,plan_time
q09_p4,no_nestloop,no_nestloop,9471.1885,9471.1885,0.0,0.0,1,elasticnet,plan_time
q09_p9,no_mergejoin,no_nestloop,12061.8875,12728.9635,667.0759999999991,0.05530444551070457,0,elasticnet,plan_time
q10_p3,default,no_mergejoin,2030.4335,2738.3345,707.9009999999998,0.34864525235620847,0,elasticnet,plan_time
q10_p8,no_mergejoin,no_mergejoin,1448.6805,1448.6805,0.0,0.0,1,elasticnet,plan_time
q11_p2,no_hashjoin,default,384.172,856.676,472.504,1.229928261299626,0,elasticnet,plan_time
q11_p7,no_mergejoin,default,419.106,661.999,242.89300000000003,0.5795502808358746,0,elasticnet,plan_time
q12_p1,no_hashjoin,no_nestloop,1593.877,4113.4815,2519.6045,1.5808023454758429,0,elasticnet,plan_time
q12_p6,default,no_hashjoin,2153.3515,3312.154,1158.8024999999998,0.5381390358239235,0,elasticnet,plan_time
q13_p0,no_nestloop,no_nestloop,2734.0865,2734.0865,0.0,0.0,1,elasticnet,plan_time
q13_p5,no_mergejoin,no_nestloop,1794.1095,1935.152,141.04250000000002,0.07861420944485276,0,elasticnet,plan_time
q14_p4,no_mergejoin,no_nestloop,839.824,908.947,69.12300000000005,0.08230653089218709,0,elasticnet,plan_time
q14_p9,no_nestloop,no_nestloop,966.5315,966.5315,0.0,0.0,1,elasticnet,plan_time
q15_p3,no_nestloop,default,1301.4775,1436.461,134.98350000000005,0.10371558478728993,0,elasticnet,plan_time
q15_p8,no_hashjoin,default,1158.362,1245.0990000000002,86.73700000000008,0.07487901018852483,0,elasticnet,plan_time
q16_p2,no_mergejoin,no_nestloop,802.552,878.512,75.95999999999992,0.09464807264825192,0,elasticnet,plan_time
q16_p7,no_nestloop,no_nestloop,1114.38,1114.38,0.0,0.0,1,elasticnet,plan_time
q17_p1,no_hashjoin,no_hashjoin,632.7725,632.7725,0.0,0.0,1,elasticnet,plan_time
q17_p6,no_hashjoin,no_hashjoin,708.625,708.625,0.0,0.0,1,elasticnet,plan_time
q18_p0,default,no_nestloop,10424.9135,11883.5475,1458.634,0.13991809140670575,0,elasticnet,plan_time
q18_p5,default,no_nestloop,11290.9185,14194.2755,2903.357,0.25714090487855357,0,elasticnet,plan_time
q19_p4,no_hashjoin,default,264.754,413.238,148.48399999999998,0.560837607741526,0,elasticnet,plan_time
q19_p9,no_hashjoin,default,127.625,235.188,107.56299999999999,0.8428050930460331,0,elasticnet,plan_time
q20_p5,default,default,4559.4845000000005,4559.4845000000005,0.0,0.0,1,elasticnet,plan_time
q20_p8,no_hashjoin,default,4169.7305,4304.986,135.2555000000002,0.0324374680809707,0,elasticnet,plan_time
q21_p2,no_nestloop,no_nestloop,9402.375,9402.375,0.0,0.0,1,elasticnet,plan_time
q21_p7,default,no_nestloop,5536.146500000001,26587.122000000003,21050.9755,3.802459978253827,0,elasticnet,plan_time
q22_p1,no_hashjoin,default,550.9290000000001,1051.2615,500.3325,0.9081614872333821,0,elasticnet,plan_time
q22_p6,no_hashjoin,default,492.38,558.0045,65.62450000000001,0.13328019009707948,0,elasticnet,plan_time
ds_q04_customer_topk,no_mergejoin,no_nestloop,577.718,799.922,222.20400000000006,0.3846236399073597,0,elasticnet,plan_time
ds_q09_avg_basket,no_mergejoin,no_nestloop,420.93,445.387,24.456999999999994,0.05810229729408678,0,elasticnet,plan_time
ds_q14_state_revenue,default,no_nestloop,495.792,778.636,282.844,0.5704892374221449,0,elasticnet,plan_time
ds_q19_self_join,no_mergejoin,no_nestloop,0.106,0.133,0.02700000000000001,0.2547169811320755,0,elasticnet,plan_time
online_d4e75912f5,no_nestloop,no_nestloop,1374.997,1374.997,0.0,0.0,1,elasticnet,plan_time
online_0766b87ee1,no_mergejoin,no_nestloop,108.512,172.183,63.67099999999999,0.5867645974638749,0,elasticnet,plan_time
q03,default,no_mergejoin,1640.223,2101.658,461.43499999999995,0.28132455160060554,0,extra_trees,plan_time
q08,no_hashjoin,no_mergejoin,1382.048,1513.581,131.5329999999999,0.09517252656926534,0,extra_trees,plan_time
q13,no_mergejoin,no_nestloop,2595.487,2688.645,93.1579999999999,0.03589230075126548,0,extra_trees,plan_time
q18,default,no_hashjoin,13888.445,14970.42,1081.9750000000004,0.0779046898338871,0,extra_trees,plan_time
q01_p1,no_nestloop,no_nestloop,4936.3675,4936.3675,0.0,0.0,1,extra_trees,plan_time
q01_p6,no_hashjoin,no_hashjoin,7781.075,7781.075,0.0,0.0,1,extra_trees,plan_time
q02_p0,no_hashjoin,no_mergejoin,2434.8245,2494.5200000000004,59.695500000000266,0.02451737281270172,0,extra_trees,plan_time
q02_p5,default,no_hashjoin,4321.084,4681.6635,360.5794999999998,0.08344653795205081,0,extra_trees,plan_time
q03_p4,no_mergejoin,default,1968.729,2134.4935,165.7645,0.0841987393897281,0,extra_trees,plan_time
q03_p9,default,default,1507.6905000000002,1507.6905000000002,0.0,0.0,1,extra_trees,plan_time
q04_p3,default,default,947.482,947.482,0.0,0.0,1,extra_trees,plan_time
q04_p8,default,no_hashjoin,1143.2035,1196.3635,53.159999999999854,0.04650090731877565,0,extra_trees,plan_time
q05_p2,default,default,3168.7395,3168.7395,0.0,0.0,1,extra_trees,plan_time
q05_p7,no_nestloop,no_nestloop,1925.716,1925.716,0.0,0.0,1,extra_trees,plan_time
q06_p1,no_mergejoin,no_mergejoin,1446.843,1446.843,0.0,0.0,1,extra_trees,plan_time
q06_p6,default,no_nestloop,1655.3635,1757.3015,101.9380000000001,0.06158043233404631,0,extra_trees,plan_time
q07_p0,no_nestloop,no_nestloop,1703.163,1703.163,0.0,0.0,1,extra_trees,plan_time
q07_p5,no_nestloop,no_nestloop,1562.0485,1562.0485,0.0,0.0,1,extra_trees,plan_time
q08_p4,default,no_hashjoin,1550.8355,1698.419,147.58350000000019,0.09516386489734097,0,extra_trees,plan_time
q08_p9,default,default,1456.4525,1456.4525,0.0,0.0,1,extra_trees,plan_time
q09_p3,no_nestloop,no_nestloop,5980.2855,5980.2855,0.0,0.0,1,extra_trees,plan_time
q09_p8,no_mergejoin,no_nestloop,6071.502,8294.216,2222.714,0.36608964305702285,0,extra_trees,plan_time
q10_p2,no_mergejoin,default,1182.541,1495.2785,312.73749999999995,0.2644622892567783,0,extra_trees,plan_time
q10_p7,no_mergejoin,no_mergejoin,1459.369,1459.369,0.0,0.0,1,extra_trees,plan_time
q11_p1,no_mergejoin,no_mergejoin,293.78099999999995,293.78099999999995,0.0,0.0,1,extra_trees,plan_time
q11_p6,default,no_hashjoin,347.7065,352.666,4.959499999999991,0.014263466458061647,0,extra_trees,plan_time
q12_p0,default,no_nestloop,1592.2375000000002,5458.273999999999,3866.0364999999993,2.4280526617417304,0,extra_trees,plan_time
q12_p5,no_nestloop,no_mergejoin,1842.5085,4681.38,2838.8715,1.5407643981018273,0,extra_trees,plan_time
q13_p4,no_mergejoin,no_nestloop,1613.398,1737.8745,124.47649999999999,0.07715176292520498,0,extra_trees,plan_time
q13_p9,no_mergejoin,no_nestloop,1451.906,1453.683,1.7770000000000437,0.0012239084348435458,0,extra_trees,plan_time
q14_p3,no_hashjoin,default,881.634,899.762,18.12799999999993,0.0205618204379594,0,extra_trees,plan_time
q14_p8,no_nestloop,default,1027.206,1032.88,5.6740000000002055,0.005523721629351996,0,extra_trees,plan_time
q15_p2,no_hashjoin,no_mergejoin,1287.6165,1323.2005,35.58399999999983,0.027635557636920494,0,extra_trees,plan_time
q15_p7,no_hashjoin,no_mergejoin,1210.906,1215.9995,5.093499999999949,0.004206354580784888,0,extra_trees,plan_time
q16_p1,default,no_mergejoin,760.5605,818.953,58.39249999999993,0.0767756148261709,0,extra_trees,plan_time
q16_p6,default,no_mergejoin,934.039,1223.1565,289.11750000000006,0.3095347196423277,0,extra_trees,plan_time
q17_p0,no_hashjoin,no_hashjoin,591.725,591.725,0.0,0.0,1,extra_trees,plan_time
q17_p5,no_hashjoin,no_hashjoin,628.0405,628.0405,0.0,0.0,1,extra_trees,plan_time
q18_p4,no_hashjoin,default,11160.5615,11332.8475,172.28600000000006,0.015437036926860825,0,extra_trees,plan_time
q18_p9,no_hashjoin,no_hashjoin,11219.319,11219.319,0.0,0.0,1,extra_trees,plan_time
q19_p3,default,no_hashjoin,392.595,404.667,12.071999999999946,0.030749245405570447,0,extra_trees,plan_time
q19_p8,no_nestloop,no_nestloop,96.9605,96.9605,0.0,0.0,1,extra_trees,plan_time
q20_p4,no_hashjoin,no_hashjoin,17808.234,17808.234,0.0,0.0,1,extra_trees,plan_time
q20_p7,default,no_mergejoin,5230.9955,6586.8675,1355.8720000000003,0.2591996112403461,0,extra_trees,plan_time
q21_p1,no_nestloop,no_mergejoin,10391.969,18510.851,8118.882,0.7812650326420334,0,extra_trees,plan_time
q21_p6,default,no_mergejoin,11229.0195,13753.2965,2524.277,0.2247994136976963,0,extra_trees,plan_time
q22_p0,no_nestloop,default,829.7715000000001,887.3695,57.597999999999956,0.06941429056071446,0,extra_trees,plan_time
q22_p5,default,default,556.4970000000001,556.4970000000001,0.0,0.0,1,extra_trees,plan_time
ds_q03_promo_effect,no_nestloop,no_mergejoin,389.256,613.607,224.351,0.5763584890149414,0,extra_trees,plan_time
ds_q08_addr_filter,no_mergejoin,no_mergejoin,39.483,39.483,0.0,0.0,1,extra_trees,plan_time
ds_q13_high_quantity,default,default,350.115,350.115,0.0,0.0,1,extra_trees,plan_time
ds_q18_brand_topk,default,no_nestloop,662.842,774.295,111.45299999999997,0.1681441429480932,0,extra_trees,plan_time
online_ce83de12bc,no_nestloop,no_hashjoin,732.934,782.553,49.61900000000003,0.06769913798513927,0,extra_trees,plan_time
online_da978a89a5,no_hashjoin,default,0.03,0.032,0.0020000000000000018,0.06666666666666665,0,extra_trees,plan_time
q02,no_mergejoin,no_mergejoin,3199.538,3199.538,0.0,0.0,1,extra_trees,plan_time
q07,no_nestloop,no_nestloop,2402.029,2402.029,0.0,0.0,1,extra_trees,plan_time
q12,no_nestloop,no_hashjoin,3102.1,3556.871,454.7710000000002,0.14660101221753008,0,extra_trees,plan_time
q17,no_hashjoin,no_hashjoin,939.65,939.65,0.0,0.0,1,extra_trees,plan_time
q22,no_hashjoin,no_hashjoin,345.909,345.909,0.0,0.0,1,extra_trees,plan_time
q01_p0,no_hashjoin,no_hashjoin,6709.9035,6709.9035,0.0,0.0,1,extra_trees,plan_time
q01_p5,default,no_hashjoin,6793.9285,8581.081,1787.1525000000001,0.26305141421491274,0,extra_trees,plan_time
q02_p4,no_mergejoin,no_hashjoin,2628.4125,2637.145,8.732500000000073,0.0033223476147674624,0,extra_trees,plan_time
q02_p9,no_mergejoin,default,2436.656,2470.068,33.41200000000026,0.013712235128799488,0,extra_trees,plan_time
q03_p3,no_mergejoin,no_mergejoin,1607.9555,1607.9555,0.0,0.0,1,extra_trees,plan_time
q03_p8,no_mergejoin,no_mergejoin,1455.49,1455.49,0.0,0.0,1,extra_trees,plan_time
q04_p2,default,no_hashjoin,837.004,864.5225,27.518500000000017,0.03287738170904797,0,extra_trees,plan_time
q04_p7,default,default,1296.4145,1296.4145,0.0,0.0,1,extra_trees,plan_time
q05_p1,no_nestloop,default,3265.4955,8077.1785,4811.683,1.4734924607919382,0,extra_trees,plan_time
q05_p6,no_nestloop,no_nestloop,1823.496,1823.496,0.0,0.0,1,extra_trees,plan_time
q06_p0,default,no_nestloop,1933.157,2010.092,76.93500000000017,0.0397975953324019,0,extra_trees,plan_time
q06_p5,no_mergejoin,no_nestloop,1583.487,1600.3855,16.898500000000013,0.01067170112542759,0,extra_trees,plan_time
q07_p4,no_nestloop,no_nestloop,1620.6464999999998,1620.6464999999998,0.0,0.0,1,extra_trees,plan_time
q07_p9,no_nestloop,no_nestloop,1721.879,1721.879,0.0,0.0,1,extra_trees,plan_time
q08_p3,no_hashjoin,no_hashjoin,1452.751,1452.751,0.0,0.0,1,extra_trees,plan_time
q08_p8,no_mergejoin,no_mergejoin,1156.682,1156.682,0.0,0.0,1,extra_trees,plan_time
q09_p2,no_mergejoin,no_mergejoin,8778.053,8778.053,0.0,0.0,1,extra_trees,plan_time
q09_p7,default,no_mergejoin,6044.4305,8864.034,2819.6034999999993,0.46647959638215686,0,extra_trees,plan_time
q10_p1,default,no_mergejoin,1446.9835,1632.7665,185.7829999999999,0.12839330925335357,0,extra_trees,plan_time
q10_p6,no_mergejoin,no_mergejoin,1423.0825,1423.0825,0.0,0.0,1,extra_trees,plan_time
q11_p0,default,no_hashjoin,337.278,451.308,114.02999999999997,0.3380890541333854,0,extra_trees,plan_time
q11_p5,no_mergejoin,no_mergejoin,285.606,285.606,0.0,0.0,1,extra_trees,plan_time
q12_p4,no_hashjoin,no_nestloop,1648.4475,1812.4485,164.00099999999998,0.09948815476380046,0,extra_trees,plan_time
q12_p9,no_hashjoin,no_hashjoin,1358.037,1358.037,0.0,0.0,1,extra_trees,plan_time
q13_p3,no_nestloop,no_nestloop,1700.802,1700.802,0.0,0.0,1,extra_trees,plan_time
q13_p8,no_nestloop,no_mergejoin,1530.663,1620.27,89.60699999999997,0.05854129877053271,0,extra_trees,plan_time
q14_p2,no_mergejoin,no_hashjoin,849.1585,868.6205,19.46199999999999,0.02291916055718679,0,extra_trees,plan_time
q14_p7,default,no_nestloop,889.7155,1167.5415,277.826,0.3122638641228572,0,extra_trees,plan_time
q15_p1,no_mergejoin,no_hashjoin,1376.799,1446.659,69.86000000000013,0.05074088519820252,0,extra_trees,plan_time
q15_p6,no_hashjoin,no_hashjoin,1205.1170000000002,1205.1170000000002,0.0,0.0,1,extra_trees,plan_time
q16_p0,no_nestloop,no_nestloop,810.1405,810.1405,0.0,0.0,1,extra_trees,plan_time
q16_p5,no_mergejoin,no_mergejoin,940.731,940.731,0.0,0.0,1,extra_trees,plan_time
q17_p4,no_hashjoin,no_hashjoin,566.529,566.529,0.0,0.0,1,extra_trees,plan_time
q17_p9,no_hashjoin,no_hashjoin,620.206,620.206,0.0,0.0,1,extra_trees,plan_time
q18_p3,default,no_mergejoin,11190.9485,11201.998,11.04949999999917,0.0009873604547459003,0,extra_trees,plan_time
q18_p8,no_hashjoin,no_mergejoin,11284.042,11425.236,141.19400000000132,0.012512714858736063,0,extra_trees,plan_time
q19_p2,default,no_nestloop,231.761,232.592,0.8310000000000173,0.0035855903279673473,0,extra_trees,plan_time
q19_p7,no_mergejoin,no_mergejoin,129.787,129.787,0.0,0.0,1,extra_trees,plan_time
q20_p3,no_hashjoin,no_hashjoin,10269.854,10269.854,0.0,0.0,1,extra_trees,plan_time
q21_p0,no_nestloop,no_nestloop,9580.423,9580.423,0.0,0.0,1,extra_trees,plan_time
q21_p5,default,no_mergejoin,5695.0725,6420.393,725.3204999999998,0.12735930929764283,0,extra_trees,plan_time
q22_p4,no_mergejoin,default,536.7025,621.787,85.08450000000005,0.15853196137524983,0,extra_trees,plan_time
q22_p9,no_mergejoin,no_nestloop,547.071,697.7819999999999,150.7109999999999,0.2754870939969398,0,extra_trees,plan_time
ds_q02_topk_revenue,no_mergejoin,default,543.457,1542.053,998.5960000000001,1.8374885225510025,0,extra_trees,plan_time
ds_q07_yearly_trend,no_mergejoin,no_mergejoin,572.578,572.578,0.0,0.0,1,extra_trees,plan_time
ds_q12_catalog_topk,no_nestloop,no_nestloop,356.789,356.789,0.0,0.0,1,extra_trees,plan_time
ds_q17_dow_pattern,no_mergejoin,no_mergejoin,571.268,571.268,0.0,0.0,1,extra_trees,plan_time
online_b21324f41e,no_nestloop,default,160.279,256.352,96.07299999999998,0.5994110270216308,0,extra_trees,plan_time
online_cc5a30cb4b,no_hashjoin,no_hashjoin,0.242,0.249,0.007000000000000006,0.02892561983471076,1,extra_trees,plan_time
q01,no_nestloop,no_nestloop,6900.803,6900.803,0.0,0.0,1,extra_trees,plan_time
q06,no_nestloop,no_hashjoin,1737.52,1791.259,53.73900000000003,0.030928564851052,0,extra_trees,plan_time
q11,no_mergejoin,no_hashjoin,308.811,403.337,94.52600000000001,0.3060966092529087,0,extra_trees,plan_time
q16,no_mergejoin,no_nestloop,1106.188,1324.611,218.423,0.19745558621138537,0,extra_trees,plan_time
q21,no_nestloop,no_nestloop,10367.542,10367.542,0.0,0.0,1,extra_trees,plan_time
q01_p4,no_mergejoin,no_mergejoin,4009.7205,4009.7205,0.0,0.0,1,extra_trees,plan_time
q01_p9,no_mergejoin,no_mergejoin,3913.345,3913.345,0.0,0.0,1,extra_trees,plan_time
q02_p3,default,no_hashjoin,2521.813,2721.6165,199.80349999999999,0.07923010151823306,0,extra_trees,plan_time
q02_p8,default,no_hashjoin,3861.4465,3951.4145,89.96799999999985,0.02329904091640267,0,extra_trees,plan_time
q03_p2,default,no_mergejoin,1904.992,1976.2925,71.30050000000006,0.03742824116846677,0,extra_trees,plan_time
q03_p7,no_mergejoin,default,2113.0685,2357.089,244.02050000000008,0.11548158519234009,0,extra_trees,plan_time
q04_p1,no_hashjoin,default,1628.6460000000002,1680.7925,52.14649999999983,0.03201831459998039,0,extra_trees,plan_time
q04_p6,default,no_hashjoin,1158.8865,1297.0555,138.16899999999987,0.11922565324559375,0,extra_trees,plan_time
q05_p0,default,no_nestloop,2864.974,3149.908,284.93399999999974,0.09945430569352443,0,extra_trees,plan_time
q05_p5,no_nestloop,no_nestloop,1907.0425,1907.0425,0.0,0.0,1,extra_trees,plan_time
q06_p4,default,default,1540.209,1540.209,0.0,0.0,1,extra_trees,plan_time
q06_p9,no_nestloop,default,2346.256,2474.21,127.95400000000018,0.054535395967021616,0,extra_trees,plan_time
q07_p3,no_nestloop,no_nestloop,1776.7905,1776.7905,0.0,0.0,1,extra_trees,plan_time
q07_p8,no_nestloop,no_nestloop,1618.0025,1618.0025,0.0,0.0,1,extra_trees,plan_time
q08_p2,no_hashjoin,default,1365.0985,1452.0210000000002,86.92250000000013,0.06367489232461998,0,extra_trees,plan_time
q08_p7,default,no_hashjoin,1235.4265,1316.714,81.28749999999991,0.06579711540913191,0,extra_trees,plan_time
q09_p1,default,no_nestloop,12540.293,14040.078,1499.7849999999999,0.11959728532658676,0,extra_trees,plan_time
q09_p6,no_mergejoin,no_nestloop,7147.695,12734.1305,5586.4355,0.7815716115474989,0,extra_trees,plan_time
q10_p0,default,default,1205.222,1205.222,0.0,0.0,1,extra_trees,plan_time
q10_p5,no_mergejoin,no_mergejoin,1585.3655,1585.3655,0.0,0.0,1,extra_trees,plan_time
q11_p4,no_mergejoin,no_mergejoin,342.552,342.552,0.0,0.0,1,extra_trees,plan_time
q11_p9,no_mergejoin,no_hashjoin,498.1445,596.7909999999999,98.64649999999995,0.19802788146812822,0,extra_trees,plan_time
q12_p3,no_mergejoin,no_hashjoin,1803.5685,6724.17,4920.6015,2.7282587270735763,0,extra_trees,plan_time
q12_p8,no_hashjoin,no_hashjoin,1431.9595,1431.9595,0.0,0.0,1,extra_trees,plan_time
q13_p2,no_nestloop,no_mergejoin,2061.1645,3145.561,1084.3965000000003,0.5261086633308503,0,extra_trees,plan_time
q13_p7,no_mergejoin,no_nestloop,1534.096,1611.2415,77.14550000000008,0.05028727015779988,0,extra_trees,plan_time
q14_p1,default,no_mergejoin,856.3745,862.9325,6.557999999999993,0.007657864637492073,0,extra_trees,plan_time
q14_p6,default,default,840.345,840.345,0.0,0.0,1,extra_trees,plan_time
q15_p0,default,no_hashjoin,1293.8425,1311.5945,17.751999999999953,0.01372037168357032,0,extra_trees,plan_time
q15_p5,no_mergejoin,no_mergejoin,1233.9364999999998,1233.9364999999998,0.0,0.0,1,extra_trees,plan_time
q16_p4,default,no_mergejoin,969.8925,989.0975,19.204999999999927,0.019801163531009802,0,extra_trees,plan_time
q16_p9,default,default,962.4985,962.4985,0.0,0.0,1,extra_trees,plan_time
q17_p3,no_hashjoin,no_hashjoin,659.4604999999999,659.4604999999999,0.0,0.0,1,extra_trees,plan_time
q17_p8,no_hashjoin,no_hashjoin,645.7985,645.7985,0.0,0.0,1,extra_trees,plan_time
q18_p2,no_mergejoin,default,11428.776,11754.184,325.40799999999945,0.02847269033884281,0,extra_trees,plan_time
q18_p7,default,no_mergejoin,11190.6245,11273.352,82.72750000000087,0.007392572237590489,0,extra_trees,plan_time
q19_p1,no_mergejoin,no_hashjoin,371.417,454.037,82.62,0.22244539156796805,0,extra_trees,plan_time
q19_p6,default,no_mergejoin,129.308,137.11200000000002,7.8040000000000305,0.06035202771676951,0,extra_trees,plan_time
q20_p2,no_hashjoin,default,3476.229,5046.379,1570.15,0.45168198067503607,0,extra_trees,plan_time
q21_p4,no_hashjoin,no_nestloop,19158.111,20578.87,1420.7589999999982,0.07415966010427644,0,extra_trees,plan_time
q21_p9,no_mergejoin,no_mergejoin,6119.7855,6119.7855,0.0,0.0,1,extra_trees,plan_time
q22_p3,default,default,296.57550000000003,296.57550000000003,0.0,0.0,1,extra_trees,plan_time
q22_p8,default,no_mergejoin,269.98900000000003,394.893,124.90399999999994,0.4626262551437279,0,extra_trees,plan_time
ds_q01_filter_agg,no_mergejoin,no_mergejoin,537.585,537.585,0.0,0.0,1,extra_trees,plan_time
ds_q06_web_vs_store,default,no_mergejoin,696.566,852.859,156.293,0.2243764409976945,0,extra_trees,plan_time
ds_q11_inventory_check,no_nestloop,no_mergejoin,343.882,423.518,79.63599999999997,0.23157943713250462,0,extra_trees,plan_time
ds_q16_web_returns,no_mergejoin,no_mergejoin,35.959,35.959,0.0,0.0,1,extra_trees,plan_time
online_749218157a,no_mergejoin,no_mergejoin,1039.564,1039.564,0.0,0.0,1,extra_trees,plan_time
online_ca182698d7,no_hashjoin,no_mergejoin,1.485,2.384,0.8989999999999998,0.6053872053872051,0,extra_trees,plan_time
q05,no_nestloop,default,2887.231,8827.081,5939.85,2.057282565890987,0,extra_trees,plan_time
q10,default,default,1318.8,1318.8,0.0,0.0,1,extra_trees,plan_time
q15,no_mergejoin,no_nestloop,2113.783,2244.615,130.83199999999988,0.061894716723523535,0,extra_trees,plan_time
q01_p3,no_mergejoin,no_nestloop,6612.3240000000005,7246.2675,633.9434999999994,0.09587302437085654,0,extra_trees,plan_time
q01_p8,no_mergejoin,no_nestloop,3314.7995,5566.4745,2251.675,0.6792793953299439,0,extra_trees,plan_time
q02_p2,no_mergejoin,default,2582.8855000000003,2767.3225,184.4369999999999,0.07140734655097947,0,extra_trees,plan_time
q02_p7,no_hashjoin,default,2652.7625,2979.7065,326.94399999999996,0.12324661555642469,0,extra_trees,plan_time
q03_p1,no_mergejoin,default,1753.976,1922.548,168.5719999999999,0.09610849863396065,0,extra_trees,plan_time
q03_p6,default,default,2015.7405,2015.7405,0.0,0.0,1,extra_trees,plan_time
q04_p0,no_mergejoin,default,1355.0675,1419.8629999999998,64.79549999999972,0.04781717515917072,0,extra_trees,plan_time
q04_p5,no_mergejoin,default,1345.431,1512.726,167.29500000000007,0.12434305438183002,0,extra_trees,plan_time
q05_p4,no_nestloop,no_nestloop,2636.791,2636.791,0.0,0.0,1,extra_trees,plan_time
q05_p9,no_nestloop,default,1782.8665,4170.9465,2388.08,1.3394609186946975,0,extra_trees,plan_time
q06_p3,no_hashjoin,no_mergejoin,1443.148,1549.478,106.33000000000015,0.07367920684503604,0,extra_trees,plan_time
q06_p8,no_hashjoin,default,1944.4035,2164.5295,220.1260000000002,0.11321004102286403,0,extra_trees,plan_time
q07_p2,no_nestloop,no_nestloop,1608.205,1608.205,0.0,0.0,1,extra_trees,plan_time
q07_p7,no_nestloop,no_nestloop,1598.659,1598.659,0.0,0.0,1,extra_trees,plan_time
q08_p1,no_mergejoin,no_mergejoin,1380.1285,1380.1285,0.0,0.0,1,extra_trees,plan_time
q08_p6,default,no_hashjoin,1104.4540000000002,1140.7330000000002,36.278999999999996,0.032847904937643335,0,extra_trees,plan_time
q09_p0,no_nestloop,no_nestloop,2546.7650000000003,2546.7650000000003,0.0,0.0,1,extra_trees,plan_time
q09_p5,no_nestloop,no_mergejoin,4798.2685,7211.7415,2413.473,0.5029883175566352,0,extra_trees,plan_time
q10_p4,default,no_mergejoin,1234.456,1499.63,265.1740000000002,0.21481041041560034,0,extra_trees,plan_time
q10_p9,default,default,1364.5785,1364.5785,0.0,0.0,1,extra_trees,plan_time
q11_p3,no_hashjoin,no_hashjoin,429.638,429.638,0.0,0.0,1,extra_trees,plan_time
q11_p8,no_mergejoin,no_mergejoin,313.812,313.812,0.0,0.0,1,extra_trees,plan_time
q12_p2,no_mergejoin,no_hashjoin,1771.908,2229.9565,458.0484999999999,0.2585058027843432,0,extra_trees,plan_time
q12_p7,no_hashjoin,no_hashjoin,1619.6605,1619.6605,0.0,0.0,1,extra_trees,plan_time
q13_p1,default,no_mergejoin,2710.3185,2764.94,54.6215000000002,0.02015316650054233,0,extra_trees,plan_time
q13_p6,no_nestloop,no_mergejoin,1516.3615,1833.3095,316.9480000000001,0.20901875970868433,0,extra_trees,plan_time
q14_p0,no_nestloop,no_hashjoin,833.2895000000001,895.51,62.2204999999999,0.07466852756454978,0,extra_trees,plan_time
q14_p5,no_nestloop,default,864.1,945.6135,81.51350000000002,0.09433341048489763,0,extra_trees,plan_time
q15_p4,no_mergejoin,no_nestloop,1292.9405,1295.331,2.3904999999999745,0.0018488863176611137,0,extra_trees,plan_time
q15_p9,default,default,1242.167,1242.167,0.0,0.0,1,extra_trees,plan_time
q16_p3,default,default,804.9105,804.9105,0.0,0.0,1,extra_trees,plan_time
q16_p8,no_nestloop,no_mergejoin,1006.8275,1069.8225,62.995000000000005,0.06256781822109558,0,extra_trees,plan_time
q17_p2,no_hashjoin,no_hashjoin,586.6975,586.6975,0.0,0.0,1,extra_trees,plan_time
q17_p7,no_hashjoin,no_hashjoin,604.4404999999999,604.4404999999999,0.0,0.0,1,extra_trees,plan_time
q18_p1,no_hashjoin,no_mergejoin,10326.5275,11575.754,1249.2265000000007,0.1209725631389642,0,extra_trees,plan_time
q18_p6,no_mergejoin,default,12077.3795,12335.4745,258.09500000000116,0.021370115926224065,0,extra_trees,plan_time
q19_p0,default,no_hashjoin,435.11,516.983,81.87299999999993,0.18816621084323493,0,extra_trees,plan_time
q19_p5,no_hashjoin,no_hashjoin,132.4375,132.4375,0.0,0.0,1,extra_trees,plan_time
q20_p0,no_hashjoin,no_mergejoin,3627.978,4085.213,457.2350000000001,0.12603025707432636,0,extra_trees,plan_time
q20_p1,no_mergejoin,default,2129.206,2525.096,395.8899999999999,0.18593316006060467,0,extra_trees,plan_time
q20_p6,default,no_hashjoin,4121.406,4418.110500000001,296.70450000000073,0.07199108750751582,0,extra_trees,plan_time
q20_p9,no_hashjoin,default,3891.652,4412.6465,520.9944999999998,0.13387489426084342,0,extra_trees,plan_time
q21_p3,no_nestloop,default,11808.777,17560.987,5752.210000000001,0.4871131023983264,0,extra_trees,plan_time
q21_p8,no_mergejoin,default,5838.317999999999,12133.7155,6295.397500000001,1.078289586144503,0,extra_trees,plan_time
q22_p2,default,default,289.3345,289.3345,0.0,0.0,1,extra_trees,plan_time
q22_p7,default,default,482.2065,482.2065,0.0,0.0,1,extra_trees,plan_time
ds_q05_returns_filter,no_nestloop,no_mergejoin,163.456,196.199,32.74300000000002,0.20031690485512943,0,extra_trees,plan_time
ds_q10_window_topk,no_nestloop,no_mergejoin,1763.773,1774.157,10.384000000000015,0.0058873789314157765,0,extra_trees,plan_time
ds_q15_returns_ratio,no_mergejoin,no_mergejoin,643.784,643.784,0.0,0.0,1,extra_trees,plan_time
ds_q20_demographic,no_mergejoin,no_mergejoin,726.447,726.447,0.0,0.0,1,extra_trees,plan_time
online_dac91519b8,no_mergejoin,no_mergejoin,194.431,194.431,0.0,0.0,1,extra_trees,plan_time
online_0e0bb4a7ce,default,no_mergejoin,318.695,491.603,172.90800000000002,0.542550087073848,0,extra_trees,plan_time
q04,default,no_mergejoin,1216.968,1429.065,212.09699999999998,0.17428313645058857,0,extra_trees,plan_time
q09,no_nestloop,no_nestloop,9471.806,9471.806,0.0,0.0,1,extra_trees,plan_time
q14,no_mergejoin,no_hashjoin,1504.265,1806.03,301.7649999999999,0.20060627615479976,0,extra_trees,plan_time
q19,no_hashjoin,no_hashjoin,198.599,198.599,0.0,0.0,1,extra_trees,plan_time
q20,no_hashjoin,no_hashjoin,4427.324,4427.324,0.0,0.0,1,extra_trees,plan_time
q01_p2,no_hashjoin,no_nestloop,5851.049,6903.8755,1052.8265000000001,0.1799380760612328,0,extra_trees,plan_time
q01_p7,no_nestloop,no_nestloop,6604.8715,6604.8715,0.0,0.0,1,extra_trees,plan_time
q02_p1,default,default,2452.8315,2452.8315,0.0,0.0,1,extra_trees,plan_time
q02_p6,no_hashjoin,no_hashjoin,4092.8975,4092.8975,0.0,0.0,1,extra_trees,plan_time
q03_p0,no_mergejoin,no_nestloop,1613.922,2762.3775,1148.4555,0.7115929394357348,0,extra_trees,plan_time
q03_p5,no_mergejoin,no_nestloop,1763.8895,2021.318,257.4285,0.14594366597227326,0,extra_trees,plan_time
q04_p4,default,default,1143.0915,1143.0915,0.0,0.0,1,extra_trees,plan_time
q04_p9,default,no_mergejoin,736.759,746.524,9.764999999999986,0.01325399486127754,0,extra_trees,plan_time
q05_p3,no_mergejoin,no_nestloop,2973.864,3159.1445,185.28049999999985,0.0623029499667771,0,extra_trees,plan_time
q05_p8,default,no_nestloop,3111.7965,3166.373,54.576500000000124,0.01753858261618335,0,extra_trees,plan_time
q06_p2,default,no_hashjoin,1447.0975,1576.757,129.65949999999998,0.08959969870723983,0,extra_trees,plan_time
q06_p7,no_mergejoin,no_hashjoin,1675.4740000000002,1681.1775,5.703499999999849,0.0034041113141713986,0,extra_trees,plan_time
q07_p1,no_nestloop,no_nestloop,1767.1709999999998,1767.1709999999998,0.0,0.0,1,extra_trees,plan_time
q07_p6,no_nestloop,no_nestloop,2580.009,2580.009,0.0,0.0,1,extra_trees,plan_time
q08_p0,no_nestloop,default,1730.1635,2143.2695000000003,413.1060000000002,0.23876702982117015,0,extra_trees,plan_time
q08_p5,no_mergejoin,default,1180.6585,1218.9740000000002,38.315500000000156,0.03245265248164486,0,extra_trees,plan_time
q09_p4,no_nestloop,no_nestloop,9471.1885,9471.1885,0.0,0.0,1,extra_trees,plan_time
q09_p9,no_mergejoin,no_nestloop,12061.8875,12728.9635,667.0759999999991,0.05530444551070457,0,extra_trees,plan_time
q10_p3,default,default,2030.4335,2030.4335,0.0,0.0,1,extra_trees,plan_time
q10_p8,no_mergejoin,default,1448.6805,2497.616,1048.9355,0.7240626901514862,0,extra_trees,plan_time
q11_p2,no_hashjoin,no_hashjoin,384.172,384.172,0.0,0.0,1,extra_trees,plan_time
q11_p7,no_mergejoin,no_hashjoin,419.106,505.585,86.47899999999998,0.206341593773413,0,extra_trees,plan_time
q12_p1,no_hashjoin,default,1593.877,3306.452,1712.5750000000003,1.0744712421347447,0,extra_trees,plan_time
q12_p6,default,no_mergejoin,2153.3515,4711.823,2558.4715,1.1881346357062466,0,extra_trees,plan_time
q13_p0,no_nestloop,no_nestloop,2734.0865,2734.0865,0.0,0.0,1,extra_trees,plan_time
q13_p5,no_mergejoin,no_nestloop,1794.1095,1935.152,141.04250000000002,0.07861420944485276,0,extra_trees,plan_time
q14_p4,no_mergejoin,no_nestloop,839.824,908.947,69.12300000000005,0.08230653089218709,0,extra_trees,plan_time
q14_p9,no_nestloop,default,966.5315,1040.2475,73.7159999999999,0.07626859548809306,0,extra_trees,plan_time
q15_p3,no_nestloop,no_mergejoin,1301.4775,1363.4589999999998,61.98149999999987,0.047623950471675336,0,extra_trees,plan_time
q15_p8,no_hashjoin,no_hashjoin,1158.362,1158.362,0.0,0.0,1,extra_trees,plan_time
q16_p2,no_mergejoin,default,802.552,883.3965000000001,80.84450000000004,0.10073428263838369,0,extra_trees,plan_time
q16_p7,no_nestloop,default,1114.38,1225.822,111.44199999999978,0.10000358943986765,0,extra_trees,plan_time
q17_p1,no_hashjoin,no_hashjoin,632.7725,632.7725,0.0,0.0,1,extra_trees,plan_time
q17_p6,no_hashjoin,no_hashjoin,708.625,708.625,0.0,0.0,1,extra_trees,plan_time
q18_p0,default,no_mergejoin,10424.9135,11115.307,690.3935000000001,0.06622534565874338,0,extra_trees,plan_time
q18_p5,default,no_hashjoin,11290.9185,11414.5465,123.62800000000061,0.010949330650114941,0,extra_trees,plan_time
q19_p4,no_hashjoin,default,264.754,413.238,148.48399999999998,0.560837607741526,0,extra_trees,plan_time
q19_p9,no_hashjoin,no_hashjoin,127.625,127.625,0.0,0.0,1,extra_trees,plan_time
q20_p5,default,default,4559.4845000000005,4559.4845000000005,0.0,0.0,1,extra_trees,plan_time
q20_p8,no_hashjoin,default,4169.7305,4304.986,135.2555000000002,0.0324374680809707,0,extra_trees,plan_time
q21_p2,no_nestloop,default,9402.375,12400.143,2997.768,0.318830933673673,0,extra_trees,plan_time
q21_p7,default,no_nestloop,5536.146500000001,26587.122000000003,21050.9755,3.802459978253827,0,extra_trees,plan_time
q22_p1,no_hashjoin,default,550.9290000000001,1051.2615,500.3325,0.9081614872333821,0,extra_trees,plan_time
q22_p6,no_hashjoin,default,492.38,558.0045,65.62450000000001,0.13328019009707948,0,extra_trees,plan_time
ds_q04_customer_topk,no_mergejoin,no_mergejoin,577.718,577.718,0.0,0.0,1,extra_trees,plan_time
ds_q09_avg_basket,no_mergejoin,no_mergejoin,420.93,420.93,0.0,0.0,1,extra_trees,plan_time
ds_q14_state_revenue,default,no_mergejoin,495.792,802.114,306.32200000000006,0.6178437731952111,0,extra_trees,plan_time
ds_q19_self_join,no_mergejoin,no_mergejoin,0.106,0.106,0.0,0.0,1,extra_trees,plan_time
online_d4e75912f5,no_nestloop,no_mergejoin,1374.997,1479.977,104.98000000000002,0.076349257489289,0,extra_trees,plan_time
online_0766b87ee1,no_mergejoin,no_mergejoin,108.512,227.966,119.45400000000001,1.1008367738130347,1,extra_trees,plan_time
q03,default,no_mergejoin,1640.223,2101.658,461.43499999999995,0.28132455160060554,0,gradient_boosting,plan_time
q08,no_hashjoin,no_mergejoin,1382.048,1513.581,131.5329999999999,0.09517252656926534,0,gradient_boosting,plan_time
q13,no_mergejoin,no_nestloop,2595.487,2688.645,93.1579999999999,0.03589230075126548,0,gradient_boosting,plan_time
q18,default,no_mergejoin,13888.445,16967.045,3078.5999999999985,0.22166628445445102,0,gradient_boosting,plan_time
q01_p1,no_nestloop,no_mergejoin,4936.3675,10925.57,5989.202499999999,1.21328132477981,0,gradient_boosting,plan_time
q01_p6,no_hashjoin,no_hashjoin,7781.075,7781.075,0.0,0.0,1,gradient_boosting,plan_time
q02_p0,no_hashjoin,no_hashjoin,2434.8245,2434.8245,0.0,0.0,1,gradient_boosting,plan_time
q02_p5,default,no_hashjoin,4321.084,4681.6635,360.5794999999998,0.08344653795205081,0,gradient_boosting,plan_time
q03_p4,no_mergejoin,default,1968.729,2134.4935,165.7645,0.0841987393897281,0,gradient_boosting,plan_time
q03_p9,default,no_mergejoin,1507.6905000000002,2076.7335,569.0429999999997,0.37742693211902556,0,gradient_boosting,plan_time
q04_p3,default,default,947.482,947.482,0.0,0.0,1,gradient_boosting,plan_time
q04_p8,default,no_hashjoin,1143.2035,1196.3635,53.159999999999854,0.04650090731877565,0,gradient_boosting,plan_time
q05_p2,default,no_nestloop,3168.7395,4236.228,1067.4885,0.3368811162924563,0,gradient_boosting,plan_time
q05_p7,no_nestloop,no_nestloop,1925.716,1925.716,0.0,0.0,1,gradient_boosting,plan_time
q06_p1,no_mergejoin,no_mergejoin,1446.843,1446.843,0.0,0.0,1,gradient_boosting,plan_time
q06_p6,default,no_hashjoin,1655.3635,1770.1280000000002,114.76450000000023,0.0693288815417279,0,gradient_boosting,plan_time
q07_p0,no_nestloop,no_nestloop,1703.163,1703.163,0.0,0.0,1,gradient_boosting,plan_time
q07_p5,no_nestloop,no_nestloop,1562.0485,1562.0485,0.0,0.0,1,gradient_boosting,plan_time
q08_p4,default,no_mergejoin,1550.8355,1692.0445,141.20900000000006,0.0910534998715209,0,gradient_boosting,plan_time
q08_p9,default,default,1456.4525,1456.4525,0.0,0.0,1,gradient_boosting,plan_time
q09_p3,no_nestloop,no_nestloop,5980.2855,5980.2855,0.0,0.0,1,gradient_boosting,plan_time
q09_p8,no_mergejoin,no_nestloop,6071.502,8294.216,2222.714,0.36608964305702285,0,gradient_boosting,plan_time
q10_p2,no_mergejoin,default,1182.541,1495.2785,312.73749999999995,0.2644622892567783,0,gradient_boosting,plan_time
q10_p7,no_mergejoin,default,1459.369,1985.785,526.4160000000002,0.3607148020822699,0,gradient_boosting,plan_time
q11_p1,no_mergejoin,no_mergejoin,293.78099999999995,293.78099999999995,0.0,0.0,1,gradient_boosting,plan_time
q11_p6,default,no_hashjoin,347.7065,352.666,4.959499999999991,0.014263466458061647,0,gradient_boosting,plan_time
q12_p0,default,no_hashjoin,1592.2375000000002,2461.0635,868.826,0.5456635709182831,0,gradient_boosting,plan_time
q12_p5,no_nestloop,no_hashjoin,1842.5085,3568.3765000000003,1725.8680000000004,0.9366947289524039,0,gradient_boosting,plan_time
q13_p4,no_mergejoin,no_mergejoin,1613.398,1613.398,0.0,0.0,1,gradient_boosting,plan_time
q13_p9,no_mergejoin,no_mergejoin,1451.906,1451.906,0.0,0.0,1,gradient_boosting,plan_time
q14_p3,no_hashjoin,no_nestloop,881.634,883.4939999999999,1.8599999999999,0.002109718999040222,0,gradient_boosting,plan_time
q14_p8,no_nestloop,no_mergejoin,1027.206,1346.065,318.85900000000015,0.3104138799812308,0,gradient_boosting,plan_time
q15_p2,no_hashjoin,no_hashjoin,1287.6165,1287.6165,0.0,0.0,1,gradient_boosting,plan_time
q15_p7,no_hashjoin,default,1210.906,1467.3535000000002,256.4475000000002,0.21178150905190019,0,gradient_boosting,plan_time
q16_p1,default,no_mergejoin,760.5605,818.953,58.39249999999993,0.0767756148261709,0,gradient_boosting,plan_time
q16_p6,default,default,934.039,934.039,0.0,0.0,1,gradient_boosting,plan_time
q17_p0,no_hashjoin,no_hashjoin,591.725,591.725,0.0,0.0,1,gradient_boosting,plan_time
q17_p5,no_hashjoin,no_hashjoin,628.0405,628.0405,0.0,0.0,1,gradient_boosting,plan_time
q18_p4,no_hashjoin,no_mergejoin,11160.5615,11766.8065,606.2450000000008,0.05432029562311902,0,gradient_boosting,plan_time
q18_p9,no_hashjoin,no_mergejoin,11219.319,11228.1535,8.834500000000844,0.0007874363853992428,0,gradient_boosting,plan_time
q19_p3,default,default,392.595,392.595,0.0,0.0,1,gradient_boosting,plan_time
q19_p8,no_nestloop,no_hashjoin,96.9605,146.89350000000002,49.93300000000002,0.5149829054099353,0,gradient_boosting,plan_time
q20_p4,no_hashjoin,no_mergejoin,17808.234,22436.179,4627.945,0.2598766952410889,0,gradient_boosting,plan_time
q20_p7,default,no_mergejoin,5230.9955,6586.8675,1355.8720000000003,0.2591996112403461,0,gradient_boosting,plan_time
q21_p1,no_nestloop,no_mergejoin,10391.969,18510.851,8118.882,0.7812650326420334,0,gradient_boosting,plan_time
q21_p6,default,default,11229.0195,11229.0195,0.0,0.0,1,gradient_boosting,plan_time
q22_p0,no_nestloop,no_mergejoin,829.7715000000001,1243.2135,413.442,0.4982600631619669,0,gradient_boosting,plan_time
q22_p5,default,no_hashjoin,556.4970000000001,1564.541,1008.0439999999999,1.811409585316722,0,gradient_boosting,plan_time
ds_q03_promo_effect,no_nestloop,no_mergejoin,389.256,613.607,224.351,0.5763584890149414,0,gradient_boosting,plan_time
ds_q08_addr_filter,no_mergejoin,no_hashjoin,39.483,43.675,4.192,0.10617227667603779,0,gradient_boosting,plan_time
ds_q13_high_quantity,default,no_hashjoin,350.115,465.736,115.62099999999998,0.3302372077745883,0,gradient_boosting,plan_time
ds_q18_brand_topk,default,no_nestloop,662.842,774.295,111.45299999999997,0.1681441429480932,0,gradient_boosting,plan_time
online_ce83de12bc,no_nestloop,no_mergejoin,732.934,823.206,90.27200000000005,0.12316525089571506,0,gradient_boosting,plan_time
online_da978a89a5,no_hashjoin,no_hashjoin,0.03,0.03,0.0,0.0,1,gradient_boosting,plan_time
q02,no_mergejoin,no_mergejoin,3199.538,3199.538,0.0,0.0,1,gradient_boosting,plan_time
q07,no_nestloop,no_nestloop,2402.029,2402.029,0.0,0.0,1,gradient_boosting,plan_time
q12,no_nestloop,no_hashjoin,3102.1,3556.871,454.7710000000002,0.14660101221753008,0,gradient_boosting,plan_time
q17,no_hashjoin,no_hashjoin,939.65,939.65,0.0,0.0,1,gradient_boosting,plan_time
q22,no_hashjoin,no_mergejoin,345.909,387.731,41.822,0.12090463098676252,0,gradient_boosting,plan_time
q01_p0,no_hashjoin,no_nestloop,6709.9035,7309.063,599.1594999999998,0.08929480133358103,0,gradient_boosting,plan_time
q01_p5,default,default,6793.9285,6793.9285,0.0,0.0,1,gradient_boosting,plan_time
q02_p4,no_mergejoin,no_hashjoin,2628.4125,2637.145,8.732500000000073,0.0033223476147674624,0,gradient_boosting,plan_time
q02_p9,no_mergejoin,no_hashjoin,2436.656,2655.0015,218.3454999999999,0.08960866860155892,0,gradient_boosting,plan_time
q03_p3,no_mergejoin,no_mergejoin,1607.9555,1607.9555,0.0,0.0,1,gradient_boosting,plan_time
q03_p8,no_mergejoin,default,1455.49,5057.216,3601.7260000000006,2.4745796948106826,0,gradient_boosting,plan_time
q04_p2,default,no_mergejoin,837.004,924.14,87.13599999999997,0.10410463988224672,0,gradient_boosting,plan_time
q04_p7,default,default,1296.4145,1296.4145,0.0,0.0,1,gradient_boosting,plan_time
q05_p1,no_nestloop,no_nestloop,3265.4955,3265.4955,0.0,0.0,1,gradient_boosting,plan_time
q05_p6,no_nestloop,no_nestloop,1823.496,1823.496,0.0,0.0,1,gradient_boosting,plan_time
q06_p0,default,default,1933.157,1933.157,0.0,0.0,1,gradient_boosting,plan_time
q06_p5,no_mergejoin,no_mergejoin,1583.487,1583.487,0.0,0.0,1,gradient_boosting,plan_time
q07_p4,no_nestloop,no_nestloop,1620.6464999999998,1620.6464999999998,0.0,0.0,1,gradient_boosting,plan_time
q07_p9,no_nestloop,no_nestloop,1721.879,1721.879,0.0,0.0,1,gradient_boosting,plan_time
q08_p3,no_hashjoin,no_hashjoin,1452.751,1452.751,0.0,0.0,1,gradient_boosting,plan_time
q08_p8,no_mergejoin,no_hashjoin,1156.682,1218.4105,61.72849999999994,0.05336687179363042,0,gradient_boosting,plan_time
q09_p2,no_mergejoin,no_mergejoin,8778.053,8778.053,0.0,0.0,1,gradient_boosting,plan_time
q09_p7,default,no_nestloop,6044.4305,7804.346,1759.9154999999992,0.2911631625179576,0,gradient_boosting,plan_time
q10_p1,default,default,1446.9835,1446.9835,0.0,0.0,1,gradient_boosting,plan_time
q10_p6,no_mergejoin,no_mergejoin,1423.0825,1423.0825,0.0,0.0,1,gradient_boosting,plan_time
q11_p0,default,no_hashjoin,337.278,451.308,114.02999999999997,0.3380890541333854,0,gradient_boosting,plan_time
q11_p5,no_mergejoin,no_mergejoin,285.606,285.606,0.0,0.0,1,gradient_boosting,plan_time
q12_p4,no_hashjoin,no_hashjoin,1648.4475,1648.4475,0.0,0.0,1,gradient_boosting,plan_time
q12_p9,no_hashjoin,no_hashjoin,1358.037,1358.037,0.0,0.0,1,gradient_boosting,plan_time
q13_p3,no_nestloop,no_mergejoin,1700.802,2405.4875,704.6855000000003,0.41432541824386404,0,gradient_boosting,plan_time
q13_p8,no_nestloop,default,1530.663,1630.5665,99.9034999999999,0.06526812237572854,0,gradient_boosting,plan_time
q14_p2,no_mergejoin,no_hashjoin,849.1585,868.6205,19.46199999999999,0.02291916055718679,0,gradient_boosting,plan_time
q14_p7,default,no_nestloop,889.7155,1167.5415,277.826,0.3122638641228572,0,gradient_boosting,plan_time
q15_p1,no_mergejoin,default,1376.799,1396.0915,19.292500000000018,0.01401257554661206,0,gradient_boosting,plan_time
q15_p6,no_hashjoin,default,1205.1170000000002,1379.066,173.94899999999984,0.14434200164797262,0,gradient_boosting,plan_time
q16_p0,no_nestloop,no_nestloop,810.1405,810.1405,0.0,0.0,1,gradient_boosting,plan_time
q16_p5,no_mergejoin,default,940.731,993.6845,52.95349999999996,0.056289736385852995,0,gradient_boosting,plan_time
q17_p4,no_hashjoin,no_hashjoin,566.529,566.529,0.0,0.0,1,gradient_boosting,plan_time
q17_p9,no_hashjoin,no_hashjoin,620.206,620.206,0.0,0.0,1,gradient_boosting,plan_time
q18_p3,default,default,11190.9485,11190.9485,0.0,0.0,1,gradient_boosting,plan_time
q18_p8,no_hashjoin,default,11284.042,11575.4835,291.4415000000008,0.025827757464922607,0,gradient_boosting,plan_time
q19_p2,default,no_mergejoin,231.761,298.061,66.29999999999998,0.2860705640724712,0,gradient_boosting,plan_time
q19_p7,no_mergejoin,no_mergejoin,129.787,129.787,0.0,0.0,1,gradient_boosting,plan_time
q20_p3,no_hashjoin,no_mergejoin,10269.854,13299.016,3029.1620000000003,0.2949566761124356,0,gradient_boosting,plan_time
q21_p0,no_nestloop,no_mergejoin,9580.423,18214.814,8634.390999999998,0.901253629406551,0,gradient_boosting,plan_time
q21_p5,default,default,5695.0725,5695.0725,0.0,0.0,1,gradient_boosting,plan_time
q22_p4,no_mergejoin,default,536.7025,621.787,85.08450000000005,0.15853196137524983,0,gradient_boosting,plan_time
q22_p9,no_mergejoin,no_hashjoin,547.071,924.098,377.02699999999993,0.6891738001100405,0,gradient_boosting,plan_time
ds_q02_topk_revenue,no_mergejoin,no_mergejoin,543.457,543.457,0.0,0.0,1,gradient_boosting,plan_time
ds_q07_yearly_trend,no_mergejoin,no_nestloop,572.578,616.613,44.03500000000008,0.07690655246970723,0,gradient_boosting,plan_time
ds_q12_catalog_topk,no_nestloop,no_nestloop,356.789,356.789,0.0,0.0,1,gradient_boosting,plan_time
ds_q17_dow_pattern,no_mergejoin,no_mergejoin,571.268,571.268,0.0,0.0,1,gradient_boosting,plan_time
online_b21324f41e,no_nestloop,no_nestloop,160.279,160.279,0.0,0.0,1,gradient_boosting,plan_time
online_cc5a30cb4b,no_hashjoin,default,0.242,0.303,0.061,0.2520661157024793,0,gradient_boosting,plan_time
q01,no_nestloop,no_mergejoin,6900.803,10066.542,3165.7389999999996,0.45874936583467174,0,gradient_boosting,plan_time
q06,no_nestloop,no_mergejoin,1737.52,1959.172,221.65200000000004,0.12756802799392242,0,gradient_boosting,plan_time
q11,no_mergejoin,no_hashjoin,308.811,403.337,94.52600000000001,0.3060966092529087,0,gradient_boosting,plan_time
q16,no_mergejoin,no_nestloop,1106.188,1324.611,218.423,0.19745558621138537,0,gradient_boosting,plan_time
q21,no_nestloop,no_mergejoin,10367.542,13055.611,2688.0690000000013,0.2592773677695255,0,gradient_boosting,plan_time
q01_p4,no_mergejoin,no_nestloop,4009.7205,9520.1145,5510.394,1.3742588791413266,0,gradient_boosting,plan_time
q01_p9,no_mergejoin,no_nestloop,3913.345,4248.418,335.07299999999987,0.08562316892581667,0,gradient_boosting,plan_time
q02_p3,default,no_hashjoin,2521.813,2721.6165,199.80349999999999,0.07923010151823306,0,gradient_boosting,plan_time
q02_p8,default,no_mergejoin,3861.4465,6016.4355,2154.9889999999996,0.5580781709652067,0,gradient_boosting,plan_time
q03_p2,default,no_mergejoin,1904.992,1976.2925,71.30050000000006,0.03742824116846677,0,gradient_boosting,plan_time
q03_p7,no_mergejoin,no_mergejoin,2113.0685,2113.0685,0.0,0.0,1,gradient_boosting,plan_time
q04_p1,no_hashjoin,default,1628.6460000000002,1680.7925,52.14649999999983,0.03201831459998039,0,gradient_boosting,plan_time
q04_p6,default,no_hashjoin,1158.8865,1297.0555,138.16899999999987,0.11922565324559375,0,gradient_boosting,plan_time
q05_p0,default,no_nestloop,2864.974,3149.908,284.93399999999974,0.09945430569352443,0,gradient_boosting,plan_time
q05_p5,no_nestloop,no_nestloop,1907.0425,1907.0425,0.0,0.0,1,gradient_boosting,plan_time
q06_p4,default,no_nestloop,1540.209,1739.1945,198.9855,0.12919383018798092,0,gradient_boosting,plan_time
q06_p9,no_nestloop,default,2346.256,2474.21,127.95400000000018,0.054535395967021616,0,gradient_boosting,plan_time
q07_p3,no_nestloop,no_nestloop,1776.7905,1776.7905,0.0,0.0,1,gradient_boosting,plan_time
q07_p8,no_nestloop,no_nestloop,1618.0025,1618.0025,0.0,0.0,1,gradient_boosting,plan_time
q08_p2,no_hashjoin,default,1365.0985,1452.0210000000002,86.92250000000013,0.06367489232461998,0,gradient_boosting,plan_time
q08_p7,default,no_hashjoin,1235.4265,1316.714,81.28749999999991,0.06579711540913191,0,gradient_boosting,plan_time
q09_p1,default,no_nestloop,12540.293,14040.078,1499.7849999999999,0.11959728532658676,0,gradient_boosting,plan_time
q09_p6,no_mergejoin,no_nestloop,7147.695,12734.1305,5586.4355,0.7815716115474989,0,gradient_boosting,plan_time
q10_p0,default,no_mergejoin,1205.222,1397.03,191.808,0.1591474433755773,0,gradient_boosting,plan_time
q10_p5,no_mergejoin,no_mergejoin,1585.3655,1585.3655,0.0,0.0,1,gradient_boosting,plan_time
q11_p4,no_mergejoin,no_mergejoin,342.552,342.552,0.0,0.0,1,gradient_boosting,plan_time
q11_p9,no_mergejoin,no_hashjoin,498.1445,596.7909999999999,98.64649999999995,0.19802788146812822,0,gradient_boosting,plan_time
q12_p3,no_mergejoin,no_hashjoin,1803.5685,6724.17,4920.6015,2.7282587270735763,0,gradient_boosting,plan_time
q12_p8,no_hashjoin,no_hashjoin,1431.9595,1431.9595,0.0,0.0,1,gradient_boosting,plan_time
q13_p2,no_nestloop,no_mergejoin,2061.1645,3145.561,1084.3965000000003,0.5261086633308503,0,gradient_boosting,plan_time
q13_p7,no_mergejoin,default,1534.096,1674.8715,140.77549999999997,0.09176446584829101,0,gradient_boosting,plan_time
q14_p1,default,no_mergejoin,856.3745,862.9325,6.557999999999993,0.007657864637492073,0,gradient_boosting,plan_time
q14_p6,default,default,840.345,840.345,0.0,0.0,1,gradient_boosting,plan_time
q15_p0,default,no_mergejoin,1293.8425,1532.2945,238.452,0.1842975478081761,0,gradient_boosting,plan_time
q15_p5,no_mergejoin,no_mergejoin,1233.9364999999998,1233.9364999999998,0.0,0.0,1,gradient_boosting,plan_time
q16_p4,default,no_mergejoin,969.8925,989.0975,19.204999999999927,0.019801163531009802,0,gradient_boosting,plan_time
q16_p9,default,default,962.4985,962.4985,0.0,0.0,1,gradient_boosting,plan_time
q17_p3,no_hashjoin,no_hashjoin,659.4604999999999,659.4604999999999,0.0,0.0,1,gradient_boosting,plan_time
q17_p8,no_hashjoin,no_hashjoin,645.7985,645.7985,0.0,0.0,1,gradient_boosting,plan_time
q18_p2,no_mergejoin,default,11428.776,11754.184,325.40799999999945,0.02847269033884281,0,gradient_boosting,plan_time
q18_p7,default,default,11190.6245,11190.6245,0.0,0.0,1,gradient_boosting,plan_time
q19_p1,no_mergejoin,no_hashjoin,371.417,454.037,82.62,0.22244539156796805,0,gradient_boosting,plan_time
q19_p6,default,default,129.308,129.308,0.0,0.0,1,gradient_boosting,plan_time
q20_p2,no_hashjoin,no_mergejoin,3476.229,3548.939,72.71000000000004,0.020916343543535332,0,gradient_boosting,plan_time
q21_p4,no_hashjoin,default,19158.111,19462.346,304.2350000000006,0.015880219088405978,0,gradient_boosting,plan_time
q21_p9,no_mergejoin,default,6119.7855,6552.4865,432.701,0.07070525592767907,0,gradient_boosting,plan_time
q22_p3,default,default,296.57550000000003,296.57550000000003,0.0,0.0,1,gradient_boosting,plan_time
q22_p8,default,default,269.98900000000003,269.98900000000003,0.0,0.0,1,gradient_boosting,plan_time
ds_q01_filter_agg,no_mergejoin,no_nestloop,537.585,1482.016,944.431,1.7568031102058277,0,gradient_boosting,plan_time
ds_q06_web_vs_store,default,no_mergejoin,696.566,852.859,156.293,0.2243764409976945,0,gradient_boosting,plan_time
ds_q11_inventory_check,no_nestloop,no_mergejoin,343.882,423.518,79.63599999999997,0.23157943713250462,0,gradient_boosting,plan_time
ds_q16_web_returns,no_mergejoin,no_mergejoin,35.959,35.959,0.0,0.0,1,gradient_boosting,plan_time
online_749218157a,no_mergejoin,default,1039.564,1747.386,707.8219999999999,0.6808835242467033,0,gradient_boosting,plan_time
online_ca182698d7,no_hashjoin,default,1.485,1.55,0.06499999999999995,0.04377104377104368,0,gradient_boosting,plan_time
q05,no_nestloop,no_nestloop,2887.231,2887.231,0.0,0.0,1,gradient_boosting,plan_time
q10,default,no_mergejoin,1318.8,1571.937,253.13699999999994,0.19194494995450406,0,gradient_boosting,plan_time
q15,no_mergejoin,no_hashjoin,2113.783,2518.908,405.125,0.19165874642761338,0,gradient_boosting,plan_time
q01_p3,no_mergejoin,no_hashjoin,6612.3240000000005,8602.5515,1990.227499999999,0.3009875952841994,0,gradient_boosting,plan_time
q01_p8,no_mergejoin,no_hashjoin,3314.7995,7321.809499999999,4007.0099999999993,1.2088242441209487,0,gradient_boosting,plan_time
q02_p2,no_mergejoin,default,2582.8855000000003,2767.3225,184.4369999999999,0.07140734655097947,0,gradient_boosting,plan_time
q02_p7,no_hashjoin,no_mergejoin,2652.7625,4930.605,2277.8424999999997,0.8586680865701319,0,gradient_boosting,plan_time
q03_p1,no_mergejoin,default,1753.976,1922.548,168.5719999999999,0.09610849863396065,0,gradient_boosting,plan_time
q03_p6,default,no_mergejoin,2015.7405,2515.182,499.4414999999997,0.24777073239338088,0,gradient_boosting,plan_time
q04_p0,no_mergejoin,no_hashjoin,1355.0675,1465.9375,110.86999999999989,0.08181880238438288,0,gradient_boosting,plan_time
q04_p5,no_mergejoin,no_mergejoin,1345.431,1345.431,0.0,0.0,1,gradient_boosting,plan_time
q05_p4,no_nestloop,no_nestloop,2636.791,2636.791,0.0,0.0,1,gradient_boosting,plan_time
q05_p9,no_nestloop,no_nestloop,1782.8665,1782.8665,0.0,0.0,1,gradient_boosting,plan_time
q06_p3,no_hashjoin,no_mergejoin,1443.148,1549.478,106.33000000000015,0.07367920684503604,0,gradient_boosting,plan_time
q06_p8,no_hashjoin,no_nestloop,1944.4035,2135.11,190.70650000000023,0.0980796938495534,0,gradient_boosting,plan_time
q07_p2,no_nestloop,no_nestloop,1608.205,1608.205,0.0,0.0,1,gradient_boosting,plan_time
q07_p7,no_nestloop,no_nestloop,1598.659,1598.659,0.0,0.0,1,gradient_boosting,plan_time
q08_p1,no_mergejoin,no_hashjoin,1380.1285,1388.004,7.8754999999998745,0.005706352705563189,0,gradient_boosting,plan_time
q08_p6,default,no_hashjoin,1104.4540000000002,1140.7330000000002,36.278999999999996,0.032847904937643335,0,gradient_boosting,plan_time
q09_p0,no_nestloop,no_mergejoin,2546.7650000000003,6811.449,4264.683999999999,1.674549477474364,0,gradient_boosting,plan_time
q09_p5,no_nestloop,no_mergejoin,4798.2685,7211.7415,2413.473,0.5029883175566352,0,gradient_boosting,plan_time
q10_p4,default,no_mergejoin,1234.456,1499.63,265.1740000000002,0.21481041041560034,0,gradient_boosting,plan_time
q10_p9,default,no_mergejoin,1364.5785,2182.2735,817.6949999999997,0.5992289926889509,0,gradient_boosting,plan_time
q11_p3,no_hashjoin,no_mergejoin,429.638,516.4694999999999,86.83149999999995,0.2021038641833357,0,gradient_boosting,plan_time
q11_p8,no_mergejoin,default,313.812,827.2795,513.4675,1.6362264668017792,0,gradient_boosting,plan_time
q12_p2,no_mergejoin,no_hashjoin,1771.908,2229.9565,458.0484999999999,0.2585058027843432,0,gradient_boosting,plan_time
q12_p7,no_hashjoin,no_hashjoin,1619.6605,1619.6605,0.0,0.0,1,gradient_boosting,plan_time
q13_p1,default,no_mergejoin,2710.3185,2764.94,54.6215000000002,0.02015316650054233,0,gradient_boosting,plan_time
q13_p6,no_nestloop,no_mergejoin,1516.3615,1833.3095,316.9480000000001,0.20901875970868433,0,gradient_boosting,plan_time
q14_p0,no_nestloop,no_nestloop,833.2895000000001,833.2895000000001,0.0,0.0,1,gradient_boosting,plan_time
q14_p5,no_nestloop,no_nestloop,864.1,864.1,0.0,0.0,1,gradient_boosting,plan_time
q15_p4,no_mergejoin,default,1292.9405,1503.6570000000002,210.71650000000022,0.16297463030974768,0,gradient_boosting,plan_time
q15_p9,default,no_hashjoin,1242.167,1313.9375,71.77050000000008,0.05777846296029443,0,gradient_boosting,plan_time
q16_p3,default,no_mergejoin,804.9105,1009.0915,204.18100000000004,0.2536691967616276,0,gradient_boosting,plan_time
q16_p8,no_nestloop,no_nestloop,1006.8275,1006.8275,0.0,0.0,1,gradient_boosting,plan_time
q17_p2,no_hashjoin,no_hashjoin,586.6975,586.6975,0.0,0.0,1,gradient_boosting,plan_time
q17_p7,no_hashjoin,no_hashjoin,604.4404999999999,604.4404999999999,0.0,0.0,1,gradient_boosting,plan_time
q18_p1,no_hashjoin,default,10326.5275,11477.763,1151.2355000000007,0.1114833132434887,0,gradient_boosting,plan_time
q18_p6,no_mergejoin,default,12077.3795,12335.4745,258.09500000000116,0.021370115926224065,0,gradient_boosting,plan_time
q19_p0,default,no_hashjoin,435.11,516.983,81.87299999999993,0.18816621084323493,0,gradient_boosting,plan_time
q19_p5,no_hashjoin,no_hashjoin,132.4375,132.4375,0.0,0.0,1,gradient_boosting,plan_time
q20_p0,no_hashjoin,no_mergejoin,3627.978,4085.213,457.2350000000001,0.12603025707432636,0,gradient_boosting,plan_time
q20_p1,no_mergejoin,no_mergejoin,2129.206,2129.206,0.0,0.0,1,gradient_boosting,plan_time
q20_p6,default,default,4121.406,4121.406,0.0,0.0,1,gradient_boosting,plan_time
q20_p9,no_hashjoin,default,3891.652,4412.6465,520.9944999999998,0.13387489426084342,0,gradient_boosting,plan_time
q21_p3,no_nestloop,default,11808.777,17560.987,5752.210000000001,0.4871131023983264,0,gradient_boosting,plan_time
q21_p8,no_mergejoin,default,5838.317999999999,12133.7155,6295.397500000001,1.078289586144503,0,gradient_boosting,plan_time
q22_p2,default,default,289.3345,289.3345,0.0,0.0,1,gradient_boosting,plan_time
q22_p7,default,default,482.2065,482.2065,0.0,0.0,1,gradient_boosting,plan_time
ds_q05_returns_filter,no_nestloop,no_nestloop,163.456,163.456,0.0,0.0,1,gradient_boosting,plan_time
ds_q10_window_topk,no_nestloop,no_mergejoin,1763.773,1774.157,10.384000000000015,0.0058873789314157765,0,gradient_boosting,plan_time
ds_q15_returns_ratio,no_mergejoin,no_nestloop,643.784,729.727,85.94299999999998,0.13349663862413474,0,gradient_boosting,plan_time
ds_q20_demographic,no_mergejoin,no_mergejoin,726.447,726.447,0.0,0.0,1,gradient_boosting,plan_time
online_dac91519b8,no_mergejoin,no_mergejoin,194.431,194.431,0.0,0.0,1,gradient_boosting,plan_time
online_0e0bb4a7ce,default,default,318.695,511.085,192.39,0.6036806350899764,1,gradient_boosting,plan_time
q04,default,default,1216.968,1216.968,0.0,0.0,1,gradient_boosting,plan_time
q09,no_nestloop,no_mergejoin,9471.806,19454.599,9982.792999999998,1.053948212199447,0,gradient_boosting,plan_time
q14,no_mergejoin,no_nestloop,1504.265,2199.709,695.4439999999997,0.46231481820025033,0,gradient_boosting,plan_time
q19,no_hashjoin,no_hashjoin,198.599,198.599,0.0,0.0,1,gradient_boosting,plan_time
q20,no_hashjoin,no_mergejoin,4427.324,4679.932,252.60800000000017,0.05705658768140753,0,gradient_boosting,plan_time
q01_p2,no_hashjoin,default,5851.049,8152.58,2301.531,0.3933535678815885,0,gradient_boosting,plan_time
q01_p7,no_nestloop,no_nestloop,6604.8715,6604.8715,0.0,0.0,1,gradient_boosting,plan_time
q02_p1,default,default,2452.8315,2452.8315,0.0,0.0,1,gradient_boosting,plan_time
q02_p6,no_hashjoin,no_hashjoin,4092.8975,4092.8975,0.0,0.0,1,gradient_boosting,plan_time
q03_p0,no_mergejoin,no_mergejoin,1613.922,1613.922,0.0,0.0,1,gradient_boosting,plan_time
q03_p5,no_mergejoin,no_mergejoin,1763.8895,1763.8895,0.0,0.0,1,gradient_boosting,plan_time
q04_p4,default,default,1143.0915,1143.0915,0.0,0.0,1,gradient_boosting,plan_time
q04_p9,default,default,736.759,736.759,0.0,0.0,1,gradient_boosting,plan_time
q05_p3,no_mergejoin,no_nestloop,2973.864,3159.1445,185.28049999999985,0.0623029499667771,0,gradient_boosting,plan_time
q05_p8,default,no_nestloop,3111.7965,3166.373,54.576500000000124,0.01753858261618335,0,gradient_boosting,plan_time
q06_p2,default,no_nestloop,1447.0975,1482.5605,35.462999999999965,0.02450629622399325,0,gradient_boosting,plan_time
q06_p7,no_mergejoin,no_mergejoin,1675.4740000000002,1675.4740000000002,0.0,0.0,1,gradient_boosting,plan_time
q07_p1,no_nestloop,no_nestloop,1767.1709999999998,1767.1709999999998,0.0,0.0,1,gradient_boosting,plan_time
q07_p6,no_nestloop,no_nestloop,2580.009,2580.009,0.0,0.0,1,gradient_boosting,plan_time
q08_p0,no_nestloop,no_hashjoin,1730.1635,2149.5825,419.41899999999987,0.24241581792703393,0,gradient_boosting,plan_time
q08_p5,no_mergejoin,default,1180.6585,1218.9740000000002,38.315500000000156,0.03245265248164486,0,gradient_boosting,plan_time
q09_p4,no_nestloop,no_nestloop,9471.1885,9471.1885,0.0,0.0,1,gradient_boosting,plan_time
q09_p9,no_mergejoin,no_nestloop,12061.8875,12728.9635,667.0759999999991,0.05530444551070457,0,gradient_boosting,plan_time
q10_p3,default,no_mergejoin,2030.4335,2738.3345,707.9009999999998,0.34864525235620847,0,gradient_boosting,plan_time
q10_p8,no_mergejoin,default,1448.6805,2497.616,1048.9355,0.7240626901514862,0,gradient_boosting,plan_time
q11_p2,no_hashjoin,default,384.172,856.676,472.504,1.229928261299626,0,gradient_boosting,plan_time
q11_p7,no_mergejoin,no_hashjoin,419.106,505.585,86.47899999999998,0.206341593773413,0,gradient_boosting,plan_time
q12_p1,no_hashjoin,no_mergejoin,1593.877,3405.895,1812.018,1.1368618783005213,0,gradient_boosting,plan_time
q12_p6,default,no_hashjoin,2153.3515,3312.154,1158.8024999999998,0.5381390358239235,0,gradient_boosting,plan_time
q13_p0,no_nestloop,no_mergejoin,2734.0865,2900.636,166.54950000000008,0.06091595858433885,0,gradient_boosting,plan_time
q13_p5,no_mergejoin,no_mergejoin,1794.1095,1794.1095,0.0,0.0,1,gradient_boosting,plan_time
q14_p4,no_mergejoin,no_mergejoin,839.824,839.824,0.0,0.0,1,gradient_boosting,plan_time
q14_p9,no_nestloop,no_mergejoin,966.5315,1084.279,117.74749999999995,0.1218247930874472,0,gradient_boosting,plan_time
q15_p3,no_nestloop,no_mergejoin,1301.4775,1363.4589999999998,61.98149999999987,0.047623950471675336,0,gradient_boosting,plan_time
q15_p8,no_hashjoin,no_hashjoin,1158.362,1158.362,0.0,0.0,1,gradient_boosting,plan_time
q16_p2,no_mergejoin,default,802.552,883.3965000000001,80.84450000000004,0.10073428263838369,0,gradient_boosting,plan_time
q16_p7,no_nestloop,no_nestloop,1114.38,1114.38,0.0,0.0,1,gradient_boosting,plan_time
q17_p1,no_hashjoin,no_hashjoin,632.7725,632.7725,0.0,0.0,1,gradient_boosting,plan_time
q17_p6,no_hashjoin,no_hashjoin,708.625,708.625,0.0,0.0,1,gradient_boosting,plan_time
q18_p0,default,default,10424.9135,10424.9135,0.0,0.0,1,gradient_boosting,plan_time
q18_p5,default,no_mergejoin,11290.9185,11487.2415,196.32300000000032,0.017387690824267388,0,gradient_boosting,plan_time
q19_p4,no_hashjoin,default,264.754,413.238,148.48399999999998,0.560837607741526,0,gradient_boosting,plan_time
q19_p9,no_hashjoin,no_hashjoin,127.625,127.625,0.0,0.0,1,gradient_boosting,plan_time
q20_p5,default,default,4559.4845000000005,4559.4845000000005,0.0,0.0,1,gradient_boosting,plan_time
q20_p8,no_hashjoin,default,4169.7305,4304.986,135.2555000000002,0.0324374680809707,0,gradient_boosting,plan_time
q21_p2,no_nestloop,default,9402.375,12400.143,2997.768,0.318830933673673,0,gradient_boosting,plan_time
q21_p7,default,no_nestloop,5536.146500000001,26587.122000000003,21050.9755,3.802459978253827,0,gradient_boosting,plan_time
q22_p1,no_hashjoin,default,550.9290000000001,1051.2615,500.3325,0.9081614872333821,0,gradient_boosting,plan_time
q22_p6,no_hashjoin,default,492.38,558.0045,65.62450000000001,0.13328019009707948,0,gradient_boosting,plan_time
ds_q04_customer_topk,no_mergejoin,no_hashjoin,577.718,1272.521,694.803,1.2026680837363557,0,gradient_boosting,plan_time
ds_q09_avg_basket,no_mergejoin,no_mergejoin,420.93,420.93,0.0,0.0,1,gradient_boosting,plan_time
ds_q14_state_revenue,default,no_mergejoin,495.792,802.114,306.32200000000006,0.6178437731952111,0,gradient_boosting,plan_time
ds_q19_self_join,no_mergejoin,default,0.106,5.488,5.382000000000001,50.773584905660385,0,gradient_boosting,plan_time
online_d4e75912f5,no_nestloop,no_hashjoin,1374.997,1500.007,125.00999999999999,0.0909165619997716,0,gradient_boosting,plan_time
online_0766b87ee1,no_mergejoin,no_nestloop,108.512,152.395,43.88300000000001,0.40440688587437346,0,gradient_boosting,plan_time
q03,default,no_mergejoin,1640.223,2101.658,461.43499999999995,0.28132455160060554,0,lasso,plan_time
q08,no_hashjoin,no_nestloop,1382.048,2374.629,992.5809999999999,0.7181957500752505,0,lasso,plan_time
q13,no_mergejoin,no_mergejoin,2595.487,2595.487,0.0,0.0,1,lasso,plan_time
q18,default,no_nestloop,13888.445,17635.017,3746.572,0.26976180558730656,0,lasso,plan_time
q01_p1,no_nestloop,no_mergejoin,4936.3675,10925.57,5989.202499999999,1.21328132477981,0,lasso,plan_time
q01_p6,no_hashjoin,no_mergejoin,7781.075,15807.0815,8026.0065,1.0314778484977976,0,lasso,plan_time
q02_p0,no_hashjoin,no_hashjoin,2434.8245,2434.8245,0.0,0.0,1,lasso,plan_time
q02_p5,default,no_hashjoin,4321.084,4681.6635,360.5794999999998,0.08344653795205081,0,lasso,plan_time
q03_p4,no_mergejoin,no_mergejoin,1968.729,1968.729,0.0,0.0,1,lasso,plan_time
q03_p9,default,no_mergejoin,1507.6905000000002,2076.7335,569.0429999999997,0.37742693211902556,0,lasso,plan_time
q04_p3,default,no_mergejoin,947.482,1197.7795,250.29750000000013,0.26417124546957105,0,lasso,plan_time
q04_p8,default,no_mergejoin,1143.2035,1331.1985,187.9949999999999,0.1644457876484806,0,lasso,plan_time
q05_p2,default,no_hashjoin,3168.7395,7493.2635,4324.523999999999,1.3647458240098311,0,lasso,plan_time
q05_p7,no_nestloop,no_hashjoin,1925.716,3493.2015,1567.4855000000002,0.8139754252444287,0,lasso,plan_time
q06_p1,no_mergejoin,no_mergejoin,1446.843,1446.843,0.0,0.0,1,lasso,plan_time
q06_p6,default,no_mergejoin,1655.3635,1703.2779999999998,47.91449999999986,0.028945002109808327,0,lasso,plan_time
q07_p0,no_nestloop,no_nestloop,1703.163,1703.163,0.0,0.0,1,lasso,plan_time
q07_p5,no_nestloop,no_nestloop,1562.0485,1562.0485,0.0,0.0,1,lasso,plan_time
q08_p4,default,no_nestloop,1550.8355,1561.3845,10.548999999999978,0.0068021398787943,0,lasso,plan_time
q08_p9,default,no_nestloop,1456.4525,2116.044,659.5914999999998,0.4528753941511994,0,lasso,plan_time
q09_p3,no_nestloop,no_nestloop,5980.2855,5980.2855,0.0,0.0,1,lasso,plan_time
q09_p8,no_mergejoin,no_nestloop,6071.502,8294.216,2222.714,0.36608964305702285,0,lasso,plan_time
q10_p2,no_mergejoin,no_mergejoin,1182.541,1182.541,0.0,0.0,1,lasso,plan_time
q10_p7,no_mergejoin,no_mergejoin,1459.369,1459.369,0.0,0.0,1,lasso,plan_time
q11_p1,no_mergejoin,no_mergejoin,293.78099999999995,293.78099999999995,0.0,0.0,1,lasso,plan_time
q11_p6,default,no_mergejoin,347.7065,496.918,149.2115,0.42913060296543204,0,lasso,plan_time
q12_p0,default,no_hashjoin,1592.2375000000002,2461.0635,868.826,0.5456635709182831,0,lasso,plan_time
q12_p5,no_nestloop,no_hashjoin,1842.5085,3568.3765000000003,1725.8680000000004,0.9366947289524039,0,lasso,plan_time
q13_p4,no_mergejoin,no_mergejoin,1613.398,1613.398,0.0,0.0,1,lasso,plan_time
q13_p9,no_mergejoin,no_mergejoin,1451.906,1451.906,0.0,0.0,1,lasso,plan_time
q14_p3,no_hashjoin,no_mergejoin,881.634,885.2055,3.5715000000000146,0.004051000755415535,0,lasso,plan_time
q14_p8,no_nestloop,no_mergejoin,1027.206,1346.065,318.85900000000015,0.3104138799812308,0,lasso,plan_time
q15_p2,no_hashjoin,no_mergejoin,1287.6165,1323.2005,35.58399999999983,0.027635557636920494,0,lasso,plan_time
q15_p7,no_hashjoin,no_mergejoin,1210.906,1215.9995,5.093499999999949,0.004206354580784888,0,lasso,plan_time
q16_p1,default,no_mergejoin,760.5605,818.953,58.39249999999993,0.0767756148261709,0,lasso,plan_time
q16_p6,default,no_mergejoin,934.039,1223.1565,289.11750000000006,0.3095347196423277,0,lasso,plan_time
q17_p0,no_hashjoin,no_hashjoin,591.725,591.725,0.0,0.0,1,lasso,plan_time
q17_p5,no_hashjoin,no_hashjoin,628.0405,628.0405,0.0,0.0,1,lasso,plan_time
q18_p4,no_hashjoin,no_nestloop,11160.5615,13190.2155,2029.6540000000005,0.18185948798364682,0,lasso,plan_time
q18_p9,no_hashjoin,no_nestloop,11219.319,13056.878,1837.559000000001,0.16378525291954005,0,lasso,plan_time
q19_p3,default,default,392.595,392.595,0.0,0.0,1,lasso,plan_time
q19_p8,no_nestloop,no_mergejoin,96.9605,108.1215,11.161000000000001,0.11510872984359621,0,lasso,plan_time
q20_p4,no_hashjoin,no_mergejoin,17808.234,22436.179,4627.945,0.2598766952410889,0,lasso,plan_time
q20_p7,default,no_mergejoin,5230.9955,6586.8675,1355.8720000000003,0.2591996112403461,0,lasso,plan_time
q21_p1,no_nestloop,no_nestloop,10391.969,10391.969,0.0,0.0,1,lasso,plan_time
q21_p6,default,no_nestloop,11229.0195,27070.873,15841.8535,1.4107957956614108,0,lasso,plan_time
q22_p0,no_nestloop,no_mergejoin,829.7715000000001,1243.2135,413.442,0.4982600631619669,0,lasso,plan_time
q22_p5,default,default,556.4970000000001,556.4970000000001,0.0,0.0,1,lasso,plan_time
ds_q03_promo_effect,no_nestloop,no_mergejoin,389.256,613.607,224.351,0.5763584890149414,0,lasso,plan_time
ds_q08_addr_filter,no_mergejoin,no_mergejoin,39.483,39.483,0.0,0.0,1,lasso,plan_time
ds_q13_high_quantity,default,no_mergejoin,350.115,399.664,49.54899999999998,0.14152207131942363,0,lasso,plan_time
ds_q18_brand_topk,default,no_mergejoin,662.842,2049.833,1386.991,2.0924911215644153,0,lasso,plan_time
online_ce83de12bc,no_nestloop,no_mergejoin,732.934,823.206,90.27200000000005,0.12316525089571506,0,lasso,plan_time
online_da978a89a5,no_hashjoin,no_mergejoin,0.03,1.714,1.684,56.13333333333333,0,lasso,plan_time
q02,no_mergejoin,no_hashjoin,3199.538,4302.342,1102.8039999999996,0.3446760125993189,0,lasso,plan_time
q07,no_nestloop,no_hashjoin,2402.029,3945.736,1543.7069999999999,0.6426679278226866,0,lasso,plan_time
q12,no_nestloop,no_hashjoin,3102.1,3556.871,454.7710000000002,0.14660101221753008,0,lasso,plan_time
q17,no_hashjoin,no_hashjoin,939.65,939.65,0.0,0.0,1,lasso,plan_time
q22,no_hashjoin,no_mergejoin,345.909,387.731,41.822,0.12090463098676252,0,lasso,plan_time
q01_p0,no_hashjoin,no_nestloop,6709.9035,7309.063,599.1594999999998,0.08929480133358103,0,lasso,plan_time
q01_p5,default,no_nestloop,6793.9285,9884.7815,3090.852999999999,0.45494341013450446,0,lasso,plan_time
q02_p4,no_mergejoin,no_hashjoin,2628.4125,2637.145,8.732500000000073,0.0033223476147674624,0,lasso,plan_time
q02_p9,no_mergejoin,no_hashjoin,2436.656,2655.0015,218.3454999999999,0.08960866860155892,0,lasso,plan_time
q03_p3,no_mergejoin,no_mergejoin,1607.9555,1607.9555,0.0,0.0,1,lasso,plan_time
q03_p8,no_mergejoin,default,1455.49,5057.216,3601.7260000000006,2.4745796948106826,0,lasso,plan_time
q04_p2,default,no_mergejoin,837.004,924.14,87.13599999999997,0.10410463988224672,0,lasso,plan_time
q04_p7,default,default,1296.4145,1296.4145,0.0,0.0,1,lasso,plan_time
q05_p1,no_nestloop,no_hashjoin,3265.4955,5967.239,2701.7434999999996,0.8273609625246765,0,lasso,plan_time
q05_p6,no_nestloop,no_hashjoin,1823.496,8114.67,6291.174,3.4500618591979357,0,lasso,plan_time
q06_p0,default,no_nestloop,1933.157,2010.092,76.93500000000017,0.0397975953324019,0,lasso,plan_time
q06_p5,no_mergejoin,no_nestloop,1583.487,1600.3855,16.898500000000013,0.01067170112542759,0,lasso,plan_time
q07_p4,no_nestloop,no_nestloop,1620.6464999999998,1620.6464999999998,0.0,0.0,1,lasso,plan_time
q07_p9,no_nestloop,no_nestloop,1721.879,1721.879,0.0,0.0,1,lasso,plan_time
q08_p3,no_hashjoin,no_nestloop,1452.751,2393.621,940.8700000000001,0.647647119155313,0,lasso,plan_time
q08_p8,no_mergejoin,no_nestloop,1156.682,1772.7240000000002,616.0420000000001,0.5325940924126078,0,lasso,plan_time
q09_p2,no_mergejoin,no_nestloop,8778.053,9874.2055,1096.1525000000001,0.12487421755143191,0,lasso,plan_time
q09_p7,default,no_nestloop,6044.4305,7804.346,1759.9154999999992,0.2911631625179576,0,lasso,plan_time
q10_p1,default,no_mergejoin,1446.9835,1632.7665,185.7829999999999,0.12839330925335357,0,lasso,plan_time
q10_p6,no_mergejoin,no_mergejoin,1423.0825,1423.0825,0.0,0.0,1,lasso,plan_time
q11_p0,default,no_mergejoin,337.278,551.156,213.87799999999993,0.6341297090234166,0,lasso,plan_time
q11_p5,no_mergejoin,no_mergejoin,285.606,285.606,0.0,0.0,1,lasso,plan_time
q12_p4,no_hashjoin,no_hashjoin,1648.4475,1648.4475,0.0,0.0,1,lasso,plan_time
q12_p9,no_hashjoin,no_hashjoin,1358.037,1358.037,0.0,0.0,1,lasso,plan_time
q13_p3,no_nestloop,no_nestloop,1700.802,1700.802,0.0,0.0,1,lasso,plan_time
q13_p8,no_nestloop,no_nestloop,1530.663,1530.663,0.0,0.0,1,lasso,plan_time
q14_p2,no_mergejoin,no_nestloop,849.1585,858.376,9.217499999999973,0.010854863962381556,0,lasso,plan_time
q14_p7,default,no_mergejoin,889.7155,1101.614,211.8985,0.23816433455413555,0,lasso,plan_time
q15_p1,no_mergejoin,default,1376.799,1396.0915,19.292500000000018,0.01401257554661206,0,lasso,plan_time
q15_p6,no_hashjoin,default,1205.1170000000002,1379.066,173.94899999999984,0.14434200164797262,0,lasso,plan_time
q16_p0,no_nestloop,no_nestloop,810.1405,810.1405,0.0,0.0,1,lasso,plan_time
q16_p5,no_mergejoin,no_nestloop,940.731,1143.8805,203.1495,0.21594855490039122,0,lasso,plan_time
q17_p4,no_hashjoin,no_hashjoin,566.529,566.529,0.0,0.0,1,lasso,plan_time
q17_p9,no_hashjoin,no_hashjoin,620.206,620.206,0.0,0.0,1,lasso,plan_time
q18_p3,default,no_nestloop,11190.9485,13070.832,1879.8835,0.16798249942799748,0,lasso,plan_time
q18_p8,no_hashjoin,no_nestloop,11284.042,12860.6445,1576.6025000000009,0.13971965896617555,0,lasso,plan_time
q19_p2,default,no_mergejoin,231.761,298.061,66.29999999999998,0.2860705640724712,0,lasso,plan_time
q19_p7,no_mergejoin,no_mergejoin,129.787,129.787,0.0,0.0,1,lasso,plan_time
q20_p3,no_hashjoin,no_mergejoin,10269.854,13299.016,3029.1620000000003,0.2949566761124356,0,lasso,plan_time
q21_p0,no_nestloop,no_nestloop,9580.423,9580.423,0.0,0.0,1,lasso,plan_time
q21_p5,default,no_nestloop,5695.0725,25199.725,19504.652499999997,3.424829534654738,0,lasso,plan_time
q22_p4,no_mergejoin,no_mergejoin,536.7025,536.7025,0.0,0.0,1,lasso,plan_time
q22_p9,no_mergejoin,no_mergejoin,547.071,547.071,0.0,0.0,1,lasso,plan_time
ds_q02_topk_revenue,no_mergejoin,no_mergejoin,543.457,543.457,0.0,0.0,1,lasso,plan_time
ds_q07_yearly_trend,no_mergejoin,no_nestloop,572.578,616.613,44.03500000000008,0.07690655246970723,0,lasso,plan_time
ds_q12_catalog_topk,no_nestloop,no_nestloop,356.789,356.789,0.0,0.0,1,lasso,plan_time
ds_q17_dow_pattern,no_mergejoin,no_nestloop,571.268,644.053,72.78499999999997,0.12740955208413562,0,lasso,plan_time
online_b21324f41e,no_nestloop,no_nestloop,160.279,160.279,0.0,0.0,1,lasso,plan_time
online_cc5a30cb4b,no_hashjoin,no_nestloop,0.242,4.096,3.854,15.925619834710744,0,lasso,plan_time
q01,no_nestloop,no_nestloop,6900.803,6900.803,0.0,0.0,1,lasso,plan_time
q06,no_nestloop,no_nestloop,1737.52,1737.52,0.0,0.0,1,lasso,plan_time
q11,no_mergejoin,default,308.811,1724.803,1415.9920000000002,4.585302984673474,0,lasso,plan_time
q16,no_mergejoin,no_nestloop,1106.188,1324.611,218.423,0.19745558621138537,0,lasso,plan_time
q21,no_nestloop,no_nestloop,10367.542,10367.542,0.0,0.0,1,lasso,plan_time
q01_p4,no_mergejoin,no_nestloop,4009.7205,9520.1145,5510.394,1.3742588791413266,0,lasso,plan_time
q01_p9,no_mergejoin,no_nestloop,3913.345,4248.418,335.07299999999987,0.08562316892581667,0,lasso,plan_time
q02_p3,default,no_hashjoin,2521.813,2721.6165,199.80349999999999,0.07923010151823306,0,lasso,plan_time
q02_p8,default,no_hashjoin,3861.4465,3951.4145,89.96799999999985,0.02329904091640267,0,lasso,plan_time
q03_p2,default,no_mergejoin,1904.992,1976.2925,71.30050000000006,0.03742824116846677,0,lasso,plan_time
q03_p7,no_mergejoin,no_mergejoin,2113.0685,2113.0685,0.0,0.0,1,lasso,plan_time
q04_p1,no_hashjoin,default,1628.6460000000002,1680.7925,52.14649999999983,0.03201831459998039,0,lasso,plan_time
q04_p6,default,no_mergejoin,1158.8865,1233.6455,74.75900000000001,0.06450933719566154,0,lasso,plan_time
q05_p0,default,no_hashjoin,2864.974,5085.3385,2220.3644999999997,0.7750033682679143,0,lasso,plan_time
q05_p5,no_nestloop,no_hashjoin,1907.0425,2969.6905,1062.6480000000001,0.5572230299010117,0,lasso,plan_time
q06_p4,default,no_nestloop,1540.209,1739.1945,198.9855,0.12919383018798092,0,lasso,plan_time
q06_p9,no_nestloop,no_nestloop,2346.256,2346.256,0.0,0.0,1,lasso,plan_time
q07_p3,no_nestloop,no_nestloop,1776.7905,1776.7905,0.0,0.0,1,lasso,plan_time
q07_p8,no_nestloop,no_nestloop,1618.0025,1618.0025,0.0,0.0,1,lasso,plan_time
q08_p2,no_hashjoin,no_nestloop,1365.0985,2273.4505,908.3519999999999,0.665411323798246,0,lasso,plan_time
q08_p7,default,no_nestloop,1235.4265,1514.8525,279.42599999999993,0.22617776128324918,0,lasso,plan_time
q09_p1,default,no_nestloop,12540.293,14040.078,1499.7849999999999,0.11959728532658676,0,lasso,plan_time
q09_p6,no_mergejoin,no_nestloop,7147.695,12734.1305,5586.4355,0.7815716115474989,0,lasso,plan_time
q10_p0,default,no_nestloop,1205.222,2622.21,1416.988,1.1757070481620815,0,lasso,plan_time
q10_p5,no_mergejoin,no_nestloop,1585.3655,8220.0175,6634.652,4.184935272024021,0,lasso,plan_time
q11_p4,no_mergejoin,no_mergejoin,342.552,342.552,0.0,0.0,1,lasso,plan_time
q11_p9,no_mergejoin,no_mergejoin,498.1445,498.1445,0.0,0.0,1,lasso,plan_time
q12_p3,no_mergejoin,no_hashjoin,1803.5685,6724.17,4920.6015,2.7282587270735763,0,lasso,plan_time
q12_p8,no_hashjoin,no_hashjoin,1431.9595,1431.9595,0.0,0.0,1,lasso,plan_time
q13_p2,no_nestloop,no_nestloop,2061.1645,2061.1645,0.0,0.0,1,lasso,plan_time
q13_p7,no_mergejoin,no_nestloop,1534.096,1611.2415,77.14550000000008,0.05028727015779988,0,lasso,plan_time
q14_p1,default,no_nestloop,856.3745,901.005,44.630499999999984,0.052115633989568755,0,lasso,plan_time
q14_p6,default,no_nestloop,840.345,907.9015,67.55650000000003,0.08039138687086855,0,lasso,plan_time
q15_p0,default,default,1293.8425,1293.8425,0.0,0.0,1,lasso,plan_time
q15_p5,no_mergejoin,default,1233.9364999999998,1282.838,48.90150000000017,0.039630483416286166,0,lasso,plan_time
q16_p4,default,no_nestloop,969.8925,1019.5535,49.660999999999945,0.051202581729418384,0,lasso,plan_time
q16_p9,default,no_nestloop,962.4985,1029.229,66.7305,0.06933049765791832,0,lasso,plan_time
q17_p3,no_hashjoin,no_hashjoin,659.4604999999999,659.4604999999999,0.0,0.0,1,lasso,plan_time
q17_p8,no_hashjoin,no_hashjoin,645.7985,645.7985,0.0,0.0,1,lasso,plan_time
q18_p2,no_mergejoin,no_nestloop,11428.776,13190.328,1761.5519999999997,0.15413304101856573,0,lasso,plan_time
q18_p7,default,no_nestloop,11190.6245,12600.227,1409.6025000000009,0.12596280931417203,0,lasso,plan_time
q19_p1,no_mergejoin,default,371.417,1205.132,833.7150000000001,2.244687238333195,0,lasso,plan_time
q19_p6,default,no_mergejoin,129.308,137.11200000000002,7.8040000000000305,0.06035202771676951,0,lasso,plan_time
q20_p2,no_hashjoin,no_mergejoin,3476.229,3548.939,72.71000000000004,0.020916343543535332,0,lasso,plan_time
q21_p4,no_hashjoin,no_nestloop,19158.111,20578.87,1420.7589999999982,0.07415966010427644,0,lasso,plan_time
q21_p9,no_mergejoin,no_nestloop,6119.7855,26436.9505,20317.165,3.3199145623649713,0,lasso,plan_time
q22_p3,default,default,296.57550000000003,296.57550000000003,0.0,0.0,1,lasso,plan_time
q22_p8,default,default,269.98900000000003,269.98900000000003,0.0,0.0,1,lasso,plan_time
ds_q01_filter_agg,no_mergejoin,no_nestloop,537.585,1482.016,944.431,1.7568031102058277,0,lasso,plan_time
ds_q06_web_vs_store,default,no_nestloop,696.566,1042.574,346.00800000000004,0.49673397782837525,0,lasso,plan_time
ds_q11_inventory_check,no_nestloop,no_hashjoin,343.882,947.458,603.576,1.755183464095242,0,lasso,plan_time
ds_q16_web_returns,no_mergejoin,no_nestloop,35.959,37.871,1.911999999999999,0.05317166773269544,0,lasso,plan_time
online_749218157a,no_mergejoin,no_nestloop,1039.564,1177.454,137.88999999999987,0.13264214613049297,0,lasso,plan_time
online_ca182698d7,no_hashjoin,default,1.485,1.55,0.06499999999999995,0.04377104377104368,0,lasso,plan_time
q05,no_nestloop,no_hashjoin,2887.231,7074.668,4187.437,1.4503297450048156,0,lasso,plan_time
q10,default,no_nestloop,1318.8,2518.974,1200.1740000000002,0.9100500454959055,0,lasso,plan_time
q15,no_mergejoin,no_mergejoin,2113.783,2113.783,0.0,0.0,1,lasso,plan_time
q01_p3,no_mergejoin,no_nestloop,6612.3240000000005,7246.2675,633.9434999999994,0.09587302437085654,0,lasso,plan_time
q01_p8,no_mergejoin,no_nestloop,3314.7995,5566.4745,2251.675,0.6792793953299439,0,lasso,plan_time
q02_p2,no_mergejoin,no_hashjoin,2582.8855000000003,3475.3745,892.4889999999996,0.3455395138499169,0,lasso,plan_time
q02_p7,no_hashjoin,no_hashjoin,2652.7625,2652.7625,0.0,0.0,1,lasso,plan_time
q03_p1,no_mergejoin,no_nestloop,1753.976,2318.6595,564.6835000000001,0.3219448270671892,0,lasso,plan_time
q03_p6,default,no_mergejoin,2015.7405,2515.182,499.4414999999997,0.24777073239338088,0,lasso,plan_time
q04_p0,no_mergejoin,default,1355.0675,1419.8629999999998,64.79549999999972,0.04781717515917072,0,lasso,plan_time
q04_p5,no_mergejoin,no_mergejoin,1345.431,1345.431,0.0,0.0,1,lasso,plan_time
q05_p4,no_nestloop,no_hashjoin,2636.791,6455.367,3818.576,1.4481906226166577,0,lasso,plan_time
q05_p9,no_nestloop,no_hashjoin,1782.8665,5706.6135,3923.7470000000003,2.200808080694769,0,lasso,plan_time
q06_p3,no_hashjoin,default,1443.148,1448.408,5.259999999999991,0.0036448098185355438,0,lasso,plan_time
q06_p8,no_hashjoin,no_nestloop,1944.4035,2135.11,190.70650000000023,0.0980796938495534,0,lasso,plan_time
q07_p2,no_nestloop,no_nestloop,1608.205,1608.205,0.0,0.0,1,lasso,plan_time
q07_p7,no_nestloop,no_nestloop,1598.659,1598.659,0.0,0.0,1,lasso,plan_time
q08_p1,no_mergejoin,no_nestloop,1380.1285,1878.998,498.8695,0.3614659794359729,0,lasso,plan_time
q08_p6,default,no_nestloop,1104.4540000000002,1524.437,419.9829999999997,0.3802630077848417,0,lasso,plan_time
q09_p0,no_nestloop,no_nestloop,2546.7650000000003,2546.7650000000003,0.0,0.0,1,lasso,plan_time
q09_p5,no_nestloop,no_nestloop,4798.2685,4798.2685,0.0,0.0,1,lasso,plan_time
q10_p4,default,no_nestloop,1234.456,6647.1145,5412.6585,4.384650809749396,0,lasso,plan_time
q10_p9,default,no_nestloop,1364.5785,4057.6545,2693.076,1.9735588681779759,0,lasso,plan_time
q11_p3,no_hashjoin,no_mergejoin,429.638,516.4694999999999,86.83149999999995,0.2021038641833357,0,lasso,plan_time
q11_p8,no_mergejoin,no_mergejoin,313.812,313.812,0.0,0.0,1,lasso,plan_time
q12_p2,no_mergejoin,no_nestloop,1771.908,4081.7715,2309.8635,1.3036023879343621,0,lasso,plan_time
q12_p7,no_hashjoin,default,1619.6605,1892.7775,273.11699999999996,0.16862607935428442,0,lasso,plan_time
q13_p1,default,default,2710.3185,2710.3185,0.0,0.0,1,lasso,plan_time
q13_p6,no_nestloop,no_nestloop,1516.3615,1516.3615,0.0,0.0,1,lasso,plan_time
q14_p0,no_nestloop,default,833.2895000000001,861.63,28.340499999999906,0.03401038894645847,0,lasso,plan_time
q14_p5,no_nestloop,no_nestloop,864.1,864.1,0.0,0.0,1,lasso,plan_time
q15_p4,no_mergejoin,default,1292.9405,1503.6570000000002,210.71650000000022,0.16297463030974768,0,lasso,plan_time
q15_p9,default,default,1242.167,1242.167,0.0,0.0,1,lasso,plan_time
q16_p3,default,no_hashjoin,804.9105,1009.3735,204.46300000000008,0.2540195462725361,0,lasso,plan_time
q16_p8,no_nestloop,no_hashjoin,1006.8275,1342.881,336.0535000000001,0.33377465355286784,0,lasso,plan_time
q17_p2,no_hashjoin,no_hashjoin,586.6975,586.6975,0.0,0.0,1,lasso,plan_time
q17_p7,no_hashjoin,no_hashjoin,604.4404999999999,604.4404999999999,0.0,0.0,1,lasso,plan_time
q18_p1,no_hashjoin,no_nestloop,10326.5275,13324.9635,2998.4359999999997,0.29036246695706747,0,lasso,plan_time
q18_p6,no_mergejoin,no_nestloop,12077.3795,12803.809,726.4295000000002,0.06014794020507508,0,lasso,plan_time
q19_p0,default,no_mergejoin,435.11,498.459,63.34899999999999,0.14559306841948016,0,lasso,plan_time
q19_p5,no_hashjoin,no_mergejoin,132.4375,138.349,5.9114999999999895,0.04463614912694669,0,lasso,plan_time
q20_p0,no_hashjoin,no_mergejoin,3627.978,4085.213,457.2350000000001,0.12603025707432636,0,lasso,plan_time
q20_p1,no_mergejoin,no_nestloop,2129.206,278747.214,276618.008,129.91603818512627,0,lasso,plan_time
q20_p6,default,default,4121.406,4121.406,0.0,0.0,1,lasso,plan_time
q20_p9,no_hashjoin,no_mergejoin,3891.652,5175.1415,1283.4894999999997,0.3298058253924039,0,lasso,plan_time
q21_p3,no_nestloop,no_nestloop,11808.777,11808.777,0.0,0.0,1,lasso,plan_time
q21_p8,no_mergejoin,no_nestloop,5838.317999999999,23106.253,17267.935,2.957690040179381,0,lasso,plan_time
q22_p2,default,default,289.3345,289.3345,0.0,0.0,1,lasso,plan_time
q22_p7,default,default,482.2065,482.2065,0.0,0.0,1,lasso,plan_time
ds_q05_returns_filter,no_nestloop,no_mergejoin,163.456,196.199,32.74300000000002,0.20031690485512943,0,lasso,plan_time
ds_q10_window_topk,no_nestloop,no_nestloop,1763.773,1763.773,0.0,0.0,1,lasso,plan_time
ds_q15_returns_ratio,no_mergejoin,no_nestloop,643.784,729.727,85.94299999999998,0.13349663862413474,0,lasso,plan_time
ds_q20_demographic,no_mergejoin,no_nestloop,726.447,1077.246,350.7990000000001,0.4828968940610947,0,lasso,plan_time
online_dac91519b8,no_mergejoin,no_nestloop,194.431,217.28,22.84899999999999,0.11751726833683929,0,lasso,plan_time
online_0e0bb4a7ce,default,no_nestloop,318.695,665.239,346.54400000000004,1.0873844898727625,0,lasso,plan_time
q04,default,default,1216.968,1216.968,0.0,0.0,1,lasso,plan_time
q09,no_nestloop,no_nestloop,9471.806,9471.806,0.0,0.0,1,lasso,plan_time
q14,no_mergejoin,no_nestloop,1504.265,2199.709,695.4439999999997,0.46231481820025033,0,lasso,plan_time
q19,no_hashjoin,no_mergejoin,198.599,215.468,16.869,0.08494000473315566,0,lasso,plan_time
q20,no_hashjoin,no_mergejoin,4427.324,4679.932,252.60800000000017,0.05705658768140753,0,lasso,plan_time
q01_p2,no_hashjoin,no_nestloop,5851.049,6903.8755,1052.8265000000001,0.1799380760612328,0,lasso,plan_time
q01_p7,no_nestloop,no_nestloop,6604.8715,6604.8715,0.0,0.0,1,lasso,plan_time
q02_p1,default,no_hashjoin,2452.8315,2596.9695,144.13800000000037,0.0587639224300569,0,lasso,plan_time
q02_p6,no_hashjoin,no_hashjoin,4092.8975,4092.8975,0.0,0.0,1,lasso,plan_time
q03_p0,no_mergejoin,default,1613.922,1886.5425,272.6205,0.16891801462524203,0,lasso,plan_time
q03_p5,no_mergejoin,default,1763.8895,2748.4605,984.5710000000001,0.5581817908661513,0,lasso,plan_time
q04_p4,default,default,1143.0915,1143.0915,0.0,0.0,1,lasso,plan_time
q04_p9,default,default,736.759,736.759,0.0,0.0,1,lasso,plan_time
q05_p3,no_mergejoin,no_hashjoin,2973.864,6170.0085,3196.1445,1.0747446756139487,0,lasso,plan_time
q05_p8,default,no_hashjoin,3111.7965,3414.684,302.8875000000003,0.09733525312468227,0,lasso,plan_time
q06_p2,default,no_nestloop,1447.0975,1482.5605,35.462999999999965,0.02450629622399325,0,lasso,plan_time
q06_p7,no_mergejoin,no_nestloop,1675.4740000000002,2122.949,447.4749999999999,0.26707367586724695,0,lasso,plan_time
q07_p1,no_nestloop,no_nestloop,1767.1709999999998,1767.1709999999998,0.0,0.0,1,lasso,plan_time
q07_p6,no_nestloop,no_nestloop,2580.009,2580.009,0.0,0.0,1,lasso,plan_time
q08_p0,no_nestloop,no_nestloop,1730.1635,1730.1635,0.0,0.0,1,lasso,plan_time
q08_p5,no_mergejoin,no_nestloop,1180.6585,1551.971,371.3125,0.3144961053513782,0,lasso,plan_time
q09_p4,no_nestloop,no_nestloop,9471.1885,9471.1885,0.0,0.0,1,lasso,plan_time
q09_p9,no_mergejoin,no_nestloop,12061.8875,12728.9635,667.0759999999991,0.05530444551070457,0,lasso,plan_time
q10_p3,default,no_mergejoin,2030.4335,2738.3345,707.9009999999998,0.34864525235620847,0,lasso,plan_time
q10_p8,no_mergejoin,no_mergejoin,1448.6805,1448.6805,0.0,0.0,1,lasso,plan_time
q11_p2,no_hashjoin,default,384.172,856.676,472.504,1.229928261299626,0,lasso,plan_time
q11_p7,no_mergejoin,default,419.106,661.999,242.89300000000003,0.5795502808358746,0,lasso,plan_time
q12_p1,no_hashjoin,no_hashjoin,1593.877,1593.877,0.0,0.0,1,lasso,plan_time
q12_p6,default,no_hashjoin,2153.3515,3312.154,1158.8024999999998,0.5381390358239235,0,lasso,plan_time
q13_p0,no_nestloop,no_nestloop,2734.0865,2734.0865,0.0,0.0,1,lasso,plan_time
q13_p5,no_mergejoin,no_nestloop,1794.1095,1935.152,141.04250000000002,0.07861420944485276,0,lasso,plan_time
q14_p4,no_mergejoin,no_nestloop,839.824,908.947,69.12300000000005,0.08230653089218709,0,lasso,plan_time
q14_p9,no_nestloop,no_nestloop,966.5315,966.5315,0.0,0.0,1,lasso,plan_time
q15_p3,no_nestloop,default,1301.4775,1436.461,134.98350000000005,0.10371558478728993,0,lasso,plan_time
q15_p8,no_hashjoin,default,1158.362,1245.0990000000002,86.73700000000008,0.07487901018852483,0,lasso,plan_time
q16_p2,no_mergejoin,no_nestloop,802.552,878.512,75.95999999999992,0.09464807264825192,0,lasso,plan_time
q16_p7,no_nestloop,no_nestloop,1114.38,1114.38,0.0,0.0,1,lasso,plan_time
q17_p1,no_hashjoin,no_hashjoin,632.7725,632.7725,0.0,0.0,1,lasso,plan_time
q17_p6,no_hashjoin,no_hashjoin,708.625,708.625,0.0,0.0,1,lasso,plan_time
q18_p0,default,no_nestloop,10424.9135,11883.5475,1458.634,0.13991809140670575,0,lasso,plan_time
q18_p5,default,no_nestloop,11290.9185,14194.2755,2903.357,0.25714090487855357,0,lasso,plan_time
q19_p4,no_hashjoin,default,264.754,413.238,148.48399999999998,0.560837607741526,0,lasso,plan_time
q19_p9,no_hashjoin,default,127.625,235.188,107.56299999999999,0.8428050930460331,0,lasso,plan_time
q20_p5,default,default,4559.4845000000005,4559.4845000000005,0.0,0.0,1,lasso,plan_time
q20_p8,no_hashjoin,default,4169.7305,4304.986,135.2555000000002,0.0324374680809707,0,lasso,plan_time
q21_p2,no_nestloop,no_nestloop,9402.375,9402.375,0.0,0.0,1,lasso,plan_time
q21_p7,default,no_nestloop,5536.146500000001,26587.122000000003,21050.9755,3.802459978253827,0,lasso,plan_time
q22_p1,no_hashjoin,default,550.9290000000001,1051.2615,500.3325,0.9081614872333821,0,lasso,plan_time
q22_p6,no_hashjoin,default,492.38,558.0045,65.62450000000001,0.13328019009707948,0,lasso,plan_time
ds_q04_customer_topk,no_mergejoin,no_nestloop,577.718,799.922,222.20400000000006,0.3846236399073597,0,lasso,plan_time
ds_q09_avg_basket,no_mergejoin,no_nestloop,420.93,445.387,24.456999999999994,0.05810229729408678,0,lasso,plan_time
ds_q14_state_revenue,default,no_nestloop,495.792,778.636,282.844,0.5704892374221449,0,lasso,plan_time
ds_q19_self_join,no_mergejoin,no_nestloop,0.106,0.133,0.02700000000000001,0.2547169811320755,0,lasso,plan_time
online_d4e75912f5,no_nestloop,no_nestloop,1374.997,1374.997,0.0,0.0,1,lasso,plan_time
online_0766b87ee1,no_mergejoin,no_nestloop,108.512,172.183,63.67099999999999,0.5867645974638749,0,lasso,plan_time
q03,default,no_mergejoin,1640.223,2101.658,461.43499999999995,0.28132455160060554,0,lightgbm,plan_time
q08,no_hashjoin,no_mergejoin,1382.048,1513.581,131.5329999999999,0.09517252656926534,0,lightgbm,plan_time
q13,no_mergejoin,no_nestloop,2595.487,2688.645,93.1579999999999,0.03589230075126548,0,lightgbm,plan_time
q18,default,no_hashjoin,13888.445,14970.42,1081.9750000000004,0.0779046898338871,0,lightgbm,plan_time
q01_p1,no_nestloop,no_hashjoin,4936.3675,12175.253,7238.8855,1.4664397454200886,0,lightgbm,plan_time
q01_p6,no_hashjoin,no_hashjoin,7781.075,7781.075,0.0,0.0,1,lightgbm,plan_time
q02_p0,no_hashjoin,no_mergejoin,2434.8245,2494.5200000000004,59.695500000000266,0.02451737281270172,0,lightgbm,plan_time
q02_p5,default,default,4321.084,4321.084,0.0,0.0,1,lightgbm,plan_time
q03_p4,no_mergejoin,default,1968.729,2134.4935,165.7645,0.0841987393897281,0,lightgbm,plan_time
q03_p9,default,default,1507.6905000000002,1507.6905000000002,0.0,0.0,1,lightgbm,plan_time
q04_p3,default,no_hashjoin,947.482,1095.04,147.558,0.15573699553131348,0,lightgbm,plan_time
q04_p8,default,no_hashjoin,1143.2035,1196.3635,53.159999999999854,0.04650090731877565,0,lightgbm,plan_time
q05_p2,default,no_nestloop,3168.7395,4236.228,1067.4885,0.3368811162924563,0,lightgbm,plan_time
q05_p7,no_nestloop,no_nestloop,1925.716,1925.716,0.0,0.0,1,lightgbm,plan_time
q06_p1,no_mergejoin,no_mergejoin,1446.843,1446.843,0.0,0.0,1,lightgbm,plan_time
q06_p6,default,no_mergejoin,1655.3635,1703.2779999999998,47.91449999999986,0.028945002109808327,0,lightgbm,plan_time
q07_p0,no_nestloop,no_nestloop,1703.163,1703.163,0.0,0.0,1,lightgbm,plan_time
q07_p5,no_nestloop,no_nestloop,1562.0485,1562.0485,0.0,0.0,1,lightgbm,plan_time
q08_p4,default,no_mergejoin,1550.8355,1692.0445,141.20900000000006,0.0910534998715209,0,lightgbm,plan_time
q08_p9,default,default,1456.4525,1456.4525,0.0,0.0,1,lightgbm,plan_time
q09_p3,no_nestloop,no_nestloop,5980.2855,5980.2855,0.0,0.0,1,lightgbm,plan_time
q09_p8,no_mergejoin,no_nestloop,6071.502,8294.216,2222.714,0.36608964305702285,0,lightgbm,plan_time
q10_p2,no_mergejoin,default,1182.541,1495.2785,312.73749999999995,0.2644622892567783,0,lightgbm,plan_time
q10_p7,no_mergejoin,default,1459.369,1985.785,526.4160000000002,0.3607148020822699,0,lightgbm,plan_time
q11_p1,no_mergejoin,no_mergejoin,293.78099999999995,293.78099999999995,0.0,0.0,1,lightgbm,plan_time
q11_p6,default,no_hashjoin,347.7065,352.666,4.959499999999991,0.014263466458061647,0,lightgbm,plan_time
q12_p0,default,no_hashjoin,1592.2375000000002,2461.0635,868.826,0.5456635709182831,0,lightgbm,plan_time
q12_p5,no_nestloop,default,1842.5085,3490.445,1647.9365000000003,0.894398316208582,0,lightgbm,plan_time
q13_p4,no_mergejoin,no_mergejoin,1613.398,1613.398,0.0,0.0,1,lightgbm,plan_time
q13_p9,no_mergejoin,no_nestloop,1451.906,1453.683,1.7770000000000437,0.0012239084348435458,0,lightgbm,plan_time
q14_p3,no_hashjoin,default,881.634,899.762,18.12799999999993,0.0205618204379594,0,lightgbm,plan_time
q14_p8,no_nestloop,default,1027.206,1032.88,5.6740000000002055,0.005523721629351996,0,lightgbm,plan_time
q15_p2,no_hashjoin,default,1287.6165,1566.894,279.2774999999999,0.21689493727363685,0,lightgbm,plan_time
q15_p7,no_hashjoin,no_nestloop,1210.906,1483.3795,272.47350000000006,0.22501622751889916,0,lightgbm,plan_time
q16_p1,default,no_mergejoin,760.5605,818.953,58.39249999999993,0.0767756148261709,0,lightgbm,plan_time
q16_p6,default,no_mergejoin,934.039,1223.1565,289.11750000000006,0.3095347196423277,0,lightgbm,plan_time
q17_p0,no_hashjoin,no_hashjoin,591.725,591.725,0.0,0.0,1,lightgbm,plan_time
q17_p5,no_hashjoin,no_hashjoin,628.0405,628.0405,0.0,0.0,1,lightgbm,plan_time
q18_p4,no_hashjoin,default,11160.5615,11332.8475,172.28600000000006,0.015437036926860825,0,lightgbm,plan_time
q18_p9,no_hashjoin,no_mergejoin,11219.319,11228.1535,8.834500000000844,0.0007874363853992428,0,lightgbm,plan_time
q19_p3,default,default,392.595,392.595,0.0,0.0,1,lightgbm,plan_time
q19_p8,no_nestloop,no_hashjoin,96.9605,146.89350000000002,49.93300000000002,0.5149829054099353,0,lightgbm,plan_time
q20_p4,no_hashjoin,no_hashjoin,17808.234,17808.234,0.0,0.0,1,lightgbm,plan_time
q20_p7,default,no_mergejoin,5230.9955,6586.8675,1355.8720000000003,0.2591996112403461,0,lightgbm,plan_time
q21_p1,no_nestloop,no_mergejoin,10391.969,18510.851,8118.882,0.7812650326420334,0,lightgbm,plan_time
q21_p6,default,default,11229.0195,11229.0195,0.0,0.0,1,lightgbm,plan_time
q22_p0,no_nestloop,default,829.7715000000001,887.3695,57.597999999999956,0.06941429056071446,0,lightgbm,plan_time
q22_p5,default,default,556.4970000000001,556.4970000000001,0.0,0.0,1,lightgbm,plan_time
ds_q03_promo_effect,no_nestloop,no_mergejoin,389.256,613.607,224.351,0.5763584890149414,0,lightgbm,plan_time
ds_q08_addr_filter,no_mergejoin,no_hashjoin,39.483,43.675,4.192,0.10617227667603779,0,lightgbm,plan_time
ds_q13_high_quantity,default,no_hashjoin,350.115,465.736,115.62099999999998,0.3302372077745883,0,lightgbm,plan_time
ds_q18_brand_topk,default,no_nestloop,662.842,774.295,111.45299999999997,0.1681441429480932,0,lightgbm,plan_time
online_ce83de12bc,no_nestloop,no_hashjoin,732.934,782.553,49.61900000000003,0.06769913798513927,0,lightgbm,plan_time
online_da978a89a5,no_hashjoin,no_hashjoin,0.03,0.03,0.0,0.0,1,lightgbm,plan_time
q02,no_mergejoin,no_mergejoin,3199.538,3199.538,0.0,0.0,1,lightgbm,plan_time
q07,no_nestloop,no_nestloop,2402.029,2402.029,0.0,0.0,1,lightgbm,plan_time
q12,no_nestloop,no_mergejoin,3102.1,4213.912,1111.8120000000004,0.3584062409335613,0,lightgbm,plan_time
q17,no_hashjoin,no_hashjoin,939.65,939.65,0.0,0.0,1,lightgbm,plan_time
q22,no_hashjoin,default,345.909,383.714,37.80500000000001,0.10929175014237846,0,lightgbm,plan_time
q01_p0,no_hashjoin,no_nestloop,6709.9035,7309.063,599.1594999999998,0.08929480133358103,0,lightgbm,plan_time
q01_p5,default,no_hashjoin,6793.9285,8581.081,1787.1525000000001,0.26305141421491274,0,lightgbm,plan_time
q02_p4,no_mergejoin,default,2628.4125,2715.698,87.28549999999996,0.033208448065134455,0,lightgbm,plan_time
q02_p9,no_mergejoin,no_mergejoin,2436.656,2436.656,0.0,0.0,1,lightgbm,plan_time
q03_p3,no_mergejoin,no_mergejoin,1607.9555,1607.9555,0.0,0.0,1,lightgbm,plan_time
q03_p8,no_mergejoin,no_mergejoin,1455.49,1455.49,0.0,0.0,1,lightgbm,plan_time
q04_p2,default,no_hashjoin,837.004,864.5225,27.518500000000017,0.03287738170904797,0,lightgbm,plan_time
q04_p7,default,default,1296.4145,1296.4145,0.0,0.0,1,lightgbm,plan_time
q05_p1,no_nestloop,no_mergejoin,3265.4955,5800.27,2534.7745000000004,0.7762296717297574,0,lightgbm,plan_time
q05_p6,no_nestloop,no_nestloop,1823.496,1823.496,0.0,0.0,1,lightgbm,plan_time
q06_p0,default,no_hashjoin,1933.157,2130.3165,197.15949999999998,0.10198835376536919,0,lightgbm,plan_time
q06_p5,no_mergejoin,no_mergejoin,1583.487,1583.487,0.0,0.0,1,lightgbm,plan_time
q07_p4,no_nestloop,no_nestloop,1620.6464999999998,1620.6464999999998,0.0,0.0,1,lightgbm,plan_time
q07_p9,no_nestloop,no_nestloop,1721.879,1721.879,0.0,0.0,1,lightgbm,plan_time
q08_p3,no_hashjoin,no_mergejoin,1452.751,1546.344,93.59300000000007,0.06442466740687158,0,lightgbm,plan_time
q08_p8,no_mergejoin,no_mergejoin,1156.682,1156.682,0.0,0.0,1,lightgbm,plan_time
q09_p2,no_mergejoin,default,8778.053,10245.7075,1467.6545000000006,0.16719590323731248,0,lightgbm,plan_time
q09_p7,default,no_mergejoin,6044.4305,8864.034,2819.6034999999993,0.46647959638215686,0,lightgbm,plan_time
q10_p1,default,no_mergejoin,1446.9835,1632.7665,185.7829999999999,0.12839330925335357,0,lightgbm,plan_time
q10_p6,no_mergejoin,no_mergejoin,1423.0825,1423.0825,0.0,0.0,1,lightgbm,plan_time
q11_p0,default,no_hashjoin,337.278,451.308,114.02999999999997,0.3380890541333854,0,lightgbm,plan_time
q11_p5,no_mergejoin,no_hashjoin,285.606,296.6575,11.051500000000033,0.03869491537292635,0,lightgbm,plan_time
q12_p4,no_hashjoin,no_hashjoin,1648.4475,1648.4475,0.0,0.0,1,lightgbm,plan_time
q12_p9,no_hashjoin,no_hashjoin,1358.037,1358.037,0.0,0.0,1,lightgbm,plan_time
q13_p3,no_nestloop,default,1700.802,2172.415,471.61300000000006,0.27728859679139606,0,lightgbm,plan_time
q13_p8,no_nestloop,no_mergejoin,1530.663,1620.27,89.60699999999997,0.05854129877053271,0,lightgbm,plan_time
q14_p2,no_mergejoin,no_hashjoin,849.1585,868.6205,19.46199999999999,0.02291916055718679,0,lightgbm,plan_time
q14_p7,default,no_nestloop,889.7155,1167.5415,277.826,0.3122638641228572,0,lightgbm,plan_time
q15_p1,no_mergejoin,default,1376.799,1396.0915,19.292500000000018,0.01401257554661206,0,lightgbm,plan_time
q15_p6,no_hashjoin,no_hashjoin,1205.1170000000002,1205.1170000000002,0.0,0.0,1,lightgbm,plan_time
q16_p0,no_nestloop,default,810.1405,1049.5055,239.365,0.29546109594570336,0,lightgbm,plan_time
q16_p5,no_mergejoin,default,940.731,993.6845,52.95349999999996,0.056289736385852995,0,lightgbm,plan_time
q17_p4,no_hashjoin,no_hashjoin,566.529,566.529,0.0,0.0,1,lightgbm,plan_time
q17_p9,no_hashjoin,no_hashjoin,620.206,620.206,0.0,0.0,1,lightgbm,plan_time
q18_p3,default,no_mergejoin,11190.9485,11201.998,11.04949999999917,0.0009873604547459003,0,lightgbm,plan_time
q18_p8,no_hashjoin,no_hashjoin,11284.042,11284.042,0.0,0.0,1,lightgbm,plan_time
q19_p2,default,no_mergejoin,231.761,298.061,66.29999999999998,0.2860705640724712,0,lightgbm,plan_time
q19_p7,no_mergejoin,no_mergejoin,129.787,129.787,0.0,0.0,1,lightgbm,plan_time
q20_p3,no_hashjoin,no_hashjoin,10269.854,10269.854,0.0,0.0,1,lightgbm,plan_time
q21_p0,no_nestloop,no_nestloop,9580.423,9580.423,0.0,0.0,1,lightgbm,plan_time
q21_p5,default,default,5695.0725,5695.0725,0.0,0.0,1,lightgbm,plan_time
q22_p4,no_mergejoin,default,536.7025,621.787,85.08450000000005,0.15853196137524983,0,lightgbm,plan_time
q22_p9,no_mergejoin,default,547.071,605.2615,58.19049999999993,0.10636736365115307,0,lightgbm,plan_time
ds_q02_topk_revenue,no_mergejoin,no_mergejoin,543.457,543.457,0.0,0.0,1,lightgbm,plan_time
ds_q07_yearly_trend,no_mergejoin,default,572.578,1811.255,1238.6770000000001,2.1633332052576244,0,lightgbm,plan_time
ds_q12_catalog_topk,no_nestloop,no_nestloop,356.789,356.789,0.0,0.0,1,lightgbm,plan_time
ds_q17_dow_pattern,no_mergejoin,no_mergejoin,571.268,571.268,0.0,0.0,1,lightgbm,plan_time
online_b21324f41e,no_nestloop,default,160.279,256.352,96.07299999999998,0.5994110270216308,0,lightgbm,plan_time
online_cc5a30cb4b,no_hashjoin,default,0.242,0.303,0.061,0.2520661157024793,0,lightgbm,plan_time
q01,no_nestloop,no_mergejoin,6900.803,10066.542,3165.7389999999996,0.45874936583467174,0,lightgbm,plan_time
q06,no_nestloop,no_nestloop,1737.52,1737.52,0.0,0.0,1,lightgbm,plan_time
q11,no_mergejoin,no_hashjoin,308.811,403.337,94.52600000000001,0.3060966092529087,0,lightgbm,plan_time
q16,no_mergejoin,no_nestloop,1106.188,1324.611,218.423,0.19745558621138537,0,lightgbm,plan_time
q21,no_nestloop,no_nestloop,10367.542,10367.542,0.0,0.0,1,lightgbm,plan_time
q01_p4,no_mergejoin,default,4009.7205,11670.306,7660.585500000001,1.910503612408895,0,lightgbm,plan_time
q01_p9,no_mergejoin,no_mergejoin,3913.345,3913.345,0.0,0.0,1,lightgbm,plan_time
q02_p3,default,no_hashjoin,2521.813,2721.6165,199.80349999999999,0.07923010151823306,0,lightgbm,plan_time
q02_p8,default,no_hashjoin,3861.4465,3951.4145,89.96799999999985,0.02329904091640267,0,lightgbm,plan_time
q03_p2,default,no_mergejoin,1904.992,1976.2925,71.30050000000006,0.03742824116846677,0,lightgbm,plan_time
q03_p7,no_mergejoin,no_mergejoin,2113.0685,2113.0685,0.0,0.0,1,lightgbm,plan_time
q04_p1,no_hashjoin,default,1628.6460000000002,1680.7925,52.14649999999983,0.03201831459998039,0,lightgbm,plan_time
q04_p6,default,no_hashjoin,1158.8865,1297.0555,138.16899999999987,0.11922565324559375,0,lightgbm,plan_time
q05_p0,default,no_nestloop,2864.974,3149.908,284.93399999999974,0.09945430569352443,0,lightgbm,plan_time
q05_p5,no_nestloop,no_nestloop,1907.0425,1907.0425,0.0,0.0,1,lightgbm,plan_time
q06_p4,default,no_hashjoin,1540.209,1742.3125,202.10349999999994,0.13121823077257688,0,lightgbm,plan_time
q06_p9,no_nestloop,default,2346.256,2474.21,127.95400000000018,0.054535395967021616,0,lightgbm,plan_time
q07_p3,no_nestloop,no_nestloop,1776.7905,1776.7905,0.0,0.0,1,lightgbm,plan_time
q07_p8,no_nestloop,no_nestloop,1618.0025,1618.0025,0.0,0.0,1,lightgbm,plan_time
q08_p2,no_hashjoin,default,1365.0985,1452.0210000000002,86.92250000000013,0.06367489232461998,0,lightgbm,plan_time
q08_p7,default,default,1235.4265,1235.4265,0.0,0.0,1,lightgbm,plan_time
q09_p1,default,no_nestloop,12540.293,14040.078,1499.7849999999999,0.11959728532658676,0,lightgbm,plan_time
q09_p6,no_mergejoin,no_nestloop,7147.695,12734.1305,5586.4355,0.7815716115474989,0,lightgbm,plan_time
q10_p0,default,no_mergejoin,1205.222,1397.03,191.808,0.1591474433755773,0,lightgbm,plan_time
q10_p5,no_mergejoin,no_mergejoin,1585.3655,1585.3655,0.0,0.0,1,lightgbm,plan_time
q11_p4,no_mergejoin,no_mergejoin,342.552,342.552,0.0,0.0,1,lightgbm,plan_time
q11_p9,no_mergejoin,no_hashjoin,498.1445,596.7909999999999,98.64649999999995,0.19802788146812822,0,lightgbm,plan_time
q12_p3,no_mergejoin,no_hashjoin,1803.5685,6724.17,4920.6015,2.7282587270735763,0,lightgbm,plan_time
q12_p8,no_hashjoin,no_hashjoin,1431.9595,1431.9595,0.0,0.0,1,lightgbm,plan_time
q13_p2,no_nestloop,no_mergejoin,2061.1645,3145.561,1084.3965000000003,0.5261086633308503,0,lightgbm,plan_time
q13_p7,no_mergejoin,no_mergejoin,1534.096,1534.096,0.0,0.0,1,lightgbm,plan_time
q14_p1,default,no_mergejoin,856.3745,862.9325,6.557999999999993,0.007657864637492073,0,lightgbm,plan_time
q14_p6,default,default,840.345,840.345,0.0,0.0,1,lightgbm,plan_time
q15_p0,default,no_hashjoin,1293.8425,1311.5945,17.751999999999953,0.01372037168357032,0,lightgbm,plan_time
q15_p5,no_mergejoin,no_mergejoin,1233.9364999999998,1233.9364999999998,0.0,0.0,1,lightgbm,plan_time
q16_p4,default,no_nestloop,969.8925,1019.5535,49.660999999999945,0.051202581729418384,0,lightgbm,plan_time
q16_p9,default,default,962.4985,962.4985,0.0,0.0,1,lightgbm,plan_time
q17_p3,no_hashjoin,no_hashjoin,659.4604999999999,659.4604999999999,0.0,0.0,1,lightgbm,plan_time
q17_p8,no_hashjoin,no_hashjoin,645.7985,645.7985,0.0,0.0,1,lightgbm,plan_time
q18_p2,no_mergejoin,default,11428.776,11754.184,325.40799999999945,0.02847269033884281,0,lightgbm,plan_time
q18_p7,default,default,11190.6245,11190.6245,0.0,0.0,1,lightgbm,plan_time
q19_p1,no_mergejoin,no_hashjoin,371.417,454.037,82.62,0.22244539156796805,0,lightgbm,plan_time
q19_p6,default,default,129.308,129.308,0.0,0.0,1,lightgbm,plan_time
q20_p2,no_hashjoin,default,3476.229,5046.379,1570.15,0.45168198067503607,0,lightgbm,plan_time
q21_p4,no_hashjoin,no_nestloop,19158.111,20578.87,1420.7589999999982,0.07415966010427644,0,lightgbm,plan_time
q21_p9,no_mergejoin,default,6119.7855,6552.4865,432.701,0.07070525592767907,0,lightgbm,plan_time
q22_p3,default,no_nestloop,296.57550000000003,688.6845000000001,392.10900000000004,1.3221220228913042,0,lightgbm,plan_time
q22_p8,default,default,269.98900000000003,269.98900000000003,0.0,0.0,1,lightgbm,plan_time
ds_q01_filter_agg,no_mergejoin,no_mergejoin,537.585,537.585,0.0,0.0,1,lightgbm,plan_time
ds_q06_web_vs_store,default,no_mergejoin,696.566,852.859,156.293,0.2243764409976945,0,lightgbm,plan_time
ds_q11_inventory_check,no_nestloop,no_mergejoin,343.882,423.518,79.63599999999997,0.23157943713250462,0,lightgbm,plan_time
ds_q16_web_returns,no_mergejoin,no_mergejoin,35.959,35.959,0.0,0.0,1,lightgbm,plan_time
online_749218157a,no_mergejoin,no_hashjoin,1039.564,1146.033,106.46899999999982,0.10241697480866963,0,lightgbm,plan_time
online_ca182698d7,no_hashjoin,default,1.485,1.55,0.06499999999999995,0.04377104377104368,0,lightgbm,plan_time
q05,no_nestloop,default,2887.231,8827.081,5939.85,2.057282565890987,0,lightgbm,plan_time
q10,default,no_mergejoin,1318.8,1571.937,253.13699999999994,0.19194494995450406,0,lightgbm,plan_time
q15,no_mergejoin,no_hashjoin,2113.783,2518.908,405.125,0.19165874642761338,0,lightgbm,plan_time
q01_p3,no_mergejoin,no_mergejoin,6612.3240000000005,6612.3240000000005,0.0,0.0,1,lightgbm,plan_time
q01_p8,no_mergejoin,no_hashjoin,3314.7995,7321.809499999999,4007.0099999999993,1.2088242441209487,0,lightgbm,plan_time
q02_p2,no_mergejoin,default,2582.8855000000003,2767.3225,184.4369999999999,0.07140734655097947,0,lightgbm,plan_time
q02_p7,no_hashjoin,no_mergejoin,2652.7625,4930.605,2277.8424999999997,0.8586680865701319,0,lightgbm,plan_time
q03_p1,no_mergejoin,no_mergejoin,1753.976,1753.976,0.0,0.0,1,lightgbm,plan_time
q03_p6,default,default,2015.7405,2015.7405,0.0,0.0,1,lightgbm,plan_time
q04_p0,no_mergejoin,no_hashjoin,1355.0675,1465.9375,110.86999999999989,0.08181880238438288,0,lightgbm,plan_time
q04_p5,no_mergejoin,default,1345.431,1512.726,167.29500000000007,0.12434305438183002,0,lightgbm,plan_time
q05_p4,no_nestloop,no_nestloop,2636.791,2636.791,0.0,0.0,1,lightgbm,plan_time
q05_p9,no_nestloop,no_nestloop,1782.8665,1782.8665,0.0,0.0,1,lightgbm,plan_time
q06_p3,no_hashjoin,no_nestloop,1443.148,1568.9735,125.82550000000015,0.08718821631599827,0,lightgbm,plan_time
q06_p8,no_hashjoin,no_mergejoin,1944.4035,2170.607,226.20350000000008,0.11633567826842528,0,lightgbm,plan_time
q07_p2,no_nestloop,no_nestloop,1608.205,1608.205,0.0,0.0,1,lightgbm,plan_time
q07_p7,no_nestloop,no_nestloop,1598.659,1598.659,0.0,0.0,1,lightgbm,plan_time
q08_p1,no_mergejoin,no_mergejoin,1380.1285,1380.1285,0.0,0.0,1,lightgbm,plan_time
q08_p6,default,no_mergejoin,1104.4540000000002,1142.3495,37.895499999999856,0.034311524065284704,0,lightgbm,plan_time
q09_p0,no_nestloop,no_mergejoin,2546.7650000000003,6811.449,4264.683999999999,1.674549477474364,0,lightgbm,plan_time
q09_p5,no_nestloop,no_mergejoin,4798.2685,7211.7415,2413.473,0.5029883175566352,0,lightgbm,plan_time
q10_p4,default,no_mergejoin,1234.456,1499.63,265.1740000000002,0.21481041041560034,0,lightgbm,plan_time
q10_p9,default,no_mergejoin,1364.5785,2182.2735,817.6949999999997,0.5992289926889509,0,lightgbm,plan_time
q11_p3,no_hashjoin,no_mergejoin,429.638,516.4694999999999,86.83149999999995,0.2021038641833357,0,lightgbm,plan_time
q11_p8,no_mergejoin,no_hashjoin,313.812,343.637,29.82499999999999,0.09504097994977889,0,lightgbm,plan_time
q12_p2,no_mergejoin,no_hashjoin,1771.908,2229.9565,458.0484999999999,0.2585058027843432,0,lightgbm,plan_time
q12_p7,no_hashjoin,no_hashjoin,1619.6605,1619.6605,0.0,0.0,1,lightgbm,plan_time
q13_p1,default,no_mergejoin,2710.3185,2764.94,54.6215000000002,0.02015316650054233,0,lightgbm,plan_time
q13_p6,no_nestloop,no_mergejoin,1516.3615,1833.3095,316.9480000000001,0.20901875970868433,0,lightgbm,plan_time
q14_p0,no_nestloop,no_hashjoin,833.2895000000001,895.51,62.2204999999999,0.07466852756454978,0,lightgbm,plan_time
q14_p5,no_nestloop,no_mergejoin,864.1,899.79,35.68999999999994,0.041303089920148084,0,lightgbm,plan_time
q15_p4,no_mergejoin,default,1292.9405,1503.6570000000002,210.71650000000022,0.16297463030974768,0,lightgbm,plan_time
q15_p9,default,no_hashjoin,1242.167,1313.9375,71.77050000000008,0.05777846296029443,0,lightgbm,plan_time
q16_p3,default,no_nestloop,804.9105,967.1825,162.27200000000005,0.20160253841886777,0,lightgbm,plan_time
q16_p8,no_nestloop,no_mergejoin,1006.8275,1069.8225,62.995000000000005,0.06256781822109558,0,lightgbm,plan_time
q17_p2,no_hashjoin,no_hashjoin,586.6975,586.6975,0.0,0.0,1,lightgbm,plan_time
q17_p7,no_hashjoin,no_hashjoin,604.4404999999999,604.4404999999999,0.0,0.0,1,lightgbm,plan_time
q18_p1,no_hashjoin,default,10326.5275,11477.763,1151.2355000000007,0.1114833132434887,0,lightgbm,plan_time
q18_p6,no_mergejoin,default,12077.3795,12335.4745,258.09500000000116,0.021370115926224065,0,lightgbm,plan_time
q19_p0,default,no_hashjoin,435.11,516.983,81.87299999999993,0.18816621084323493,0,lightgbm,plan_time
q19_p5,no_hashjoin,no_hashjoin,132.4375,132.4375,0.0,0.0,1,lightgbm,plan_time
q20_p0,no_hashjoin,no_mergejoin,3627.978,4085.213,457.2350000000001,0.12603025707432636,0,lightgbm,plan_time
q20_p1,no_mergejoin,no_nestloop,2129.206,278747.214,276618.008,129.91603818512627,0,lightgbm,plan_time
q20_p6,default,no_mergejoin,4121.406,5884.2885,1762.8824999999997,0.4277381311135082,0,lightgbm,plan_time
q20_p9,no_hashjoin,default,3891.652,4412.6465,520.9944999999998,0.13387489426084342,0,lightgbm,plan_time
q21_p3,no_nestloop,default,11808.777,17560.987,5752.210000000001,0.4871131023983264,0,lightgbm,plan_time
q21_p8,no_mergejoin,default,5838.317999999999,12133.7155,6295.397500000001,1.078289586144503,0,lightgbm,plan_time
q22_p2,default,default,289.3345,289.3345,0.0,0.0,1,lightgbm,plan_time
q22_p7,default,default,482.2065,482.2065,0.0,0.0,1,lightgbm,plan_time
ds_q05_returns_filter,no_nestloop,no_nestloop,163.456,163.456,0.0,0.0,1,lightgbm,plan_time
ds_q10_window_topk,no_nestloop,no_mergejoin,1763.773,1774.157,10.384000000000015,0.0058873789314157765,0,lightgbm,plan_time
ds_q15_returns_ratio,no_mergejoin,no_nestloop,643.784,729.727,85.94299999999998,0.13349663862413474,0,lightgbm,plan_time
ds_q20_demographic,no_mergejoin,no_nestloop,726.447,1077.246,350.7990000000001,0.4828968940610947,0,lightgbm,plan_time
online_dac91519b8,no_mergejoin,no_mergejoin,194.431,194.431,0.0,0.0,1,lightgbm,plan_time
online_0e0bb4a7ce,default,no_mergejoin,318.695,422.676,103.981,0.32627119973642515,0,lightgbm,plan_time
q04,default,no_hashjoin,1216.968,1396.247,179.279,0.14731611677546153,0,lightgbm,plan_time
q09,no_nestloop,no_mergejoin,9471.806,19454.599,9982.792999999998,1.053948212199447,0,lightgbm,plan_time
q14,no_mergejoin,no_hashjoin,1504.265,1806.03,301.7649999999999,0.20060627615479976,0,lightgbm,plan_time
q19,no_hashjoin,no_hashjoin,198.599,198.599,0.0,0.0,1,lightgbm,plan_time
q20,no_hashjoin,no_hashjoin,4427.324,4427.324,0.0,0.0,1,lightgbm,plan_time
q01_p2,no_hashjoin,default,5851.049,8152.58,2301.531,0.3933535678815885,0,lightgbm,plan_time
q01_p7,no_nestloop,no_nestloop,6604.8715,6604.8715,0.0,0.0,1,lightgbm,plan_time
q02_p1,default,no_mergejoin,2452.8315,2642.9645,190.13300000000027,0.07751572009736507,0,lightgbm,plan_time
q02_p6,no_hashjoin,no_hashjoin,4092.8975,4092.8975,0.0,0.0,1,lightgbm,plan_time
q03_p0,no_mergejoin,no_nestloop,1613.922,2762.3775,1148.4555,0.7115929394357348,0,lightgbm,plan_time
q03_p5,no_mergejoin,no_mergejoin,1763.8895,1763.8895,0.0,0.0,1,lightgbm,plan_time
q04_p4,default,default,1143.0915,1143.0915,0.0,0.0,1,lightgbm,plan_time
q04_p9,default,no_hashjoin,736.759,740.5944999999999,3.835499999999911,0.005205908580689034,0,lightgbm,plan_time
q05_p3,no_mergejoin,no_nestloop,2973.864,3159.1445,185.28049999999985,0.0623029499667771,0,lightgbm,plan_time
q05_p8,default,no_nestloop,3111.7965,3166.373,54.576500000000124,0.01753858261618335,0,lightgbm,plan_time
q06_p2,default,default,1447.0975,1447.0975,0.0,0.0,1,lightgbm,plan_time
q06_p7,no_mergejoin,no_mergejoin,1675.4740000000002,1675.4740000000002,0.0,0.0,1,lightgbm,plan_time
q07_p1,no_nestloop,no_nestloop,1767.1709999999998,1767.1709999999998,0.0,0.0,1,lightgbm,plan_time
q07_p6,no_nestloop,no_nestloop,2580.009,2580.009,0.0,0.0,1,lightgbm,plan_time
q08_p0,no_nestloop,no_hashjoin,1730.1635,2149.5825,419.41899999999987,0.24241581792703393,0,lightgbm,plan_time
q08_p5,no_mergejoin,no_mergejoin,1180.6585,1180.6585,0.0,0.0,1,lightgbm,plan_time
q09_p4,no_nestloop,no_nestloop,9471.1885,9471.1885,0.0,0.0,1,lightgbm,plan_time
q09_p9,no_mergejoin,no_mergejoin,12061.8875,12061.8875,0.0,0.0,1,lightgbm,plan_time
q10_p3,default,no_mergejoin,2030.4335,2738.3345,707.9009999999998,0.34864525235620847,0,lightgbm,plan_time
q10_p8,no_mergejoin,default,1448.6805,2497.616,1048.9355,0.7240626901514862,0,lightgbm,plan_time
q11_p2,no_hashjoin,no_mergejoin,384.172,629.825,245.65300000000002,0.6394349405995232,0,lightgbm,plan_time
q11_p7,no_mergejoin,no_hashjoin,419.106,505.585,86.47899999999998,0.206341593773413,0,lightgbm,plan_time
q12_p1,no_hashjoin,no_mergejoin,1593.877,3405.895,1812.018,1.1368618783005213,0,lightgbm,plan_time
q12_p6,default,no_hashjoin,2153.3515,3312.154,1158.8024999999998,0.5381390358239235,0,lightgbm,plan_time
q13_p0,no_nestloop,no_nestloop,2734.0865,2734.0865,0.0,0.0,1,lightgbm,plan_time
q13_p5,no_mergejoin,no_nestloop,1794.1095,1935.152,141.04250000000002,0.07861420944485276,0,lightgbm,plan_time
q14_p4,no_mergejoin,no_mergejoin,839.824,839.824,0.0,0.0,1,lightgbm,plan_time
q14_p9,no_nestloop,default,966.5315,1040.2475,73.7159999999999,0.07626859548809306,0,lightgbm,plan_time
q15_p3,no_nestloop,no_nestloop,1301.4775,1301.4775,0.0,0.0,1,lightgbm,plan_time
q15_p8,no_hashjoin,no_hashjoin,1158.362,1158.362,0.0,0.0,1,lightgbm,plan_time
q16_p2,no_mergejoin,default,802.552,883.3965000000001,80.84450000000004,0.10073428263838369,0,lightgbm,plan_time
q16_p7,no_nestloop,no_nestloop,1114.38,1114.38,0.0,0.0,1,lightgbm,plan_time
q17_p1,no_hashjoin,no_hashjoin,632.7725,632.7725,0.0,0.0,1,lightgbm,plan_time
q17_p6,no_hashjoin,no_hashjoin,708.625,708.625,0.0,0.0,1,lightgbm,plan_time
q18_p0,default,no_mergejoin,10424.9135,11115.307,690.3935000000001,0.06622534565874338,0,lightgbm,plan_time
q18_p5,default,default,11290.9185,11290.9185,0.0,0.0,1,lightgbm,plan_time
q19_p4,no_hashjoin,no_mergejoin,264.754,314.011,49.257000000000005,0.18604818057517547,0,lightgbm,plan_time
q19_p9,no_hashjoin,no_hashjoin,127.625,127.625,0.0,0.0,1,lightgbm,plan_time
q20_p5,default,default,4559.4845000000005,4559.4845000000005,0.0,0.0,1,lightgbm,plan_time
q20_p8,no_hashjoin,default,4169.7305,4304.986,135.2555000000002,0.0324374680809707,0,lightgbm,plan_time
q21_p2,no_nestloop,default,9402.375,12400.143,2997.768,0.318830933673673,0,lightgbm,plan_time
q21_p7,default,no_nestloop,5536.146500000001,26587.122000000003,21050.9755,3.802459978253827,0,lightgbm,plan_time
q22_p1,no_hashjoin,no_mergejoin,550.9290000000001,555.0,4.070999999999913,0.00738933692000221,0,lightgbm,plan_time
q22_p6,no_hashjoin,no_mergejoin,492.38,565.1365000000001,72.75650000000007,0.14776493764978293,0,lightgbm,plan_time
ds_q04_customer_topk,no_mergejoin,no_hashjoin,577.718,1272.521,694.803,1.2026680837363557,0,lightgbm,plan_time
ds_q09_avg_basket,no_mergejoin,no_mergejoin,420.93,420.93,0.0,0.0,1,lightgbm,plan_time
ds_q14_state_revenue,default,no_mergejoin,495.792,802.114,306.32200000000006,0.6178437731952111,0,lightgbm,plan_time
ds_q19_self_join,no_mergejoin,default,0.106,5.488,5.382000000000001,50.773584905660385,0,lightgbm,plan_time
online_d4e75912f5,no_nestloop,no_hashjoin,1374.997,1500.007,125.00999999999999,0.0909165619997716,0,lightgbm,plan_time
online_0766b87ee1,no_mergejoin,no_hashjoin,108.512,318.111,209.599,1.9315743880861103,0,lightgbm,plan_time
q03,default,default,1640.223,1640.223,0.0,0.0,1,pg_baseline_linear,plan_time
q08,no_hashjoin,default,1382.048,2118.05,736.0020000000002,0.5325444557641994,0,pg_baseline_linear,plan_time
q13,no_mergejoin,default,2595.487,2831.432,235.9449999999997,0.0909058685325721,0,pg_baseline_linear,plan_time
q18,default,no_mergejoin,13888.445,16967.045,3078.5999999999985,0.22166628445445102,0,pg_baseline_linear,plan_time
q01_p1,no_nestloop,default,4936.3675,14083.854,9147.486499999999,1.85308052935686,0,pg_baseline_linear,plan_time
q01_p6,no_hashjoin,default,7781.075,8249.1845,468.10949999999957,0.0601600035984744,0,pg_baseline_linear,plan_time
q02_p0,no_hashjoin,default,2434.8245,2568.9085,134.08399999999983,0.055069266799311345,0,pg_baseline_linear,plan_time
q02_p5,default,default,4321.084,4321.084,0.0,0.0,1,pg_baseline_linear,plan_time
q03_p4,no_mergejoin,default,1968.729,2134.4935,165.7645,0.0841987393897281,0,pg_baseline_linear,plan_time
q03_p9,default,default,1507.6905000000002,1507.6905000000002,0.0,0.0,1,pg_baseline_linear,plan_time
q04_p3,default,default,947.482,947.482,0.0,0.0,1,pg_baseline_linear,plan_time
q04_p8,default,default,1143.2035,1143.2035,0.0,0.0,1,pg_baseline_linear,plan_time
q05_p2,default,default,3168.7395,3168.7395,0.0,0.0,1,pg_baseline_linear,plan_time
q05_p7,no_nestloop,default,1925.716,2997.4455,1071.7295,0.5565355950721707,0,pg_baseline_linear,plan_time
q06_p1,no_mergejoin,default,1446.843,1565.3494999999998,118.50649999999973,0.08190695189457298,0,pg_baseline_linear,plan_time
q06_p6,default,default,1655.3635,1655.3635,0.0,0.0,1,pg_baseline_linear,plan_time
q07_p0,no_nestloop,default,1703.163,28486.389,26783.226,15.725579994398657,0,pg_baseline_linear,plan_time
q07_p5,no_nestloop,default,1562.0485,26744.1935,25182.145,16.12123119096494,0,pg_baseline_linear,plan_time
q08_p4,default,default,1550.8355,1550.8355,0.0,0.0,1,pg_baseline_linear,plan_time
q08_p9,default,default,1456.4525,1456.4525,0.0,0.0,1,pg_baseline_linear,plan_time
q09_p3,no_nestloop,default,5980.2855,11477.89,5497.6044999999995,0.9192879671045804,0,pg_baseline_linear,plan_time
q09_p8,no_mergejoin,default,6071.502,7404.689499999999,1333.1874999999982,0.2195811678889339,0,pg_baseline_linear,plan_time
q10_p2,no_mergejoin,default,1182.541,1495.2785,312.73749999999995,0.2644622892567783,0,pg_baseline_linear,plan_time
q10_p7,no_mergejoin,default,1459.369,1985.785,526.4160000000002,0.3607148020822699,0,pg_baseline_linear,plan_time
q11_p1,no_mergejoin,default,293.78099999999995,351.3275,57.54650000000004,0.19588230688846475,0,pg_baseline_linear,plan_time
q11_p6,default,default,347.7065,347.7065,0.0,0.0,1,pg_baseline_linear,plan_time
q12_p0,default,default,1592.2375000000002,1592.2375000000002,0.0,0.0,1,pg_baseline_linear,plan_time
q12_p5,no_nestloop,default,1842.5085,3490.445,1647.9365000000003,0.894398316208582,0,pg_baseline_linear,plan_time
q13_p4,no_mergejoin,default,1613.398,1929.963,316.56500000000005,0.19621011058647664,0,pg_baseline_linear,plan_time
q13_p9,no_mergejoin,default,1451.906,1550.475,98.56899999999996,0.0678893812684842,0,pg_baseline_linear,plan_time
q14_p3,no_hashjoin,default,881.634,899.762,18.12799999999993,0.0205618204379594,0,pg_baseline_linear,plan_time
q14_p8,no_nestloop,default,1027.206,1032.88,5.6740000000002055,0.005523721629351996,0,pg_baseline_linear,plan_time
q15_p2,no_hashjoin,default,1287.6165,1566.894,279.2774999999999,0.21689493727363685,0,pg_baseline_linear,plan_time
q15_p7,no_hashjoin,default,1210.906,1467.3535000000002,256.4475000000002,0.21178150905190019,0,pg_baseline_linear,plan_time
q16_p1,default,default,760.5605,760.5605,0.0,0.0,1,pg_baseline_linear,plan_time
q16_p6,default,default,934.039,934.039,0.0,0.0,1,pg_baseline_linear,plan_time
q17_p0,no_hashjoin,default,591.725,3465.3735,2873.6485000000002,4.8563919050234485,0,pg_baseline_linear,plan_time
q17_p5,no_hashjoin,default,628.0405,3363.661,2735.6205,4.35580269106849,0,pg_baseline_linear,plan_time
q18_p4,no_hashjoin,no_mergejoin,11160.5615,11766.8065,606.2450000000008,0.05432029562311902,0,pg_baseline_linear,plan_time
q18_p9,no_hashjoin,no_mergejoin,11219.319,11228.1535,8.834500000000844,0.0007874363853992428,0,pg_baseline_linear,plan_time
q19_p3,default,default,392.595,392.595,0.0,0.0,1,pg_baseline_linear,plan_time
q19_p8,no_nestloop,default,96.9605,141.6,44.6395,0.46038850872262427,0,pg_baseline_linear,plan_time
q20_p4,no_hashjoin,default,17808.234,70494.953,52686.719,2.958559450645134,0,pg_baseline_linear,plan_time
q20_p7,default,default,5230.9955,5230.9955,0.0,0.0,1,pg_baseline_linear,plan_time
q21_p1,no_nestloop,default,10391.969,17294.152,6902.182999999999,0.6641843331133879,0,pg_baseline_linear,plan_time
q21_p6,default,default,11229.0195,11229.0195,0.0,0.0,1,pg_baseline_linear,plan_time
q22_p0,no_nestloop,default,829.7715000000001,887.3695,57.597999999999956,0.06941429056071446,0,pg_baseline_linear,plan_time
q22_p5,default,default,556.4970000000001,556.4970000000001,0.0,0.0,1,pg_baseline_linear,plan_time
ds_q03_promo_effect,no_nestloop,default,389.256,639.997,250.74099999999999,0.6441544895903981,0,pg_baseline_linear,plan_time
ds_q08_addr_filter,no_mergejoin,default,39.483,89.476,49.993,1.2661905123724138,0,pg_baseline_linear,plan_time
ds_q13_high_quantity,default,default,350.115,350.115,0.0,0.0,1,pg_baseline_linear,plan_time
ds_q18_brand_topk,default,default,662.842,662.842,0.0,0.0,1,pg_baseline_linear,plan_time
online_ce83de12bc,no_nestloop,default,732.934,947.618,214.68400000000008,0.2929104121244206,0,pg_baseline_linear,plan_time
online_da978a89a5,no_hashjoin,no_mergejoin,0.03,1.714,1.684,56.13333333333333,0,pg_baseline_linear,plan_time
q02,no_mergejoin,default,3199.538,6173.76,2974.222,0.9295785829079073,0,pg_baseline_linear,plan_time
q07,no_nestloop,default,2402.029,35165.908,32763.879000000004,13.640084695064049,0,pg_baseline_linear,plan_time
q12,no_nestloop,default,3102.1,4159.307,1057.2069999999999,0.34080364914090455,0,pg_baseline_linear,plan_time
q17,no_hashjoin,default,939.65,4823.064,3883.414,4.132830309157666,0,pg_baseline_linear,plan_time
q22,no_hashjoin,default,345.909,383.714,37.80500000000001,0.10929175014237846,0,pg_baseline_linear,plan_time
q01_p0,no_hashjoin,default,6709.9035,12831.862,6121.958499999999,0.9123765341781738,0,pg_baseline_linear,plan_time
q01_p5,default,default,6793.9285,6793.9285,0.0,0.0,1,pg_baseline_linear,plan_time
q02_p4,no_mergejoin,default,2628.4125,2715.698,87.28549999999996,0.033208448065134455,0,pg_baseline_linear,plan_time
q02_p9,no_mergejoin,default,2436.656,2470.068,33.41200000000026,0.013712235128799488,0,pg_baseline_linear,plan_time
q03_p3,no_mergejoin,default,1607.9555,1667.9755,60.01999999999998,0.03732690363632574,0,pg_baseline_linear,plan_time
q03_p8,no_mergejoin,default,1455.49,5057.216,3601.7260000000006,2.4745796948106826,0,pg_baseline_linear,plan_time
q04_p2,default,default,837.004,837.004,0.0,0.0,1,pg_baseline_linear,plan_time
q04_p7,default,default,1296.4145,1296.4145,0.0,0.0,1,pg_baseline_linear,plan_time
q05_p1,no_nestloop,default,3265.4955,8077.1785,4811.683,1.4734924607919382,0,pg_baseline_linear,plan_time
q05_p6,no_nestloop,default,1823.496,3715.227,1891.7309999999998,1.0374198791771407,0,pg_baseline_linear,plan_time
q06_p0,default,default,1933.157,1933.157,0.0,0.0,1,pg_baseline_linear,plan_time
q06_p5,no_mergejoin,default,1583.487,1669.788,86.30099999999993,0.054500605309674155,0,pg_baseline_linear,plan_time
q07_p4,no_nestloop,default,1620.6464999999998,23485.5635,21864.917,13.491478246489905,0,pg_baseline_linear,plan_time
q07_p9,no_nestloop,default,1721.879,24027.701500000003,22305.822500000002,12.954349579732376,0,pg_baseline_linear,plan_time
q08_p3,no_hashjoin,default,1452.751,1508.283,55.531999999999925,0.0382254082082889,0,pg_baseline_linear,plan_time
q08_p8,no_mergejoin,default,1156.682,1296.4825,139.80050000000006,0.12086338336725233,0,pg_baseline_linear,plan_time
q09_p2,no_mergejoin,default,8778.053,10245.7075,1467.6545000000006,0.16719590323731248,0,pg_baseline_linear,plan_time
q09_p7,default,default,6044.4305,6044.4305,0.0,0.0,1,pg_baseline_linear,plan_time
q10_p1,default,default,1446.9835,1446.9835,0.0,0.0,1,pg_baseline_linear,plan_time
q10_p6,no_mergejoin,default,1423.0825,1460.8615,37.778999999999996,0.026547301368683884,0,pg_baseline_linear,plan_time
q11_p0,default,default,337.278,337.278,0.0,0.0,1,pg_baseline_linear,plan_time
q11_p5,no_mergejoin,default,285.606,462.154,176.548,0.6181522797140115,0,pg_baseline_linear,plan_time
q12_p4,no_hashjoin,default,1648.4475,2114.6625000000004,466.2150000000004,0.28282065397897127,0,pg_baseline_linear,plan_time
q12_p9,no_hashjoin,default,1358.037,2122.6315,764.5944999999999,0.5630144834050912,0,pg_baseline_linear,plan_time
q13_p3,no_nestloop,default,1700.802,2172.415,471.61300000000006,0.27728859679139606,0,pg_baseline_linear,plan_time
q13_p8,no_nestloop,default,1530.663,1630.5665,99.9034999999999,0.06526812237572854,0,pg_baseline_linear,plan_time
q14_p2,no_mergejoin,default,849.1585,868.621,19.462499999999977,0.02291974937541097,0,pg_baseline_linear,plan_time
q14_p7,default,default,889.7155,889.7155,0.0,0.0,1,pg_baseline_linear,plan_time
q15_p1,no_mergejoin,default,1376.799,1396.0915,19.292500000000018,0.01401257554661206,0,pg_baseline_linear,plan_time
q15_p6,no_hashjoin,default,1205.1170000000002,1379.066,173.94899999999984,0.14434200164797262,0,pg_baseline_linear,plan_time
q16_p0,no_nestloop,default,810.1405,1049.5055,239.365,0.29546109594570336,0,pg_baseline_linear,plan_time
q16_p5,no_mergejoin,default,940.731,993.6845,52.95349999999996,0.056289736385852995,0,pg_baseline_linear,plan_time
q17_p4,no_hashjoin,default,566.529,3393.2295,2826.7005,4.989507156738666,0,pg_baseline_linear,plan_time
q17_p9,no_hashjoin,default,620.206,3466.0020000000004,2845.7960000000003,4.588468992560537,0,pg_baseline_linear,plan_time
q18_p3,default,no_mergejoin,11190.9485,11201.998,11.04949999999917,0.0009873604547459003,0,pg_baseline_linear,plan_time
q18_p8,no_hashjoin,no_mergejoin,11284.042,11425.236,141.19400000000132,0.012512714858736063,0,pg_baseline_linear,plan_time
q19_p2,default,default,231.761,231.761,0.0,0.0,1,pg_baseline_linear,plan_time
q19_p7,no_mergejoin,default,129.787,130.5335,0.7464999999999975,0.005751731683450556,0,pg_baseline_linear,plan_time
q20_p3,no_hashjoin,default,10269.854,11028.75,758.8960000000006,0.0738955003644648,0,pg_baseline_linear,plan_time
q21_p0,no_nestloop,default,9580.423,52833.508,43253.085,4.514736457878739,0,pg_baseline_linear,plan_time
q21_p5,default,default,5695.0725,5695.0725,0.0,0.0,1,pg_baseline_linear,plan_time
q22_p4,no_mergejoin,default,536.7025,621.787,85.08450000000005,0.15853196137524983,0,pg_baseline_linear,plan_time
q22_p9,no_mergejoin,default,547.071,605.2615,58.19049999999993,0.10636736365115307,0,pg_baseline_linear,plan_time
ds_q02_topk_revenue,no_mergejoin,default,543.457,1542.053,998.5960000000001,1.8374885225510025,0,pg_baseline_linear,plan_time
ds_q07_yearly_trend,no_mergejoin,default,572.578,1811.255,1238.6770000000001,2.1633332052576244,0,pg_baseline_linear,plan_time
ds_q12_catalog_topk,no_nestloop,default,356.789,531.523,174.73400000000004,0.4897404348228225,0,pg_baseline_linear,plan_time
ds_q17_dow_pattern,no_mergejoin,default,571.268,996.646,425.37799999999993,0.7446207384274979,0,pg_baseline_linear,plan_time
online_b21324f41e,no_nestloop,default,160.279,256.352,96.07299999999998,0.5994110270216308,0,pg_baseline_linear,plan_time
online_cc5a30cb4b,no_hashjoin,default,0.242,0.346,0.10399999999999998,0.4297520661157024,0,pg_baseline_linear,plan_time
q01,no_nestloop,default,6900.803,11982.478,5081.674999999999,0.7363889390843354,0,pg_baseline_linear,plan_time
q06,no_nestloop,default,1737.52,2272.089,534.569,0.3076620700768913,0,pg_baseline_linear,plan_time
q11,no_mergejoin,default,308.811,1724.803,1415.9920000000002,4.585302984673474,0,pg_baseline_linear,plan_time
q16,no_mergejoin,default,1106.188,1605.611,499.423,0.45148112255782924,0,pg_baseline_linear,plan_time
q21,no_nestloop,default,10367.542,13986.072,3618.5300000000007,0.349024870118684,0,pg_baseline_linear,plan_time
q01_p4,no_mergejoin,default,4009.7205,11670.306,7660.585500000001,1.910503612408895,0,pg_baseline_linear,plan_time
q01_p9,no_mergejoin,default,3913.345,6881.4595,2968.1145,0.7584597064659517,0,pg_baseline_linear,plan_time
q02_p3,default,default,2521.813,2521.813,0.0,0.0,1,pg_baseline_linear,plan_time
q02_p8,default,default,3861.4465,3861.4465,0.0,0.0,1,pg_baseline_linear,plan_time
q03_p2,default,default,1904.992,1904.992,0.0,0.0,1,pg_baseline_linear,plan_time
q03_p7,no_mergejoin,default,2113.0685,2357.089,244.02050000000008,0.11548158519234009,0,pg_baseline_linear,plan_time
q04_p1,no_hashjoin,default,1628.6460000000002,1680.7925,52.14649999999983,0.03201831459998039,0,pg_baseline_linear,plan_time
q04_p6,default,default,1158.8865,1158.8865,0.0,0.0,1,pg_baseline_linear,plan_time
q05_p0,default,default,2864.974,2864.974,0.0,0.0,1,pg_baseline_linear,plan_time
q05_p5,no_nestloop,default,1907.0425,2799.111,892.0684999999999,0.46777588858140273,0,pg_baseline_linear,plan_time
q06_p4,default,default,1540.209,1540.209,0.0,0.0,1,pg_baseline_linear,plan_time
q06_p9,no_nestloop,default,2346.256,2474.21,127.95400000000018,0.054535395967021616,0,pg_baseline_linear,plan_time
q07_p3,no_nestloop,default,1776.7905,25573.291,23796.500500000002,13.392969233007493,0,pg_baseline_linear,plan_time
q07_p8,no_nestloop,default,1618.0025,24260.3555,22642.353000000003,13.994016078467123,0,pg_baseline_linear,plan_time
q08_p2,no_hashjoin,default,1365.0985,1452.0210000000002,86.92250000000013,0.06367489232461998,0,pg_baseline_linear,plan_time
q08_p7,default,default,1235.4265,1235.4265,0.0,0.0,1,pg_baseline_linear,plan_time
q09_p1,default,default,12540.293,12540.293,0.0,0.0,1,pg_baseline_linear,plan_time
q09_p6,no_mergejoin,default,7147.695,8775.8905,1628.1954999999998,0.22779308574302615,0,pg_baseline_linear,plan_time
q10_p0,default,default,1205.222,1205.222,0.0,0.0,1,pg_baseline_linear,plan_time
q10_p5,no_mergejoin,default,1585.3655,1676.025,90.65949999999998,0.057185235833629555,0,pg_baseline_linear,plan_time
q11_p4,no_mergejoin,default,342.552,491.205,148.65299999999996,0.4339574721502135,0,pg_baseline_linear,plan_time
q11_p9,no_mergejoin,default,498.1445,566.6355000000001,68.4910000000001,0.13749223367918373,0,pg_baseline_linear,plan_time
q12_p3,no_mergejoin,default,1803.5685,5171.9545,3368.3859999999995,1.8676229929719885,0,pg_baseline_linear,plan_time
q12_p8,no_hashjoin,default,1431.9595,3855.3215,2423.362,1.692339762402498,0,pg_baseline_linear,plan_time
q13_p2,no_nestloop,default,2061.1645,6139.3665,4078.202,1.978591228405108,0,pg_baseline_linear,plan_time
q13_p7,no_mergejoin,default,1534.096,1674.8715,140.77549999999997,0.09176446584829101,0,pg_baseline_linear,plan_time
q14_p1,default,default,856.3745,856.3745,0.0,0.0,1,pg_baseline_linear,plan_time
q14_p6,default,default,840.345,840.345,0.0,0.0,1,pg_baseline_linear,plan_time
q15_p0,default,default,1293.8425,1293.8425,0.0,0.0,1,pg_baseline_linear,plan_time
q15_p5,no_mergejoin,default,1233.9364999999998,1282.838,48.90150000000017,0.039630483416286166,0,pg_baseline_linear,plan_time
q16_p4,default,default,969.8925,969.8925,0.0,0.0,1,pg_baseline_linear,plan_time
q16_p9,default,default,962.4985,962.4985,0.0,0.0,1,pg_baseline_linear,plan_time
q17_p3,no_hashjoin,default,659.4604999999999,3562.985,2903.5245000000004,4.402878565130134,0,pg_baseline_linear,plan_time
q17_p8,no_hashjoin,default,645.7985,3649.831,3004.0325000000003,4.651656050610214,0,pg_baseline_linear,plan_time
q18_p2,no_mergejoin,no_mergejoin,11428.776,11428.776,0.0,0.0,1,pg_baseline_linear,plan_time
q18_p7,default,no_mergejoin,11190.6245,11273.352,82.72750000000087,0.007392572237590489,0,pg_baseline_linear,plan_time
q19_p1,no_mergejoin,default,371.417,1205.132,833.7150000000001,2.244687238333195,0,pg_baseline_linear,plan_time
q19_p6,default,default,129.308,129.308,0.0,0.0,1,pg_baseline_linear,plan_time
q20_p2,no_hashjoin,default,3476.229,5046.379,1570.15,0.45168198067503607,0,pg_baseline_linear,plan_time
q21_p4,no_hashjoin,default,19158.111,19462.346,304.2350000000006,0.015880219088405978,0,pg_baseline_linear,plan_time
q21_p9,no_mergejoin,default,6119.7855,6552.4865,432.701,0.07070525592767907,0,pg_baseline_linear,plan_time
q22_p3,default,default,296.57550000000003,296.57550000000003,0.0,0.0,1,pg_baseline_linear,plan_time
q22_p8,default,default,269.98900000000003,269.98900000000003,0.0,0.0,1,pg_baseline_linear,plan_time
ds_q01_filter_agg,no_mergejoin,default,537.585,1042.995,505.40999999999985,0.9401489996930714,0,pg_baseline_linear,plan_time
ds_q06_web_vs_store,default,default,696.566,696.566,0.0,0.0,1,pg_baseline_linear,plan_time
ds_q11_inventory_check,no_nestloop,default,343.882,519.915,176.03299999999996,0.5118994306186424,0,pg_baseline_linear,plan_time
ds_q16_web_returns,no_mergejoin,default,35.959,86.387,50.428,1.4023749270001944,0,pg_baseline_linear,plan_time
online_749218157a,no_mergejoin,default,1039.564,1747.386,707.8219999999999,0.6808835242467033,0,pg_baseline_linear,plan_time
online_ca182698d7,no_hashjoin,default,1.485,1.55,0.06499999999999995,0.04377104377104368,0,pg_baseline_linear,plan_time
q05,no_nestloop,default,2887.231,8827.081,5939.85,2.057282565890987,0,pg_baseline_linear,plan_time
q10,default,default,1318.8,1318.8,0.0,0.0,1,pg_baseline_linear,plan_time
q15,no_mergejoin,default,2113.783,2757.332,643.549,0.3044536738160919,0,pg_baseline_linear,plan_time
q01_p3,no_mergejoin,default,6612.3240000000005,9022.3515,2410.0275,0.364475107390382,0,pg_baseline_linear,plan_time
q01_p8,no_mergejoin,default,3314.7995,11816.35,8501.550500000001,2.564725407977164,0,pg_baseline_linear,plan_time
q02_p2,no_mergejoin,default,2582.8855000000003,2767.3225,184.4369999999999,0.07140734655097947,0,pg_baseline_linear,plan_time
q02_p7,no_hashjoin,default,2652.7625,2979.7065,326.94399999999996,0.12324661555642469,0,pg_baseline_linear,plan_time
q03_p1,no_mergejoin,default,1753.976,1922.548,168.5719999999999,0.09610849863396065,0,pg_baseline_linear,plan_time
q03_p6,default,default,2015.7405,2015.7405,0.0,0.0,1,pg_baseline_linear,plan_time
q04_p0,no_mergejoin,default,1355.0675,1419.8629999999998,64.79549999999972,0.04781717515917072,0,pg_baseline_linear,plan_time
q04_p5,no_mergejoin,default,1345.431,1512.726,167.29500000000007,0.12434305438183002,0,pg_baseline_linear,plan_time
q05_p4,no_nestloop,default,2636.791,4986.7935,2350.0024999999996,0.8912357862265152,0,pg_baseline_linear,plan_time
q05_p9,no_nestloop,default,1782.8665,4170.9465,2388.08,1.3394609186946975,0,pg_baseline_linear,plan_time
q06_p3,no_hashjoin,default,1443.148,1448.408,5.259999999999991,0.0036448098185355438,0,pg_baseline_linear,plan_time
q06_p8,no_hashjoin,default,1944.4035,2164.5295,220.1260000000002,0.11321004102286403,0,pg_baseline_linear,plan_time
q07_p2,no_nestloop,default,1608.205,26988.5505,25380.345500000003,15.781784971443319,0,pg_baseline_linear,plan_time
q07_p7,no_nestloop,default,1598.659,25281.563,23682.904,14.814231177505645,0,pg_baseline_linear,plan_time
q08_p1,no_mergejoin,default,1380.1285,1418.1405,38.011999999999944,0.027542362903164364,0,pg_baseline_linear,plan_time
q08_p6,default,default,1104.4540000000002,1104.4540000000002,0.0,0.0,1,pg_baseline_linear,plan_time
q09_p0,no_nestloop,default,2546.7650000000003,11823.971,9277.205999999998,3.6427412815866393,0,pg_baseline_linear,plan_time
q09_p5,no_nestloop,default,4798.2685,8268.2085,3469.9400000000005,0.7231650333865227,0,pg_baseline_linear,plan_time
q10_p4,default,default,1234.456,1234.456,0.0,0.0,1,pg_baseline_linear,plan_time
q10_p9,default,default,1364.5785,1364.5785,0.0,0.0,1,pg_baseline_linear,plan_time
q11_p3,no_hashjoin,default,429.638,475.6005,45.962500000000034,0.10697959677682145,0,pg_baseline_linear,plan_time
q11_p8,no_mergejoin,default,313.812,827.2795,513.4675,1.6362264668017792,0,pg_baseline_linear,plan_time
q12_p2,no_mergejoin,default,1771.908,4218.7365,2446.8285,1.3809004192091239,0,pg_baseline_linear,plan_time
q12_p7,no_hashjoin,default,1619.6605,1892.7775,273.11699999999996,0.16862607935428442,0,pg_baseline_linear,plan_time
q13_p1,default,default,2710.3185,2710.3185,0.0,0.0,1,pg_baseline_linear,plan_time
q13_p6,no_nestloop,default,1516.3615,1965.6045,449.24299999999994,0.29626378670257725,0,pg_baseline_linear,plan_time
q14_p0,no_nestloop,default,833.2895000000001,861.63,28.340499999999906,0.03401038894645847,0,pg_baseline_linear,plan_time
q14_p5,no_nestloop,default,864.1,945.6135,81.51350000000002,0.09433341048489763,0,pg_baseline_linear,plan_time
q15_p4,no_mergejoin,default,1292.9405,1503.6570000000002,210.71650000000022,0.16297463030974768,0,pg_baseline_linear,plan_time
q15_p9,default,default,1242.167,1242.167,0.0,0.0,1,pg_baseline_linear,plan_time
q16_p3,default,default,804.9105,804.9105,0.0,0.0,1,pg_baseline_linear,plan_time
q16_p8,no_nestloop,default,1006.8275,1339.669,332.8415000000001,0.33058443477159694,0,pg_baseline_linear,plan_time
q17_p2,no_hashjoin,default,586.6975,3134.976,2548.2785000000003,4.343428257321704,0,pg_baseline_linear,plan_time
q17_p7,no_hashjoin,default,604.4404999999999,3533.6765,2929.236,4.846194124980045,0,pg_baseline_linear,plan_time
q18_p1,no_hashjoin,no_mergejoin,10326.5275,11575.754,1249.2265000000007,0.1209725631389642,0,pg_baseline_linear,plan_time
q18_p6,no_mergejoin,no_mergejoin,12077.3795,12077.3795,0.0,0.0,1,pg_baseline_linear,plan_time
q19_p0,default,default,435.11,435.11,0.0,0.0,1,pg_baseline_linear,plan_time
q19_p5,no_hashjoin,default,132.4375,141.09750000000005,8.660000000000053,0.06538933459178908,0,pg_baseline_linear,plan_time
q20_p0,no_hashjoin,default,3627.978,6531.394,2903.416,0.8002848969866962,0,pg_baseline_linear,plan_time
q20_p1,no_mergejoin,default,2129.206,2525.096,395.8899999999999,0.18593316006060467,0,pg_baseline_linear,plan_time
q20_p6,default,default,4121.406,4121.406,0.0,0.0,1,pg_baseline_linear,plan_time
q20_p9,no_hashjoin,default,3891.652,4412.6465,520.9944999999998,0.13387489426084342,0,pg_baseline_linear,plan_time
q21_p3,no_nestloop,default,11808.777,17560.987,5752.210000000001,0.4871131023983264,0,pg_baseline_linear,plan_time
q21_p8,no_mergejoin,default,5838.317999999999,12133.7155,6295.397500000001,1.078289586144503,0,pg_baseline_linear,plan_time
q22_p2,default,default,289.3345,289.3345,0.0,0.0,1,pg_baseline_linear,plan_time
q22_p7,default,default,482.2065,482.2065,0.0,0.0,1,pg_baseline_linear,plan_time
ds_q05_returns_filter,no_nestloop,default,163.456,279.907,116.451,0.7124302564604541,0,pg_baseline_linear,plan_time
ds_q10_window_topk,no_nestloop,default,1763.773,2181.389,417.6160000000002,0.23677423341892645,0,pg_baseline_linear,plan_time
ds_q15_returns_ratio,no_mergejoin,default,643.784,810.594,166.81000000000006,0.2591086451356357,0,pg_baseline_linear,plan_time
ds_q20_demographic,no_mergejoin,default,726.447,867.031,140.58399999999995,0.19352272085919542,0,pg_baseline_linear,plan_time
online_dac91519b8,no_mergejoin,default,194.431,208.479,14.048000000000002,0.07225185284239655,0,pg_baseline_linear,plan_time
online_0e0bb4a7ce,default,no_mergejoin,318.695,340.244,21.549000000000035,0.06761637302122736,0,pg_baseline_linear,plan_time
q04,default,default,1216.968,1216.968,0.0,0.0,1,pg_baseline_linear,plan_time
q09,no_nestloop,default,9471.806,23625.277,14153.470999999998,1.4942737425154187,0,pg_baseline_linear,plan_time
q14,no_mergejoin,default,1504.265,1878.312,374.0469999999998,0.24865765008160112,0,pg_baseline_linear,plan_time
q19,no_hashjoin,default,198.599,543.454,344.85499999999996,1.7364387534680437,0,pg_baseline_linear,plan_time
q20,no_hashjoin,default,4427.324,7381.431,2954.107,0.6672443670262218,0,pg_baseline_linear,plan_time
q01_p2,no_hashjoin,default,5851.049,8152.58,2301.531,0.3933535678815885,0,pg_baseline_linear,plan_time
q01_p7,no_nestloop,default,6604.8715,19469.1505,12864.278999999999,1.9476955759093872,0,pg_baseline_linear,plan_time
q02_p1,default,default,2452.8315,2452.8315,0.0,0.0,1,pg_baseline_linear,plan_time
q02_p6,no_hashjoin,default,4092.8975,4387.3745,294.47699999999986,0.07194829579778128,0,pg_baseline_linear,plan_time
q03_p0,no_mergejoin,default,1613.922,1886.5425,272.6205,0.16891801462524203,0,pg_baseline_linear,plan_time
q03_p5,no_mergejoin,default,1763.8895,2748.4605,984.5710000000001,0.5581817908661513,0,pg_baseline_linear,plan_time
q04_p4,default,default,1143.0915,1143.0915,0.0,0.0,1,pg_baseline_linear,plan_time
q04_p9,default,default,736.759,736.759,0.0,0.0,1,pg_baseline_linear,plan_time
q05_p3,no_mergejoin,default,2973.864,5877.5075,2903.6434999999997,0.9763874541673727,0,pg_baseline_linear,plan_time
q05_p8,default,default,3111.7965,3111.7965,0.0,0.0,1,pg_baseline_linear,plan_time
q06_p2,default,default,1447.0975,1447.0975,0.0,0.0,1,pg_baseline_linear,plan_time
q06_p7,no_mergejoin,default,1675.4740000000002,1691.73,16.255999999999858,0.009702329012565958,0,pg_baseline_linear,plan_time
q07_p1,no_nestloop,default,1767.1709999999998,26986.943,25219.772,14.271268598228469,0,pg_baseline_linear,plan_time
q07_p6,no_nestloop,default,2580.009,24139.410000000003,21559.401000000005,8.356327826763396,0,pg_baseline_linear,plan_time
q08_p0,no_nestloop,default,1730.1635,2143.2695000000003,413.1060000000002,0.23876702982117015,0,pg_baseline_linear,plan_time
q08_p5,no_mergejoin,default,1180.6585,1218.9740000000002,38.315500000000156,0.03245265248164486,0,pg_baseline_linear,plan_time
q09_p4,no_nestloop,default,9471.1885,14930.7615,5459.573,0.5764401162536255,0,pg_baseline_linear,plan_time
q09_p9,no_mergejoin,default,12061.8875,12111.7905,49.90299999999843,0.004137246347223789,0,pg_baseline_linear,plan_time
q10_p3,default,default,2030.4335,2030.4335,0.0,0.0,1,pg_baseline_linear,plan_time
q10_p8,no_mergejoin,default,1448.6805,2497.616,1048.9355,0.7240626901514862,0,pg_baseline_linear,plan_time
q11_p2,no_hashjoin,default,384.172,856.676,472.504,1.229928261299626,0,pg_baseline_linear,plan_time
q11_p7,no_mergejoin,default,419.106,661.999,242.89300000000003,0.5795502808358746,0,pg_baseline_linear,plan_time
q12_p1,no_hashjoin,default,1593.877,3306.452,1712.5750000000003,1.0744712421347447,0,pg_baseline_linear,plan_time
q12_p6,default,default,2153.3515,2153.3515,0.0,0.0,1,pg_baseline_linear,plan_time
q13_p0,no_nestloop,default,2734.0865,4027.777,1293.6905000000002,0.47317102074129713,0,pg_baseline_linear,plan_time
q13_p5,no_mergejoin,default,1794.1095,2971.743,1177.6335,0.6563888658969812,0,pg_baseline_linear,plan_time
q14_p4,no_mergejoin,default,839.824,851.4845,11.66050000000007,0.013884456743317841,0,pg_baseline_linear,plan_time
q14_p9,no_nestloop,default,966.5315,1040.2475,73.7159999999999,0.07626859548809306,0,pg_baseline_linear,plan_time
q15_p3,no_nestloop,default,1301.4775,1436.461,134.98350000000005,0.10371558478728993,0,pg_baseline_linear,plan_time
q15_p8,no_hashjoin,default,1158.362,1245.0990000000002,86.73700000000008,0.07487901018852483,0,pg_baseline_linear,plan_time
q16_p2,no_mergejoin,default,802.552,883.3965000000001,80.84450000000004,0.10073428263838369,0,pg_baseline_linear,plan_time
q16_p7,no_nestloop,default,1114.38,1225.822,111.44199999999978,0.10000358943986765,0,pg_baseline_linear,plan_time
q17_p1,no_hashjoin,default,632.7725,3498.1085000000003,2865.3360000000002,4.528224598888226,0,pg_baseline_linear,plan_time
q17_p6,no_hashjoin,default,708.625,3593.605,2884.98,4.071236549656024,0,pg_baseline_linear,plan_time
q18_p0,default,no_mergejoin,10424.9135,11115.307,690.3935000000001,0.06622534565874338,0,pg_baseline_linear,plan_time
q18_p5,default,no_mergejoin,11290.9185,11487.2415,196.32300000000032,0.017387690824267388,0,pg_baseline_linear,plan_time
q19_p4,no_hashjoin,default,264.754,413.238,148.48399999999998,0.560837607741526,0,pg_baseline_linear,plan_time
q19_p9,no_hashjoin,default,127.625,235.188,107.56299999999999,0.8428050930460331,0,pg_baseline_linear,plan_time
q20_p5,default,default,4559.4845000000005,4559.4845000000005,0.0,0.0,1,pg_baseline_linear,plan_time
q20_p8,no_hashjoin,default,4169.7305,4304.986,135.2555000000002,0.0324374680809707,0,pg_baseline_linear,plan_time
q21_p2,no_nestloop,default,9402.375,12400.143,2997.768,0.318830933673673,0,pg_baseline_linear,plan_time
q21_p7,default,default,5536.146500000001,5536.146500000001,0.0,0.0,1,pg_baseline_linear,plan_time
q22_p1,no_hashjoin,default,550.9290000000001,1051.2615,500.3325,0.9081614872333821,0,pg_baseline_linear,plan_time
q22_p6,no_hashjoin,default,492.38,558.0045,65.62450000000001,0.13328019009707948,0,pg_baseline_linear,plan_time
ds_q04_customer_topk,no_mergejoin,default,577.718,704.859,127.14100000000008,0.2200745000155786,0,pg_baseline_linear,plan_time
ds_q09_avg_basket,no_mergejoin,default,420.93,481.674,60.74399999999997,0.14430903000498896,0,pg_baseline_linear,plan_time
ds_q14_state_revenue,default,default,495.792,495.792,0.0,0.0,1,pg_baseline_linear,plan_time
ds_q19_self_join,no_mergejoin,default,0.106,5.488,5.382000000000001,50.773584905660385,0,pg_baseline_linear,plan_time
online_d4e75912f5,no_nestloop,default,1374.997,2553.552,1178.555,0.857132779198791,0,pg_baseline_linear,plan_time
online_0766b87ee1,no_mergejoin,default,108.512,160.655,52.143,0.4805274992627544,0,pg_baseline_linear,plan_time
q03,default,default,1640.223,1640.223,0.0,0.0,1,pg_baseline_loglinear,plan_time
q08,no_hashjoin,default,1382.048,2118.05,736.0020000000002,0.5325444557641994,0,pg_baseline_loglinear,plan_time
q13,no_mergejoin,default,2595.487,2831.432,235.9449999999997,0.0909058685325721,0,pg_baseline_loglinear,plan_time
q18,default,no_mergejoin,13888.445,16967.045,3078.5999999999985,0.22166628445445102,0,pg_baseline_loglinear,plan_time
q01_p1,no_nestloop,default,4936.3675,14083.854,9147.486499999999,1.85308052935686,0,pg_baseline_loglinear,plan_time
q01_p6,no_hashjoin,default,7781.075,8249.1845,468.10949999999957,0.0601600035984744,0,pg_baseline_loglinear,plan_time
q02_p0,no_hashjoin,default,2434.8245,2568.9085,134.08399999999983,0.055069266799311345,0,pg_baseline_loglinear,plan_time
q02_p5,default,default,4321.084,4321.084,0.0,0.0,1,pg_baseline_loglinear,plan_time
q03_p4,no_mergejoin,default,1968.729,2134.4935,165.7645,0.0841987393897281,0,pg_baseline_loglinear,plan_time
q03_p9,default,default,1507.6905000000002,1507.6905000000002,0.0,0.0,1,pg_baseline_loglinear,plan_time
q04_p3,default,default,947.482,947.482,0.0,0.0,1,pg_baseline_loglinear,plan_time
q04_p8,default,default,1143.2035,1143.2035,0.0,0.0,1,pg_baseline_loglinear,plan_time
q05_p2,default,default,3168.7395,3168.7395,0.0,0.0,1,pg_baseline_loglinear,plan_time
q05_p7,no_nestloop,default,1925.716,2997.4455,1071.7295,0.5565355950721707,0,pg_baseline_loglinear,plan_time
q06_p1,no_mergejoin,default,1446.843,1565.3494999999998,118.50649999999973,0.08190695189457298,0,pg_baseline_loglinear,plan_time
q06_p6,default,default,1655.3635,1655.3635,0.0,0.0,1,pg_baseline_loglinear,plan_time
q07_p0,no_nestloop,default,1703.163,28486.389,26783.226,15.725579994398657,0,pg_baseline_loglinear,plan_time
q07_p5,no_nestloop,default,1562.0485,26744.1935,25182.145,16.12123119096494,0,pg_baseline_loglinear,plan_time
q08_p4,default,default,1550.8355,1550.8355,0.0,0.0,1,pg_baseline_loglinear,plan_time
q08_p9,default,default,1456.4525,1456.4525,0.0,0.0,1,pg_baseline_loglinear,plan_time
q09_p3,no_nestloop,default,5980.2855,11477.89,5497.6044999999995,0.9192879671045804,0,pg_baseline_loglinear,plan_time
q09_p8,no_mergejoin,default,6071.502,7404.689499999999,1333.1874999999982,0.2195811678889339,0,pg_baseline_loglinear,plan_time
q10_p2,no_mergejoin,default,1182.541,1495.2785,312.73749999999995,0.2644622892567783,0,pg_baseline_loglinear,plan_time
q10_p7,no_mergejoin,default,1459.369,1985.785,526.4160000000002,0.3607148020822699,0,pg_baseline_loglinear,plan_time
q11_p1,no_mergejoin,default,293.78099999999995,351.3275,57.54650000000004,0.19588230688846475,0,pg_baseline_loglinear,plan_time
q11_p6,default,default,347.7065,347.7065,0.0,0.0,1,pg_baseline_loglinear,plan_time
q12_p0,default,default,1592.2375000000002,1592.2375000000002,0.0,0.0,1,pg_baseline_loglinear,plan_time
q12_p5,no_nestloop,default,1842.5085,3490.445,1647.9365000000003,0.894398316208582,0,pg_baseline_loglinear,plan_time
q13_p4,no_mergejoin,default,1613.398,1929.963,316.56500000000005,0.19621011058647664,0,pg_baseline_loglinear,plan_time
q13_p9,no_mergejoin,default,1451.906,1550.475,98.56899999999996,0.0678893812684842,0,pg_baseline_loglinear,plan_time
q14_p3,no_hashjoin,default,881.634,899.762,18.12799999999993,0.0205618204379594,0,pg_baseline_loglinear,plan_time
q14_p8,no_nestloop,default,1027.206,1032.88,5.6740000000002055,0.005523721629351996,0,pg_baseline_loglinear,plan_time
q15_p2,no_hashjoin,default,1287.6165,1566.894,279.2774999999999,0.21689493727363685,0,pg_baseline_loglinear,plan_time
q15_p7,no_hashjoin,default,1210.906,1467.3535000000002,256.4475000000002,0.21178150905190019,0,pg_baseline_loglinear,plan_time
q16_p1,default,default,760.5605,760.5605,0.0,0.0,1,pg_baseline_loglinear,plan_time
q16_p6,default,default,934.039,934.039,0.0,0.0,1,pg_baseline_loglinear,plan_time
q17_p0,no_hashjoin,default,591.725,3465.3735,2873.6485000000002,4.8563919050234485,0,pg_baseline_loglinear,plan_time
q17_p5,no_hashjoin,default,628.0405,3363.661,2735.6205,4.35580269106849,0,pg_baseline_loglinear,plan_time
q18_p4,no_hashjoin,no_mergejoin,11160.5615,11766.8065,606.2450000000008,0.05432029562311902,0,pg_baseline_loglinear,plan_time
q18_p9,no_hashjoin,no_mergejoin,11219.319,11228.1535,8.834500000000844,0.0007874363853992428,0,pg_baseline_loglinear,plan_time
q19_p3,default,default,392.595,392.595,0.0,0.0,1,pg_baseline_loglinear,plan_time
q19_p8,no_nestloop,default,96.9605,141.6,44.6395,0.46038850872262427,0,pg_baseline_loglinear,plan_time
q20_p4,no_hashjoin,default,17808.234,70494.953,52686.719,2.958559450645134,0,pg_baseline_loglinear,plan_time
q20_p7,default,default,5230.9955,5230.9955,0.0,0.0,1,pg_baseline_loglinear,plan_time
q21_p1,no_nestloop,default,10391.969,17294.152,6902.182999999999,0.6641843331133879,0,pg_baseline_loglinear,plan_time
q21_p6,default,default,11229.0195,11229.0195,0.0,0.0,1,pg_baseline_loglinear,plan_time
q22_p0,no_nestloop,default,829.7715000000001,887.3695,57.597999999999956,0.06941429056071446,0,pg_baseline_loglinear,plan_time
q22_p5,default,default,556.4970000000001,556.4970000000001,0.0,0.0,1,pg_baseline_loglinear,plan_time
ds_q03_promo_effect,no_nestloop,default,389.256,639.997,250.74099999999999,0.6441544895903981,0,pg_baseline_loglinear,plan_time
ds_q08_addr_filter,no_mergejoin,default,39.483,89.476,49.993,1.2661905123724138,0,pg_baseline_loglinear,plan_time
ds_q13_high_quantity,default,default,350.115,350.115,0.0,0.0,1,pg_baseline_loglinear,plan_time
ds_q18_brand_topk,default,default,662.842,662.842,0.0,0.0,1,pg_baseline_loglinear,plan_time
online_ce83de12bc,no_nestloop,default,732.934,947.618,214.68400000000008,0.2929104121244206,0,pg_baseline_loglinear,plan_time
online_da978a89a5,no_hashjoin,no_mergejoin,0.03,1.714,1.684,56.13333333333333,0,pg_baseline_loglinear,plan_time
q02,no_mergejoin,default,3199.538,6173.76,2974.222,0.9295785829079073,0,pg_baseline_loglinear,plan_time
q07,no_nestloop,default,2402.029,35165.908,32763.879000000004,13.640084695064049,0,pg_baseline_loglinear,plan_time
q12,no_nestloop,default,3102.1,4159.307,1057.2069999999999,0.34080364914090455,0,pg_baseline_loglinear,plan_time
q17,no_hashjoin,default,939.65,4823.064,3883.414,4.132830309157666,0,pg_baseline_loglinear,plan_time
q22,no_hashjoin,default,345.909,383.714,37.80500000000001,0.10929175014237846,0,pg_baseline_loglinear,plan_time
q01_p0,no_hashjoin,default,6709.9035,12831.862,6121.958499999999,0.9123765341781738,0,pg_baseline_loglinear,plan_time
q01_p5,default,default,6793.9285,6793.9285,0.0,0.0,1,pg_baseline_loglinear,plan_time
q02_p4,no_mergejoin,default,2628.4125,2715.698,87.28549999999996,0.033208448065134455,0,pg_baseline_loglinear,plan_time
q02_p9,no_mergejoin,default,2436.656,2470.068,33.41200000000026,0.013712235128799488,0,pg_baseline_loglinear,plan_time
q03_p3,no_mergejoin,default,1607.9555,1667.9755,60.01999999999998,0.03732690363632574,0,pg_baseline_loglinear,plan_time
q03_p8,no_mergejoin,default,1455.49,5057.216,3601.7260000000006,2.4745796948106826,0,pg_baseline_loglinear,plan_time
q04_p2,default,default,837.004,837.004,0.0,0.0,1,pg_baseline_loglinear,plan_time
q04_p7,default,default,1296.4145,1296.4145,0.0,0.0,1,pg_baseline_loglinear,plan_time
q05_p1,no_nestloop,default,3265.4955,8077.1785,4811.683,1.4734924607919382,0,pg_baseline_loglinear,plan_time
q05_p6,no_nestloop,default,1823.496,3715.227,1891.7309999999998,1.0374198791771407,0,pg_baseline_loglinear,plan_time
q06_p0,default,default,1933.157,1933.157,0.0,0.0,1,pg_baseline_loglinear,plan_time
q06_p5,no_mergejoin,default,1583.487,1669.788,86.30099999999993,0.054500605309674155,0,pg_baseline_loglinear,plan_time
q07_p4,no_nestloop,default,1620.6464999999998,23485.5635,21864.917,13.491478246489905,0,pg_baseline_loglinear,plan_time
q07_p9,no_nestloop,default,1721.879,24027.701500000003,22305.822500000002,12.954349579732376,0,pg_baseline_loglinear,plan_time
q08_p3,no_hashjoin,default,1452.751,1508.283,55.531999999999925,0.0382254082082889,0,pg_baseline_loglinear,plan_time
q08_p8,no_mergejoin,default,1156.682,1296.4825,139.80050000000006,0.12086338336725233,0,pg_baseline_loglinear,plan_time
q09_p2,no_mergejoin,default,8778.053,10245.7075,1467.6545000000006,0.16719590323731248,0,pg_baseline_loglinear,plan_time
q09_p7,default,default,6044.4305,6044.4305,0.0,0.0,1,pg_baseline_loglinear,plan_time
q10_p1,default,default,1446.9835,1446.9835,0.0,0.0,1,pg_baseline_loglinear,plan_time
q10_p6,no_mergejoin,default,1423.0825,1460.8615,37.778999999999996,0.026547301368683884,0,pg_baseline_loglinear,plan_time
q11_p0,default,default,337.278,337.278,0.0,0.0,1,pg_baseline_loglinear,plan_time
q11_p5,no_mergejoin,default,285.606,462.154,176.548,0.6181522797140115,0,pg_baseline_loglinear,plan_time
q12_p4,no_hashjoin,default,1648.4475,2114.6625000000004,466.2150000000004,0.28282065397897127,0,pg_baseline_loglinear,plan_time
q12_p9,no_hashjoin,default,1358.037,2122.6315,764.5944999999999,0.5630144834050912,0,pg_baseline_loglinear,plan_time
q13_p3,no_nestloop,default,1700.802,2172.415,471.61300000000006,0.27728859679139606,0,pg_baseline_loglinear,plan_time
q13_p8,no_nestloop,default,1530.663,1630.5665,99.9034999999999,0.06526812237572854,0,pg_baseline_loglinear,plan_time
q14_p2,no_mergejoin,default,849.1585,868.621,19.462499999999977,0.02291974937541097,0,pg_baseline_loglinear,plan_time
q14_p7,default,default,889.7155,889.7155,0.0,0.0,1,pg_baseline_loglinear,plan_time
q15_p1,no_mergejoin,default,1376.799,1396.0915,19.292500000000018,0.01401257554661206,0,pg_baseline_loglinear,plan_time
q15_p6,no_hashjoin,default,1205.1170000000002,1379.066,173.94899999999984,0.14434200164797262,0,pg_baseline_loglinear,plan_time
q16_p0,no_nestloop,default,810.1405,1049.5055,239.365,0.29546109594570336,0,pg_baseline_loglinear,plan_time
q16_p5,no_mergejoin,default,940.731,993.6845,52.95349999999996,0.056289736385852995,0,pg_baseline_loglinear,plan_time
q17_p4,no_hashjoin,default,566.529,3393.2295,2826.7005,4.989507156738666,0,pg_baseline_loglinear,plan_time
q17_p9,no_hashjoin,default,620.206,3466.0020000000004,2845.7960000000003,4.588468992560537,0,pg_baseline_loglinear,plan_time
q18_p3,default,no_mergejoin,11190.9485,11201.998,11.04949999999917,0.0009873604547459003,0,pg_baseline_loglinear,plan_time
q18_p8,no_hashjoin,no_mergejoin,11284.042,11425.236,141.19400000000132,0.012512714858736063,0,pg_baseline_loglinear,plan_time
q19_p2,default,default,231.761,231.761,0.0,0.0,1,pg_baseline_loglinear,plan_time
q19_p7,no_mergejoin,default,129.787,130.5335,0.7464999999999975,0.005751731683450556,0,pg_baseline_loglinear,plan_time
q20_p3,no_hashjoin,default,10269.854,11028.75,758.8960000000006,0.0738955003644648,0,pg_baseline_loglinear,plan_time
q21_p0,no_nestloop,default,9580.423,52833.508,43253.085,4.514736457878739,0,pg_baseline_loglinear,plan_time
q21_p5,default,default,5695.0725,5695.0725,0.0,0.0,1,pg_baseline_loglinear,plan_time
q22_p4,no_mergejoin,default,536.7025,621.787,85.08450000000005,0.15853196137524983,0,pg_baseline_loglinear,plan_time
q22_p9,no_mergejoin,default,547.071,605.2615,58.19049999999993,0.10636736365115307,0,pg_baseline_loglinear,plan_time
ds_q02_topk_revenue,no_mergejoin,default,543.457,1542.053,998.5960000000001,1.8374885225510025,0,pg_baseline_loglinear,plan_time
ds_q07_yearly_trend,no_mergejoin,default,572.578,1811.255,1238.6770000000001,2.1633332052576244,0,pg_baseline_loglinear,plan_time
ds_q12_catalog_topk,no_nestloop,default,356.789,531.523,174.73400000000004,0.4897404348228225,0,pg_baseline_loglinear,plan_time
ds_q17_dow_pattern,no_mergejoin,default,571.268,996.646,425.37799999999993,0.7446207384274979,0,pg_baseline_loglinear,plan_time
online_b21324f41e,no_nestloop,default,160.279,256.352,96.07299999999998,0.5994110270216308,0,pg_baseline_loglinear,plan_time
online_cc5a30cb4b,no_hashjoin,default,0.242,0.346,0.10399999999999998,0.4297520661157024,0,pg_baseline_loglinear,plan_time
q01,no_nestloop,default,6900.803,11982.478,5081.674999999999,0.7363889390843354,0,pg_baseline_loglinear,plan_time
q06,no_nestloop,default,1737.52,2272.089,534.569,0.3076620700768913,0,pg_baseline_loglinear,plan_time
q11,no_mergejoin,default,308.811,1724.803,1415.9920000000002,4.585302984673474,0,pg_baseline_loglinear,plan_time
q16,no_mergejoin,default,1106.188,1605.611,499.423,0.45148112255782924,0,pg_baseline_loglinear,plan_time
q21,no_nestloop,default,10367.542,13986.072,3618.5300000000007,0.349024870118684,0,pg_baseline_loglinear,plan_time
q01_p4,no_mergejoin,default,4009.7205,11670.306,7660.585500000001,1.910503612408895,0,pg_baseline_loglinear,plan_time
q01_p9,no_mergejoin,default,3913.345,6881.4595,2968.1145,0.7584597064659517,0,pg_baseline_loglinear,plan_time
q02_p3,default,default,2521.813,2521.813,0.0,0.0,1,pg_baseline_loglinear,plan_time
q02_p8,default,default,3861.4465,3861.4465,0.0,0.0,1,pg_baseline_loglinear,plan_time
q03_p2,default,default,1904.992,1904.992,0.0,0.0,1,pg_baseline_loglinear,plan_time
q03_p7,no_mergejoin,default,2113.0685,2357.089,244.02050000000008,0.11548158519234009,0,pg_baseline_loglinear,plan_time
q04_p1,no_hashjoin,default,1628.6460000000002,1680.7925,52.14649999999983,0.03201831459998039,0,pg_baseline_loglinear,plan_time
q04_p6,default,default,1158.8865,1158.8865,0.0,0.0,1,pg_baseline_loglinear,plan_time
q05_p0,default,default,2864.974,2864.974,0.0,0.0,1,pg_baseline_loglinear,plan_time
q05_p5,no_nestloop,default,1907.0425,2799.111,892.0684999999999,0.46777588858140273,0,pg_baseline_loglinear,plan_time
q06_p4,default,default,1540.209,1540.209,0.0,0.0,1,pg_baseline_loglinear,plan_time
q06_p9,no_nestloop,default,2346.256,2474.21,127.95400000000018,0.054535395967021616,0,pg_baseline_loglinear,plan_time
q07_p3,no_nestloop,default,1776.7905,25573.291,23796.500500000002,13.392969233007493,0,pg_baseline_loglinear,plan_time
q07_p8,no_nestloop,default,1618.0025,24260.3555,22642.353000000003,13.994016078467123,0,pg_baseline_loglinear,plan_time
q08_p2,no_hashjoin,default,1365.0985,1452.0210000000002,86.92250000000013,0.06367489232461998,0,pg_baseline_loglinear,plan_time
q08_p7,default,default,1235.4265,1235.4265,0.0,0.0,1,pg_baseline_loglinear,plan_time
q09_p1,default,default,12540.293,12540.293,0.0,0.0,1,pg_baseline_loglinear,plan_time
q09_p6,no_mergejoin,default,7147.695,8775.8905,1628.1954999999998,0.22779308574302615,0,pg_baseline_loglinear,plan_time
q10_p0,default,default,1205.222,1205.222,0.0,0.0,1,pg_baseline_loglinear,plan_time
q10_p5,no_mergejoin,default,1585.3655,1676.025,90.65949999999998,0.057185235833629555,0,pg_baseline_loglinear,plan_time
q11_p4,no_mergejoin,default,342.552,491.205,148.65299999999996,0.4339574721502135,0,pg_baseline_loglinear,plan_time
q11_p9,no_mergejoin,default,498.1445,566.6355000000001,68.4910000000001,0.13749223367918373,0,pg_baseline_loglinear,plan_time
q12_p3,no_mergejoin,default,1803.5685,5171.9545,3368.3859999999995,1.8676229929719885,0,pg_baseline_loglinear,plan_time
q12_p8,no_hashjoin,default,1431.9595,3855.3215,2423.362,1.692339762402498,0,pg_baseline_loglinear,plan_time
q13_p2,no_nestloop,default,2061.1645,6139.3665,4078.202,1.978591228405108,0,pg_baseline_loglinear,plan_time
q13_p7,no_mergejoin,default,1534.096,1674.8715,140.77549999999997,0.09176446584829101,0,pg_baseline_loglinear,plan_time
q14_p1,default,default,856.3745,856.3745,0.0,0.0,1,pg_baseline_loglinear,plan_time
q14_p6,default,default,840.345,840.345,0.0,0.0,1,pg_baseline_loglinear,plan_time
q15_p0,default,default,1293.8425,1293.8425,0.0,0.0,1,pg_baseline_loglinear,plan_time
q15_p5,no_mergejoin,default,1233.9364999999998,1282.838,48.90150000000017,0.039630483416286166,0,pg_baseline_loglinear,plan_time
q16_p4,default,default,969.8925,969.8925,0.0,0.0,1,pg_baseline_loglinear,plan_time
q16_p9,default,default,962.4985,962.4985,0.0,0.0,1,pg_baseline_loglinear,plan_time
q17_p3,no_hashjoin,default,659.4604999999999,3562.985,2903.5245000000004,4.402878565130134,0,pg_baseline_loglinear,plan_time
q17_p8,no_hashjoin,default,645.7985,3649.831,3004.0325000000003,4.651656050610214,0,pg_baseline_loglinear,plan_time
q18_p2,no_mergejoin,no_mergejoin,11428.776,11428.776,0.0,0.0,1,pg_baseline_loglinear,plan_time
q18_p7,default,no_mergejoin,11190.6245,11273.352,82.72750000000087,0.007392572237590489,0,pg_baseline_loglinear,plan_time
q19_p1,no_mergejoin,default,371.417,1205.132,833.7150000000001,2.244687238333195,0,pg_baseline_loglinear,plan_time
q19_p6,default,default,129.308,129.308,0.0,0.0,1,pg_baseline_loglinear,plan_time
q20_p2,no_hashjoin,default,3476.229,5046.379,1570.15,0.45168198067503607,0,pg_baseline_loglinear,plan_time
q21_p4,no_hashjoin,default,19158.111,19462.346,304.2350000000006,0.015880219088405978,0,pg_baseline_loglinear,plan_time
q21_p9,no_mergejoin,default,6119.7855,6552.4865,432.701,0.07070525592767907,0,pg_baseline_loglinear,plan_time
q22_p3,default,default,296.57550000000003,296.57550000000003,0.0,0.0,1,pg_baseline_loglinear,plan_time
q22_p8,default,default,269.98900000000003,269.98900000000003,0.0,0.0,1,pg_baseline_loglinear,plan_time
ds_q01_filter_agg,no_mergejoin,default,537.585,1042.995,505.40999999999985,0.9401489996930714,0,pg_baseline_loglinear,plan_time
ds_q06_web_vs_store,default,default,696.566,696.566,0.0,0.0,1,pg_baseline_loglinear,plan_time
ds_q11_inventory_check,no_nestloop,default,343.882,519.915,176.03299999999996,0.5118994306186424,0,pg_baseline_loglinear,plan_time
ds_q16_web_returns,no_mergejoin,default,35.959,86.387,50.428,1.4023749270001944,0,pg_baseline_loglinear,plan_time
online_749218157a,no_mergejoin,default,1039.564,1747.386,707.8219999999999,0.6808835242467033,0,pg_baseline_loglinear,plan_time
online_ca182698d7,no_hashjoin,default,1.485,1.55,0.06499999999999995,0.04377104377104368,0,pg_baseline_loglinear,plan_time
q05,no_nestloop,default,2887.231,8827.081,5939.85,2.057282565890987,0,pg_baseline_loglinear,plan_time
q10,default,default,1318.8,1318.8,0.0,0.0,1,pg_baseline_loglinear,plan_time
q15,no_mergejoin,default,2113.783,2757.332,643.549,0.3044536738160919,0,pg_baseline_loglinear,plan_time
q01_p3,no_mergejoin,default,6612.3240000000005,9022.3515,2410.0275,0.364475107390382,0,pg_baseline_loglinear,plan_time
q01_p8,no_mergejoin,default,3314.7995,11816.35,8501.550500000001,2.564725407977164,0,pg_baseline_loglinear,plan_time
q02_p2,no_mergejoin,default,2582.8855000000003,2767.3225,184.4369999999999,0.07140734655097947,0,pg_baseline_loglinear,plan_time
q02_p7,no_hashjoin,default,2652.7625,2979.7065,326.94399999999996,0.12324661555642469,0,pg_baseline_loglinear,plan_time
q03_p1,no_mergejoin,default,1753.976,1922.548,168.5719999999999,0.09610849863396065,0,pg_baseline_loglinear,plan_time
q03_p6,default,default,2015.7405,2015.7405,0.0,0.0,1,pg_baseline_loglinear,plan_time
q04_p0,no_mergejoin,default,1355.0675,1419.8629999999998,64.79549999999972,0.04781717515917072,0,pg_baseline_loglinear,plan_time
q04_p5,no_mergejoin,default,1345.431,1512.726,167.29500000000007,0.12434305438183002,0,pg_baseline_loglinear,plan_time
q05_p4,no_nestloop,default,2636.791,4986.7935,2350.0024999999996,0.8912357862265152,0,pg_baseline_loglinear,plan_time
q05_p9,no_nestloop,default,1782.8665,4170.9465,2388.08,1.3394609186946975,0,pg_baseline_loglinear,plan_time
q06_p3,no_hashjoin,default,1443.148,1448.408,5.259999999999991,0.0036448098185355438,0,pg_baseline_loglinear,plan_time
q06_p8,no_hashjoin,default,1944.4035,2164.5295,220.1260000000002,0.11321004102286403,0,pg_baseline_loglinear,plan_time
q07_p2,no_nestloop,default,1608.205,26988.5505,25380.345500000003,15.781784971443319,0,pg_baseline_loglinear,plan_time
q07_p7,no_nestloop,default,1598.659,25281.563,23682.904,14.814231177505645,0,pg_baseline_loglinear,plan_time
q08_p1,no_mergejoin,default,1380.1285,1418.1405,38.011999999999944,0.027542362903164364,0,pg_baseline_loglinear,plan_time
q08_p6,default,default,1104.4540000000002,1104.4540000000002,0.0,0.0,1,pg_baseline_loglinear,plan_time
q09_p0,no_nestloop,default,2546.7650000000003,11823.971,9277.205999999998,3.6427412815866393,0,pg_baseline_loglinear,plan_time
q09_p5,no_nestloop,default,4798.2685,8268.2085,3469.9400000000005,0.7231650333865227,0,pg_baseline_loglinear,plan_time
q10_p4,default,default,1234.456,1234.456,0.0,0.0,1,pg_baseline_loglinear,plan_time
q10_p9,default,default,1364.5785,1364.5785,0.0,0.0,1,pg_baseline_loglinear,plan_time
q11_p3,no_hashjoin,default,429.638,475.6005,45.962500000000034,0.10697959677682145,0,pg_baseline_loglinear,plan_time
q11_p8,no_mergejoin,default,313.812,827.2795,513.4675,1.6362264668017792,0,pg_baseline_loglinear,plan_time
q12_p2,no_mergejoin,default,1771.908,4218.7365,2446.8285,1.3809004192091239,0,pg_baseline_loglinear,plan_time
q12_p7,no_hashjoin,default,1619.6605,1892.7775,273.11699999999996,0.16862607935428442,0,pg_baseline_loglinear,plan_time
q13_p1,default,default,2710.3185,2710.3185,0.0,0.0,1,pg_baseline_loglinear,plan_time
q13_p6,no_nestloop,default,1516.3615,1965.6045,449.24299999999994,0.29626378670257725,0,pg_baseline_loglinear,plan_time
q14_p0,no_nestloop,default,833.2895000000001,861.63,28.340499999999906,0.03401038894645847,0,pg_baseline_loglinear,plan_time
q14_p5,no_nestloop,default,864.1,945.6135,81.51350000000002,0.09433341048489763,0,pg_baseline_loglinear,plan_time
q15_p4,no_mergejoin,default,1292.9405,1503.6570000000002,210.71650000000022,0.16297463030974768,0,pg_baseline_loglinear,plan_time
q15_p9,default,default,1242.167,1242.167,0.0,0.0,1,pg_baseline_loglinear,plan_time
q16_p3,default,default,804.9105,804.9105,0.0,0.0,1,pg_baseline_loglinear,plan_time
q16_p8,no_nestloop,default,1006.8275,1339.669,332.8415000000001,0.33058443477159694,0,pg_baseline_loglinear,plan_time
q17_p2,no_hashjoin,default,586.6975,3134.976,2548.2785000000003,4.343428257321704,0,pg_baseline_loglinear,plan_time
q17_p7,no_hashjoin,default,604.4404999999999,3533.6765,2929.236,4.846194124980045,0,pg_baseline_loglinear,plan_time
q18_p1,no_hashjoin,no_mergejoin,10326.5275,11575.754,1249.2265000000007,0.1209725631389642,0,pg_baseline_loglinear,plan_time
q18_p6,no_mergejoin,no_mergejoin,12077.3795,12077.3795,0.0,0.0,1,pg_baseline_loglinear,plan_time
q19_p0,default,default,435.11,435.11,0.0,0.0,1,pg_baseline_loglinear,plan_time
q19_p5,no_hashjoin,default,132.4375,141.09750000000005,8.660000000000053,0.06538933459178908,0,pg_baseline_loglinear,plan_time
q20_p0,no_hashjoin,default,3627.978,6531.394,2903.416,0.8002848969866962,0,pg_baseline_loglinear,plan_time
q20_p1,no_mergejoin,default,2129.206,2525.096,395.8899999999999,0.18593316006060467,0,pg_baseline_loglinear,plan_time
q20_p6,default,default,4121.406,4121.406,0.0,0.0,1,pg_baseline_loglinear,plan_time
q20_p9,no_hashjoin,default,3891.652,4412.6465,520.9944999999998,0.13387489426084342,0,pg_baseline_loglinear,plan_time
q21_p3,no_nestloop,default,11808.777,17560.987,5752.210000000001,0.4871131023983264,0,pg_baseline_loglinear,plan_time
q21_p8,no_mergejoin,default,5838.317999999999,12133.7155,6295.397500000001,1.078289586144503,0,pg_baseline_loglinear,plan_time
q22_p2,default,default,289.3345,289.3345,0.0,0.0,1,pg_baseline_loglinear,plan_time
q22_p7,default,default,482.2065,482.2065,0.0,0.0,1,pg_baseline_loglinear,plan_time
ds_q05_returns_filter,no_nestloop,default,163.456,279.907,116.451,0.7124302564604541,0,pg_baseline_loglinear,plan_time
ds_q10_window_topk,no_nestloop,default,1763.773,2181.389,417.6160000000002,0.23677423341892645,0,pg_baseline_loglinear,plan_time
ds_q15_returns_ratio,no_mergejoin,default,643.784,810.594,166.81000000000006,0.2591086451356357,0,pg_baseline_loglinear,plan_time
ds_q20_demographic,no_mergejoin,default,726.447,867.031,140.58399999999995,0.19352272085919542,0,pg_baseline_loglinear,plan_time
online_dac91519b8,no_mergejoin,default,194.431,208.479,14.048000000000002,0.07225185284239655,0,pg_baseline_loglinear,plan_time
online_0e0bb4a7ce,default,no_mergejoin,318.695,340.244,21.549000000000035,0.06761637302122736,0,pg_baseline_loglinear,plan_time
q04,default,default,1216.968,1216.968,0.0,0.0,1,pg_baseline_loglinear,plan_time
q09,no_nestloop,default,9471.806,23625.277,14153.470999999998,1.4942737425154187,0,pg_baseline_loglinear,plan_time
q14,no_mergejoin,default,1504.265,1878.312,374.0469999999998,0.24865765008160112,0,pg_baseline_loglinear,plan_time
q19,no_hashjoin,default,198.599,543.454,344.85499999999996,1.7364387534680437,0,pg_baseline_loglinear,plan_time
q20,no_hashjoin,default,4427.324,7381.431,2954.107,0.6672443670262218,0,pg_baseline_loglinear,plan_time
q01_p2,no_hashjoin,default,5851.049,8152.58,2301.531,0.3933535678815885,0,pg_baseline_loglinear,plan_time
q01_p7,no_nestloop,default,6604.8715,19469.1505,12864.278999999999,1.9476955759093872,0,pg_baseline_loglinear,plan_time
q02_p1,default,default,2452.8315,2452.8315,0.0,0.0,1,pg_baseline_loglinear,plan_time
q02_p6,no_hashjoin,default,4092.8975,4387.3745,294.47699999999986,0.07194829579778128,0,pg_baseline_loglinear,plan_time
q03_p0,no_mergejoin,default,1613.922,1886.5425,272.6205,0.16891801462524203,0,pg_baseline_loglinear,plan_time
q03_p5,no_mergejoin,default,1763.8895,2748.4605,984.5710000000001,0.5581817908661513,0,pg_baseline_loglinear,plan_time
q04_p4,default,default,1143.0915,1143.0915,0.0,0.0,1,pg_baseline_loglinear,plan_time
q04_p9,default,default,736.759,736.759,0.0,0.0,1,pg_baseline_loglinear,plan_time
q05_p3,no_mergejoin,default,2973.864,5877.5075,2903.6434999999997,0.9763874541673727,0,pg_baseline_loglinear,plan_time
q05_p8,default,default,3111.7965,3111.7965,0.0,0.0,1,pg_baseline_loglinear,plan_time
q06_p2,default,default,1447.0975,1447.0975,0.0,0.0,1,pg_baseline_loglinear,plan_time
q06_p7,no_mergejoin,default,1675.4740000000002,1691.73,16.255999999999858,0.009702329012565958,0,pg_baseline_loglinear,plan_time
q07_p1,no_nestloop,default,1767.1709999999998,26986.943,25219.772,14.271268598228469,0,pg_baseline_loglinear,plan_time
q07_p6,no_nestloop,default,2580.009,24139.410000000003,21559.401000000005,8.356327826763396,0,pg_baseline_loglinear,plan_time
q08_p0,no_nestloop,default,1730.1635,2143.2695000000003,413.1060000000002,0.23876702982117015,0,pg_baseline_loglinear,plan_time
q08_p5,no_mergejoin,default,1180.6585,1218.9740000000002,38.315500000000156,0.03245265248164486,0,pg_baseline_loglinear,plan_time
q09_p4,no_nestloop,default,9471.1885,14930.7615,5459.573,0.5764401162536255,0,pg_baseline_loglinear,plan_time
q09_p9,no_mergejoin,default,12061.8875,12111.7905,49.90299999999843,0.004137246347223789,0,pg_baseline_loglinear,plan_time
q10_p3,default,default,2030.4335,2030.4335,0.0,0.0,1,pg_baseline_loglinear,plan_time
q10_p8,no_mergejoin,default,1448.6805,2497.616,1048.9355,0.7240626901514862,0,pg_baseline_loglinear,plan_time
q11_p2,no_hashjoin,default,384.172,856.676,472.504,1.229928261299626,0,pg_baseline_loglinear,plan_time
q11_p7,no_mergejoin,default,419.106,661.999,242.89300000000003,0.5795502808358746,0,pg_baseline_loglinear,plan_time
q12_p1,no_hashjoin,default,1593.877,3306.452,1712.5750000000003,1.0744712421347447,0,pg_baseline_loglinear,plan_time
q12_p6,default,default,2153.3515,2153.3515,0.0,0.0,1,pg_baseline_loglinear,plan_time
q13_p0,no_nestloop,default,2734.0865,4027.777,1293.6905000000002,0.47317102074129713,0,pg_baseline_loglinear,plan_time
q13_p5,no_mergejoin,default,1794.1095,2971.743,1177.6335,0.6563888658969812,0,pg_baseline_loglinear,plan_time
q14_p4,no_mergejoin,default,839.824,851.4845,11.66050000000007,0.013884456743317841,0,pg_baseline_loglinear,plan_time
q14_p9,no_nestloop,default,966.5315,1040.2475,73.7159999999999,0.07626859548809306,0,pg_baseline_loglinear,plan_time
q15_p3,no_nestloop,default,1301.4775,1436.461,134.98350000000005,0.10371558478728993,0,pg_baseline_loglinear,plan_time
q15_p8,no_hashjoin,default,1158.362,1245.0990000000002,86.73700000000008,0.07487901018852483,0,pg_baseline_loglinear,plan_time
q16_p2,no_mergejoin,default,802.552,883.3965000000001,80.84450000000004,0.10073428263838369,0,pg_baseline_loglinear,plan_time
q16_p7,no_nestloop,default,1114.38,1225.822,111.44199999999978,0.10000358943986765,0,pg_baseline_loglinear,plan_time
q17_p1,no_hashjoin,default,632.7725,3498.1085000000003,2865.3360000000002,4.528224598888226,0,pg_baseline_loglinear,plan_time
q17_p6,no_hashjoin,default,708.625,3593.605,2884.98,4.071236549656024,0,pg_baseline_loglinear,plan_time
q18_p0,default,no_mergejoin,10424.9135,11115.307,690.3935000000001,0.06622534565874338,0,pg_baseline_loglinear,plan_time
q18_p5,default,no_mergejoin,11290.9185,11487.2415,196.32300000000032,0.017387690824267388,0,pg_baseline_loglinear,plan_time
q19_p4,no_hashjoin,default,264.754,413.238,148.48399999999998,0.560837607741526,0,pg_baseline_loglinear,plan_time
q19_p9,no_hashjoin,default,127.625,235.188,107.56299999999999,0.8428050930460331,0,pg_baseline_loglinear,plan_time
q20_p5,default,default,4559.4845000000005,4559.4845000000005,0.0,0.0,1,pg_baseline_loglinear,plan_time
q20_p8,no_hashjoin,default,4169.7305,4304.986,135.2555000000002,0.0324374680809707,0,pg_baseline_loglinear,plan_time
q21_p2,no_nestloop,default,9402.375,12400.143,2997.768,0.318830933673673,0,pg_baseline_loglinear,plan_time
q21_p7,default,default,5536.146500000001,5536.146500000001,0.0,0.0,1,pg_baseline_loglinear,plan_time
q22_p1,no_hashjoin,default,550.9290000000001,1051.2615,500.3325,0.9081614872333821,0,pg_baseline_loglinear,plan_time
q22_p6,no_hashjoin,default,492.38,558.0045,65.62450000000001,0.13328019009707948,0,pg_baseline_loglinear,plan_time
ds_q04_customer_topk,no_mergejoin,default,577.718,704.859,127.14100000000008,0.2200745000155786,0,pg_baseline_loglinear,plan_time
ds_q09_avg_basket,no_mergejoin,default,420.93,481.674,60.74399999999997,0.14430903000498896,0,pg_baseline_loglinear,plan_time
ds_q14_state_revenue,default,default,495.792,495.792,0.0,0.0,1,pg_baseline_loglinear,plan_time
ds_q19_self_join,no_mergejoin,default,0.106,5.488,5.382000000000001,50.773584905660385,0,pg_baseline_loglinear,plan_time
online_d4e75912f5,no_nestloop,default,1374.997,2553.552,1178.555,0.857132779198791,0,pg_baseline_loglinear,plan_time
online_0766b87ee1,no_mergejoin,default,108.512,160.655,52.143,0.4805274992627544,0,pg_baseline_loglinear,plan_time
q03,default,no_mergejoin,1640.223,2101.658,461.43499999999995,0.28132455160060554,0,random_forest,plan_time
q08,no_hashjoin,no_mergejoin,1382.048,1513.581,131.5329999999999,0.09517252656926534,0,random_forest,plan_time
q13,no_mergejoin,no_nestloop,2595.487,2688.645,93.1579999999999,0.03589230075126548,0,random_forest,plan_time
q18,default,no_hashjoin,13888.445,14970.42,1081.9750000000004,0.0779046898338871,0,random_forest,plan_time
q01_p1,no_nestloop,no_hashjoin,4936.3675,12175.253,7238.8855,1.4664397454200886,0,random_forest,plan_time
q01_p6,no_hashjoin,no_hashjoin,7781.075,7781.075,0.0,0.0,1,random_forest,plan_time
q02_p0,no_hashjoin,no_mergejoin,2434.8245,2494.5200000000004,59.695500000000266,0.02451737281270172,0,random_forest,plan_time
q02_p5,default,default,4321.084,4321.084,0.0,0.0,1,random_forest,plan_time
q03_p4,no_mergejoin,no_mergejoin,1968.729,1968.729,0.0,0.0,1,random_forest,plan_time
q03_p9,default,default,1507.6905000000002,1507.6905000000002,0.0,0.0,1,random_forest,plan_time
q04_p3,default,default,947.482,947.482,0.0,0.0,1,random_forest,plan_time
q04_p8,default,no_hashjoin,1143.2035,1196.3635,53.159999999999854,0.04650090731877565,0,random_forest,plan_time
q05_p2,default,no_nestloop,3168.7395,4236.228,1067.4885,0.3368811162924563,0,random_forest,plan_time
q05_p7,no_nestloop,no_nestloop,1925.716,1925.716,0.0,0.0,1,random_forest,plan_time
q06_p1,no_mergejoin,no_mergejoin,1446.843,1446.843,0.0,0.0,1,random_forest,plan_time
q06_p6,default,no_nestloop,1655.3635,1757.3015,101.9380000000001,0.06158043233404631,0,random_forest,plan_time
q07_p0,no_nestloop,no_nestloop,1703.163,1703.163,0.0,0.0,1,random_forest,plan_time
q07_p5,no_nestloop,no_nestloop,1562.0485,1562.0485,0.0,0.0,1,random_forest,plan_time
q08_p4,default,no_mergejoin,1550.8355,1692.0445,141.20900000000006,0.0910534998715209,0,random_forest,plan_time
q08_p9,default,default,1456.4525,1456.4525,0.0,0.0,1,random_forest,plan_time
q09_p3,no_nestloop,no_nestloop,5980.2855,5980.2855,0.0,0.0,1,random_forest,plan_time
q09_p8,no_mergejoin,no_nestloop,6071.502,8294.216,2222.714,0.36608964305702285,0,random_forest,plan_time
q10_p2,no_mergejoin,no_mergejoin,1182.541,1182.541,0.0,0.0,1,random_forest,plan_time
q10_p7,no_mergejoin,default,1459.369,1985.785,526.4160000000002,0.3607148020822699,0,random_forest,plan_time
q11_p1,no_mergejoin,no_mergejoin,293.78099999999995,293.78099999999995,0.0,0.0,1,random_forest,plan_time
q11_p6,default,no_hashjoin,347.7065,352.666,4.959499999999991,0.014263466458061647,0,random_forest,plan_time
q12_p0,default,no_nestloop,1592.2375000000002,5458.273999999999,3866.0364999999993,2.4280526617417304,0,random_forest,plan_time
q12_p5,no_nestloop,default,1842.5085,3490.445,1647.9365000000003,0.894398316208582,0,random_forest,plan_time
q13_p4,no_mergejoin,no_mergejoin,1613.398,1613.398,0.0,0.0,1,random_forest,plan_time
q13_p9,no_mergejoin,no_mergejoin,1451.906,1451.906,0.0,0.0,1,random_forest,plan_time
q14_p3,no_hashjoin,default,881.634,899.762,18.12799999999993,0.0205618204379594,0,random_forest,plan_time
q14_p8,no_nestloop,default,1027.206,1032.88,5.6740000000002055,0.005523721629351996,0,random_forest,plan_time
q15_p2,no_hashjoin,default,1287.6165,1566.894,279.2774999999999,0.21689493727363685,0,random_forest,plan_time
q15_p7,no_hashjoin,no_mergejoin,1210.906,1215.9995,5.093499999999949,0.004206354580784888,0,random_forest,plan_time
q16_p1,default,no_mergejoin,760.5605,818.953,58.39249999999993,0.0767756148261709,0,random_forest,plan_time
q16_p6,default,no_mergejoin,934.039,1223.1565,289.11750000000006,0.3095347196423277,0,random_forest,plan_time
q17_p0,no_hashjoin,no_hashjoin,591.725,591.725,0.0,0.0,1,random_forest,plan_time
q17_p5,no_hashjoin,no_hashjoin,628.0405,628.0405,0.0,0.0,1,random_forest,plan_time
q18_p4,no_hashjoin,default,11160.5615,11332.8475,172.28600000000006,0.015437036926860825,0,random_forest,plan_time
q18_p9,no_hashjoin,no_mergejoin,11219.319,11228.1535,8.834500000000844,0.0007874363853992428,0,random_forest,plan_time
q19_p3,default,no_hashjoin,392.595,404.667,12.071999999999946,0.030749245405570447,0,random_forest,plan_time
q19_p8,no_nestloop,no_hashjoin,96.9605,146.89350000000002,49.93300000000002,0.5149829054099353,0,random_forest,plan_time
q20_p4,no_hashjoin,no_hashjoin,17808.234,17808.234,0.0,0.0,1,random_forest,plan_time
q20_p7,default,no_mergejoin,5230.9955,6586.8675,1355.8720000000003,0.2591996112403461,0,random_forest,plan_time
q21_p1,no_nestloop,no_mergejoin,10391.969,18510.851,8118.882,0.7812650326420334,0,random_forest,plan_time
q21_p6,default,default,11229.0195,11229.0195,0.0,0.0,1,random_forest,plan_time
q22_p0,no_nestloop,no_mergejoin,829.7715000000001,1243.2135,413.442,0.4982600631619669,0,random_forest,plan_time
q22_p5,default,no_hashjoin,556.4970000000001,1564.541,1008.0439999999999,1.811409585316722,0,random_forest,plan_time
ds_q03_promo_effect,no_nestloop,no_mergejoin,389.256,613.607,224.351,0.5763584890149414,0,random_forest,plan_time
ds_q08_addr_filter,no_mergejoin,no_hashjoin,39.483,43.675,4.192,0.10617227667603779,0,random_forest,plan_time
ds_q13_high_quantity,default,default,350.115,350.115,0.0,0.0,1,random_forest,plan_time
ds_q18_brand_topk,default,no_nestloop,662.842,774.295,111.45299999999997,0.1681441429480932,0,random_forest,plan_time
online_ce83de12bc,no_nestloop,default,732.934,947.618,214.68400000000008,0.2929104121244206,0,random_forest,plan_time
online_da978a89a5,no_hashjoin,no_hashjoin,0.03,0.03,0.0,0.0,1,random_forest,plan_time
q02,no_mergejoin,no_mergejoin,3199.538,3199.538,0.0,0.0,1,random_forest,plan_time
q07,no_nestloop,no_nestloop,2402.029,2402.029,0.0,0.0,1,random_forest,plan_time
q12,no_nestloop,no_hashjoin,3102.1,3556.871,454.7710000000002,0.14660101221753008,0,random_forest,plan_time
q17,no_hashjoin,no_hashjoin,939.65,939.65,0.0,0.0,1,random_forest,plan_time
q22,no_hashjoin,no_hashjoin,345.909,345.909,0.0,0.0,1,random_forest,plan_time
q01_p0,no_hashjoin,no_nestloop,6709.9035,7309.063,599.1594999999998,0.08929480133358103,0,random_forest,plan_time
q01_p5,default,no_nestloop,6793.9285,9884.7815,3090.852999999999,0.45494341013450446,0,random_forest,plan_time
q02_p4,no_mergejoin,default,2628.4125,2715.698,87.28549999999996,0.033208448065134455,0,random_forest,plan_time
q02_p9,no_mergejoin,no_mergejoin,2436.656,2436.656,0.0,0.0,1,random_forest,plan_time
q03_p3,no_mergejoin,no_mergejoin,1607.9555,1607.9555,0.0,0.0,1,random_forest,plan_time
q03_p8,no_mergejoin,no_mergejoin,1455.49,1455.49,0.0,0.0,1,random_forest,plan_time
q04_p2,default,no_mergejoin,837.004,924.14,87.13599999999997,0.10410463988224672,0,random_forest,plan_time
q04_p7,default,default,1296.4145,1296.4145,0.0,0.0,1,random_forest,plan_time
q05_p1,no_nestloop,default,3265.4955,8077.1785,4811.683,1.4734924607919382,0,random_forest,plan_time
q05_p6,no_nestloop,no_nestloop,1823.496,1823.496,0.0,0.0,1,random_forest,plan_time
q06_p0,default,no_nestloop,1933.157,2010.092,76.93500000000017,0.0397975953324019,0,random_forest,plan_time
q06_p5,no_mergejoin,no_mergejoin,1583.487,1583.487,0.0,0.0,1,random_forest,plan_time
q07_p4,no_nestloop,no_nestloop,1620.6464999999998,1620.6464999999998,0.0,0.0,1,random_forest,plan_time
q07_p9,no_nestloop,no_nestloop,1721.879,1721.879,0.0,0.0,1,random_forest,plan_time
q08_p3,no_hashjoin,no_mergejoin,1452.751,1546.344,93.59300000000007,0.06442466740687158,0,random_forest,plan_time
q08_p8,no_mergejoin,no_mergejoin,1156.682,1156.682,0.0,0.0,1,random_forest,plan_time
q09_p2,no_mergejoin,no_mergejoin,8778.053,8778.053,0.0,0.0,1,random_forest,plan_time
q09_p7,default,no_mergejoin,6044.4305,8864.034,2819.6034999999993,0.46647959638215686,0,random_forest,plan_time
q10_p1,default,no_mergejoin,1446.9835,1632.7665,185.7829999999999,0.12839330925335357,0,random_forest,plan_time
q10_p6,no_mergejoin,no_mergejoin,1423.0825,1423.0825,0.0,0.0,1,random_forest,plan_time
q11_p0,default,no_mergejoin,337.278,551.156,213.87799999999993,0.6341297090234166,0,random_forest,plan_time
q11_p5,no_mergejoin,no_hashjoin,285.606,296.6575,11.051500000000033,0.03869491537292635,0,random_forest,plan_time
q12_p4,no_hashjoin,no_hashjoin,1648.4475,1648.4475,0.0,0.0,1,random_forest,plan_time
q12_p9,no_hashjoin,no_hashjoin,1358.037,1358.037,0.0,0.0,1,random_forest,plan_time
q13_p3,no_nestloop,no_mergejoin,1700.802,2405.4875,704.6855000000003,0.41432541824386404,0,random_forest,plan_time
q13_p8,no_nestloop,no_mergejoin,1530.663,1620.27,89.60699999999997,0.05854129877053271,0,random_forest,plan_time
q14_p2,no_mergejoin,no_hashjoin,849.1585,868.6205,19.46199999999999,0.02291916055718679,0,random_forest,plan_time
q14_p7,default,no_nestloop,889.7155,1167.5415,277.826,0.3122638641228572,0,random_forest,plan_time
q15_p1,no_mergejoin,default,1376.799,1396.0915,19.292500000000018,0.01401257554661206,0,random_forest,plan_time
q15_p6,no_hashjoin,no_hashjoin,1205.1170000000002,1205.1170000000002,0.0,0.0,1,random_forest,plan_time
q16_p0,no_nestloop,no_nestloop,810.1405,810.1405,0.0,0.0,1,random_forest,plan_time
q16_p5,no_mergejoin,no_mergejoin,940.731,940.731,0.0,0.0,1,random_forest,plan_time
q17_p4,no_hashjoin,no_hashjoin,566.529,566.529,0.0,0.0,1,random_forest,plan_time
q17_p9,no_hashjoin,no_hashjoin,620.206,620.206,0.0,0.0,1,random_forest,plan_time
q18_p3,default,no_mergejoin,11190.9485,11201.998,11.04949999999917,0.0009873604547459003,0,random_forest,plan_time
q18_p8,no_hashjoin,no_mergejoin,11284.042,11425.236,141.19400000000132,0.012512714858736063,0,random_forest,plan_time
q19_p2,default,no_mergejoin,231.761,298.061,66.29999999999998,0.2860705640724712,0,random_forest,plan_time
q19_p7,no_mergejoin,no_mergejoin,129.787,129.787,0.0,0.0,1,random_forest,plan_time
q20_p3,no_hashjoin,no_hashjoin,10269.854,10269.854,0.0,0.0,1,random_forest,plan_time
q21_p0,no_nestloop,no_nestloop,9580.423,9580.423,0.0,0.0,1,random_forest,plan_time
q21_p5,default,default,5695.0725,5695.0725,0.0,0.0,1,random_forest,plan_time
q22_p4,no_mergejoin,default,536.7025,621.787,85.08450000000005,0.15853196137524983,0,random_forest,plan_time
q22_p9,no_mergejoin,no_hashjoin,547.071,924.098,377.02699999999993,0.6891738001100405,0,random_forest,plan_time
ds_q02_topk_revenue,no_mergejoin,no_mergejoin,543.457,543.457,0.0,0.0,1,random_forest,plan_time
ds_q07_yearly_trend,no_mergejoin,no_nestloop,572.578,616.613,44.03500000000008,0.07690655246970723,0,random_forest,plan_time
ds_q12_catalog_topk,no_nestloop,no_nestloop,356.789,356.789,0.0,0.0,1,random_forest,plan_time
ds_q17_dow_pattern,no_mergejoin,no_mergejoin,571.268,571.268,0.0,0.0,1,random_forest,plan_time
online_b21324f41e,no_nestloop,default,160.279,256.352,96.07299999999998,0.5994110270216308,0,random_forest,plan_time
online_cc5a30cb4b,no_hashjoin,no_hashjoin,0.242,0.249,0.007000000000000006,0.02892561983471076,1,random_forest,plan_time
q01,no_nestloop,no_mergejoin,6900.803,10066.542,3165.7389999999996,0.45874936583467174,0,random_forest,plan_time
q06,no_nestloop,no_mergejoin,1737.52,1959.172,221.65200000000004,0.12756802799392242,0,random_forest,plan_time
q11,no_mergejoin,no_hashjoin,308.811,403.337,94.52600000000001,0.3060966092529087,0,random_forest,plan_time
q16,no_mergejoin,no_nestloop,1106.188,1324.611,218.423,0.19745558621138537,0,random_forest,plan_time
q21,no_nestloop,default,10367.542,13986.072,3618.5300000000007,0.349024870118684,0,random_forest,plan_time
q01_p4,no_mergejoin,no_mergejoin,4009.7205,4009.7205,0.0,0.0,1,random_forest,plan_time
q01_p9,no_mergejoin,no_mergejoin,3913.345,3913.345,0.0,0.0,1,random_forest,plan_time
q02_p3,default,default,2521.813,2521.813,0.0,0.0,1,random_forest,plan_time
q02_p8,default,no_mergejoin,3861.4465,6016.4355,2154.9889999999996,0.5580781709652067,0,random_forest,plan_time
q03_p2,default,no_mergejoin,1904.992,1976.2925,71.30050000000006,0.03742824116846677,0,random_forest,plan_time
q03_p7,no_mergejoin,no_mergejoin,2113.0685,2113.0685,0.0,0.0,1,random_forest,plan_time
q04_p1,no_hashjoin,default,1628.6460000000002,1680.7925,52.14649999999983,0.03201831459998039,0,random_forest,plan_time
q04_p6,default,no_hashjoin,1158.8865,1297.0555,138.16899999999987,0.11922565324559375,0,random_forest,plan_time
q05_p0,default,no_nestloop,2864.974,3149.908,284.93399999999974,0.09945430569352443,0,random_forest,plan_time
q05_p5,no_nestloop,no_nestloop,1907.0425,1907.0425,0.0,0.0,1,random_forest,plan_time
q06_p4,default,no_nestloop,1540.209,1739.1945,198.9855,0.12919383018798092,0,random_forest,plan_time
q06_p9,no_nestloop,default,2346.256,2474.21,127.95400000000018,0.054535395967021616,0,random_forest,plan_time
q07_p3,no_nestloop,no_nestloop,1776.7905,1776.7905,0.0,0.0,1,random_forest,plan_time
q07_p8,no_nestloop,no_nestloop,1618.0025,1618.0025,0.0,0.0,1,random_forest,plan_time
q08_p2,no_hashjoin,default,1365.0985,1452.0210000000002,86.92250000000013,0.06367489232461998,0,random_forest,plan_time
q08_p7,default,no_hashjoin,1235.4265,1316.714,81.28749999999991,0.06579711540913191,0,random_forest,plan_time
q09_p1,default,no_nestloop,12540.293,14040.078,1499.7849999999999,0.11959728532658676,0,random_forest,plan_time
q09_p6,no_mergejoin,no_nestloop,7147.695,12734.1305,5586.4355,0.7815716115474989,0,random_forest,plan_time
q10_p0,default,no_mergejoin,1205.222,1397.03,191.808,0.1591474433755773,0,random_forest,plan_time
q10_p5,no_mergejoin,no_mergejoin,1585.3655,1585.3655,0.0,0.0,1,random_forest,plan_time
q11_p4,no_mergejoin,no_mergejoin,342.552,342.552,0.0,0.0,1,random_forest,plan_time
q11_p9,no_mergejoin,no_hashjoin,498.1445,596.7909999999999,98.64649999999995,0.19802788146812822,0,random_forest,plan_time
q12_p3,no_mergejoin,no_hashjoin,1803.5685,6724.17,4920.6015,2.7282587270735763,0,random_forest,plan_time
q12_p8,no_hashjoin,no_hashjoin,1431.9595,1431.9595,0.0,0.0,1,random_forest,plan_time
q13_p2,no_nestloop,no_mergejoin,2061.1645,3145.561,1084.3965000000003,0.5261086633308503,0,random_forest,plan_time
q13_p7,no_mergejoin,default,1534.096,1674.8715,140.77549999999997,0.09176446584829101,0,random_forest,plan_time
q14_p1,default,default,856.3745,856.3745,0.0,0.0,1,random_forest,plan_time
q14_p6,default,default,840.345,840.345,0.0,0.0,1,random_forest,plan_time
q15_p0,default,default,1293.8425,1293.8425,0.0,0.0,1,random_forest,plan_time
q15_p5,no_mergejoin,no_mergejoin,1233.9364999999998,1233.9364999999998,0.0,0.0,1,random_forest,plan_time
q16_p4,default,no_mergejoin,969.8925,989.0975,19.204999999999927,0.019801163531009802,0,random_forest,plan_time
q16_p9,default,no_nestloop,962.4985,1029.229,66.7305,0.06933049765791832,0,random_forest,plan_time
q17_p3,no_hashjoin,no_hashjoin,659.4604999999999,659.4604999999999,0.0,0.0,1,random_forest,plan_time
q17_p8,no_hashjoin,no_hashjoin,645.7985,645.7985,0.0,0.0,1,random_forest,plan_time
q18_p2,no_mergejoin,default,11428.776,11754.184,325.40799999999945,0.02847269033884281,0,random_forest,plan_time
q18_p7,default,no_hashjoin,11190.6245,11307.455,116.83050000000003,0.01044003397665616,0,random_forest,plan_time
q19_p1,no_mergejoin,no_hashjoin,371.417,454.037,82.62,0.22244539156796805,0,random_forest,plan_time
q19_p6,default,default,129.308,129.308,0.0,0.0,1,random_forest,plan_time
q20_p2,no_hashjoin,default,3476.229,5046.379,1570.15,0.45168198067503607,0,random_forest,plan_time
q21_p4,no_hashjoin,no_nestloop,19158.111,20578.87,1420.7589999999982,0.07415966010427644,0,random_forest,plan_time
q21_p9,no_mergejoin,default,6119.7855,6552.4865,432.701,0.07070525592767907,0,random_forest,plan_time
q22_p3,default,default,296.57550000000003,296.57550000000003,0.0,0.0,1,random_forest,plan_time
q22_p8,default,no_hashjoin,269.98900000000003,378.439,108.44999999999999,0.4016830315309141,0,random_forest,plan_time
ds_q01_filter_agg,no_mergejoin,no_nestloop,537.585,1482.016,944.431,1.7568031102058277,0,random_forest,plan_time
ds_q06_web_vs_store,default,no_mergejoin,696.566,852.859,156.293,0.2243764409976945,0,random_forest,plan_time
ds_q11_inventory_check,no_nestloop,no_mergejoin,343.882,423.518,79.63599999999997,0.23157943713250462,0,random_forest,plan_time
ds_q16_web_returns,no_mergejoin,no_mergejoin,35.959,35.959,0.0,0.0,1,random_forest,plan_time
online_749218157a,no_mergejoin,default,1039.564,1747.386,707.8219999999999,0.6808835242467033,0,random_forest,plan_time
online_ca182698d7,no_hashjoin,default,1.485,2.217,0.732,0.492929292929293,0,random_forest,plan_time
q05,no_nestloop,default,2887.231,8827.081,5939.85,2.057282565890987,0,random_forest,plan_time
q10,default,no_mergejoin,1318.8,1571.937,253.13699999999994,0.19194494995450406,0,random_forest,plan_time
q15,no_mergejoin,no_nestloop,2113.783,2244.615,130.83199999999988,0.061894716723523535,0,random_forest,plan_time
q01_p3,no_mergejoin,no_nestloop,6612.3240000000005,7246.2675,633.9434999999994,0.09587302437085654,0,random_forest,plan_time
q01_p8,no_mergejoin,no_nestloop,3314.7995,5566.4745,2251.675,0.6792793953299439,0,random_forest,plan_time
q02_p2,no_mergejoin,default,2582.8855000000003,2767.3225,184.4369999999999,0.07140734655097947,0,random_forest,plan_time
q02_p7,no_hashjoin,no_hashjoin,2652.7625,2652.7625,0.0,0.0,1,random_forest,plan_time
q03_p1,no_mergejoin,default,1753.976,1922.548,168.5719999999999,0.09610849863396065,0,random_forest,plan_time
q03_p6,default,default,2015.7405,2015.7405,0.0,0.0,1,random_forest,plan_time
q04_p0,no_mergejoin,default,1355.0675,1419.8629999999998,64.79549999999972,0.04781717515917072,0,random_forest,plan_time
q04_p5,no_mergejoin,no_mergejoin,1345.431,1345.431,0.0,0.0,1,random_forest,plan_time
q05_p4,no_nestloop,no_nestloop,2636.791,2636.791,0.0,0.0,1,random_forest,plan_time
q05_p9,no_nestloop,no_nestloop,1782.8665,1782.8665,0.0,0.0,1,random_forest,plan_time
q06_p3,no_hashjoin,no_mergejoin,1443.148,1549.478,106.33000000000015,0.07367920684503604,0,random_forest,plan_time
q06_p8,no_hashjoin,no_mergejoin,1944.4035,2170.607,226.20350000000008,0.11633567826842528,0,random_forest,plan_time
q07_p2,no_nestloop,no_nestloop,1608.205,1608.205,0.0,0.0,1,random_forest,plan_time
q07_p7,no_nestloop,no_nestloop,1598.659,1598.659,0.0,0.0,1,random_forest,plan_time
q08_p1,no_mergejoin,no_mergejoin,1380.1285,1380.1285,0.0,0.0,1,random_forest,plan_time
q08_p6,default,default,1104.4540000000002,1104.4540000000002,0.0,0.0,1,random_forest,plan_time
q09_p0,no_nestloop,no_nestloop,2546.7650000000003,2546.7650000000003,0.0,0.0,1,random_forest,plan_time
q09_p5,no_nestloop,no_mergejoin,4798.2685,7211.7415,2413.473,0.5029883175566352,0,random_forest,plan_time
q10_p4,default,default,1234.456,1234.456,0.0,0.0,1,random_forest,plan_time
q10_p9,default,default,1364.5785,1364.5785,0.0,0.0,1,random_forest,plan_time
q11_p3,no_hashjoin,no_mergejoin,429.638,516.4694999999999,86.83149999999995,0.2021038641833357,0,random_forest,plan_time
q11_p8,no_mergejoin,no_mergejoin,313.812,313.812,0.0,0.0,1,random_forest,plan_time
q12_p2,no_mergejoin,no_hashjoin,1771.908,2229.9565,458.0484999999999,0.2585058027843432,0,random_forest,plan_time
q12_p7,no_hashjoin,no_hashjoin,1619.6605,1619.6605,0.0,0.0,1,random_forest,plan_time
q13_p1,default,no_mergejoin,2710.3185,2764.94,54.6215000000002,0.02015316650054233,0,random_forest,plan_time
q13_p6,no_nestloop,no_mergejoin,1516.3615,1833.3095,316.9480000000001,0.20901875970868433,0,random_forest,plan_time
q14_p0,no_nestloop,no_hashjoin,833.2895000000001,895.51,62.2204999999999,0.07466852756454978,0,random_forest,plan_time
q14_p5,no_nestloop,no_mergejoin,864.1,899.79,35.68999999999994,0.041303089920148084,0,random_forest,plan_time
q15_p4,no_mergejoin,default,1292.9405,1503.6570000000002,210.71650000000022,0.16297463030974768,0,random_forest,plan_time
q15_p9,default,no_hashjoin,1242.167,1313.9375,71.77050000000008,0.05777846296029443,0,random_forest,plan_time
q16_p3,default,no_nestloop,804.9105,967.1825,162.27200000000005,0.20160253841886777,0,random_forest,plan_time
q16_p8,no_nestloop,no_mergejoin,1006.8275,1069.8225,62.995000000000005,0.06256781822109558,0,random_forest,plan_time
q17_p2,no_hashjoin,no_hashjoin,586.6975,586.6975,0.0,0.0,1,random_forest,plan_time
q17_p7,no_hashjoin,no_hashjoin,604.4404999999999,604.4404999999999,0.0,0.0,1,random_forest,plan_time
q18_p1,no_hashjoin,no_mergejoin,10326.5275,11575.754,1249.2265000000007,0.1209725631389642,0,random_forest,plan_time
q18_p6,no_mergejoin,default,12077.3795,12335.4745,258.09500000000116,0.021370115926224065,0,random_forest,plan_time
q19_p0,default,no_hashjoin,435.11,516.983,81.87299999999993,0.18816621084323493,0,random_forest,plan_time
q19_p5,no_hashjoin,no_hashjoin,132.4375,132.4375,0.0,0.0,1,random_forest,plan_time
q20_p0,no_hashjoin,no_mergejoin,3627.978,4085.213,457.2350000000001,0.12603025707432636,0,random_forest,plan_time
q20_p1,no_mergejoin,default,2129.206,2525.096,395.8899999999999,0.18593316006060467,0,random_forest,plan_time
q20_p6,default,no_hashjoin,4121.406,4418.110500000001,296.70450000000073,0.07199108750751582,0,random_forest,plan_time
q20_p9,no_hashjoin,default,3891.652,4412.6465,520.9944999999998,0.13387489426084342,0,random_forest,plan_time
q21_p3,no_nestloop,default,11808.777,17560.987,5752.210000000001,0.4871131023983264,0,random_forest,plan_time
q21_p8,no_mergejoin,no_mergejoin,5838.317999999999,5838.317999999999,0.0,0.0,1,random_forest,plan_time
q22_p2,default,default,289.3345,289.3345,0.0,0.0,1,random_forest,plan_time
q22_p7,default,default,482.2065,482.2065,0.0,0.0,1,random_forest,plan_time
ds_q05_returns_filter,no_nestloop,no_mergejoin,163.456,196.199,32.74300000000002,0.20031690485512943,0,random_forest,plan_time
ds_q10_window_topk,no_nestloop,no_mergejoin,1763.773,1774.157,10.384000000000015,0.0058873789314157765,0,random_forest,plan_time
ds_q15_returns_ratio,no_mergejoin,no_nestloop,643.784,729.727,85.94299999999998,0.13349663862413474,0,random_forest,plan_time
ds_q20_demographic,no_mergejoin,no_mergejoin,726.447,726.447,0.0,0.0,1,random_forest,plan_time
online_dac91519b8,no_mergejoin,no_nestloop,194.431,217.28,22.84899999999999,0.11751726833683929,0,random_forest,plan_time
online_0e0bb4a7ce,default,no_mergejoin,318.695,404.404,85.709,0.26893738527432176,0,random_forest,plan_time
q04,default,no_mergejoin,1216.968,1429.065,212.09699999999998,0.17428313645058857,0,random_forest,plan_time
q09,no_nestloop,no_nestloop,9471.806,9471.806,0.0,0.0,1,random_forest,plan_time
q14,no_mergejoin,no_nestloop,1504.265,2199.709,695.4439999999997,0.46231481820025033,0,random_forest,plan_time
q19,no_hashjoin,no_hashjoin,198.599,198.599,0.0,0.0,1,random_forest,plan_time
q20,no_hashjoin,no_hashjoin,4427.324,4427.324,0.0,0.0,1,random_forest,plan_time
q01_p2,no_hashjoin,no_nestloop,5851.049,6903.8755,1052.8265000000001,0.1799380760612328,0,random_forest,plan_time
q01_p7,no_nestloop,no_nestloop,6604.8715,6604.8715,0.0,0.0,1,random_forest,plan_time
q02_p1,default,default,2452.8315,2452.8315,0.0,0.0,1,random_forest,plan_time
q02_p6,no_hashjoin,no_hashjoin,4092.8975,4092.8975,0.0,0.0,1,random_forest,plan_time
q03_p0,no_mergejoin,no_nestloop,1613.922,2762.3775,1148.4555,0.7115929394357348,0,random_forest,plan_time
q03_p5,no_mergejoin,no_nestloop,1763.8895,2021.318,257.4285,0.14594366597227326,0,random_forest,plan_time
q04_p4,default,default,1143.0915,1143.0915,0.0,0.0,1,random_forest,plan_time
q04_p9,default,default,736.759,736.759,0.0,0.0,1,random_forest,plan_time
q05_p3,no_mergejoin,no_nestloop,2973.864,3159.1445,185.28049999999985,0.0623029499667771,0,random_forest,plan_time
q05_p8,default,no_nestloop,3111.7965,3166.373,54.576500000000124,0.01753858261618335,0,random_forest,plan_time
q06_p2,default,no_nestloop,1447.0975,1482.5605,35.462999999999965,0.02450629622399325,0,random_forest,plan_time
q06_p7,no_mergejoin,default,1675.4740000000002,1691.73,16.255999999999858,0.009702329012565958,0,random_forest,plan_time
q07_p1,no_nestloop,no_nestloop,1767.1709999999998,1767.1709999999998,0.0,0.0,1,random_forest,plan_time
q07_p6,no_nestloop,no_nestloop,2580.009,2580.009,0.0,0.0,1,random_forest,plan_time
q08_p0,no_nestloop,no_mergejoin,1730.1635,1772.03,41.86649999999986,0.024198002096333493,0,random_forest,plan_time
q08_p5,no_mergejoin,default,1180.6585,1218.9740000000002,38.315500000000156,0.03245265248164486,0,random_forest,plan_time
q09_p4,no_nestloop,no_nestloop,9471.1885,9471.1885,0.0,0.0,1,random_forest,plan_time
q09_p9,no_mergejoin,no_nestloop,12061.8875,12728.9635,667.0759999999991,0.05530444551070457,0,random_forest,plan_time
q10_p3,default,no_mergejoin,2030.4335,2738.3345,707.9009999999998,0.34864525235620847,0,random_forest,plan_time
q10_p8,no_mergejoin,default,1448.6805,2497.616,1048.9355,0.7240626901514862,0,random_forest,plan_time
q11_p2,no_hashjoin,no_mergejoin,384.172,629.825,245.65300000000002,0.6394349405995232,0,random_forest,plan_time
q11_p7,no_mergejoin,no_hashjoin,419.106,505.585,86.47899999999998,0.206341593773413,0,random_forest,plan_time
q12_p1,no_hashjoin,default,1593.877,3306.452,1712.5750000000003,1.0744712421347447,0,random_forest,plan_time
q12_p6,default,no_mergejoin,2153.3515,4711.823,2558.4715,1.1881346357062466,0,random_forest,plan_time
q13_p0,no_nestloop,no_nestloop,2734.0865,2734.0865,0.0,0.0,1,random_forest,plan_time
q13_p5,no_mergejoin,default,1794.1095,2971.743,1177.6335,0.6563888658969812,0,random_forest,plan_time
q14_p4,no_mergejoin,no_nestloop,839.824,908.947,69.12300000000005,0.08230653089218709,0,random_forest,plan_time
q14_p9,no_nestloop,no_nestloop,966.5315,966.5315,0.0,0.0,1,random_forest,plan_time
q15_p3,no_nestloop,no_nestloop,1301.4775,1301.4775,0.0,0.0,1,random_forest,plan_time
q15_p8,no_hashjoin,default,1158.362,1245.0990000000002,86.73700000000008,0.07487901018852483,0,random_forest,plan_time
q16_p2,no_mergejoin,no_mergejoin,802.552,802.552,0.0,0.0,1,random_forest,plan_time
q16_p7,no_nestloop,no_nestloop,1114.38,1114.38,0.0,0.0,1,random_forest,plan_time
q17_p1,no_hashjoin,no_hashjoin,632.7725,632.7725,0.0,0.0,1,random_forest,plan_time
q17_p6,no_hashjoin,no_hashjoin,708.625,708.625,0.0,0.0,1,random_forest,plan_time
q18_p0,default,default,10424.9135,10424.9135,0.0,0.0,1,random_forest,plan_time
q18_p5,default,no_hashjoin,11290.9185,11414.5465,123.62800000000061,0.010949330650114941,0,random_forest,plan_time
q19_p4,no_hashjoin,default,264.754,413.238,148.48399999999998,0.560837607741526,0,random_forest,plan_time
q19_p9,no_hashjoin,no_hashjoin,127.625,127.625,0.0,0.0,1,random_forest,plan_time
q20_p5,default,default,4559.4845000000005,4559.4845000000005,0.0,0.0,1,random_forest,plan_time
q20_p8,no_hashjoin,no_hashjoin,4169.7305,4169.7305,0.0,0.0,1,random_forest,plan_time
q21_p2,no_nestloop,no_nestloop,9402.375,9402.375,0.0,0.0,1,random_forest,plan_time
q21_p7,default,no_nestloop,5536.146500000001,26587.122000000003,21050.9755,3.802459978253827,0,random_forest,plan_time
q22_p1,no_hashjoin,default,550.9290000000001,1051.2615,500.3325,0.9081614872333821,0,random_forest,plan_time
q22_p6,no_hashjoin,no_mergejoin,492.38,565.1365000000001,72.75650000000007,0.14776493764978293,0,random_forest,plan_time
ds_q04_customer_topk,no_mergejoin,no_hashjoin,577.718,1272.521,694.803,1.2026680837363557,0,random_forest,plan_time
ds_q09_avg_basket,no_mergejoin,no_mergejoin,420.93,420.93,0.0,0.0,1,random_forest,plan_time
ds_q14_state_revenue,default,no_mergejoin,495.792,802.114,306.32200000000006,0.6178437731952111,0,random_forest,plan_time
ds_q19_self_join,no_mergejoin,no_mergejoin,0.106,0.106,0.0,0.0,1,random_forest,plan_time
online_d4e75912f5,no_nestloop,no_nestloop,1374.997,1374.997,0.0,0.0,1,random_forest,plan_time
online_0766b87ee1,no_mergejoin,default,108.512,148.029,39.516999999999996,0.36417170451194325,0,random_forest,plan_time
q03,default,no_mergejoin,1640.223,2101.658,461.43499999999995,0.28132455160060554,0,ridge,plan_time
q08,no_hashjoin,no_nestloop,1382.048,2374.629,992.5809999999999,0.7181957500752505,0,ridge,plan_time
q13,no_mergejoin,no_mergejoin,2595.487,2595.487,0.0,0.0,1,ridge,plan_time
q18,default,no_nestloop,13888.445,17635.017,3746.572,0.26976180558730656,0,ridge,plan_time
q01_p1,no_nestloop,no_mergejoin,4936.3675,10925.57,5989.202499999999,1.21328132477981,0,ridge,plan_time
q01_p6,no_hashjoin,no_mergejoin,7781.075,15807.0815,8026.0065,1.0314778484977976,0,ridge,plan_time
q02_p0,no_hashjoin,no_hashjoin,2434.8245,2434.8245,0.0,0.0,1,ridge,plan_time
q02_p5,default,no_hashjoin,4321.084,4681.6635,360.5794999999998,0.08344653795205081,0,ridge,plan_time
q03_p4,no_mergejoin,no_mergejoin,1968.729,1968.729,0.0,0.0,1,ridge,plan_time
q03_p9,default,no_mergejoin,1507.6905000000002,2076.7335,569.0429999999997,0.37742693211902556,0,ridge,plan_time
q04_p3,default,no_mergejoin,947.482,1197.7795,250.29750000000013,0.26417124546957105,0,ridge,plan_time
q04_p8,default,no_mergejoin,1143.2035,1331.1985,187.9949999999999,0.1644457876484806,0,ridge,plan_time
q05_p2,default,no_hashjoin,3168.7395,7493.2635,4324.523999999999,1.3647458240098311,0,ridge,plan_time
q05_p7,no_nestloop,no_hashjoin,1925.716,3493.2015,1567.4855000000002,0.8139754252444287,0,ridge,plan_time
q06_p1,no_mergejoin,no_mergejoin,1446.843,1446.843,0.0,0.0,1,ridge,plan_time
q06_p6,default,no_mergejoin,1655.3635,1703.2779999999998,47.91449999999986,0.028945002109808327,0,ridge,plan_time
q07_p0,no_nestloop,no_nestloop,1703.163,1703.163,0.0,0.0,1,ridge,plan_time
q07_p5,no_nestloop,no_nestloop,1562.0485,1562.0485,0.0,0.0,1,ridge,plan_time
q08_p4,default,no_nestloop,1550.8355,1561.3845,10.548999999999978,0.0068021398787943,0,ridge,plan_time
q08_p9,default,no_nestloop,1456.4525,2116.044,659.5914999999998,0.4528753941511994,0,ridge,plan_time
q09_p3,no_nestloop,no_nestloop,5980.2855,5980.2855,0.0,0.0,1,ridge,plan_time
q09_p8,no_mergejoin,no_nestloop,6071.502,8294.216,2222.714,0.36608964305702285,0,ridge,plan_time
q10_p2,no_mergejoin,no_mergejoin,1182.541,1182.541,0.0,0.0,1,ridge,plan_time
q10_p7,no_mergejoin,no_mergejoin,1459.369,1459.369,0.0,0.0,1,ridge,plan_time
q11_p1,no_mergejoin,no_mergejoin,293.78099999999995,293.78099999999995,0.0,0.0,1,ridge,plan_time
q11_p6,default,no_mergejoin,347.7065,496.918,149.2115,0.42913060296543204,0,ridge,plan_time
q12_p0,default,no_hashjoin,1592.2375000000002,2461.0635,868.826,0.5456635709182831,0,ridge,plan_time
q12_p5,no_nestloop,no_hashjoin,1842.5085,3568.3765000000003,1725.8680000000004,0.9366947289524039,0,ridge,plan_time
q13_p4,no_mergejoin,no_mergejoin,1613.398,1613.398,0.0,0.0,1,ridge,plan_time
q13_p9,no_mergejoin,no_mergejoin,1451.906,1451.906,0.0,0.0,1,ridge,plan_time
q14_p3,no_hashjoin,no_mergejoin,881.634,885.2055,3.5715000000000146,0.004051000755415535,0,ridge,plan_time
q14_p8,no_nestloop,no_mergejoin,1027.206,1346.065,318.85900000000015,0.3104138799812308,0,ridge,plan_time
q15_p2,no_hashjoin,no_mergejoin,1287.6165,1323.2005,35.58399999999983,0.027635557636920494,0,ridge,plan_time
q15_p7,no_hashjoin,no_mergejoin,1210.906,1215.9995,5.093499999999949,0.004206354580784888,0,ridge,plan_time
q16_p1,default,no_mergejoin,760.5605,818.953,58.39249999999993,0.0767756148261709,0,ridge,plan_time
q16_p6,default,no_mergejoin,934.039,1223.1565,289.11750000000006,0.3095347196423277,0,ridge,plan_time
q17_p0,no_hashjoin,no_hashjoin,591.725,591.725,0.0,0.0,1,ridge,plan_time
q17_p5,no_hashjoin,no_hashjoin,628.0405,628.0405,0.0,0.0,1,ridge,plan_time
q18_p4,no_hashjoin,no_nestloop,11160.5615,13190.2155,2029.6540000000005,0.18185948798364682,0,ridge,plan_time
q18_p9,no_hashjoin,no_nestloop,11219.319,13056.878,1837.559000000001,0.16378525291954005,0,ridge,plan_time
q19_p3,default,default,392.595,392.595,0.0,0.0,1,ridge,plan_time
q19_p8,no_nestloop,no_mergejoin,96.9605,108.1215,11.161000000000001,0.11510872984359621,0,ridge,plan_time
q20_p4,no_hashjoin,no_mergejoin,17808.234,22436.179,4627.945,0.2598766952410889,0,ridge,plan_time
q20_p7,default,no_mergejoin,5230.9955,6586.8675,1355.8720000000003,0.2591996112403461,0,ridge,plan_time
q21_p1,no_nestloop,no_nestloop,10391.969,10391.969,0.0,0.0,1,ridge,plan_time
q21_p6,default,no_nestloop,11229.0195,27070.873,15841.8535,1.4107957956614108,0,ridge,plan_time
q22_p0,no_nestloop,no_mergejoin,829.7715000000001,1243.2135,413.442,0.4982600631619669,0,ridge,plan_time
q22_p5,default,default,556.4970000000001,556.4970000000001,0.0,0.0,1,ridge,plan_time
ds_q03_promo_effect,no_nestloop,no_mergejoin,389.256,613.607,224.351,0.5763584890149414,0,ridge,plan_time
ds_q08_addr_filter,no_mergejoin,no_mergejoin,39.483,39.483,0.0,0.0,1,ridge,plan_time
ds_q13_high_quantity,default,no_mergejoin,350.115,399.664,49.54899999999998,0.14152207131942363,0,ridge,plan_time
ds_q18_brand_topk,default,no_mergejoin,662.842,2049.833,1386.991,2.0924911215644153,0,ridge,plan_time
online_ce83de12bc,no_nestloop,no_mergejoin,732.934,823.206,90.27200000000005,0.12316525089571506,0,ridge,plan_time
online_da978a89a5,no_hashjoin,no_mergejoin,0.03,1.714,1.684,56.13333333333333,0,ridge,plan_time
q02,no_mergejoin,no_hashjoin,3199.538,4302.342,1102.8039999999996,0.3446760125993189,0,ridge,plan_time
q07,no_nestloop,no_hashjoin,2402.029,3945.736,1543.7069999999999,0.6426679278226866,0,ridge,plan_time
q12,no_nestloop,no_hashjoin,3102.1,3556.871,454.7710000000002,0.14660101221753008,0,ridge,plan_time
q17,no_hashjoin,no_hashjoin,939.65,939.65,0.0,0.0,1,ridge,plan_time
q22,no_hashjoin,no_mergejoin,345.909,387.731,41.822,0.12090463098676252,0,ridge,plan_time
q01_p0,no_hashjoin,no_nestloop,6709.9035,7309.063,599.1594999999998,0.08929480133358103,0,ridge,plan_time
q01_p5,default,no_nestloop,6793.9285,9884.7815,3090.852999999999,0.45494341013450446,0,ridge,plan_time
q02_p4,no_mergejoin,no_hashjoin,2628.4125,2637.145,8.732500000000073,0.0033223476147674624,0,ridge,plan_time
q02_p9,no_mergejoin,no_hashjoin,2436.656,2655.0015,218.3454999999999,0.08960866860155892,0,ridge,plan_time
q03_p3,no_mergejoin,no_mergejoin,1607.9555,1607.9555,0.0,0.0,1,ridge,plan_time
q03_p8,no_mergejoin,default,1455.49,5057.216,3601.7260000000006,2.4745796948106826,0,ridge,plan_time
q04_p2,default,no_mergejoin,837.004,924.14,87.13599999999997,0.10410463988224672,0,ridge,plan_time
q04_p7,default,default,1296.4145,1296.4145,0.0,0.0,1,ridge,plan_time
q05_p1,no_nestloop,no_hashjoin,3265.4955,5967.239,2701.7434999999996,0.8273609625246765,0,ridge,plan_time
q05_p6,no_nestloop,no_hashjoin,1823.496,8114.67,6291.174,3.4500618591979357,0,ridge,plan_time
q06_p0,default,no_nestloop,1933.157,2010.092,76.93500000000017,0.0397975953324019,0,ridge,plan_time
q06_p5,no_mergejoin,no_mergejoin,1583.487,1583.487,0.0,0.0,1,ridge,plan_time
q07_p4,no_nestloop,no_nestloop,1620.6464999999998,1620.6464999999998,0.0,0.0,1,ridge,plan_time
q07_p9,no_nestloop,no_nestloop,1721.879,1721.879,0.0,0.0,1,ridge,plan_time
q08_p3,no_hashjoin,no_nestloop,1452.751,2393.621,940.8700000000001,0.647647119155313,0,ridge,plan_time
q08_p8,no_mergejoin,no_nestloop,1156.682,1772.7240000000002,616.0420000000001,0.5325940924126078,0,ridge,plan_time
q09_p2,no_mergejoin,no_nestloop,8778.053,9874.2055,1096.1525000000001,0.12487421755143191,0,ridge,plan_time
q09_p7,default,no_nestloop,6044.4305,7804.346,1759.9154999999992,0.2911631625179576,0,ridge,plan_time
q10_p1,default,no_mergejoin,1446.9835,1632.7665,185.7829999999999,0.12839330925335357,0,ridge,plan_time
q10_p6,no_mergejoin,no_mergejoin,1423.0825,1423.0825,0.0,0.0,1,ridge,plan_time
q11_p0,default,no_mergejoin,337.278,551.156,213.87799999999993,0.6341297090234166,0,ridge,plan_time
q11_p5,no_mergejoin,no_mergejoin,285.606,285.606,0.0,0.0,1,ridge,plan_time
q12_p4,no_hashjoin,no_hashjoin,1648.4475,1648.4475,0.0,0.0,1,ridge,plan_time
q12_p9,no_hashjoin,no_hashjoin,1358.037,1358.037,0.0,0.0,1,ridge,plan_time
q13_p3,no_nestloop,no_mergejoin,1700.802,2405.4875,704.6855000000003,0.41432541824386404,0,ridge,plan_time
q13_p8,no_nestloop,no_mergejoin,1530.663,1620.27,89.60699999999997,0.05854129877053271,0,ridge,plan_time
q14_p2,no_mergejoin,no_nestloop,849.1585,858.376,9.217499999999973,0.010854863962381556,0,ridge,plan_time
q14_p7,default,no_mergejoin,889.7155,1101.614,211.8985,0.23816433455413555,0,ridge,plan_time
q15_p1,no_mergejoin,default,1376.799,1396.0915,19.292500000000018,0.01401257554661206,0,ridge,plan_time
q15_p6,no_hashjoin,no_mergejoin,1205.1170000000002,1220.4105,15.293499999999767,0.012690469058190823,0,ridge,plan_time
q16_p0,no_nestloop,no_nestloop,810.1405,810.1405,0.0,0.0,1,ridge,plan_time
q16_p5,no_mergejoin,no_nestloop,940.731,1143.8805,203.1495,0.21594855490039122,0,ridge,plan_time
q17_p4,no_hashjoin,no_hashjoin,566.529,566.529,0.0,0.0,1,ridge,plan_time
q17_p9,no_hashjoin,no_hashjoin,620.206,620.206,0.0,0.0,1,ridge,plan_time
q18_p3,default,no_nestloop,11190.9485,13070.832,1879.8835,0.16798249942799748,0,ridge,plan_time
q18_p8,no_hashjoin,no_nestloop,11284.042,12860.6445,1576.6025000000009,0.13971965896617555,0,ridge,plan_time
q19_p2,default,no_mergejoin,231.761,298.061,66.29999999999998,0.2860705640724712,0,ridge,plan_time
q19_p7,no_mergejoin,no_mergejoin,129.787,129.787,0.0,0.0,1,ridge,plan_time
q20_p3,no_hashjoin,no_mergejoin,10269.854,13299.016,3029.1620000000003,0.2949566761124356,0,ridge,plan_time
q21_p0,no_nestloop,no_nestloop,9580.423,9580.423,0.0,0.0,1,ridge,plan_time
q21_p5,default,no_nestloop,5695.0725,25199.725,19504.652499999997,3.424829534654738,0,ridge,plan_time
q22_p4,no_mergejoin,no_mergejoin,536.7025,536.7025,0.0,0.0,1,ridge,plan_time
q22_p9,no_mergejoin,no_mergejoin,547.071,547.071,0.0,0.0,1,ridge,plan_time
ds_q02_topk_revenue,no_mergejoin,no_mergejoin,543.457,543.457,0.0,0.0,1,ridge,plan_time
ds_q07_yearly_trend,no_mergejoin,no_nestloop,572.578,616.613,44.03500000000008,0.07690655246970723,0,ridge,plan_time
ds_q12_catalog_topk,no_nestloop,no_nestloop,356.789,356.789,0.0,0.0,1,ridge,plan_time
ds_q17_dow_pattern,no_mergejoin,no_mergejoin,571.268,571.268,0.0,0.0,1,ridge,plan_time
online_b21324f41e,no_nestloop,no_nestloop,160.279,160.279,0.0,0.0,1,ridge,plan_time
online_cc5a30cb4b,no_hashjoin,no_nestloop,0.242,4.096,3.854,15.925619834710744,0,ridge,plan_time
q01,no_nestloop,no_nestloop,6900.803,6900.803,0.0,0.0,1,ridge,plan_time
q06,no_nestloop,no_nestloop,1737.52,1737.52,0.0,0.0,1,ridge,plan_time
q11,no_mergejoin,default,308.811,1724.803,1415.9920000000002,4.585302984673474,0,ridge,plan_time
q16,no_mergejoin,no_nestloop,1106.188,1324.611,218.423,0.19745558621138537,0,ridge,plan_time
q21,no_nestloop,no_nestloop,10367.542,10367.542,0.0,0.0,1,ridge,plan_time
q01_p4,no_mergejoin,no_nestloop,4009.7205,9520.1145,5510.394,1.3742588791413266,0,ridge,plan_time
q01_p9,no_mergejoin,no_nestloop,3913.345,4248.418,335.07299999999987,0.08562316892581667,0,ridge,plan_time
q02_p3,default,no_hashjoin,2521.813,2721.6165,199.80349999999999,0.07923010151823306,0,ridge,plan_time
q02_p8,default,no_hashjoin,3861.4465,3951.4145,89.96799999999985,0.02329904091640267,0,ridge,plan_time
q03_p2,default,no_mergejoin,1904.992,1976.2925,71.30050000000006,0.03742824116846677,0,ridge,plan_time
q03_p7,no_mergejoin,no_mergejoin,2113.0685,2113.0685,0.0,0.0,1,ridge,plan_time
q04_p1,no_hashjoin,default,1628.6460000000002,1680.7925,52.14649999999983,0.03201831459998039,0,ridge,plan_time
q04_p6,default,no_mergejoin,1158.8865,1233.6455,74.75900000000001,0.06450933719566154,0,ridge,plan_time
q05_p0,default,no_hashjoin,2864.974,5085.3385,2220.3644999999997,0.7750033682679143,0,ridge,plan_time
q05_p5,no_nestloop,no_hashjoin,1907.0425,2969.6905,1062.6480000000001,0.5572230299010117,0,ridge,plan_time
q06_p4,default,no_nestloop,1540.209,1739.1945,198.9855,0.12919383018798092,0,ridge,plan_time
q06_p9,no_nestloop,no_nestloop,2346.256,2346.256,0.0,0.0,1,ridge,plan_time
q07_p3,no_nestloop,no_nestloop,1776.7905,1776.7905,0.0,0.0,1,ridge,plan_time
q07_p8,no_nestloop,no_nestloop,1618.0025,1618.0025,0.0,0.0,1,ridge,plan_time
q08_p2,no_hashjoin,no_nestloop,1365.0985,2273.4505,908.3519999999999,0.665411323798246,0,ridge,plan_time
q08_p7,default,no_nestloop,1235.4265,1514.8525,279.42599999999993,0.22617776128324918,0,ridge,plan_time
q09_p1,default,no_nestloop,12540.293,14040.078,1499.7849999999999,0.11959728532658676,0,ridge,plan_time
q09_p6,no_mergejoin,no_nestloop,7147.695,12734.1305,5586.4355,0.7815716115474989,0,ridge,plan_time
q10_p0,default,no_nestloop,1205.222,2622.21,1416.988,1.1757070481620815,0,ridge,plan_time
q10_p5,no_mergejoin,no_nestloop,1585.3655,8220.0175,6634.652,4.184935272024021,0,ridge,plan_time
q11_p4,no_mergejoin,no_mergejoin,342.552,342.552,0.0,0.0,1,ridge,plan_time
q11_p9,no_mergejoin,no_mergejoin,498.1445,498.1445,0.0,0.0,1,ridge,plan_time
q12_p3,no_mergejoin,no_hashjoin,1803.5685,6724.17,4920.6015,2.7282587270735763,0,ridge,plan_time
q12_p8,no_hashjoin,no_hashjoin,1431.9595,1431.9595,0.0,0.0,1,ridge,plan_time
q13_p2,no_nestloop,no_nestloop,2061.1645,2061.1645,0.0,0.0,1,ridge,plan_time
q13_p7,no_mergejoin,no_nestloop,1534.096,1611.2415,77.14550000000008,0.05028727015779988,0,ridge,plan_time
q14_p1,default,no_nestloop,856.3745,901.005,44.630499999999984,0.052115633989568755,0,ridge,plan_time
q14_p6,default,no_nestloop,840.345,907.9015,67.55650000000003,0.08039138687086855,0,ridge,plan_time
q15_p0,default,no_mergejoin,1293.8425,1532.2945,238.452,0.1842975478081761,0,ridge,plan_time
q15_p5,no_mergejoin,no_mergejoin,1233.9364999999998,1233.9364999999998,0.0,0.0,1,ridge,plan_time
q16_p4,default,no_nestloop,969.8925,1019.5535,49.660999999999945,0.051202581729418384,0,ridge,plan_time
q16_p9,default,no_nestloop,962.4985,1029.229,66.7305,0.06933049765791832,0,ridge,plan_time
q17_p3,no_hashjoin,no_hashjoin,659.4604999999999,659.4604999999999,0.0,0.0,1,ridge,plan_time
q17_p8,no_hashjoin,no_hashjoin,645.7985,645.7985,0.0,0.0,1,ridge,plan_time
q18_p2,no_mergejoin,no_nestloop,11428.776,13190.328,1761.5519999999997,0.15413304101856573,0,ridge,plan_time
q18_p7,default,no_nestloop,11190.6245,12600.227,1409.6025000000009,0.12596280931417203,0,ridge,plan_time
q19_p1,no_mergejoin,default,371.417,1205.132,833.7150000000001,2.244687238333195,0,ridge,plan_time
q19_p6,default,no_mergejoin,129.308,137.11200000000002,7.8040000000000305,0.06035202771676951,0,ridge,plan_time
q20_p2,no_hashjoin,no_mergejoin,3476.229,3548.939,72.71000000000004,0.020916343543535332,0,ridge,plan_time
q21_p4,no_hashjoin,no_nestloop,19158.111,20578.87,1420.7589999999982,0.07415966010427644,0,ridge,plan_time
q21_p9,no_mergejoin,no_nestloop,6119.7855,26436.9505,20317.165,3.3199145623649713,0,ridge,plan_time
q22_p3,default,default,296.57550000000003,296.57550000000003,0.0,0.0,1,ridge,plan_time
q22_p8,default,default,269.98900000000003,269.98900000000003,0.0,0.0,1,ridge,plan_time
ds_q01_filter_agg,no_mergejoin,no_nestloop,537.585,1482.016,944.431,1.7568031102058277,0,ridge,plan_time
ds_q06_web_vs_store,default,no_nestloop,696.566,1042.574,346.00800000000004,0.49673397782837525,0,ridge,plan_time
ds_q11_inventory_check,no_nestloop,no_hashjoin,343.882,947.458,603.576,1.755183464095242,0,ridge,plan_time
ds_q16_web_returns,no_mergejoin,no_nestloop,35.959,37.871,1.911999999999999,0.05317166773269544,0,ridge,plan_time
online_749218157a,no_mergejoin,no_nestloop,1039.564,1177.454,137.88999999999987,0.13264214613049297,0,ridge,plan_time
online_ca182698d7,no_hashjoin,default,1.485,1.55,0.06499999999999995,0.04377104377104368,0,ridge,plan_time
q05,no_nestloop,no_hashjoin,2887.231,7074.668,4187.437,1.4503297450048156,0,ridge,plan_time
q10,default,no_nestloop,1318.8,2518.974,1200.1740000000002,0.9100500454959055,0,ridge,plan_time
q15,no_mergejoin,default,2113.783,2757.332,643.549,0.3044536738160919,0,ridge,plan_time
q01_p3,no_mergejoin,no_nestloop,6612.3240000000005,7246.2675,633.9434999999994,0.09587302437085654,0,ridge,plan_time
q01_p8,no_mergejoin,no_nestloop,3314.7995,5566.4745,2251.675,0.6792793953299439,0,ridge,plan_time
q02_p2,no_mergejoin,no_hashjoin,2582.8855000000003,3475.3745,892.4889999999996,0.3455395138499169,0,ridge,plan_time
q02_p7,no_hashjoin,no_hashjoin,2652.7625,2652.7625,0.0,0.0,1,ridge,plan_time
q03_p1,no_mergejoin,no_mergejoin,1753.976,1753.976,0.0,0.0,1,ridge,plan_time
q03_p6,default,no_mergejoin,2015.7405,2515.182,499.4414999999997,0.24777073239338088,0,ridge,plan_time
q04_p0,no_mergejoin,default,1355.0675,1419.8629999999998,64.79549999999972,0.04781717515917072,0,ridge,plan_time
q04_p5,no_mergejoin,default,1345.431,1512.726,167.29500000000007,0.12434305438183002,0,ridge,plan_time
q05_p4,no_nestloop,no_hashjoin,2636.791,6455.367,3818.576,1.4481906226166577,0,ridge,plan_time
q05_p9,no_nestloop,no_hashjoin,1782.8665,5706.6135,3923.7470000000003,2.200808080694769,0,ridge,plan_time
q06_p3,no_hashjoin,no_nestloop,1443.148,1568.9735,125.82550000000015,0.08718821631599827,0,ridge,plan_time
q06_p8,no_hashjoin,no_nestloop,1944.4035,2135.11,190.70650000000023,0.0980796938495534,0,ridge,plan_time
q07_p2,no_nestloop,no_nestloop,1608.205,1608.205,0.0,0.0,1,ridge,plan_time
q07_p7,no_nestloop,no_nestloop,1598.659,1598.659,0.0,0.0,1,ridge,plan_time
q08_p1,no_mergejoin,no_nestloop,1380.1285,1878.998,498.8695,0.3614659794359729,0,ridge,plan_time
q08_p6,default,no_nestloop,1104.4540000000002,1524.437,419.9829999999997,0.3802630077848417,0,ridge,plan_time
q09_p0,no_nestloop,no_nestloop,2546.7650000000003,2546.7650000000003,0.0,0.0,1,ridge,plan_time
q09_p5,no_nestloop,no_nestloop,4798.2685,4798.2685,0.0,0.0,1,ridge,plan_time
q10_p4,default,no_nestloop,1234.456,6647.1145,5412.6585,4.384650809749396,0,ridge,plan_time
q10_p9,default,no_nestloop,1364.5785,4057.6545,2693.076,1.9735588681779759,0,ridge,plan_time
q11_p3,no_hashjoin,no_mergejoin,429.638,516.4694999999999,86.83149999999995,0.2021038641833357,0,ridge,plan_time
q11_p8,no_mergejoin,no_mergejoin,313.812,313.812,0.0,0.0,1,ridge,plan_time
q12_p2,no_mergejoin,no_nestloop,1771.908,4081.7715,2309.8635,1.3036023879343621,0,ridge,plan_time
q12_p7,no_hashjoin,no_nestloop,1619.6605,4610.628000000001,2990.9675000000007,1.8466632359065378,0,ridge,plan_time
q13_p1,default,default,2710.3185,2710.3185,0.0,0.0,1,ridge,plan_time
q13_p6,no_nestloop,no_nestloop,1516.3615,1516.3615,0.0,0.0,1,ridge,plan_time
q14_p0,no_nestloop,default,833.2895000000001,861.63,28.340499999999906,0.03401038894645847,0,ridge,plan_time
q14_p5,no_nestloop,no_nestloop,864.1,864.1,0.0,0.0,1,ridge,plan_time
q15_p4,no_mergejoin,default,1292.9405,1503.6570000000002,210.71650000000022,0.16297463030974768,0,ridge,plan_time
q15_p9,default,default,1242.167,1242.167,0.0,0.0,1,ridge,plan_time
q16_p3,default,no_hashjoin,804.9105,1009.3735,204.46300000000008,0.2540195462725361,0,ridge,plan_time
q16_p8,no_nestloop,no_hashjoin,1006.8275,1342.881,336.0535000000001,0.33377465355286784,0,ridge,plan_time
q17_p2,no_hashjoin,no_hashjoin,586.6975,586.6975,0.0,0.0,1,ridge,plan_time
q17_p7,no_hashjoin,no_hashjoin,604.4404999999999,604.4404999999999,0.0,0.0,1,ridge,plan_time
q18_p1,no_hashjoin,no_nestloop,10326.5275,13324.9635,2998.4359999999997,0.29036246695706747,0,ridge,plan_time
q18_p6,no_mergejoin,no_nestloop,12077.3795,12803.809,726.4295000000002,0.06014794020507508,0,ridge,plan_time
q19_p0,default,default,435.11,435.11,0.0,0.0,1,ridge,plan_time
q19_p5,no_hashjoin,default,132.4375,141.09750000000005,8.660000000000053,0.06538933459178908,0,ridge,plan_time
q20_p0,no_hashjoin,no_mergejoin,3627.978,4085.213,457.2350000000001,0.12603025707432636,0,ridge,plan_time
q20_p1,no_mergejoin,no_nestloop,2129.206,278747.214,276618.008,129.91603818512627,0,ridge,plan_time
q20_p6,default,default,4121.406,4121.406,0.0,0.0,1,ridge,plan_time
q20_p9,no_hashjoin,default,3891.652,4412.6465,520.9944999999998,0.13387489426084342,0,ridge,plan_time
q21_p3,no_nestloop,no_nestloop,11808.777,11808.777,0.0,0.0,1,ridge,plan_time
q21_p8,no_mergejoin,no_nestloop,5838.317999999999,23106.253,17267.935,2.957690040179381,0,ridge,plan_time
q22_p2,default,default,289.3345,289.3345,0.0,0.0,1,ridge,plan_time
q22_p7,default,default,482.2065,482.2065,0.0,0.0,1,ridge,plan_time
ds_q05_returns_filter,no_nestloop,no_nestloop,163.456,163.456,0.0,0.0,1,ridge,plan_time
ds_q10_window_topk,no_nestloop,no_nestloop,1763.773,1763.773,0.0,0.0,1,ridge,plan_time
ds_q15_returns_ratio,no_mergejoin,no_nestloop,643.784,729.727,85.94299999999998,0.13349663862413474,0,ridge,plan_time
ds_q20_demographic,no_mergejoin,no_nestloop,726.447,1077.246,350.7990000000001,0.4828968940610947,0,ridge,plan_time
online_dac91519b8,no_mergejoin,no_nestloop,194.431,217.28,22.84899999999999,0.11751726833683929,0,ridge,plan_time
online_0e0bb4a7ce,default,no_nestloop,318.695,665.239,346.54400000000004,1.0873844898727625,0,ridge,plan_time
q04,default,default,1216.968,1216.968,0.0,0.0,1,ridge,plan_time
q09,no_nestloop,no_mergejoin,9471.806,19454.599,9982.792999999998,1.053948212199447,0,ridge,plan_time
q14,no_mergejoin,no_nestloop,1504.265,2199.709,695.4439999999997,0.46231481820025033,0,ridge,plan_time
q19,no_hashjoin,default,198.599,543.454,344.85499999999996,1.7364387534680437,0,ridge,plan_time
q20,no_hashjoin,no_mergejoin,4427.324,4679.932,252.60800000000017,0.05705658768140753,0,ridge,plan_time
q01_p2,no_hashjoin,no_nestloop,5851.049,6903.8755,1052.8265000000001,0.1799380760612328,0,ridge,plan_time
q01_p7,no_nestloop,no_nestloop,6604.8715,6604.8715,0.0,0.0,1,ridge,plan_time
q02_p1,default,no_hashjoin,2452.8315,2596.9695,144.13800000000037,0.0587639224300569,0,ridge,plan_time
q02_p6,no_hashjoin,no_hashjoin,4092.8975,4092.8975,0.0,0.0,1,ridge,plan_time
q03_p0,no_mergejoin,default,1613.922,1886.5425,272.6205,0.16891801462524203,0,ridge,plan_time
q03_p5,no_mergejoin,default,1763.8895,2748.4605,984.5710000000001,0.5581817908661513,0,ridge,plan_time
q04_p4,default,default,1143.0915,1143.0915,0.0,0.0,1,ridge,plan_time
q04_p9,default,default,736.759,736.759,0.0,0.0,1,ridge,plan_time
q05_p3,no_mergejoin,no_hashjoin,2973.864,6170.0085,3196.1445,1.0747446756139487,0,ridge,plan_time
q05_p8,default,no_hashjoin,3111.7965,3414.684,302.8875000000003,0.09733525312468227,0,ridge,plan_time
q06_p2,default,no_nestloop,1447.0975,1482.5605,35.462999999999965,0.02450629622399325,0,ridge,plan_time
q06_p7,no_mergejoin,no_nestloop,1675.4740000000002,2122.949,447.4749999999999,0.26707367586724695,0,ridge,plan_time
q07_p1,no_nestloop,no_nestloop,1767.1709999999998,1767.1709999999998,0.0,0.0,1,ridge,plan_time
q07_p6,no_nestloop,no_nestloop,2580.009,2580.009,0.0,0.0,1,ridge,plan_time
q08_p0,no_nestloop,no_nestloop,1730.1635,1730.1635,0.0,0.0,1,ridge,plan_time
q08_p5,no_mergejoin,no_nestloop,1180.6585,1551.971,371.3125,0.3144961053513782,0,ridge,plan_time
q09_p4,no_nestloop,no_nestloop,9471.1885,9471.1885,0.0,0.0,1,ridge,plan_time
q09_p9,no_mergejoin,no_nestloop,12061.8875,12728.9635,667.0759999999991,0.05530444551070457,0,ridge,plan_time
q10_p3,default,no_mergejoin,2030.4335,2738.3345,707.9009999999998,0.34864525235620847,0,ridge,plan_time
q10_p8,no_mergejoin,default,1448.6805,2497.616,1048.9355,0.7240626901514862,0,ridge,plan_time
q11_p2,no_hashjoin,default,384.172,856.676,472.504,1.229928261299626,0,ridge,plan_time
q11_p7,no_mergejoin,default,419.106,661.999,242.89300000000003,0.5795502808358746,0,ridge,plan_time
q12_p1,no_hashjoin,no_nestloop,1593.877,4113.4815,2519.6045,1.5808023454758429,0,ridge,plan_time
q12_p6,default,no_nestloop,2153.3515,7397.289000000001,5243.9375,2.4352445478594644,0,ridge,plan_time
q13_p0,no_nestloop,no_nestloop,2734.0865,2734.0865,0.0,0.0,1,ridge,plan_time
q13_p5,no_mergejoin,no_nestloop,1794.1095,1935.152,141.04250000000002,0.07861420944485276,0,ridge,plan_time
q14_p4,no_mergejoin,no_nestloop,839.824,908.947,69.12300000000005,0.08230653089218709,0,ridge,plan_time
q14_p9,no_nestloop,no_nestloop,966.5315,966.5315,0.0,0.0,1,ridge,plan_time
q15_p3,no_nestloop,default,1301.4775,1436.461,134.98350000000005,0.10371558478728993,0,ridge,plan_time
q15_p8,no_hashjoin,default,1158.362,1245.0990000000002,86.73700000000008,0.07487901018852483,0,ridge,plan_time
q16_p2,no_mergejoin,no_nestloop,802.552,878.512,75.95999999999992,0.09464807264825192,0,ridge,plan_time
q16_p7,no_nestloop,no_nestloop,1114.38,1114.38,0.0,0.0,1,ridge,plan_time
q17_p1,no_hashjoin,no_hashjoin,632.7725,632.7725,0.0,0.0,1,ridge,plan_time
q17_p6,no_hashjoin,no_hashjoin,708.625,708.625,0.0,0.0,1,ridge,plan_time
q18_p0,default,no_nestloop,10424.9135,11883.5475,1458.634,0.13991809140670575,0,ridge,plan_time
q18_p5,default,no_hashjoin,11290.9185,11414.5465,123.62800000000061,0.010949330650114941,0,ridge,plan_time
q19_p4,no_hashjoin,default,264.754,413.238,148.48399999999998,0.560837607741526,0,ridge,plan_time
q19_p9,no_hashjoin,default,127.625,235.188,107.56299999999999,0.8428050930460331,0,ridge,plan_time
q20_p5,default,default,4559.4845000000005,4559.4845000000005,0.0,0.0,1,ridge,plan_time
q20_p8,no_hashjoin,default,4169.7305,4304.986,135.2555000000002,0.0324374680809707,0,ridge,plan_time
q21_p2,no_nestloop,no_nestloop,9402.375,9402.375,0.0,0.0,1,ridge,plan_time
q21_p7,default,no_nestloop,5536.146500000001,26587.122000000003,21050.9755,3.802459978253827,0,ridge,plan_time
q22_p1,no_hashjoin,default,550.9290000000001,1051.2615,500.3325,0.9081614872333821,0,ridge,plan_time
q22_p6,no_hashjoin,default,492.38,558.0045,65.62450000000001,0.13328019009707948,0,ridge,plan_time
ds_q04_customer_topk,no_mergejoin,no_nestloop,577.718,799.922,222.20400000000006,0.3846236399073597,0,ridge,plan_time
ds_q09_avg_basket,no_mergejoin,no_nestloop,420.93,445.387,24.456999999999994,0.05810229729408678,0,ridge,plan_time
ds_q14_state_revenue,default,no_nestloop,495.792,778.636,282.844,0.5704892374221449,0,ridge,plan_time
ds_q19_self_join,no_mergejoin,no_nestloop,0.106,0.133,0.02700000000000001,0.2547169811320755,0,ridge,plan_time
online_d4e75912f5,no_nestloop,no_nestloop,1374.997,1374.997,0.0,0.0,1,ridge,plan_time
online_0766b87ee1,no_mergejoin,no_nestloop,108.512,172.183,63.67099999999999,0.5867645974638749,0,ridge,plan_time
q03,default,no_mergejoin,1640.223,2101.658,461.43499999999995,0.28132455160060554,0,xgboost,plan_time
q08,no_hashjoin,no_mergejoin,1382.048,1513.581,131.5329999999999,0.09517252656926534,0,xgboost,plan_time
q13,no_mergejoin,no_nestloop,2595.487,2688.645,93.1579999999999,0.03589230075126548,0,xgboost,plan_time
q18,default,no_hashjoin,13888.445,14970.42,1081.9750000000004,0.0779046898338871,0,xgboost,plan_time
q01_p1,no_nestloop,no_hashjoin,4936.3675,12175.253,7238.8855,1.4664397454200886,0,xgboost,plan_time
q01_p6,no_hashjoin,no_hashjoin,7781.075,7781.075,0.0,0.0,1,xgboost,plan_time
q02_p0,no_hashjoin,no_mergejoin,2434.8245,2494.5200000000004,59.695500000000266,0.02451737281270172,0,xgboost,plan_time
q02_p5,default,no_hashjoin,4321.084,4681.6635,360.5794999999998,0.08344653795205081,0,xgboost,plan_time
q03_p4,no_mergejoin,default,1968.729,2134.4935,165.7645,0.0841987393897281,0,xgboost,plan_time
q03_p9,default,default,1507.6905000000002,1507.6905000000002,0.0,0.0,1,xgboost,plan_time
q04_p3,default,no_hashjoin,947.482,1095.04,147.558,0.15573699553131348,0,xgboost,plan_time
q04_p8,default,no_hashjoin,1143.2035,1196.3635,53.159999999999854,0.04650090731877565,0,xgboost,plan_time
q05_p2,default,no_nestloop,3168.7395,4236.228,1067.4885,0.3368811162924563,0,xgboost,plan_time
q05_p7,no_nestloop,no_nestloop,1925.716,1925.716,0.0,0.0,1,xgboost,plan_time
q06_p1,no_mergejoin,no_mergejoin,1446.843,1446.843,0.0,0.0,1,xgboost,plan_time
q06_p6,default,default,1655.3635,1655.3635,0.0,0.0,1,xgboost,plan_time
q07_p0,no_nestloop,no_nestloop,1703.163,1703.163,0.0,0.0,1,xgboost,plan_time
q07_p5,no_nestloop,no_nestloop,1562.0485,1562.0485,0.0,0.0,1,xgboost,plan_time
q08_p4,default,no_mergejoin,1550.8355,1692.0445,141.20900000000006,0.0910534998715209,0,xgboost,plan_time
q08_p9,default,default,1456.4525,1456.4525,0.0,0.0,1,xgboost,plan_time
q09_p3,no_nestloop,no_nestloop,5980.2855,5980.2855,0.0,0.0,1,xgboost,plan_time
q09_p8,no_mergejoin,no_nestloop,6071.502,8294.216,2222.714,0.36608964305702285,0,xgboost,plan_time
q10_p2,no_mergejoin,no_mergejoin,1182.541,1182.541,0.0,0.0,1,xgboost,plan_time
q10_p7,no_mergejoin,default,1459.369,1985.785,526.4160000000002,0.3607148020822699,0,xgboost,plan_time
q11_p1,no_mergejoin,no_mergejoin,293.78099999999995,293.78099999999995,0.0,0.0,1,xgboost,plan_time
q11_p6,default,no_hashjoin,347.7065,352.666,4.959499999999991,0.014263466458061647,0,xgboost,plan_time
q12_p0,default,no_hashjoin,1592.2375000000002,2461.0635,868.826,0.5456635709182831,0,xgboost,plan_time
q12_p5,no_nestloop,no_hashjoin,1842.5085,3568.3765000000003,1725.8680000000004,0.9366947289524039,0,xgboost,plan_time
q13_p4,no_mergejoin,no_mergejoin,1613.398,1613.398,0.0,0.0,1,xgboost,plan_time
q13_p9,no_mergejoin,no_nestloop,1451.906,1453.683,1.7770000000000437,0.0012239084348435458,0,xgboost,plan_time
q14_p3,no_hashjoin,default,881.634,899.762,18.12799999999993,0.0205618204379594,0,xgboost,plan_time
q14_p8,no_nestloop,no_nestloop,1027.206,1027.206,0.0,0.0,1,xgboost,plan_time
q15_p2,no_hashjoin,default,1287.6165,1566.894,279.2774999999999,0.21689493727363685,0,xgboost,plan_time
q15_p7,no_hashjoin,no_mergejoin,1210.906,1215.9995,5.093499999999949,0.004206354580784888,0,xgboost,plan_time
q16_p1,default,no_mergejoin,760.5605,818.953,58.39249999999993,0.0767756148261709,0,xgboost,plan_time
q16_p6,default,no_mergejoin,934.039,1223.1565,289.11750000000006,0.3095347196423277,0,xgboost,plan_time
q17_p0,no_hashjoin,no_hashjoin,591.725,591.725,0.0,0.0,1,xgboost,plan_time
q17_p5,no_hashjoin,no_hashjoin,628.0405,628.0405,0.0,0.0,1,xgboost,plan_time
q18_p4,no_hashjoin,no_hashjoin,11160.5615,11160.5615,0.0,0.0,1,xgboost,plan_time
q18_p9,no_hashjoin,no_hashjoin,11219.319,11219.319,0.0,0.0,1,xgboost,plan_time
q19_p3,default,default,392.595,392.595,0.0,0.0,1,xgboost,plan_time
q19_p8,no_nestloop,no_hashjoin,96.9605,146.89350000000002,49.93300000000002,0.5149829054099353,0,xgboost,plan_time
q20_p4,no_hashjoin,no_hashjoin,17808.234,17808.234,0.0,0.0,1,xgboost,plan_time
q20_p7,default,no_mergejoin,5230.9955,6586.8675,1355.8720000000003,0.2591996112403461,0,xgboost,plan_time
q21_p1,no_nestloop,no_mergejoin,10391.969,18510.851,8118.882,0.7812650326420334,0,xgboost,plan_time
q21_p6,default,no_mergejoin,11229.0195,13753.2965,2524.277,0.2247994136976963,0,xgboost,plan_time
q22_p0,no_nestloop,no_mergejoin,829.7715000000001,1243.2135,413.442,0.4982600631619669,0,xgboost,plan_time
q22_p5,default,default,556.4970000000001,556.4970000000001,0.0,0.0,1,xgboost,plan_time
ds_q03_promo_effect,no_nestloop,no_mergejoin,389.256,613.607,224.351,0.5763584890149414,0,xgboost,plan_time
ds_q08_addr_filter,no_mergejoin,no_mergejoin,39.483,39.483,0.0,0.0,1,xgboost,plan_time
ds_q13_high_quantity,default,no_hashjoin,350.115,465.736,115.62099999999998,0.3302372077745883,0,xgboost,plan_time
ds_q18_brand_topk,default,no_nestloop,662.842,774.295,111.45299999999997,0.1681441429480932,0,xgboost,plan_time
online_ce83de12bc,no_nestloop,no_mergejoin,732.934,823.206,90.27200000000005,0.12316525089571506,0,xgboost,plan_time
online_da978a89a5,no_hashjoin,no_hashjoin,0.03,0.03,0.0,0.0,1,xgboost,plan_time
q02,no_mergejoin,no_mergejoin,3199.538,3199.538,0.0,0.0,1,xgboost,plan_time
q07,no_nestloop,no_nestloop,2402.029,2402.029,0.0,0.0,1,xgboost,plan_time
q12,no_nestloop,no_hashjoin,3102.1,3556.871,454.7710000000002,0.14660101221753008,0,xgboost,plan_time
q17,no_hashjoin,no_hashjoin,939.65,939.65,0.0,0.0,1,xgboost,plan_time
q22,no_hashjoin,no_hashjoin,345.909,345.909,0.0,0.0,1,xgboost,plan_time
q01_p0,no_hashjoin,no_nestloop,6709.9035,7309.063,599.1594999999998,0.08929480133358103,0,xgboost,plan_time
q01_p5,default,no_nestloop,6793.9285,9884.7815,3090.852999999999,0.45494341013450446,0,xgboost,plan_time
q02_p4,no_mergejoin,default,2628.4125,2715.698,87.28549999999996,0.033208448065134455,0,xgboost,plan_time
q02_p9,no_mergejoin,default,2436.656,2470.068,33.41200000000026,0.013712235128799488,0,xgboost,plan_time
q03_p3,no_mergejoin,no_mergejoin,1607.9555,1607.9555,0.0,0.0,1,xgboost,plan_time
q03_p8,no_mergejoin,no_mergejoin,1455.49,1455.49,0.0,0.0,1,xgboost,plan_time
q04_p2,default,no_mergejoin,837.004,924.14,87.13599999999997,0.10410463988224672,0,xgboost,plan_time
q04_p7,default,default,1296.4145,1296.4145,0.0,0.0,1,xgboost,plan_time
q05_p1,no_nestloop,no_nestloop,3265.4955,3265.4955,0.0,0.0,1,xgboost,plan_time
q05_p6,no_nestloop,no_nestloop,1823.496,1823.496,0.0,0.0,1,xgboost,plan_time
q06_p0,default,default,1933.157,1933.157,0.0,0.0,1,xgboost,plan_time
q06_p5,no_mergejoin,no_mergejoin,1583.487,1583.487,0.0,0.0,1,xgboost,plan_time
q07_p4,no_nestloop,no_nestloop,1620.6464999999998,1620.6464999999998,0.0,0.0,1,xgboost,plan_time
q07_p9,no_nestloop,no_nestloop,1721.879,1721.879,0.0,0.0,1,xgboost,plan_time
q08_p3,no_hashjoin,no_mergejoin,1452.751,1546.344,93.59300000000007,0.06442466740687158,0,xgboost,plan_time
q08_p8,no_mergejoin,no_mergejoin,1156.682,1156.682,0.0,0.0,1,xgboost,plan_time
q09_p2,no_mergejoin,default,8778.053,10245.7075,1467.6545000000006,0.16719590323731248,0,xgboost,plan_time
q09_p7,default,no_mergejoin,6044.4305,8864.034,2819.6034999999993,0.46647959638215686,0,xgboost,plan_time
q10_p1,default,no_mergejoin,1446.9835,1632.7665,185.7829999999999,0.12839330925335357,0,xgboost,plan_time
q10_p6,no_mergejoin,no_mergejoin,1423.0825,1423.0825,0.0,0.0,1,xgboost,plan_time
q11_p0,default,no_mergejoin,337.278,551.156,213.87799999999993,0.6341297090234166,0,xgboost,plan_time
q11_p5,no_mergejoin,no_mergejoin,285.606,285.606,0.0,0.0,1,xgboost,plan_time
q12_p4,no_hashjoin,no_hashjoin,1648.4475,1648.4475,0.0,0.0,1,xgboost,plan_time
q12_p9,no_hashjoin,no_hashjoin,1358.037,1358.037,0.0,0.0,1,xgboost,plan_time
q13_p3,no_nestloop,no_mergejoin,1700.802,2405.4875,704.6855000000003,0.41432541824386404,0,xgboost,plan_time
q13_p8,no_nestloop,default,1530.663,1630.5665,99.9034999999999,0.06526812237572854,0,xgboost,plan_time
q14_p2,no_mergejoin,no_hashjoin,849.1585,868.6205,19.46199999999999,0.02291916055718679,0,xgboost,plan_time
q14_p7,default,no_nestloop,889.7155,1167.5415,277.826,0.3122638641228572,0,xgboost,plan_time
q15_p1,no_mergejoin,default,1376.799,1396.0915,19.292500000000018,0.01401257554661206,0,xgboost,plan_time
q15_p6,no_hashjoin,default,1205.1170000000002,1379.066,173.94899999999984,0.14434200164797262,0,xgboost,plan_time
q16_p0,no_nestloop,no_nestloop,810.1405,810.1405,0.0,0.0,1,xgboost,plan_time
q16_p5,no_mergejoin,default,940.731,993.6845,52.95349999999996,0.056289736385852995,0,xgboost,plan_time
q17_p4,no_hashjoin,no_hashjoin,566.529,566.529,0.0,0.0,1,xgboost,plan_time
q17_p9,no_hashjoin,no_hashjoin,620.206,620.206,0.0,0.0,1,xgboost,plan_time
q18_p3,default,default,11190.9485,11190.9485,0.0,0.0,1,xgboost,plan_time
q18_p8,no_hashjoin,no_hashjoin,11284.042,11284.042,0.0,0.0,1,xgboost,plan_time
q19_p2,default,no_mergejoin,231.761,298.061,66.29999999999998,0.2860705640724712,0,xgboost,plan_time
q19_p7,no_mergejoin,no_mergejoin,129.787,129.787,0.0,0.0,1,xgboost,plan_time
q20_p3,no_hashjoin,no_hashjoin,10269.854,10269.854,0.0,0.0,1,xgboost,plan_time
q21_p0,no_nestloop,no_nestloop,9580.423,9580.423,0.0,0.0,1,xgboost,plan_time
q21_p5,default,default,5695.0725,5695.0725,0.0,0.0,1,xgboost,plan_time
q22_p4,no_mergejoin,default,536.7025,621.787,85.08450000000005,0.15853196137524983,0,xgboost,plan_time
q22_p9,no_mergejoin,default,547.071,605.2615,58.19049999999993,0.10636736365115307,0,xgboost,plan_time
ds_q02_topk_revenue,no_mergejoin,no_mergejoin,543.457,543.457,0.0,0.0,1,xgboost,plan_time
ds_q07_yearly_trend,no_mergejoin,default,572.578,1811.255,1238.6770000000001,2.1633332052576244,0,xgboost,plan_time
ds_q12_catalog_topk,no_nestloop,no_nestloop,356.789,356.789,0.0,0.0,1,xgboost,plan_time
ds_q17_dow_pattern,no_mergejoin,no_mergejoin,571.268,571.268,0.0,0.0,1,xgboost,plan_time
online_b21324f41e,no_nestloop,default,160.279,256.352,96.07299999999998,0.5994110270216308,0,xgboost,plan_time
online_cc5a30cb4b,no_hashjoin,no_hashjoin,0.242,0.242,0.0,0.0,1,xgboost,plan_time
q01,no_nestloop,no_nestloop,6900.803,6900.803,0.0,0.0,1,xgboost,plan_time
q06,no_nestloop,no_mergejoin,1737.52,1959.172,221.65200000000004,0.12756802799392242,0,xgboost,plan_time
q11,no_mergejoin,no_hashjoin,308.811,403.337,94.52600000000001,0.3060966092529087,0,xgboost,plan_time
q16,no_mergejoin,no_nestloop,1106.188,1324.611,218.423,0.19745558621138537,0,xgboost,plan_time
q21,no_nestloop,no_nestloop,10367.542,10367.542,0.0,0.0,1,xgboost,plan_time
q01_p4,no_mergejoin,default,4009.7205,11670.306,7660.585500000001,1.910503612408895,0,xgboost,plan_time
q01_p9,no_mergejoin,no_mergejoin,3913.345,3913.345,0.0,0.0,1,xgboost,plan_time
q02_p3,default,no_hashjoin,2521.813,2721.6165,199.80349999999999,0.07923010151823306,0,xgboost,plan_time
q02_p8,default,no_mergejoin,3861.4465,6016.4355,2154.9889999999996,0.5580781709652067,0,xgboost,plan_time
q03_p2,default,no_mergejoin,1904.992,1976.2925,71.30050000000006,0.03742824116846677,0,xgboost,plan_time
q03_p7,no_mergejoin,no_mergejoin,2113.0685,2113.0685,0.0,0.0,1,xgboost,plan_time
q04_p1,no_hashjoin,default,1628.6460000000002,1680.7925,52.14649999999983,0.03201831459998039,0,xgboost,plan_time
q04_p6,default,default,1158.8865,1158.8865,0.0,0.0,1,xgboost,plan_time
q05_p0,default,no_nestloop,2864.974,3149.908,284.93399999999974,0.09945430569352443,0,xgboost,plan_time
q05_p5,no_nestloop,no_nestloop,1907.0425,1907.0425,0.0,0.0,1,xgboost,plan_time
q06_p4,default,default,1540.209,1540.209,0.0,0.0,1,xgboost,plan_time
q06_p9,no_nestloop,default,2346.256,2474.21,127.95400000000018,0.054535395967021616,0,xgboost,plan_time
q07_p3,no_nestloop,no_nestloop,1776.7905,1776.7905,0.0,0.0,1,xgboost,plan_time
q07_p8,no_nestloop,no_nestloop,1618.0025,1618.0025,0.0,0.0,1,xgboost,plan_time
q08_p2,no_hashjoin,default,1365.0985,1452.0210000000002,86.92250000000013,0.06367489232461998,0,xgboost,plan_time
q08_p7,default,default,1235.4265,1235.4265,0.0,0.0,1,xgboost,plan_time
q09_p1,default,no_nestloop,12540.293,14040.078,1499.7849999999999,0.11959728532658676,0,xgboost,plan_time
q09_p6,no_mergejoin,no_nestloop,7147.695,12734.1305,5586.4355,0.7815716115474989,0,xgboost,plan_time
q10_p0,default,no_mergejoin,1205.222,1397.03,191.808,0.1591474433755773,0,xgboost,plan_time
q10_p5,no_mergejoin,no_mergejoin,1585.3655,1585.3655,0.0,0.0,1,xgboost,plan_time
q11_p4,no_mergejoin,no_mergejoin,342.552,342.552,0.0,0.0,1,xgboost,plan_time
q11_p9,no_mergejoin,no_hashjoin,498.1445,596.7909999999999,98.64649999999995,0.19802788146812822,0,xgboost,plan_time
q12_p3,no_mergejoin,no_hashjoin,1803.5685,6724.17,4920.6015,2.7282587270735763,0,xgboost,plan_time
q12_p8,no_hashjoin,no_hashjoin,1431.9595,1431.9595,0.0,0.0,1,xgboost,plan_time
q13_p2,no_nestloop,no_mergejoin,2061.1645,3145.561,1084.3965000000003,0.5261086633308503,0,xgboost,plan_time
q13_p7,no_mergejoin,no_nestloop,1534.096,1611.2415,77.14550000000008,0.05028727015779988,0,xgboost,plan_time
q14_p1,default,no_mergejoin,856.3745,862.9325,6.557999999999993,0.007657864637492073,0,xgboost,plan_time
q14_p6,default,default,840.345,840.345,0.0,0.0,1,xgboost,plan_time
q15_p0,default,no_hashjoin,1293.8425,1311.5945,17.751999999999953,0.01372037168357032,0,xgboost,plan_time
q15_p5,no_mergejoin,no_mergejoin,1233.9364999999998,1233.9364999999998,0.0,0.0,1,xgboost,plan_time
q16_p4,default,no_mergejoin,969.8925,989.0975,19.204999999999927,0.019801163531009802,0,xgboost,plan_time
q16_p9,default,default,962.4985,962.4985,0.0,0.0,1,xgboost,plan_time
q17_p3,no_hashjoin,no_hashjoin,659.4604999999999,659.4604999999999,0.0,0.0,1,xgboost,plan_time
q17_p8,no_hashjoin,no_hashjoin,645.7985,645.7985,0.0,0.0,1,xgboost,plan_time
q18_p2,no_mergejoin,default,11428.776,11754.184,325.40799999999945,0.02847269033884281,0,xgboost,plan_time
q18_p7,default,default,11190.6245,11190.6245,0.0,0.0,1,xgboost,plan_time
q19_p1,no_mergejoin,no_hashjoin,371.417,454.037,82.62,0.22244539156796805,0,xgboost,plan_time
q19_p6,default,default,129.308,129.308,0.0,0.0,1,xgboost,plan_time
q20_p2,no_hashjoin,default,3476.229,5046.379,1570.15,0.45168198067503607,0,xgboost,plan_time
q21_p4,no_hashjoin,no_nestloop,19158.111,20578.87,1420.7589999999982,0.07415966010427644,0,xgboost,plan_time
q21_p9,no_mergejoin,default,6119.7855,6552.4865,432.701,0.07070525592767907,0,xgboost,plan_time
q22_p3,default,default,296.57550000000003,296.57550000000003,0.0,0.0,1,xgboost,plan_time
q22_p8,default,default,269.98900000000003,269.98900000000003,0.0,0.0,1,xgboost,plan_time
ds_q01_filter_agg,no_mergejoin,no_mergejoin,537.585,537.585,0.0,0.0,1,xgboost,plan_time
ds_q06_web_vs_store,default,no_nestloop,696.566,1042.574,346.00800000000004,0.49673397782837525,0,xgboost,plan_time
ds_q11_inventory_check,no_nestloop,no_nestloop,343.882,343.882,0.0,0.0,1,xgboost,plan_time
ds_q16_web_returns,no_mergejoin,no_mergejoin,35.959,35.959,0.0,0.0,1,xgboost,plan_time
online_749218157a,no_mergejoin,no_mergejoin,1039.564,1039.564,0.0,0.0,1,xgboost,plan_time
online_ca182698d7,no_hashjoin,no_hashjoin,1.485,2.334,0.849,0.5717171717171716,1,xgboost,plan_time
q05,no_nestloop,no_nestloop,2887.231,2887.231,0.0,0.0,1,xgboost,plan_time
q10,default,no_mergejoin,1318.8,1571.937,253.13699999999994,0.19194494995450406,0,xgboost,plan_time
q15,no_mergejoin,no_hashjoin,2113.783,2518.908,405.125,0.19165874642761338,0,xgboost,plan_time
q01_p3,no_mergejoin,no_nestloop,6612.3240000000005,7246.2675,633.9434999999994,0.09587302437085654,0,xgboost,plan_time
q01_p8,no_mergejoin,no_mergejoin,3314.7995,3314.7995,0.0,0.0,1,xgboost,plan_time
q02_p2,no_mergejoin,default,2582.8855000000003,2767.3225,184.4369999999999,0.07140734655097947,0,xgboost,plan_time
q02_p7,no_hashjoin,no_mergejoin,2652.7625,4930.605,2277.8424999999997,0.8586680865701319,0,xgboost,plan_time
q03_p1,no_mergejoin,default,1753.976,1922.548,168.5719999999999,0.09610849863396065,0,xgboost,plan_time
q03_p6,default,default,2015.7405,2015.7405,0.0,0.0,1,xgboost,plan_time
q04_p0,no_mergejoin,default,1355.0675,1419.8629999999998,64.79549999999972,0.04781717515917072,0,xgboost,plan_time
q04_p5,no_mergejoin,no_mergejoin,1345.431,1345.431,0.0,0.0,1,xgboost,plan_time
q05_p4,no_nestloop,no_nestloop,2636.791,2636.791,0.0,0.0,1,xgboost,plan_time
q05_p9,no_nestloop,no_nestloop,1782.8665,1782.8665,0.0,0.0,1,xgboost,plan_time
q06_p3,no_hashjoin,no_mergejoin,1443.148,1549.478,106.33000000000015,0.07367920684503604,0,xgboost,plan_time
q06_p8,no_hashjoin,no_nestloop,1944.4035,2135.11,190.70650000000023,0.0980796938495534,0,xgboost,plan_time
q07_p2,no_nestloop,no_nestloop,1608.205,1608.205,0.0,0.0,1,xgboost,plan_time
q07_p7,no_nestloop,no_nestloop,1598.659,1598.659,0.0,0.0,1,xgboost,plan_time
q08_p1,no_mergejoin,no_mergejoin,1380.1285,1380.1285,0.0,0.0,1,xgboost,plan_time
q08_p6,default,no_mergejoin,1104.4540000000002,1142.3495,37.895499999999856,0.034311524065284704,0,xgboost,plan_time
q09_p0,no_nestloop,no_nestloop,2546.7650000000003,2546.7650000000003,0.0,0.0,1,xgboost,plan_time
q09_p5,no_nestloop,no_mergejoin,4798.2685,7211.7415,2413.473,0.5029883175566352,0,xgboost,plan_time
q10_p4,default,no_mergejoin,1234.456,1499.63,265.1740000000002,0.21481041041560034,0,xgboost,plan_time
q10_p9,default,no_mergejoin,1364.5785,2182.2735,817.6949999999997,0.5992289926889509,0,xgboost,plan_time
q11_p3,no_hashjoin,no_mergejoin,429.638,516.4694999999999,86.83149999999995,0.2021038641833357,0,xgboost,plan_time
q11_p8,no_mergejoin,no_hashjoin,313.812,343.637,29.82499999999999,0.09504097994977889,0,xgboost,plan_time
q12_p2,no_mergejoin,no_hashjoin,1771.908,2229.9565,458.0484999999999,0.2585058027843432,0,xgboost,plan_time
q12_p7,no_hashjoin,default,1619.6605,1892.7775,273.11699999999996,0.16862607935428442,0,xgboost,plan_time
q13_p1,default,no_mergejoin,2710.3185,2764.94,54.6215000000002,0.02015316650054233,0,xgboost,plan_time
q13_p6,no_nestloop,no_mergejoin,1516.3615,1833.3095,316.9480000000001,0.20901875970868433,0,xgboost,plan_time
q14_p0,no_nestloop,no_mergejoin,833.2895000000001,837.884,4.594499999999925,0.005513690020094941,0,xgboost,plan_time
q14_p5,no_nestloop,no_mergejoin,864.1,899.79,35.68999999999994,0.041303089920148084,0,xgboost,plan_time
q15_p4,no_mergejoin,default,1292.9405,1503.6570000000002,210.71650000000022,0.16297463030974768,0,xgboost,plan_time
q15_p9,default,no_hashjoin,1242.167,1313.9375,71.77050000000008,0.05777846296029443,0,xgboost,plan_time
q16_p3,default,no_nestloop,804.9105,967.1825,162.27200000000005,0.20160253841886777,0,xgboost,plan_time
q16_p8,no_nestloop,default,1006.8275,1339.669,332.8415000000001,0.33058443477159694,0,xgboost,plan_time
q17_p2,no_hashjoin,no_hashjoin,586.6975,586.6975,0.0,0.0,1,xgboost,plan_time
q17_p7,no_hashjoin,no_hashjoin,604.4404999999999,604.4404999999999,0.0,0.0,1,xgboost,plan_time
q18_p1,no_hashjoin,default,10326.5275,11477.763,1151.2355000000007,0.1114833132434887,0,xgboost,plan_time
q18_p6,no_mergejoin,default,12077.3795,12335.4745,258.09500000000116,0.021370115926224065,0,xgboost,plan_time
q19_p0,default,no_hashjoin,435.11,516.983,81.87299999999993,0.18816621084323493,0,xgboost,plan_time
q19_p5,no_hashjoin,no_hashjoin,132.4375,132.4375,0.0,0.0,1,xgboost,plan_time
q20_p0,no_hashjoin,no_mergejoin,3627.978,4085.213,457.2350000000001,0.12603025707432636,0,xgboost,plan_time
q20_p1,no_mergejoin,default,2129.206,2525.096,395.8899999999999,0.18593316006060467,0,xgboost,plan_time
q20_p6,default,default,4121.406,4121.406,0.0,0.0,1,xgboost,plan_time
q20_p9,no_hashjoin,default,3891.652,4412.6465,520.9944999999998,0.13387489426084342,0,xgboost,plan_time
q21_p3,no_nestloop,default,11808.777,17560.987,5752.210000000001,0.4871131023983264,0,xgboost,plan_time
q21_p8,no_mergejoin,default,5838.317999999999,12133.7155,6295.397500000001,1.078289586144503,0,xgboost,plan_time
q22_p2,default,default,289.3345,289.3345,0.0,0.0,1,xgboost,plan_time
q22_p7,default,no_mergejoin,482.2065,609.936,127.72950000000003,0.2648854795611424,0,xgboost,plan_time
ds_q05_returns_filter,no_nestloop,no_mergejoin,163.456,196.199,32.74300000000002,0.20031690485512943,0,xgboost,plan_time
ds_q10_window_topk,no_nestloop,no_mergejoin,1763.773,1774.157,10.384000000000015,0.0058873789314157765,0,xgboost,plan_time
ds_q15_returns_ratio,no_mergejoin,no_nestloop,643.784,729.727,85.94299999999998,0.13349663862413474,0,xgboost,plan_time
ds_q20_demographic,no_mergejoin,no_nestloop,726.447,1077.246,350.7990000000001,0.4828968940610947,0,xgboost,plan_time
online_dac91519b8,no_mergejoin,no_mergejoin,194.431,194.431,0.0,0.0,1,xgboost,plan_time
online_0e0bb4a7ce,default,no_mergejoin,318.695,454.317,135.622,0.4255542132760164,0,xgboost,plan_time
q04,default,no_hashjoin,1216.968,1396.247,179.279,0.14731611677546153,0,xgboost,plan_time
q09,no_nestloop,no_mergejoin,9471.806,19454.599,9982.792999999998,1.053948212199447,0,xgboost,plan_time
q14,no_mergejoin,no_nestloop,1504.265,2199.709,695.4439999999997,0.46231481820025033,0,xgboost,plan_time
q19,no_hashjoin,no_hashjoin,198.599,198.599,0.0,0.0,1,xgboost,plan_time
q20,no_hashjoin,no_hashjoin,4427.324,4427.324,0.0,0.0,1,xgboost,plan_time
q01_p2,no_hashjoin,no_nestloop,5851.049,6903.8755,1052.8265000000001,0.1799380760612328,0,xgboost,plan_time
q01_p7,no_nestloop,no_nestloop,6604.8715,6604.8715,0.0,0.0,1,xgboost,plan_time
q02_p1,default,no_mergejoin,2452.8315,2642.9645,190.13300000000027,0.07751572009736507,0,xgboost,plan_time
q02_p6,no_hashjoin,no_hashjoin,4092.8975,4092.8975,0.0,0.0,1,xgboost,plan_time
q03_p0,no_mergejoin,no_mergejoin,1613.922,1613.922,0.0,0.0,1,xgboost,plan_time
q03_p5,no_mergejoin,no_mergejoin,1763.8895,1763.8895,0.0,0.0,1,xgboost,plan_time
q04_p4,default,default,1143.0915,1143.0915,0.0,0.0,1,xgboost,plan_time
q04_p9,default,no_hashjoin,736.759,740.5944999999999,3.835499999999911,0.005205908580689034,0,xgboost,plan_time
q05_p3,no_mergejoin,no_nestloop,2973.864,3159.1445,185.28049999999985,0.0623029499667771,0,xgboost,plan_time
q05_p8,default,no_nestloop,3111.7965,3166.373,54.576500000000124,0.01753858261618335,0,xgboost,plan_time
q06_p2,default,no_nestloop,1447.0975,1482.5605,35.462999999999965,0.02450629622399325,0,xgboost,plan_time
q06_p7,no_mergejoin,no_mergejoin,1675.4740000000002,1675.4740000000002,0.0,0.0,1,xgboost,plan_time
q07_p1,no_nestloop,no_nestloop,1767.1709999999998,1767.1709999999998,0.0,0.0,1,xgboost,plan_time
q07_p6,no_nestloop,no_nestloop,2580.009,2580.009,0.0,0.0,1,xgboost,plan_time
q08_p0,no_nestloop,no_hashjoin,1730.1635,2149.5825,419.41899999999987,0.24241581792703393,0,xgboost,plan_time
q08_p5,no_mergejoin,default,1180.6585,1218.9740000000002,38.315500000000156,0.03245265248164486,0,xgboost,plan_time
q09_p4,no_nestloop,no_nestloop,9471.1885,9471.1885,0.0,0.0,1,xgboost,plan_time
q09_p9,no_mergejoin,no_nestloop,12061.8875,12728.9635,667.0759999999991,0.05530444551070457,0,xgboost,plan_time
q10_p3,default,default,2030.4335,2030.4335,0.0,0.0,1,xgboost,plan_time
q10_p8,no_mergejoin,default,1448.6805,2497.616,1048.9355,0.7240626901514862,0,xgboost,plan_time
q11_p2,no_hashjoin,default,384.172,856.676,472.504,1.229928261299626,0,xgboost,plan_time
q11_p7,no_mergejoin,no_hashjoin,419.106,505.585,86.47899999999998,0.206341593773413,0,xgboost,plan_time
q12_p1,no_hashjoin,no_mergejoin,1593.877,3405.895,1812.018,1.1368618783005213,0,xgboost,plan_time
q12_p6,default,no_hashjoin,2153.3515,3312.154,1158.8024999999998,0.5381390358239235,0,xgboost,plan_time
q13_p0,no_nestloop,no_nestloop,2734.0865,2734.0865,0.0,0.0,1,xgboost,plan_time
q13_p5,no_mergejoin,no_nestloop,1794.1095,1935.152,141.04250000000002,0.07861420944485276,0,xgboost,plan_time
q14_p4,no_mergejoin,no_mergejoin,839.824,839.824,0.0,0.0,1,xgboost,plan_time
q14_p9,no_nestloop,no_mergejoin,966.5315,1084.279,117.74749999999995,0.1218247930874472,0,xgboost,plan_time
q15_p3,no_nestloop,no_mergejoin,1301.4775,1363.4589999999998,61.98149999999987,0.047623950471675336,0,xgboost,plan_time
q15_p8,no_hashjoin,no_hashjoin,1158.362,1158.362,0.0,0.0,1,xgboost,plan_time
q16_p2,no_mergejoin,default,802.552,883.3965000000001,80.84450000000004,0.10073428263838369,0,xgboost,plan_time
q16_p7,no_nestloop,no_nestloop,1114.38,1114.38,0.0,0.0,1,xgboost,plan_time
q17_p1,no_hashjoin,no_hashjoin,632.7725,632.7725,0.0,0.0,1,xgboost,plan_time
q17_p6,no_hashjoin,no_hashjoin,708.625,708.625,0.0,0.0,1,xgboost,plan_time
q18_p0,default,default,10424.9135,10424.9135,0.0,0.0,1,xgboost,plan_time
q18_p5,default,no_mergejoin,11290.9185,11487.2415,196.32300000000032,0.017387690824267388,0,xgboost,plan_time
q19_p4,no_hashjoin,no_mergejoin,264.754,314.011,49.257000000000005,0.18604818057517547,0,xgboost,plan_time
q19_p9,no_hashjoin,no_hashjoin,127.625,127.625,0.0,0.0,1,xgboost,plan_time
q20_p5,default,default,4559.4845000000005,4559.4845000000005,0.0,0.0,1,xgboost,plan_time
q20_p8,no_hashjoin,default,4169.7305,4304.986,135.2555000000002,0.0324374680809707,0,xgboost,plan_time
q21_p2,no_nestloop,default,9402.375,12400.143,2997.768,0.318830933673673,0,xgboost,plan_time
q21_p7,default,no_nestloop,5536.146500000001,26587.122000000003,21050.9755,3.802459978253827,0,xgboost,plan_time
q22_p1,no_hashjoin,default,550.9290000000001,1051.2615,500.3325,0.9081614872333821,0,xgboost,plan_time
q22_p6,no_hashjoin,default,492.38,558.0045,65.62450000000001,0.13328019009707948,0,xgboost,plan_time
ds_q04_customer_topk,no_mergejoin,no_hashjoin,577.718,1272.521,694.803,1.2026680837363557,0,xgboost,plan_time
ds_q09_avg_basket,no_mergejoin,no_mergejoin,420.93,420.93,0.0,0.0,1,xgboost,plan_time
ds_q14_state_revenue,default,no_mergejoin,495.792,802.114,306.32200000000006,0.6178437731952111,0,xgboost,plan_time
ds_q19_self_join,no_mergejoin,default,0.106,5.488,5.382000000000001,50.773584905660385,0,xgboost,plan_time
online_d4e75912f5,no_nestloop,no_hashjoin,1374.997,1500.007,125.00999999999999,0.0909165619997716,0,xgboost,plan_time
online_0766b87ee1,no_mergejoin,no_hashjoin,108.512,318.111,209.599,1.9315743880861103,0,xgboost,plan_time
